{"phonon": {"ph_bandstructure": [[-0.004033059851838793, -0.0036175562987451, -0.003005336598725776, 134.01000758266719, 134.0100075837318, 169.0546477775142, 173.29418579653478, 193.6830503554058, 214.8086322110771, 216.03073610592483, 221.87393624354436, 239.31510269309643, 260.06159522456704, 260.0615952263274, 262.3682860592153, 323.4497828145037, 342.73400824224177, 350.89603359668905, 523.8183262196327, 523.8183262264062, 568.9286390243553, 569.5994946013487, 570.1418061792244, 626.3581216809439]]}, "dielectric": {"eps_electronic": [[4.1648741909521485, 0.0, 0.09906105245778553], [0.0, 3.8538552824032664, 0.0], [0.09906105245778438, 0.0, 3.8854067149289966]], "eps_total": [[7.478996296248995, 2.1712498465831231e-10, 0.33148740307234914], [2.1712317288689798e-10, 6.438235596144595, 6.623912758981312e-11], [0.33148740307234914, 6.623901427360579e-11, 6.5438159647689496]], "becs": [[[2.959025115059642, -0.12581186680079848, 0.09121525480445958], [0.12581186680552595, 2.672639413523503, -0.3950076093378697], [0.09121525480754282, 0.39500760933637735, 2.7016919209102017]], [[2.900524049907798, 0.19576669821654347, -0.007006263123172429], [-0.19576669822389967, 2.9225213965575167, 0.6146426201029425], [-0.007006263123407774, -0.6146426201006195, 2.920289867285625]], [[-0.6680224266225098, -0.38788152527274866, -0.5005411826616644], [-0.43638065798433767, -0.9523665304123691, -0.6661581169464841], [-0.404371574843723, -0.5700722483529634, -1.2257263368391687]], [[-0.8032371475933052, 0.64857848156688, -0.26428400765997284], [0.62844814355609, -1.324345747951027, 0.42130136233618903], [-0.3776430559623486, 0.5083516302664652, -0.7185323983297163]], [[-1.4585150082679053, -0.2956743720020038, 0.7227206944809936], [-0.15709006986256555, -0.5208681266771141, 0.13503924922775862], [0.739910134964004, 0.17153812346861935, -0.8667321589290287]], [[-0.8032371475933052, 0.64857848156688, -0.26428400765997284], [0.62844814355609, -1.324345747951027, 0.42130136233618903], [-0.3776430559623486, 0.5083516302664652, -0.7185323983297163]], [[-0.6680224266225098, -0.38788152527274866, -0.5005411826616644], [-0.43638065798433767, -0.9523665304123691, -0.6661581169464841], [-0.404371574843723, -0.5700722483529634, -1.2257263368391687]], [[-1.4585150082679053, -0.2956743720020038, 0.7227206944809936], [-0.15709006986256555, -0.5208681266771141, 0.13503924922775862], [0.739910134964004, 0.17153812346861935, -0.8667321589290287]]]}, "metadata": {"formula": "ZnPdF6", "nsites": 8, "structure": "# generated using pymatgen\ndata_ZnPdF6\n_symmetry_space_group_name_H-M   'P 1'\n_cell_length_a   5.36303868\n_cell_length_b   5.36303868\n_cell_length_c   5.36303868\n_cell_angle_alpha   55.45717060\n_cell_angle_beta   55.45717060\n_cell_angle_gamma   55.45717060\n_symmetry_Int_Tables_number   1\n_chemical_formula_structural   ZnPdF6\n_chemical_formula_sum   'Zn1 Pd1 F6'\n_cell_volume   97.5663822705\n_cell_formula_units_Z   1\nloop_\n _symmetry_equiv_pos_site_id\n _symmetry_equiv_pos_as_xyz\n  1  'x, y, z'\nloop_\n _atom_site_type_symbol\n _atom_site_label\n _atom_site_symmetry_multiplicity\n _atom_site_fract_x\n _atom_site_fract_y\n _atom_site_fract_z\n _atom_site_occupancy\n  Zn  Zn1  1  0.500000  0.500000  0.500000  1\n  Pd  Pd2  1  0.000000  0.000000  0.000000  1\n  F  F3  1  0.240622  0.899473  0.613664  1\n  F  F4  1  0.613664  0.240622  0.899473  1\n  F  F5  1  0.100527  0.386336  0.759378  1\n  F  F6  1  0.386336  0.759378  0.100527  1\n  F  F7  1  0.759378  0.100527  0.386336  1\n  F  F8  1  0.899473  0.613664  0.240622  1\n"}}