{"phonon": {"ph_bandstructure": [[0.0, 0.0, 0.0, 84.84204876270299, 102.28021593510358, 111.61460631362348, 128.5355209847876, 128.53552098653893, 148.87666211493618, 219.44248675632267, 249.4668340359474, 251.0776214266441, 315.5634269087628, 371.6393241814468, 371.63932418257167, 388.11808994458937, 398.4452811795487, 491.91652635178093, 587.175792751546, 598.7515495253724, 598.7515495268073, 608.3575969663428, 687.7073417108294, 710.7246670767196, 990.0294448058436, 1016.7747048623341, 1207.2586534553257, 1225.2448004941132, 1225.2448005061763, 1378.1236083223134]]}, "dielectric": {"eps_electronic": [[3.519192871262297, 0.0, -0.25249862723592886], [0.0, 4.466605316984078, 0.0], [-0.2524986272359276, 0.0, 4.399310912026177]], "eps_total": [[16.610335928272367, 3.332401021793885e-11, -0.5385032883024992], [3.332138295131826e-11, 18.630880448684003, 1.546632115571e-12], [-0.5385032883025005, 1.5472068071176182e-12, 18.487361813675783]], "becs": [[[3.1415090597446245, 0.011377664655144584, 0.11512886944248006], [-0.011377664655156421, 2.7095283992378185, 0.042690691888119706], [0.11512886944160991, -0.04269069188775207, 2.7402118482687374]], [[4.687929378271784, 0.11254688281548042, -0.4110123742031138], [-0.11254688281559887, 6.230109004846149, 0.4222926622355325], [-0.41101237420000925, -0.4222926622318959, 6.1205684760803445]], [[0.7969701131113784, -0.07839253211316999, -0.7869203310588568], [0.07839253211325269, 3.749612365425656, -0.29414045291445245], [-0.7869203310529114, 0.29414045291191937, 3.539887124603223]], [[0.7969701131113784, -0.07839253211316999, -0.7869203310588568], [0.07839253211325269, 3.749612365425656, -0.29414045291445245], [-0.7869203310529114, 0.29414045291191937, 3.539887124603223]], [[-1.2873270098595702, 0.28077848106795933, 0.16435815299232276], [0.25962432221453224, -1.663862880304564, 0.08483147395911927], [-0.24161941229026354, 0.046450906388678964, -4.015942671940708]], [[-1.8316427072284391, 0.5341479453901614, 0.5973123586163678], [0.8680232127445549, -3.283115657133119, -0.7077877083588768], [0.7911587591014559, -0.8407885684369341, -1.8523741977432846]], [[-1.5927196150312775, -0.7984961680804903, 0.17319157182363426], [-1.1440777933367352, -3.272452530003963, 0.6846050102515322], [0.38532273661406957, 0.7326888861970114, -2.1019604170696016]], [[-1.2873270098595702, 0.28077848106795933, 0.16435815299232276], [0.25962432221453224, -1.663862880304564, 0.08483147395911927], [-0.24161941229026354, 0.046450906388678964, -4.015942671940708]], [[-1.8316427072284391, 0.5341479453901614, 0.5973123586163678], [0.8680232127445549, -3.283115657133119, -0.7077877083588768], [0.7911587591014559, -0.8407885684369341, -1.8523741977432846]], [[-1.5927196150312775, -0.7984961680804903, 0.17319157182363426], [-1.1440777933367352, -3.272452530003963, 0.6846050102515322], [0.38532273661406957, 0.7326888861970114, -2.1019604170696016]]]}, "metadata": {"formula": "BaTi(BO3)2", "nsites": 10, "structure": "# generated using pymatgen\ndata_BaTi(BO3)2\n_symmetry_space_group_name_H-M   'P 1'\n_cell_length_a   6.16948083\n_cell_length_b   6.16948083\n_cell_length_c   6.16948083\n_cell_angle_alpha   48.07815521\n_cell_angle_beta   48.07815521\n_cell_angle_gamma   48.07815521\n_symmetry_Int_Tables_number   1\n_chemical_formula_structural   BaTi(BO3)2\n_chemical_formula_sum   'Ba1 Ti1 B2 O6'\n_cell_volume   119.121413021\n_cell_formula_units_Z   1\nloop_\n _symmetry_equiv_pos_site_id\n _symmetry_equiv_pos_as_xyz\n  1  'x, y, z'\nloop_\n _atom_site_type_symbol\n _atom_site_label\n _atom_site_symmetry_multiplicity\n _atom_site_fract_x\n _atom_site_fract_y\n _atom_site_fract_z\n _atom_site_occupancy\n  Ba  Ba1  1  0.000000  0.000000  0.000000  1\n  Ti  Ti2  1  0.500000  0.500000  0.500000  1\n  B  B3  1  0.234040  0.234040  0.234040  1\n  B  B4  1  0.765960  0.765960  0.765960  1\n  O  O5  1  0.441014  0.343139  0.926704  1\n  O  O6  1  0.926704  0.441014  0.343139  1\n  O  O7  1  0.656861  0.073296  0.558986  1\n  O  O8  1  0.558986  0.656861  0.073296  1\n  O  O9  1  0.073296  0.558986  0.656861  1\n  O  O10  1  0.343139  0.926704  0.441014  1\n"}}