{"phonon": {"ph_bandstructure": [[-142.11898057334247, -142.11898057103215, -142.11898056995955, -0.0041096268383629345, -0.003934393958785861, 0.0, 39.59778173846707, 39.59778175620362, 79.00910590586217, 79.00910590813119, 79.00910591486004, 118.55963399284566, 280.7809505924837, 280.78095059468956, 366.25848405530223, 366.25848405649265, 425.6288251051363, 586.8426853079316, 586.8426853085249, 586.8426853097187, 924.7661321337941, 924.766132134061, 942.4510419485548, 992.0180022011656]]}, "dielectric": {"eps_electronic": [[2.8332923563405634, 1.1397429508882433e-17, -2.220446049250313e-16], [1.1397429508882433e-17, 2.8332923563405634, -2.220446049250313e-16], [-4.55486639358945e-16, -2.3344203443391374e-16, 2.8332923563405625]], "eps_total": null, "becs": [[[1.2731007627442144, 1.6653345369377348e-16, -1.3877787807814457e-16], [5.551115123125783e-17, 1.2731007627442144, -8.326672684688674e-17], [-5.5170893974786264e-17, 8.36069841033583e-17, 1.2731007627442144]], [[1.2731007627442144, 1.6653345369377348e-16, -1.3877787807814457e-16], [5.551115123125783e-17, 1.2731007627442144, -8.326672684688674e-17], [-5.5170893974786264e-17, 8.36069841033583e-17, 1.2731007627442144]], [[2.4343643864768083, 1.6653345369377348e-16, -1.3877787807814457e-16], [5.551115123125783e-17, 2.4343643864768083, -8.326672684688674e-17], [-5.549859452389806e-17, 8.327928355424651e-17, 2.4343643864768083]], [[2.4343643864768083, 1.6653345369377348e-16, -1.3877787807814457e-16], [5.551115123125783e-17, 2.4343643864768083, -8.326672684688674e-17], [-5.549859452389806e-17, 8.327928355424651e-17, 2.4343643864768083]], [[-1.8537325746105138, -0.3778571631582797, -0.3778571631582791], [-0.37785716315827983, -1.8537325746105142, -0.3778571631582789], [-0.37785716315827966, -0.37785716315827933, -1.8537325746105142]], [[-1.853732574610511, 0.3778571631582816, -0.37785716315828155], [0.3778571631582795, -1.8537325746105093, 0.37785716315827933], [-0.3778571631582815, 0.37785716315828155, -1.853732574610511]], [[-1.853732574610508, 0.3778571631582794, 0.37785716315827933], [0.37785716315828216, -1.8537325746105107, -0.3778571631582822], [0.37785716315828205, -0.377857163158282, -1.8537325746105107]], [[-1.8537325746105107, -0.37785716315828194, 0.377857163158282], [-0.37785716315828205, -1.8537325746105107, 0.377857163158282], [0.37785716315827933, 0.37785716315827944, -1.853732574610508]]]}, "metadata": {"formula": "RbAlO2", "nsites": 8, "structure": "# generated using pymatgen\ndata_RbAlO2\n_symmetry_space_group_name_H-M   'P 1'\n_cell_length_a   5.68264719\n_cell_length_b   5.68264719\n_cell_length_c   5.68264719\n_cell_angle_alpha   60.00000000\n_cell_angle_beta   60.00000000\n_cell_angle_gamma   60.00000000\n_symmetry_Int_Tables_number   1\n_chemical_formula_structural   RbAlO2\n_chemical_formula_sum   'Rb2 Al2 O4'\n_cell_volume   129.758878148\n_cell_formula_units_Z   2\nloop_\n _symmetry_equiv_pos_site_id\n _symmetry_equiv_pos_as_xyz\n  1  'x, y, z'\nloop_\n _atom_site_type_symbol\n _atom_site_label\n _atom_site_symmetry_multiplicity\n _atom_site_fract_x\n _atom_site_fract_y\n _atom_site_fract_z\n _atom_site_occupancy\n  Rb  Rb1  1  0.750000  0.750000  0.750000  1\n  Rb  Rb2  1  0.500000  0.500000  0.500000  1\n  Al  Al3  1  0.000000  0.000000  0.000000  1\n  Al  Al4  1  0.250000  0.250000  0.250000  1\n  O  O5  1  0.125000  0.125000  0.125000  1\n  O  O6  1  0.125000  0.625000  0.125000  1\n  O  O7  1  0.625000  0.125000  0.125000  1\n  O  O8  1  0.125000  0.125000  0.625000  1\n"}}