{"phonon": {"ph_bandstructure": [[0.0, 0.0, 0.0, 75.365605415726, 76.95781979852748, 151.77286227605896, 246.24545152738025, 348.322580655167, 348.32258065574, 351.9763572970463, 467.91747980471547, 511.8594000706865]]}, "dielectric": {"eps_electronic": [[3.4973233100836056, 0.0, -0.06089934221773218], [0.0, 3.890005547306725, 0.0], [-0.06089934221773307, 0.0, 3.880560939099499]], "eps_total": [[11.243707973029112, -3.552713678800501e-15, -0.979322318391761], [2.8245427093829517e-15, 17.558431004678248, -3.682140646099408e-14], [-0.9793223183917509, -3.6415315207705135e-14, 17.406552260670605]], "becs": [[[1.7101134106819995, 0.0, 0.09734351019956455], [0.0, 1.0824372164995941, 0.0], [0.09734351020506515, 0.0, 1.097533788691329]], [[2.5381394704944125, 0.0, -0.25109059914315], [0.0, 4.157185171045523, 0.0], [-0.2510905991573473, 0.0, 4.11824464641415]], [[-2.1241264405882063, 0.0, 0.07687354447179273], [0.0, -2.6198111937725583, 0.0], [0.07687354447614111, 0.0, -2.6078892175527386]], [[-2.1241264405882063, 0.0, 0.07687354447179273], [0.0, -2.6198111937725583, 0.0], [0.07687354447614111, 0.0, -2.6078892175527386]]]}, "metadata": {"formula": "RbYO2", "nsites": 4, "structure": "# generated using pymatgen\ndata_RbYO2\n_symmetry_space_group_name_H-M   'P 1'\n_cell_length_a   6.74351823\n_cell_length_b   6.74351823\n_cell_length_c   6.74351823\n_cell_angle_alpha   29.73186827\n_cell_angle_beta   29.73186827\n_cell_angle_gamma   29.73186827\n_symmetry_Int_Tables_number   1\n_chemical_formula_structural   RbYO2\n_chemical_formula_sum   'Rb1 Y1 O2'\n_cell_volume   66.7845256748\n_cell_formula_units_Z   1\nloop_\n _symmetry_equiv_pos_site_id\n _symmetry_equiv_pos_as_xyz\n  1  'x, y, z'\nloop_\n _atom_site_type_symbol\n _atom_site_label\n _atom_site_symmetry_multiplicity\n _atom_site_fract_x\n _atom_site_fract_y\n _atom_site_fract_z\n _atom_site_occupancy\n  Rb  Rb1  1  0.000000  0.000000  0.000000  1\n  Y  Y2  1  0.500000  0.500000  0.500000  1\n  O  O3  1  0.774505  0.774505  0.774505  1\n  O  O4  1  0.225495  0.225495  0.225495  1\n"}}