{"phonon": {"ph_bandstructure": [[0.0, 0.0, 0.0, 247.51420183637893, 247.5142018376941, 295.4580673447023, 321.5504131504062, 321.55041315154966, 336.87446703929913]]}, "dielectric": {"eps_electronic": [[8.185733983935142, -3.698609555626605e-15, -4.440892098500626e-15], [-2.6052314465525213e-15, 8.185733983935142, -3.552713678800501e-15], [-5.728333344531146e-15, -3.9519765051308955e-15, 8.185733983935142]], "eps_total": [[12.802274464748034, 1.5310750653947305e-10, -5.329070518200751e-15], [1.5311046552101768e-10, 12.802274464751873, -5.329070518200751e-15], [-5.8271770689451e-15, -8.491712328045477e-15, 12.802274464728374]], "becs": [[[0.9081948323686316, 0.0, 0.0], [0.0, 0.9081948323686316, 0.0], [-3.702416113319139e-19, -3.702416113319139e-19, 0.9081948323686316]], [[1.798647328859229, 0.0, 0.0], [0.0, 1.798647328859229, 0.0], [-4.2171027949257012e-19, -4.2171027949257012e-19, 1.798647328859229]], [[-2.7068421603679176, 0.0, 0.0], [0.0, -2.7068421603679176, 0.0], [7.919518563839724e-19, 7.919518563839724e-19, -2.7068421603679176]]]}, "metadata": {"formula": "LiMgAs", "nsites": 3, "structure": "# generated using pymatgen\ndata_LiMgAs\n_symmetry_space_group_name_H-M   'P 1'\n_cell_length_a   4.34992682\n_cell_length_b   4.34992682\n_cell_length_c   4.34992682\n_cell_angle_alpha   60.00000000\n_cell_angle_beta   60.00000000\n_cell_angle_gamma   60.00000000\n_symmetry_Int_Tables_number   1\n_chemical_formula_structural   LiMgAs\n_chemical_formula_sum   'Li1 Mg1 As1'\n_cell_volume   58.2010548336\n_cell_formula_units_Z   1\nloop_\n _symmetry_equiv_pos_site_id\n _symmetry_equiv_pos_as_xyz\n  1  'x, y, z'\nloop_\n _atom_site_type_symbol\n _atom_site_label\n _atom_site_symmetry_multiplicity\n _atom_site_fract_x\n _atom_site_fract_y\n _atom_site_fract_z\n _atom_site_occupancy\n  Li  Li1  1  0.000000  0.000000  0.000000  1\n  Mg  Mg2  1  0.500000  0.500000  0.500000  1\n  As  As3  1  0.250000  0.250000  0.250000  1\n"}}