{"phonon": {"ph_bandstructure": [[-0.002360905246484491, 0.0, 0.0, 25.844477275686565, 26.00946680097688, 57.9424251735556, 60.71750240434382, 91.61429125434397, 92.86081889567724, 146.9762486921766, 149.06960945409867, 156.9264260022222, 158.8501698851717, 163.22526173965704, 164.78308660694302, 165.6120627674162, 175.23527995514357, 206.76321131548744, 330.6906659311219, 334.2186347463373, 339.34484538405906, 351.5346443886759, 353.2026312226422, 377.06395152126413]]}, "dielectric": {"eps_electronic": [[7.5705453875805135, -1.169263288868445e-15, 2.381703536130512e-16], [-1.1483136978566429e-15, 7.570545387580511, 2.3111813809513603e-17], [-8.633990715466884e-16, -8.633990715466884e-16, 7.480944705454899]], "eps_total": [[9.703565570092309, -2.547535953340382e-15, 1.2676088661659454e-15], [-3.2711441453104745e-15, 9.70356557012117, 3.992446102312136e-15], [-3.049260094955709e-16, 1.4714308299046795e-15, 9.657034564391024]], "becs": [[[2.4664965988568426, -0.10860512242384923, -3.8163916471489756e-17], [0.1086051224238482, 2.466496598856843, 9.020562075079397e-17], [5.551115123125783e-17, 8.881784197001252e-16, 2.6012789380728574]], [[2.4664965988568426, 0.1086051224238479, -6.977720603031874e-17], [-0.10860512242384887, 2.4664965988568435, 1.2798127023103727e-16], [-5.551115123125783e-17, 7.771561172376096e-16, 2.6012789380728574]], [[1.1617545089355588, 0.09263560347246025, 8.338195914579746e-16], [-0.09263560347245858, 1.1617545089355579, -7.725343472965488e-16], [0.0, 9.159339953157541e-16, 0.9690438973027891]], [[1.1617545089355588, -0.09263560347245892, -5.076915779743348e-16], [0.0926356034724597, 1.1617545089355596, 1.0640053252145491e-16], [0.0, 9.159339953157541e-16, 0.9690438973027891]], [[-1.983583765541784, 2.220446049250313e-16, 0.7236952598121646], [5.568462357885551e-16, -1.6446673422506128, -4.440892098500626e-16], [0.6343386199617846, -2.6367796834847468e-15, -1.785161417687823]], [[-1.6446673422506137, 2.220446049250313e-16, 2.740863092043355e-16], [-1.2195106036116954e-15, -1.9835837655417867, 0.723695259812164], [5.329070518200751e-15, 0.6343386199617891, -1.785161417687823]], [[-1.9835837655417876, 1.1102230246251565e-15, -0.7236952598121644], [5.568462357885551e-16, -1.6446673422506164, 2.220446049250313e-16], [-0.63433861996179, -8.604228440844963e-16, -1.785161417687823]], [[-1.6446673422506155, -1.5543122344752192e-15, -8.083811398051921e-16], [-3.3133218391157016e-16, -1.9835837655417867, -0.7236952598121633], [0.0, -0.6343386199617891, -1.785161417687823]]]}, "metadata": {"formula": "AlAgSe2", "nsites": 8, "structure": "# generated using pymatgen\ndata_AlAgSe2\n_symmetry_space_group_name_H-M   'P 1'\n_cell_length_a   6.91821150\n_cell_length_b   6.91821150\n_cell_length_c   6.91821150\n_cell_angle_alpha   129.46826143\n_cell_angle_beta   129.46826143\n_cell_angle_gamma   74.25827914\n_symmetry_Int_Tables_number   1\n_chemical_formula_structural   AlAgSe2\n_chemical_formula_sum   'Al2 Ag2 Se4'\n_cell_volume   192.370606793\n_cell_formula_units_Z   2\nloop_\n _symmetry_equiv_pos_site_id\n _symmetry_equiv_pos_as_xyz\n  1  'x, y, z'\nloop_\n _atom_site_type_symbol\n _atom_site_label\n _atom_site_symmetry_multiplicity\n _atom_site_fract_x\n _atom_site_fract_y\n _atom_site_fract_z\n _atom_site_occupancy\n  Al  Al1  1  0.250000  0.750000  0.500000  1\n  Al  Al2  1  0.500000  0.500000  0.000000  1\n  Ag  Ag3  1  0.000000  0.000000  0.000000  1\n  Ag  Ag4  1  0.750000  0.250000  0.500000  1\n  Se  Se5  1  0.595038  0.625000  0.470038  1\n  Se  Se6  1  0.375000  0.845038  0.970038  1\n  Se  Se7  1  0.154962  0.125000  0.529962  1\n  Se  Se8  1  0.875000  0.404962  0.029962  1\n"}}