{"phonon": {"ph_bandstructure": [[0.0, 0.0, 0.0, 131.49038503808694, 159.0599851410448, 159.0599851436162, 161.36981834451316, 173.50805688555965, 261.6556194431987, 288.61589930423, 300.9714196224799, 300.9714196239474, 362.9698657065715, 420.057775313027, 535.4242062833193, 535.4242062843274, 542.2913944844927, 600.4762390513656]]}, "dielectric": {"eps_electronic": [[3.6000110994127783, 0.0, 0.0], [0.0, 3.6000110994127783, 0.0], [0.0, 0.0, 3.119425317985585]], "eps_total": [[17.15558967495193, -8.66980911975318e-15, 0.0], [-8.66980911975318e-15, 17.15558967536585, 0.0], [0.0, 0.0, 9.790317324440597]], "becs": [[[3.9090117165746268, 0.0, 0.0], [0.0, 3.9090117165746263, 0.0], [8.006963442564338e-24, 1.5982710653383784e-23, 3.2762409413626434]], [[3.9090117165746268, 0.0, 0.0], [0.0, 3.9090117165746263, 0.0], [7.913314750120615e-24, 1.5982710653383784e-23, 3.2762409413626448]], [[-2.653019206266774, 0.0, 0.0], [0.0, -2.6530192062667735, 0.0], [-1.5967101823028516e-23, -7.99135461220907e-24, -1.6359675911603118]], [[-2.653019206266774, 0.0, 0.0], [0.0, -2.6530192062667735, 0.0], [-1.5967101823028516e-23, -7.99135461220907e-24, -1.6359675911603118]], [[-1.255992510309305, 0.0, 0.0], [0.0, -1.2559925103093046, 0.0], [8.006963442564338e-24, 1.5982710653383784e-23, -1.6402733502024653]], [[-1.255992510309305, 0.0, 0.0], [0.0, -1.2559925103093046, 0.0], [8.006963442564338e-24, -3.1965419877801923e-23, -1.6402733502024653]]]}, "metadata": {"formula": "YOF", "nsites": 6, "structure": "# generated using pymatgen\ndata_YOF\n_symmetry_space_group_name_H-M   'P 1'\n_cell_length_a   3.80874575\n_cell_length_b   3.80874575\n_cell_length_c   5.41867642\n_cell_angle_alpha   90.00000000\n_cell_angle_beta   90.00000000\n_cell_angle_gamma   90.00000000\n_symmetry_Int_Tables_number   1\n_chemical_formula_structural   YOF\n_chemical_formula_sum   'Y2 O2 F2'\n_cell_volume   78.606268775\n_cell_formula_units_Z   2\nloop_\n _symmetry_equiv_pos_site_id\n _symmetry_equiv_pos_as_xyz\n  1  'x, y, z'\nloop_\n _atom_site_type_symbol\n _atom_site_label\n _atom_site_symmetry_multiplicity\n _atom_site_fract_x\n _atom_site_fract_y\n _atom_site_fract_z\n _atom_site_occupancy\n  Y  Y1  1  0.500000  0.000000  0.711410  1\n  Y  Y2  1  0.000000  0.500000  0.288590  1\n  O  O3  1  0.000000  0.000000  0.500000  1\n  O  O4  1  0.500000  0.500000  0.500000  1\n  F  F5  1  0.500000  0.500000  0.000000  1\n  F  F6  1  0.000000  0.000000  0.000000  1\n"}}