{"phonon": {"ph_bandstructure": [[0.0, 0.0, 0.0, 130.1444771552798, 130.14447715609478, 140.96169068538393, 149.66982909047937, 166.7057054568898, 173.10610086807478, 182.37520534348502, 264.63016089358564, 278.31627602795743]]}, "dielectric": {"eps_electronic": [[6.337980485604387, 4.440892098500626e-16, -0.26064335970222213], [6.511162794738128e-16, 7.774132647114039, 3.7950818589112914e-16], [-0.26064335970222674, 4.440892098500626e-16, 7.726829190900755]], "eps_total": [[16.140649474156305, 1.4210854715202004e-14, -0.6954398789208749], [1.3022325589476257e-14, 19.972542550739032, 7.590163717822583e-15], [-0.6954398789208767, 8.881784197001252e-15, 19.846329053972358]], "becs": [[[1.705323064688128, 0.0, 0.08193816303461582], [0.0, 1.2538415072187576, 0.0], [0.08193816302948136, 0.0, 1.2687122421358124]], [[2.370515408372471, 0.0, -0.35044007888486967], [0.0, 4.30144999068418, 0.0], [-0.3504400788629184, 0.0, 4.2378495714850395]], [[-2.0379192365303, 0.0, 0.13425095792512692], [0.0, -2.7776457489514685, 0.0], [0.13425095791671854, 0.0, -2.753280906810426]], [[-2.0379192365303, 0.0, 0.13425095792512692], [0.0, -2.7776457489514685, 0.0], [0.13425095791671854, 0.0, -2.753280906810426]]]}, "metadata": {"formula": "LiYSe2", "nsites": 4, "structure": "# generated using pymatgen\ndata_LiYSe2\n_symmetry_space_group_name_H-M   'P 1'\n_cell_length_a   6.78821925\n_cell_length_b   6.78821925\n_cell_length_c   6.78821925\n_cell_angle_alpha   34.37292167\n_cell_angle_beta   34.37292167\n_cell_angle_gamma   34.37292167\n_symmetry_Int_Tables_number   1\n_chemical_formula_structural   LiYSe2\n_chemical_formula_sum   'Li1 Y1 Se2'\n_cell_volume   88.9294919678\n_cell_formula_units_Z   1\nloop_\n _symmetry_equiv_pos_site_id\n _symmetry_equiv_pos_as_xyz\n  1  'x, y, z'\nloop_\n _atom_site_type_symbol\n _atom_site_label\n _atom_site_symmetry_multiplicity\n _atom_site_fract_x\n _atom_site_fract_y\n _atom_site_fract_z\n _atom_site_occupancy\n  Li  Li1  1  0.500000  0.500000  0.500000  1\n  Y  Y2  1  0.000000  0.000000  0.000000  1\n  Se  Se3  1  0.248202  0.248202  0.248202  1\n  Se  Se4  1  0.751798  0.751798  0.751798  1\n"}}