{"phonon": {"ph_bandstructure": [[0.0, 0.0, 0.0, 79.70757919583662, 79.70757919807994, 86.4123551852335, 90.51140039754056, 90.51140039806378, 90.83577460815344, 103.06090785837007, 103.06433826504379, 106.4833842711522, 106.49281346869935, 106.97849440167883, 108.97719283729526, 117.95462785024984, 117.95462785566038, 118.04318245385848, 119.13170995253782, 120.49917415857199, 134.4560653173848, 137.57290881477448, 137.57290881677014, 150.43452588799929, 150.43452588992676, 151.6447129064867, 152.43104660463177, 154.14414790122643, 154.33975598187428, 167.12027182440443, 171.00422845617317, 173.85983963262672, 218.50695560498627, 456.4503765583236, 457.2402180210674, 475.7572056327439]]}, "dielectric": {"eps_electronic": [[2.9396258595969984, 0.0, 1.5857867517624655e-27], [0.0, 2.939625859604979, 2.746663224027857e-27], [0.0, 0.0, 3.838769525741328]], "eps_total": [[5.166736282264351, -8.881784197001252e-16, 1.5857867517624655e-27], [-1.7763568394002505e-15, 5.166736282429251, 2.746663224027857e-27], [0.0, 0.0, 7.286648804703274]], "becs": [[[1.119961392359355, 0.0, -3.802305438305768e-27], [1.110223057712381e-16, 1.0983141643210816, -3.3221635174578924e-26], [-5.061891136097596e-27, -1.1823791078741319e-27, 1.1322049929828228]], [[1.1037259713306498, 0.009373524701310254, 1.647665822891747e-26], [0.009373524701348335, 1.1145495853497869, -2.6196796095269683e-26], [-5.061891136097596e-27, -1.1823791078741319e-27, 1.1322049929828246]], [[1.1037259713306493, -0.009373524701310698, 8.365072762028174e-27], [-0.009373524701349445, 1.114549585349786, -1.2147117936651208e-26], [-5.061891136097596e-27, -1.1823791078741319e-27, 1.1322049929828246]], [[1.1015466813362316, 0.0, 2.7883577535417834e-27], [-3.330669040788245e-16, 1.1108108077071555, 6.293084646535541e-27], [-5.061891136097596e-27, -1.1823791078741319e-27, 0.9159221998619215]], [[1.1084947761144257, -0.004011484390536113, 1.140691731211166e-26], [-0.004011484390551767, 1.1038627129289635, -1.7415747246133138e-26], [-5.061891136097596e-27, -1.1823791078741319e-27, 0.9159221998619215]], [[1.1084947761144248, 0.004011484390536779, 2.534872951388796e-28], [0.004011484390553766, 1.1038627129289627, 1.9025602219672678e-27], [-5.061891136097596e-27, -1.1823791078741319e-27, 0.915922199861925]], [[-1.1086093193719224, 0.002228042757480786, 7.858098670347598e-27], [-0.0022280427574886685, -1.108609319371922, 9.937220244738296e-26], [-9.698737840135598e-27, -1.1355300940369211e-26, -1.0306778813174238]], [[-1.108609319371922, 0.002228042757480564, -5.830201805028094e-27], [-0.0022280427574891126, -1.1086093193719215, -3.673405471423354e-26], [7.283713349174088e-26, 5.242624154754339e-27, -1.0306778813174238]], [[-1.108609319371922, -0.002228042757480564, -3.2192854572418315e-26], [0.0022280427574893347, -1.108609319371921, 5.810127285644119e-26], [-3.1028232678710417e-26, 2.2375966188430262e-26, -1.0306778813174238]], [[-1.108609319371922, -0.002228042757480564, -5.830201805028092e-27], [0.0022280427574888906, -1.108609319371921, 1.2439818840931131e-26], [1.4412865020862027e-26, -2.206363971141667e-26, -1.0306778813174238]], [[-1.1057561455475706, -4.440892098500626e-16, -7.858098171750414e-27], [-7.771561139288871e-16, -1.105756145547571, -4.024647425388816e-26], [3.748117601574613e-27, 5.5103326240305255e-27, -1.0108350267319048]], [[-1.1057561455475702, 0.0, 8.365072762028174e-27], [-3.330669040788245e-16, -1.1057561455475706, -1.2147117936651208e-26], [-1.9899800589019208e-26, 7.384291908963829e-27, -1.0108350267319048]]]}, "metadata": {"formula": "KS", "nsites": 12, "structure": "# generated using pymatgen\ndata_KS\n_symmetry_space_group_name_H-M   'P 1'\n_cell_length_a   8.45463657\n_cell_length_b   8.45463657\n_cell_length_c   5.71739809\n_cell_angle_alpha   90.00000000\n_cell_angle_beta   90.00000000\n_cell_angle_gamma   120.00000000\n_symmetry_Int_Tables_number   1\n_chemical_formula_structural   KS\n_chemical_formula_sum   'K6 S6'\n_cell_volume   353.931284188\n_cell_formula_units_Z   6\nloop_\n _symmetry_equiv_pos_site_id\n _symmetry_equiv_pos_as_xyz\n  1  'x, y, z'\nloop_\n _atom_site_type_symbol\n _atom_site_label\n _atom_site_symmetry_multiplicity\n _atom_site_fract_x\n _atom_site_fract_y\n _atom_site_fract_z\n _atom_site_occupancy\n  K  K1  1  0.355691  0.355691  0.500000  1\n  K  K2  1  0.000000  0.644309  0.500000  1\n  K  K3  1  0.644309  0.000000  0.500000  1\n  K  K4  1  0.690488  0.690488  0.000000  1\n  K  K5  1  0.000000  0.309512  0.000000  1\n  K  K6  1  0.309512  0.000000  0.000000  1\n  S  S7  1  0.333333  0.666667  0.813323  1\n  S  S8  1  0.333333  0.666667  0.186677  1\n  S  S9  1  0.666667  0.333333  0.186677  1\n  S  S10  1  0.666667  0.333333  0.813323  1\n  S  S11  1  0.000000  0.000000  0.314527  1\n  S  S12  1  0.000000  0.000000  0.685473  1\n"}}