{"phonon": {"ph_bandstructure": [[0.0, 0.0, 0.0, 237.11880061948713, 237.11880062083839, 261.24383452245513, 378.20115901481887, 378.2011590158958, 420.95293958122033]]}, "dielectric": {"eps_electronic": [[10.545504010109443, -5.393885996838644e-16, 1.7763568394002505e-15], [-5.393885996838644e-16, 10.545504010109443, 1.7763568394002505e-15], [1.6864998109880579e-15, 1.6864998109880579e-15, 10.545504010109445]], "eps_total": [[15.858015709750788, -8.749044198357454e-11, -2.462439141481809e-10], [-8.749176086821488e-11, 15.85801570978917, 1.880238187368377e-10], [-2.462443546693184e-10, 1.880233782157002e-10, 15.858015709818293]], "becs": [[[0.9939815326976762, 0.0, 0.0], [0.0, 0.9939815326976762, 0.0], [-2.166633336081379e-19, -2.166633336081379e-19, 0.9939815326976762]], [[1.8280096624528126, 0.0, 0.0], [0.0, 1.8280096624528126, 0.0], [3.779324867298936e-19, 3.779324867298936e-19, 1.8280096624528126]], [[-2.8219911932744077, 0.0, 0.0], [0.0, -2.8219911932744077, 0.0], [-1.612691584822267e-19, -1.612691584822267e-19, -2.8219911932744077]]]}, "metadata": {"formula": "LiZnP", "nsites": 3, "structure": "# generated using pymatgen\ndata_LiZnP\n_symmetry_space_group_name_H-M   'P 1'\n_cell_length_a   4.00769792\n_cell_length_b   4.00769792\n_cell_length_c   4.00769792\n_cell_angle_alpha   60.00000000\n_cell_angle_beta   60.00000000\n_cell_angle_gamma   60.00000000\n_symmetry_Int_Tables_number   1\n_chemical_formula_structural   LiZnP\n_chemical_formula_sum   'Li1 Zn1 P1'\n_cell_volume   45.5166132097\n_cell_formula_units_Z   1\nloop_\n _symmetry_equiv_pos_site_id\n _symmetry_equiv_pos_as_xyz\n  1  'x, y, z'\nloop_\n _atom_site_type_symbol\n _atom_site_label\n _atom_site_symmetry_multiplicity\n _atom_site_fract_x\n _atom_site_fract_y\n _atom_site_fract_z\n _atom_site_occupancy\n  Li  Li1  1  0.750000  0.750000  0.750000  1\n  Zn  Zn2  1  0.250000  0.250000  0.250000  1\n  P  P3  1  0.000000  0.000000  0.000000  1\n"}}