{"phonon": {"ph_bandstructure": [[-0.0064366917547564705, -0.005626697210895273, -0.005462290977884329, 12.33491147215729, 64.43492884266793, 68.10859195626128, 68.10859196058077, 72.35898006435066, 75.97896386793748, 76.1495786894569, 76.14957869704503, 123.0329276947664, 133.89086977259305, 133.95233603005073, 138.13700168533066, 160.52308941518783, 208.92119579839587, 223.62950322974632, 223.6295032301324, 231.7432539686972, 241.06919354277798, 457.3660019513899, 457.36600195170536, 484.359154249621, 493.4705008118448, 570.1447684379074, 574.8549477980669]]}, "dielectric": {"eps_electronic": [[2.2620332909286853, 0.0, 0.0], [2.220446049250313e-16, 2.2620332909316545, -2.4882188972491914e-22], [7.182869250639225e-23, 1.2441094486245962e-22, 2.205981112289728]], "eps_total": [[9.91281462372288, 7.105427357601002e-15, 6.044163722004605e-29], [8.43769498715119e-15, 9.912814625050753, 1.6648565145606754e-12], [7.182880202447469e-23, 1.6648565149339085e-12, 9.623958342734255]], "becs": [[[1.2949999677010786, 9.868649181306335e-17, -1.061480854706375e-17], [-9.868649181306335e-17, 1.294999967701079, 8.018337106585112e-17], [9.252702980834245e-18, 4.31751776684864e-17, 1.2843557522174527]], [[1.2949999677010786, -1.2335811311196796e-16, -1.0614923337333284e-17], [-5.42775701663126e-16, 1.2949999677010795, 8.018297342069303e-17], [9.252280794154467e-18, 4.3174933918893184e-17, 1.2843557522174527]], [[4.384529227307381, 9.868649181306335e-17, -1.0614578966524677e-17], [-9.868649181306335e-17, 4.384529227307381, 8.018197930779777e-17], [9.247918198463423e-18, 4.317631516658809e-17, 4.130814635470245]], [[-1.3397962455253234, -0.3072220242571212, 0.4479779628669621], [-0.3072220242578446, -0.9850468087132447, 0.25864019745256506], [0.45196199661726244, 0.2609403804101502, -1.1165876899841816]], [[-1.3397962455253243, 0.307222024257121, -0.4479779628669621], [0.3072220242578435, -0.9850468087132456, 0.258640197452565], [-0.45196199661726244, 0.2609403804101502, -1.1165876899841825]], [[-0.8076720903072045, 3.2073109673809466e-16, 1.6535774621420563e-18], [1.2335811377371245e-15, -1.5171709639313629, -0.5172803949051301], [9.251858607474689e-18, -0.5218807608203004, -1.1165876899841825]], [[-1.3397962455253225, -0.30722202425712164, 0.4479779628669621], [-0.30722202425784506, -0.9850468087132438, 0.258640197452565], [0.45196199661726244, 0.2609403804101502, -1.1165876899841825]], [[-1.3397962455253243, 0.3072220242571212, -0.447977962866962], [0.3072220242578435, -0.9850468087132456, 0.25864019745256495], [-0.45196199661726244, 0.2609403804101502, -1.1165876899841851]], [[-0.8076720903072045, 3.2073109673809466e-16, 1.6535774621420563e-18], [2.1217595574372497e-15, -1.5171709639313629, -0.5172803949051301], [-1.0177044385504097e-16, -0.5218807608203005, -1.1165876899841851]]]}, "metadata": {"formula": "Rb2ZrF6", "nsites": 9, "structure": "# generated using pymatgen\ndata_Rb2ZrF6\n_symmetry_space_group_name_H-M   'P 1'\n_cell_length_a   6.11634118\n_cell_length_b   6.11634118\n_cell_length_c   4.78867986\n_cell_angle_alpha   90.00000000\n_cell_angle_beta   90.00000000\n_cell_angle_gamma   120.00000000\n_symmetry_Int_Tables_number   1\n_chemical_formula_structural   Rb2ZrF6\n_chemical_formula_sum   'Rb2 Zr1 F6'\n_cell_volume   155.142162775\n_cell_formula_units_Z   1\nloop_\n _symmetry_equiv_pos_site_id\n _symmetry_equiv_pos_as_xyz\n  1  'x, y, z'\nloop_\n _atom_site_type_symbol\n _atom_site_label\n _atom_site_symmetry_multiplicity\n _atom_site_fract_x\n _atom_site_fract_y\n _atom_site_fract_z\n _atom_site_occupancy\n  Rb  Rb1  1  0.666667  0.333333  0.694371  1\n  Rb  Rb2  1  0.333333  0.666667  0.305629  1\n  Zr  Zr3  1  0.000000  0.000000  0.000000  1\n  F  F4  1  0.158847  0.317694  0.770263  1\n  F  F5  1  0.682306  0.841153  0.770263  1\n  F  F6  1  0.158847  0.841153  0.770263  1\n  F  F7  1  0.841153  0.682306  0.229737  1\n  F  F8  1  0.317694  0.158847  0.229737  1\n  F  F9  1  0.841153  0.158847  0.229737  1\n"}}