{"phonon": {"ph_bandstructure": [[-49.999113801663164, 0.0, 0.0, 0.0, 52.156081894442075, 90.50963907114982, 95.27501768057624, 110.12164700221877, 110.13567466169684, 117.90807415490495, 139.8801820398161, 160.00095474811417, 208.7959946129683, 215.16283796844047, 271.40185220955766, 328.9490608140734, 330.10649356507963, 359.1563601011723, 392.0811420447415, 430.4391352696888, 710.342947601197, 730.8656872839022, 737.1865302310935, 775.7040090541968]]}, "dielectric": {"eps_electronic": [[4.58739699241384, -2.0142594795823194e-16, 3.4781915231312157e-17], [-2.0142594795823194e-16, 4.58739699241384, 3.4781915231312157e-17], [-1.8770834901424975e-17, -1.8770834901424975e-17, 4.286585321546194]], "eps_total": null, "becs": [[[1.249050877254667, -1.6653345369377348e-16, -2.7414494574829314e-16], [-8.326672684688674e-17, 1.2490508772546673, 2.8443601351623874e-16], [-5.551115123125783e-17, -5.551115123125783e-17, 1.295650512902633]], [[1.4897342474227468, 0.13016975766950628, 6.570895334484164e-16], [-0.13016975766950697, 1.4897342474227473, -5.606863466873022e-16], [-5.551115123125783e-17, -5.551115123125783e-17, 0.9732856008579285]], [[1.4897342474227468, -0.13016975766950795, 1.2700547769310042e-16], [0.13016975766950636, 1.4897342474227473, -2.0259198274249293e-16], [8.326672684688674e-16, 8.326672684688674e-16, 0.9732856008579303]], [[3.0743711978532327, 5.551115123125783e-17, -2.715063012701998e-16], [1.3877787807814457e-16, 3.0743711978532335, 2.870746579943321e-16], [8.326672684688674e-16, 8.326672684688674e-16, 3.569197451029212]], [[-1.8257226424883484, 0.1881481090233959, 0.48656814948008836], [0.1881481090233951, -1.8257226424883497, -0.48656814948008836], [0.4634728083871313, -0.4634728083871314, -1.702854791411926]], [[-1.8257226424883484, -0.18814810902339513, 0.486568149480088], [-0.18814810902339504, -1.825722642488348, 0.4865681494800881], [0.4634728083871304, 0.46347280838713084, -1.702854791411926]], [[-1.8257226424883484, -0.18814810902339535, -0.4865681494800882], [-0.18814810902339615, -1.8257226424883488, -0.4865681494800881], [-0.46347280838713095, -0.4634728083871305, -1.7028547914119252]], [[-1.8257226424883488, 0.18814810902339635, -0.4865681494800885], [0.18814810902339665, -1.8257226424883484, 0.4865681494800885], [-0.4634728083871323, 0.4634728083871295, -1.702854791411927]]]}, "metadata": {"formula": "KAg2AsO4", "nsites": 8, "structure": "# generated using pymatgen\ndata_KAg2AsO4\n_symmetry_space_group_name_H-M   'P 1'\n_cell_length_a   5.41569540\n_cell_length_b   5.41569540\n_cell_length_c   5.41569540\n_cell_angle_alpha   114.15874725\n_cell_angle_beta   114.15874725\n_cell_angle_gamma   100.45525451\n_symmetry_Int_Tables_number   1\n_chemical_formula_structural   KAg2AsO4\n_chemical_formula_sum   'K1 Ag2 As1 O4'\n_cell_volume   120.056988449\n_cell_formula_units_Z   1\nloop_\n _symmetry_equiv_pos_site_id\n _symmetry_equiv_pos_as_xyz\n  1  'x, y, z'\nloop_\n _atom_site_type_symbol\n _atom_site_label\n _atom_site_symmetry_multiplicity\n _atom_site_fract_x\n _atom_site_fract_y\n _atom_site_fract_z\n _atom_site_occupancy\n  K  K1  1  0.500000  0.500000  0.000000  1\n  Ag  Ag2  1  0.750000  0.250000  0.500000  1\n  Ag  Ag3  1  0.250000  0.750000  0.500000  1\n  As  As4  1  0.000000  0.000000  0.000000  1\n  O  O5  1  0.689861  0.028302  0.000000  1\n  O  O6  1  0.971698  0.971698  0.661559  1\n  O  O7  1  0.310139  0.310139  0.338441  1\n  O  O8  1  0.028302  0.689861  0.000000  1\n"}}