{"phonon": {"ph_bandstructure": [[0.0, 0.0, 0.0, 45.270587871773635, 45.270587875710156, 111.64816661506333]]}, "dielectric": {"eps_electronic": [[29.34452951408827, 5.233197445268121e-16, -5.329070518200751e-15], [-3.029393934273689e-15, 29.34452951408828, 3.552713678800501e-15], [-6.543157730999975e-15, 1.122041066300253e-14, 29.344529514088272]], "eps_total": [[178.4835001709421, -1.608067303681435e-09, -2.5473951836829656e-09], [-1.6080764672094695e-09, 178.48350018481872, 6.899654181324877e-10], [-2.547420259331808e-09, 6.899545533383607e-10, 178.48350019203517]], "becs": [[[-5.7290840258341635, 0.0, 0.0], [0.0, -5.7290840258341635, 0.0], [1.0259162372773516e-19, 1.0259162372773516e-19, -5.7290840258341635]], [[5.7290840258341635, 0.0, 0.0], [0.0, 5.7290840258341635, 0.0], [-1.0259162372773518e-19, -1.0259162372773518e-19, 5.7290840258341635]]]}, "metadata": {"formula": "TePb", "nsites": 2, "structure": "# generated using pymatgen\ndata_TePb\n_symmetry_space_group_name_H-M   'P 1'\n_cell_length_a   4.55697082\n_cell_length_b   4.55697082\n_cell_length_c   4.55697082\n_cell_angle_alpha   60.00000000\n_cell_angle_beta   60.00000000\n_cell_angle_gamma   60.00000000\n_symmetry_Int_Tables_number   1\n_chemical_formula_structural   TePb\n_chemical_formula_sum   'Te1 Pb1'\n_cell_volume   66.9134999398\n_cell_formula_units_Z   1\nloop_\n _symmetry_equiv_pos_site_id\n _symmetry_equiv_pos_as_xyz\n  1  'x, y, z'\nloop_\n _atom_site_type_symbol\n _atom_site_label\n _atom_site_symmetry_multiplicity\n _atom_site_fract_x\n _atom_site_fract_y\n _atom_site_fract_z\n _atom_site_occupancy\n  Te  Te1  1  0.000000  0.000000  0.000000  1\n  Pb  Pb2  1  0.500000  0.500000  0.500000  1\n"}}