{"phonon": {"ph_bandstructure": [[0.0, 0.0, 0.0, 436.2830048925661, 436.28300489340637, 488.9941555727223]]}, "dielectric": {"eps_electronic": [[8.422233583253828, 4.007955049495598e-16, 0.0], [2.503339511052321e-15, 8.42223358325383, 8.881784197001252e-16], [2.063872882517583e-16, 2.063872882517583e-16, 8.422233583253828]], "eps_total": [[10.58030110992388, 2.1058246132977055e-15, 0.0], [3.5543101780858905e-15, 10.580301109978652, 8.881784197001252e-16], [6.554746787787271e-16, 6.554746787787271e-16, 10.580301109932874]], "becs": [[[2.218745726810771, 0.0, 0.0], [0.0, 2.218745726810771, 0.0], [6.158668576797772e-19, 6.158668576797772e-19, 2.218745726810771]], [[-2.218745726810771, 0.0, 0.0], [0.0, -2.218745726810771, 0.0], [-6.158668576797772e-19, -6.158668576797772e-19, -2.218745726810771]]]}, "metadata": {"formula": "AlP", "nsites": 2, "structure": "# generated using pymatgen\ndata_AlP\n_symmetry_space_group_name_H-M   'P 1'\n_cell_length_a   3.86717858\n_cell_length_b   3.86717858\n_cell_length_c   3.86717858\n_cell_angle_alpha   60.00000000\n_cell_angle_beta   60.00000000\n_cell_angle_gamma   60.00000000\n_symmetry_Int_Tables_number   1\n_chemical_formula_structural   AlP\n_chemical_formula_sum   'Al1 P1'\n_cell_volume   40.894762125\n_cell_formula_units_Z   1\nloop_\n _symmetry_equiv_pos_site_id\n _symmetry_equiv_pos_as_xyz\n  1  'x, y, z'\nloop_\n _atom_site_type_symbol\n _atom_site_label\n _atom_site_symmetry_multiplicity\n _atom_site_fract_x\n _atom_site_fract_y\n _atom_site_fract_z\n _atom_site_occupancy\n  Al  Al1  1  0.000000  0.000000  0.000000  1\n  P  P2  1  0.250000  0.250000  0.250000  1\n"}}