{"phonon": {"ph_bandstructure": [[0.0, 0.0, 0.0, 662.2563410138599, 662.2563410147886, 777.1494393447146]]}, "dielectric": {"eps_electronic": [[8.111020881077833, -3.1565219128043807e-15, -3.552713678800501e-15], [-1.887126577657309e-15, 8.111020881077835, 0.0], [-3.437960791515192e-15, -1.6616039521149417e-15, 8.111020881077835]], "eps_total": [[11.169464314190478, 1.0845894307333904e-15, -8.881784197001252e-16], [2.6433978128785668e-15, 11.169464314195384, -1.7763568394002505e-15], [-1.7277605116139938e-15, -1.7277605116139938e-15, 11.169464314199052]], "becs": [[[2.586016766354541, 0.0, 0.0], [0.0, 2.586016766354541, 0.0], [1.0124718586376508e-19, 1.0124718586376508e-19, 2.586016766354541]], [[-2.586016766354541, 0.0, 0.0], [0.0, -2.586016766354541, 0.0], [-1.0124718586376506e-19, -1.0124718586376506e-19, -2.586016766354541]]]}, "metadata": {"formula": "GeC", "nsites": 2, "structure": "# generated using pymatgen\ndata_GeC\n_symmetry_space_group_name_H-M   'P 1'\n_cell_length_a   3.22886402\n_cell_length_b   3.22886402\n_cell_length_c   3.22886402\n_cell_angle_alpha   60.00000000\n_cell_angle_beta   60.00000000\n_cell_angle_gamma   60.00000000\n_symmetry_Int_Tables_number   1\n_chemical_formula_structural   GeC\n_chemical_formula_sum   'Ge1 C1'\n_cell_volume   23.8031409075\n_cell_formula_units_Z   1\nloop_\n _symmetry_equiv_pos_site_id\n _symmetry_equiv_pos_as_xyz\n  1  'x, y, z'\nloop_\n _atom_site_type_symbol\n _atom_site_label\n _atom_site_symmetry_multiplicity\n _atom_site_fract_x\n _atom_site_fract_y\n _atom_site_fract_z\n _atom_site_occupancy\n  Ge  Ge1  1  0.000000  0.000000  0.000000  1\n  C  C2  1  0.750000  0.750000  0.750000  1\n"}}