{"phonon": {"ph_bandstructure": [[0.0, 0.0, 0.0, 94.15022443050422, 95.6196381485168, 99.66102235033807, 100.29199300226385, 111.81578094836742, 121.01873693822621, 131.84201343779517, 132.22059658069665, 140.0999963329003, 148.38397224788704, 148.6896144470118, 149.2071248378594, 150.11076240321918, 164.89044972039946, 171.1401308270937, 183.38699704856467, 187.51929405120146, 196.21841116101797, 220.03444609976086, 247.81382439101077, 307.27795362402435]]}, "dielectric": {"eps_electronic": [[10.375484756318787, 0.0, 1.6177297229166982e-23], [0.0, 7.5595530323630085, 0.0], [1.6177297229166976e-23, 0.0, 12.274695939513325]], "eps_total": [[18.267091181424853, 1.7763568394002505e-15, 1.6177297229166982e-23], [-8.881784197001252e-16, 11.698157865765392, 0.0], [1.6177297229166976e-23, 0.0, 17.47852403094499]], "becs": [[[1.1467789922798837, 0.2065769265914399, -4.001274766243228e-23], [0.010208124005482766, 1.196645528164569, -2.68494099184019e-22], [0.0, -1.2398935513748374e-17, 0.992205834690434]], [[1.1467789922798837, 0.2065769265914399, -4.001274766243228e-23], [0.010208124005482766, 1.196645528164569, -2.68494099184019e-22], [0.0, -1.2398935513748374e-17, 0.992205834690434]], [[1.1467789922798837, -0.2065769265914399, -2.858053404459456e-24], [-0.010208124005482766, 1.196645528164569, -2.649437639881973e-22], [0.0, -1.2398935513748374e-17, 0.9922058346904344]], [[1.1467789922798837, -0.2065769265914399, -5.7161068089189035e-24], [-0.010208124005482766, 1.196645528164569, -2.5429275840073204e-22], [0.0, -1.2398935513748374e-17, 0.9922058346904344]], [[0.5956486244172223, 0.0, 0.6025486133665321], [0.0, -0.7142478093507207, -2.755947695756625e-22], [1.3144279238447028, -1.2398935513748374e-17, 0.6755367114171872]], [[0.5956486244172259, 0.0, -0.6025486133665321], [0.0, -0.7142478093507172, -2.755947695756625e-22], [-1.3144279238447028, 8.679254859623862e-17, 0.6755367114171854]], [[-2.889206608976991, 0.0, 1.4861877703189137e-22], [0.0, -1.679043246978419, 8.605124930872941e-22], [0.0, -1.2398935513748374e-17, -2.659948380798053]], [[-2.889206608976991, 0.0, 5.716106808918893e-23], [0.0, -1.679043246978419, 7.469017668209984e-22], [0.0, -1.2398935513748374e-17, -2.6599483807980566]]]}, "metadata": {"formula": "Na2CuAs", "nsites": 8, "structure": "# generated using pymatgen\ndata_Na2CuAs\n_symmetry_space_group_name_H-M   'P 1'\n_cell_length_a   5.66108280\n_cell_length_b   5.66108280\n_cell_length_c   5.23258994\n_cell_angle_alpha   90.00000000\n_cell_angle_beta   90.00000000\n_cell_angle_gamma   102.33121260\n_symmetry_Int_Tables_number   1\n_chemical_formula_structural   Na2CuAs\n_chemical_formula_sum   'Na4 Cu2 As2'\n_cell_volume   163.824512933\n_cell_formula_units_Z   2\nloop_\n _symmetry_equiv_pos_site_id\n _symmetry_equiv_pos_as_xyz\n  1  'x, y, z'\nloop_\n _atom_site_type_symbol\n _atom_site_label\n _atom_site_symmetry_multiplicity\n _atom_site_fract_x\n _atom_site_fract_y\n _atom_site_fract_z\n _atom_site_occupancy\n  Na  Na1  1  0.321341  0.971730  0.750000  1\n  Na  Na2  1  0.678659  0.028270  0.250000  1\n  Na  Na3  1  0.028270  0.678659  0.250000  1\n  Na  Na4  1  0.971730  0.321341  0.750000  1\n  Cu  Cu5  1  0.500000  0.500000  0.500000  1\n  Cu  Cu6  1  0.500000  0.500000  1.000000  1\n  As  As7  1  0.769216  0.769216  0.750000  1\n  As  As8  1  0.230784  0.230784  0.250000  1\n"}}