{"phonon": {"ph_bandstructure": [[0.0, 0.0, 0.0, 51.208772829463875, 52.7383245889552, 56.907646248552425, 60.513234052008265, 62.918301281788096, 63.51728295018872, 65.81914556990291, 65.8890261851772, 66.75174669250391, 74.30924436649053, 75.88359929247257, 77.50771921788369, 79.02735759983113, 79.12040144364454, 79.2110543415758, 83.23301206477343, 91.39499298177321, 92.41284978534726, 92.6339035095068, 99.00445417722332, 103.58911189533636, 139.13183442147016, 144.10445901133522, 145.3265020167693, 151.68930702650394, 157.68643367809142, 160.8819953093883, 164.09119636000653, 166.4934049386265, 166.73276927253647, 167.10363036778932, 168.86113513576115, 171.21593721387782]]}, "dielectric": {"eps_electronic": [[17.674652139006714, 0.0, 5.089294176145484e-25], [0.0, 18.361227001348613, 0.0], [5.089294176145485e-25, 0.0, 18.605790169976977]], "eps_total": [[30.912311592268438, 0.0, 5.089294176145484e-25], [0.0, 30.61083783126648, 0.0], [5.089294176145485e-25, 0.0, 30.480264687412948]], "becs": [[[2.595093650745189, 0.0, 0.0], [0.0, 2.4678419487318104, -0.15700675874791314], [1.603527659359895e-24, -0.24680325932551114, 2.32075491010118]], [[2.595093650745189, 0.0, 0.0], [0.0, 2.4678419487318104, -0.15700675874791314], [5.45199420239418e-24, -0.24680325932551114, 2.32075491010118]], [[2.595093650745189, 0.0, 0.0], [0.0, 2.4678419487318104, 0.1570067587479132], [-2.24493888367439e-24, 0.2468032593255111, 2.32075491010118]], [[2.595093650745189, 0.0, 0.0], [0.0, 2.4678419487318104, 0.15700675874791314], [3.5277609308770375e-24, 0.24680325932551114, 2.32075491010118]], [[1.5971907955135087, 0.0, 0.0], [0.0, 1.6590140744443924, 0.10035012081501238], [1.603527659359895e-24, 0.012262492642685795, 1.8886400400939087]], [[1.5971907955135078, 0.0, 0.0], [0.0, 1.6590140744443933, -0.10035012081501238], [1.603527659359895e-24, -0.012262492642685785, 1.8886400400939087]], [[1.597190795513507, 0.0, 0.0], [0.0, 1.6590140744443933, -0.10035012081501238], [-2.7259972015536755e-24, -0.012262492642685786, 1.8886400400939087]], [[1.5971907955135078, 0.0, 0.0], [0.0, 1.6590140744443933, 0.10035012081501238], [1.603527057220384e-25, 0.012262492642685795, 1.8886400400939078]], [[-4.192284449348976, 0.0, 0.0], [0.0, -4.126856023478156, -0.011575928369536293], [-2.24493888367439e-24, 0.07669772472315349, -4.2093949502482975]], [[-4.192284449348976, 0.0, 0.0], [0.0, -4.126856023478156, 0.011575928369536286], [-2.24493888367439e-24, -0.07669772472315349, -4.2093949502482975]], [[-4.192284449348974, 0.0, 0.0], [0.0, -4.126856023478155, 0.011575928369536286], [-2.24493888367439e-24, -0.07669772472315349, -4.2093949502482975]], [[-4.192284449348974, 0.0, 0.0], [0.0, -4.126856023478155, -0.011575928369536293], [-2.24493888367439e-24, 0.07669772472315349, -4.2093949502482975]]]}, "metadata": {"formula": "BaCaSn", "nsites": 12, "structure": "# generated using pymatgen\ndata_BaCaSn\n_symmetry_space_group_name_H-M   'P 1'\n_cell_length_a   5.24455153\n_cell_length_b   8.76080533\n_cell_length_c   9.58198775\n_cell_angle_alpha   90.00000000\n_cell_angle_beta   90.00000000\n_cell_angle_gamma   90.00000000\n_symmetry_Int_Tables_number   1\n_chemical_formula_structural   BaCaSn\n_chemical_formula_sum   'Ba4 Ca4 Sn4'\n_cell_volume   440.258752224\n_cell_formula_units_Z   4\nloop_\n _symmetry_equiv_pos_site_id\n _symmetry_equiv_pos_as_xyz\n  1  'x, y, z'\nloop_\n _atom_site_type_symbol\n _atom_site_label\n _atom_site_symmetry_multiplicity\n _atom_site_fract_x\n _atom_site_fract_y\n _atom_site_fract_z\n _atom_site_occupancy\n  Ba  Ba1  1  0.250000  0.021039  0.818489  1\n  Ba  Ba2  1  0.750000  0.978961  0.181511  1\n  Ba  Ba3  1  0.250000  0.521039  0.681511  1\n  Ba  Ba4  1  0.750000  0.478961  0.318489  1\n  Ca  Ca5  1  0.750000  0.855356  0.572338  1\n  Ca  Ca6  1  0.250000  0.644644  0.072338  1\n  Ca  Ca7  1  0.750000  0.355356  0.927662  1\n  Ca  Ca8  1  0.250000  0.144644  0.427662  1\n  Sn  Sn9  1  0.250000  0.275451  0.108387  1\n  Sn  Sn10  1  0.750000  0.224549  0.608387  1\n  Sn  Sn11  1  0.250000  0.775451  0.391613  1\n  Sn  Sn12  1  0.750000  0.724549  0.891613  1\n"}}