{"phonon": {"ph_bandstructure": [[-0.037397660318374354, -0.023794679480037485, 0.0, 26.68377685473542, 43.64062774062467, 63.399627664663534, 85.0928089849139, 95.8591158211513, 104.86594328646926, 108.16831511740348, 111.59516343705606, 120.003792817081, 121.68383329936894, 131.12138125699153, 152.63459266396325, 162.1160590334695, 165.27394129954564, 169.55580557463043, 185.50906587201635, 201.77645656026567, 221.41612004089473, 226.92493098319218, 304.5663131524025, 308.4070151151588, 308.96163854102804, 312.41038187713826, 320.02341947891557, 346.30368019637274, 352.20019722256785, 355.4109382551049]]}, "dielectric": {"eps_electronic": [[9.196078205879305, 0.0, 0.0], [0.0, 4.67829163866246, 0.0], [0.0, 0.0, 5.3592954469275265]], "eps_total": [[15.468399966216452, 0.0, 0.0], [0.0, 8.07982028366591, 0.0], [0.0, 0.0, 11.220033992982527]], "becs": [[[1.178736182030896, 0.0, 0.0], [0.0, 1.3222355036588365, -0.1738137873392602], [-2.5151330367599405e-18, 0.0668219464366228, 1.353743466277121]], [[1.1787361820308955, 0.0, 0.0], [0.0, 1.3222355036588347, 0.1738137873392602], [-2.5151330367599405e-18, -0.0668219464366228, 1.3537434662771193]], [[0.9737822852147184, 0.0, 0.0], [0.0, 1.3995379493418563, 0.2855269411557543], [-2.5151330367599405e-18, -0.0024913521547499234, 1.0784403930477762]], [[0.9737822852147184, 0.0, 0.0], [0.0, 1.3995379493418563, -0.28552694115575433], [-2.5151330367599405e-18, 0.0024913521547499226, 1.0784403930477775]], [[2.2544950694145083, 0.0, 0.0], [0.0, -0.794211199563145, 0.5623855353601118], [-2.5151330367599405e-18, 0.5135271623176064, -0.32609452190630467]], [[2.2544950694145083, 0.0, 0.0], [0.0, -0.794211199563145, -0.5623855353601117], [-2.5151330367599405e-18, -0.5135271623176064, -0.32609452190630467]], [[-2.174854776701144, 0.0, 0.0], [0.0, -0.9833825169110281, 0.029696244856762984], [-2.5151330367599405e-18, 0.13281947534970076, -1.0629939894087066]], [[-2.174854776701146, 0.0, 0.0], [0.0, -0.9833825169110294, -0.029696244856762984], [-2.5151330367599405e-18, -0.13281947534970073, -1.0629939894087053]], [[-2.2321587609558566, 0.0, 0.0], [0.0, -0.944179736527076, -0.03782961652549374], [-2.5151330367599405e-18, 0.09208279074635634, -1.0430953480093916]], [[-2.2321587609558566, 0.0, 0.0], [0.0, -0.9441797365270751, 0.03782961652549374], [2.2636196956055443e-17, -0.09208279074635636, -1.0430953480093916]]]}, "metadata": {"formula": "Na2PtS2", "nsites": 10, "structure": "# generated using pymatgen\ndata_Na2PtS2\n_symmetry_space_group_name_H-M   'P 1'\n_cell_length_a   5.47435879\n_cell_length_b   5.47435879\n_cell_length_c   10.80391463\n_cell_angle_alpha   90.00000000\n_cell_angle_beta   90.00000000\n_cell_angle_gamma   142.14907525\n_symmetry_Int_Tables_number   1\n_chemical_formula_structural   Na2PtS2\n_chemical_formula_sum   'Na4 Pt2 S4'\n_cell_volume   198.673276382\n_cell_formula_units_Z   2\nloop_\n _symmetry_equiv_pos_site_id\n _symmetry_equiv_pos_as_xyz\n  1  'x, y, z'\nloop_\n _atom_site_type_symbol\n _atom_site_label\n _atom_site_symmetry_multiplicity\n _atom_site_fract_x\n _atom_site_fract_y\n _atom_site_fract_z\n _atom_site_occupancy\n  Na  Na1  1  0.330923  0.669077  0.906454  1\n  Na  Na2  1  0.669077  0.330923  0.406454  1\n  Na  Na3  1  0.069573  0.930427  0.123435  1\n  Na  Na4  1  0.930427  0.069573  0.623435  1\n  Pt  Pt5  1  0.635696  0.364304  0.745539  1\n  Pt  Pt6  1  0.364304  0.635696  0.245539  1\n  S  S7  1  0.945655  0.054345  0.363655  1\n  S  S8  1  0.054345  0.945655  0.863655  1\n  S  S9  1  0.783099  0.216901  0.126917  1\n  S  S10  1  0.216901  0.783099  0.626917  1\n"}}