{"phonon": {"ph_bandstructure": [[-0.008223305868217434, -0.007435812837181115, -0.004425343700834677, 64.22245459587992, 71.27656869320701, 83.581377232282, 99.37836984423481, 110.406328371816, 110.96582064343491, 115.46163075754725, 121.28793692244031, 145.66059857430838, 164.62554281106512, 165.2972806502481, 191.83471584865887, 196.44970917083882, 209.64165347924802, 237.20603537972733, 237.3801375884272, 266.80148153356777, 351.46682052300815, 354.5915145437639, 357.35025788024046, 376.58311583071287, 464.9476868761359, 479.6897386768188, 520.7325542569429, 525.1154706481022, 637.5175257012319, 772.1239704497957]]}, "dielectric": {"eps_electronic": [[4.677020226442197, -1.9565754192914762e-16, -2.7855633328900093e-16], [0.0, 4.6889100665441115, 0.030729160245269997], [0.0, 0.03072916024527033, 4.750392618411216]], "eps_total": [[50.638190616095336, 0.0, 0.0], [0.0, 36.6998238004782, -2.651252236369821], [0.0, -2.651252236369818, 30.952426756251956]], "becs": [[[2.689270060772107, -5.551115205843844e-17, 4.440892164675075e-17], [-5.8845817218445716e-18, 2.6512219074519514, 0.10044201430253755], [-1.948007003501327e-17, 0.136575918450967, 2.763766150153197]], [[2.689270060772107, -5.551115205843844e-17, 4.440892164675075e-17], [-5.8845817218445716e-18, 2.6512219074519514, 0.10044201430253755], [-1.948007003501327e-17, 0.136575918450967, 2.763766150153197]], [[4.59732327872052, -5.551115205843844e-17, 4.440892164675075e-17], [2.3538326448942787e-17, 4.6980394389162505, 0.3664717023148145], [5.0164703073045875e-17, -0.3327189208491642, 5.031960779220527]], [[6.851395789172868, -5.551115205843844e-17, 4.440892164675075e-17], [-9.562445243192991e-18, 7.031215866781068, -0.14109289249426335], [-2.818566667352066e-17, 0.06168523366694671, 6.792077638552694]], [[-3.317002147114142, 0.9003992124986622, 1.0680907377030113], [0.9257681458627031, -2.503296784258799, -0.7432991782455565], [1.0138794998994054, -0.6744134683575941, -2.713685192232039]], [[-3.317002147114143, -0.9003992124986615, -1.068090737703012], [-0.9257681458627031, -2.5032967842588, -0.743299178245556], [-1.0138794998994054, -0.6744134683575941, -2.713685192232039]], [[-3.317002147114142, 0.9003992124986622, 1.0680907377030113], [0.9257681458627031, -2.503296784258799, -0.7432991782455565], [1.0138794998994054, -0.6744134683575941, -2.713685192232039]], [[-3.317002147114142, -0.9003992124986622, -1.0680907377030113], [-0.9257681458627031, -2.503296784258799, -0.7432991782455565], [-1.0138794998994054, -0.6744134683575941, -2.713685192232039]], [[-1.7796253004533784, -2.7755575698346975e-16, 2.6645352657178206e-16], [5.296123461973015e-17, -3.5092559917451247, 1.2734669372816536], [1.7532062741236285e-16, 1.347767861854168, -3.2484149745368445]], [[-1.7796253004533789, -5.551115205843844e-17, 4.440892164675075e-17], [-5.8845817218445716e-18, -3.5092559917451256, 1.2734669372816536], [-1.948007003501327e-17, 1.347767861854168, -3.2484149745368445]]]}, "metadata": {"formula": "Ba2LaTaO6", "nsites": 10, "structure": "# generated using pymatgen\ndata_Ba2LaTaO6\n_symmetry_space_group_name_H-M   'P 1'\n_cell_length_a   6.03666583\n_cell_length_b   6.03666583\n_cell_length_c   6.13218975\n_cell_angle_alpha   60.16384348\n_cell_angle_beta   60.16384348\n_cell_angle_gamma   60.10025084\n_symmetry_Int_Tables_number   1\n_chemical_formula_structural   Ba2LaTaO6\n_chemical_formula_sum   'Ba2 La1 Ta1 O6'\n_cell_volume   158.524189246\n_cell_formula_units_Z   1\nloop_\n _symmetry_equiv_pos_site_id\n _symmetry_equiv_pos_as_xyz\n  1  'x, y, z'\nloop_\n _atom_site_type_symbol\n _atom_site_label\n _atom_site_symmetry_multiplicity\n _atom_site_fract_x\n _atom_site_fract_y\n _atom_site_fract_z\n _atom_site_occupancy\n  Ba  Ba1  1  0.247587  0.247587  0.260140  1\n  Ba  Ba2  1  0.752413  0.752413  0.739860  1\n  La  La3  1  0.000000  0.000000  0.000000  1\n  Ta  Ta4  1  0.500000  0.500000  0.500000  1\n  O  O5  1  0.690951  0.226800  0.315851  1\n  O  O6  1  0.773200  0.309049  0.684149  1\n  O  O7  1  0.309049  0.773200  0.684149  1\n  O  O8  1  0.226800  0.690951  0.315851  1\n  O  O9  1  0.273301  0.273301  0.800388  1\n  O  O10  1  0.726699  0.726699  0.199612  1\n"}}