{"phonon": {"ph_bandstructure": [[-0.021504284299502456, -0.016103635823135086, 0.0, 163.2426568134145, 177.15243956898706, 192.0346941262934, 209.47077382150152, 209.4707738244967, 229.69671437169524, 250.02475658715912, 264.8774099686717, 281.4774206493391, 363.8831254459662, 373.33238984827705, 373.33238985005875, 389.7328728362937, 433.17691890024975, 440.59291186300857, 624.0406947501399, 624.0406947541607, 637.3240758689205, 645.9738812360108, 697.810106163958, 712.489971990776, 933.7869052255306, 937.3988380826689, 1225.1764913532934, 1225.176491372553, 1227.6484576008563, 1366.8634577447872]]}, "dielectric": {"eps_electronic": [[3.0341746914741137, 0.0, -0.13022807082892848], [0.0, 3.530196018651389, 0.0], [-0.13022807082892926, 0.0, 3.4960052499888037]], "eps_total": [[8.29516304794654, -2.33972841101604e-11, -0.36660943042419347], [-2.3398308703971256e-11, 9.691529400501178, -6.076069248510316e-12], [-0.36660943042419386, -6.075584479958707e-12, 9.595277815569732]], "becs": [[[2.866265342207226, 0.002562453539928523, 0.11087480743714644], [-0.0025624535400357567, 2.443958010344268, 0.009760043264068076], [0.11087480744058484, -0.009760043263960953, 2.4730676705303125]], [[3.616452641032942, -0.07452531406911844, -0.19213158361590607], [0.07452531407224655, 4.348256179807381, -0.2838569668674714], [-0.1921315836218645, 0.28385696686435696, 4.297812934499053]], [[0.7986443576049265, 0.09908093803566892, -0.555901633831769], [-0.0990809380398292, 2.9159994285017747, 0.3773860586364647], [-0.5559016338490095, -0.37738605863232394, 2.770050064243508]], [[0.7986443576049265, 0.09908093803566892, -0.555901633831769], [-0.0990809380398292, 2.9159994285017747, 0.3773860586364647], [-0.5559016338490095, -0.37738605863232394, 2.770050064243508]], [[-1.3121873319350832, 0.39546908648493934, 0.14457447924061698], [0.4838213354297222, -2.0037287937865202, -0.5387777112540061], [0.15716850670452748, -0.39070479518063156, -2.1866172874677594]], [[-1.463266051500653, -0.13212536361237065, 0.31763927645860157], [-0.12375120705028192, -2.6401592358454606, 0.0821468413045808], [0.3527855391735947, 0.2512176300589081, -1.39910812584325]], [[-1.2645499657927193, -0.3264432306435542, 0.13431626622151652], [-0.296970620605805, -1.668218493947487, 0.21629327311499932], [0.08657597606111342, 0.37982476195351245, -2.5697649534491585]], [[-1.3121873319350832, 0.39546908648493934, 0.14457447924061698], [0.4838213354297222, -2.0037287937865202, -0.5387777112540061], [0.15716850670452748, -0.39070479518063156, -2.1866172874677594]], [[-1.463266051500653, -0.13212536361237065, 0.31763927645860157], [-0.12375120705028192, -2.6401592358454606, 0.0821468413045808], [0.3527855391735947, 0.2512176300589081, -1.39910812584325]], [[-1.2645499657927193, -0.3264432306435542, 0.13431626622151652], [-0.296970620605805, -1.668218493947487, 0.21629327311499932], [0.08657597606111342, 0.37982476195351245, -2.5697649534491585]]]}, "metadata": {"formula": "CaSn(BO3)2", "nsites": 10, "structure": "# generated using pymatgen\ndata_CaSn(BO3)2\n_symmetry_space_group_name_H-M   'P 1'\n_cell_length_a   6.04851336\n_cell_length_b   6.04851336\n_cell_length_c   6.04851336\n_cell_angle_alpha   47.48319178\n_cell_angle_beta   47.48319178\n_cell_angle_gamma   47.48319178\n_symmetry_Int_Tables_number   1\n_chemical_formula_structural   CaSn(BO3)2\n_chemical_formula_sum   'Ca1 Sn1 B2 O6'\n_cell_volume   110.010262813\n_cell_formula_units_Z   1\nloop_\n _symmetry_equiv_pos_site_id\n _symmetry_equiv_pos_as_xyz\n  1  'x, y, z'\nloop_\n _atom_site_type_symbol\n _atom_site_label\n _atom_site_symmetry_multiplicity\n _atom_site_fract_x\n _atom_site_fract_y\n _atom_site_fract_z\n _atom_site_occupancy\n  Ca  Ca1  1  0.000000  0.000000  0.000000  1\n  Sn  Sn2  1  0.500000  0.500000  0.500000  1\n  B  B3  1  0.760474  0.760474  0.760474  1\n  B  B4  1  0.239526  0.239526  0.239526  1\n  O  O5  1  0.052646  0.732761  0.487846  1\n  O  O6  1  0.487846  0.052646  0.732761  1\n  O  O7  1  0.267239  0.512154  0.947354  1\n  O  O8  1  0.947354  0.267239  0.512154  1\n  O  O9  1  0.512154  0.947354  0.267239  1\n  O  O10  1  0.732761  0.487846  0.052646  1\n"}}