{"phonon": {"ph_bandstructure": [[0.0, 0.0, 0.0, 25.63470791701547, 34.14990059060635, 36.58984656126051, 36.5898465725939, 44.27405611231656, 44.27405612187891, 45.09123950996465, 52.05546407935522, 56.82842444181596, 70.14991105073713, 77.60044993602084, 77.60044994223614, 80.03182504759752, 83.79374824646483, 87.75748546859681]]}, "dielectric": {"eps_electronic": [[7.76064924995284, 0.0, 0.0], [-2.220446049250313e-15, 7.7606492498651, 6.759539626215706e-23], [0.0, 6.759539626215705e-23, 6.93170937828846]], "eps_total": [[20.602174609056004, -1.4210854715202004e-14, 0.0], [-1.2434497875801753e-14, 20.602174613733617, 6.759539626215706e-23], [0.0, 6.759539626215705e-23, 40.31593426835417]], "becs": [[[0.99950307764116, -2.220445983075864e-16, -4.88732534993572e-22], [-8.881784064652354e-16, 0.9995030776411604, -3.9495837617697785e-22], [0.0, 0.0, 1.1394127654393618]], [[0.99950307764116, -4.440892032326177e-16, -4.825416937781222e-22], [-2.2204460360154233e-15, 0.9995030776411595, -3.7708695696584277e-22], [0.0, 0.0, 1.1394127654393635]], [[1.554457195680369, -6.66133808157649e-16, 1.887518684869929e-21], [-2.664535245865486e-15, 1.5544571956803686, 9.829280450015333e-22], [0.0, 0.0, 1.1928154699945006]], [[1.5544571956803699, 1.3322676361676327e-15, 3.852077518890685e-23], [4.8849813215855786e-15, 1.5544571956803712, 5.254197131964764e-22], [0.0, 0.0, 1.1928154699945006]], [[-2.55396027333276, -2.220445983075864e-16, -4.773826594319139e-22], [4.440892230849524e-16, -2.5539602733327604, -3.6815124736027527e-22], [0.0, 0.0, -2.332228235393575]], [[-2.553960273332758, 2.220446115424762e-16, -4.773826594319139e-22], [4.440892230849524e-16, -2.5539602733327587, -3.6815124736027527e-22], [0.0, 0.0, -2.3322282353935804]]]}, "metadata": {"formula": "Cs2Pt", "nsites": 6, "structure": "# generated using pymatgen\ndata_Cs2Pt\n_symmetry_space_group_name_H-M   'P 1'\n_cell_length_a   5.62863617\n_cell_length_b   5.62863617\n_cell_length_c   7.66044440\n_cell_angle_alpha   90.00000000\n_cell_angle_beta   90.00000000\n_cell_angle_gamma   120.00000000\n_symmetry_Int_Tables_number   1\n_chemical_formula_structural   Cs2Pt\n_chemical_formula_sum   'Cs4 Pt2'\n_cell_volume   210.179788922\n_cell_formula_units_Z   2\nloop_\n _symmetry_equiv_pos_site_id\n _symmetry_equiv_pos_as_xyz\n  1  'x, y, z'\nloop_\n _atom_site_type_symbol\n _atom_site_label\n _atom_site_symmetry_multiplicity\n _atom_site_fract_x\n _atom_site_fract_y\n _atom_site_fract_z\n _atom_site_occupancy\n  Cs  Cs1  1  0.666667  0.333333  0.750000  1\n  Cs  Cs2  1  0.333333  0.666667  0.250000  1\n  Cs  Cs3  1  0.000000  0.000000  0.000000  1\n  Cs  Cs4  1  0.000000  0.000000  0.500000  1\n  Pt  Pt5  1  0.666667  0.333333  0.250000  1\n  Pt  Pt6  1  0.333333  0.666667  0.750000  1\n"}}