{"phonon": {"ph_bandstructure": [[0.0, 0.0, 0.0, 322.29950197175623, 360.98244222358966, 426.23798626051575, 426.23798627293866, 436.0770572268228, 635.2100155405291, 671.3570069740309, 696.8574008325033, 696.8574008533931, 763.3751981502462, 792.5118818886903, 941.0666708763071]]}, "dielectric": {"eps_electronic": [[4.5812294635576105, 0.0, 0.0], [0.0, 4.581229463641152, -6.470507868400018e-23], [1.8678747297853845e-23, 3.2352539342000085e-23, 4.9121826341303]], "eps_total": [[11.291942735631274, -5.329070518200751e-15, 0.0], [-6.217248937900877e-15, 11.29194273590075, -6.470507868400018e-23], [1.8678747297853845e-23, 3.2352539342000085e-23, 13.259036868791593]], "becs": [[[1.9138629937395353, -3.55271373174006e-16, 7.296371268738346e-23], [-8.88178432935015e-16, 1.9138629937395342, 1.8053836399235533e-23], [1.0122219971514962e-22, -7.186244446081204e-23, 2.3806390871793504]], [[1.5844389430096208, -3.55271373174006e-16, -5.732863153590895e-23], [-8.88178432935015e-16, 1.584438943009621, 6.318842840616112e-23], [-2.71217376403642e-23, -7.605675050497419e-23, 1.4362916513282222]], [[1.5844389430096208, -3.55271373174006e-16, -5.211693846591988e-24], [-8.88178432935015e-16, 1.584438943009621, -2.7080755607690046e-23], [1.4045185662347776e-23, -9.982448475522642e-23, 1.4362916513282222]], [[-2.5413704398487145, 5.329070465261192e-16, -5.211693846591984e-24], [1.332267616315298e-15, -2.541370439848714, -2.708075560769005e-23], [-4.79957893970196e-22, 1.7420351013003442e-22, -2.626611194923176]], [[-2.5413704398487145, 5.329070465261192e-16, -5.211693846591984e-24], [1.332267616315298e-15, -2.541370439848714, -2.708075560769005e-23], [3.9181224655782244e-22, 7.354016507014272e-23, -2.626611194923176]]]}, "metadata": {"formula": "Mg(BeN)2", "nsites": 5, "structure": "# generated using pymatgen\ndata_Mg(BeN)2\n_symmetry_space_group_name_H-M   'P 1'\n_cell_length_a   2.94003114\n_cell_length_b   2.94003114\n_cell_length_c   5.06993297\n_cell_angle_alpha   90.00000000\n_cell_angle_beta   90.00000000\n_cell_angle_gamma   120.00000000\n_symmetry_Int_Tables_number   1\n_chemical_formula_structural   Mg(BeN)2\n_chemical_formula_sum   'Mg1 Be2 N2'\n_cell_volume   37.9521785134\n_cell_formula_units_Z   1\nloop_\n _symmetry_equiv_pos_site_id\n _symmetry_equiv_pos_as_xyz\n  1  'x, y, z'\nloop_\n _atom_site_type_symbol\n _atom_site_label\n _atom_site_symmetry_multiplicity\n _atom_site_fract_x\n _atom_site_fract_y\n _atom_site_fract_z\n _atom_site_occupancy\n  Mg  Mg1  1  0.000000  0.000000  0.000000  1\n  Be  Be2  1  0.666667  0.333333  0.371680  1\n  Be  Be3  1  0.333333  0.666667  0.628320  1\n  N  N4  1  0.666667  0.333333  0.722371  1\n  N  N5  1  0.333333  0.666667  0.277629  1\n"}}