{"phonon": {"ph_bandstructure": [[0.0, 0.0, 0.0, 42.14733265845665, 43.2581869871191, 50.21829688221268, 68.93537157483406, 68.97391439841834, 87.97614604696946, 98.32389881266941, 121.06882364894122, 124.99600257377756, 125.70167451754575, 134.113801171522, 135.54996269777055, 168.51512005913648, 188.82686795556486, 192.49843662467472, 201.96074181332668, 209.9341348287033, 215.1653336814724]]}, "dielectric": {"eps_electronic": [[13.952102329828021, -2.5923930214842203e-16, 7.778434083060642e-16], [-2.5923930214842203e-16, 13.952102329828021, 7.778434083060642e-16], [6.17230966809962e-16, 6.17230966809962e-16, 12.402034684939425]], "eps_total": [[17.611990990865152, 8.376114958369367e-11, 2.612530093936225e-15], [8.376097534425418e-11, 17.611990991260203, 5.007039848482402e-15], [1.1935844908718902e-15, 1.1935844908718902e-15, 15.820952606791947]], "becs": [[[2.5181627646886504, -0.5900908272032619, -8.065703232845145e-16], [0.5900908272032606, 2.5181627646886517, 3.670940397218906e-16], [2.537652741156556e-16, 1.5225916446939337e-15, 2.6563365489771256]], [[2.505855901456778, -0.01698909257518048, -2.869290718340864e-16], [0.016989092575181053, 2.5058559014567794, 4.4264608132225613e-16], [2.537652741156556e-16, 2.410770064394059e-15, 2.7116746168674117]], [[2.7578266081466243, 0.258666596331918, -3.370320046848551e-16], [-0.25866659633191874, 2.757826608146624, -2.735906663036065e-16], [3.8064789529161565e-15, 1.5225916446939337e-15, 2.46065902022169]], [[-2.1628941267964326, 0.5998630607604749, 0.39031707438193936], [0.42565639902561, -1.7280285084032383, 0.41883769608054167], [0.42405141189252077, 0.6119969233574032, -1.9571675460559197]], [[-1.7280285084032379, -0.4256563990256089, -0.418837696080543], [-0.5998630607604731, -2.162894126796435, 0.39031707438193886], [-0.6119969233574059, 0.4240514118925167, -1.9571675460559215]], [[-1.7280285084032396, -0.4256563990256098, 0.4188376960805431], [-0.5998630607604749, -2.162894126796435, -0.3903170743819385], [0.6119969233574027, -0.4240514118925207, -1.957167546055918]], [[-2.1628941267964343, 0.5998630607604731, -0.3903170743819382], [0.42565639902561, -1.72802850840324, -0.41883769608054255], [-0.424051411892522, -0.6119969233574045, -1.9571675460559215]]]}, "metadata": {"formula": "Ga2HgTe4", "nsites": 7, "structure": "# generated using pymatgen\ndata_Ga2HgTe4\n_symmetry_space_group_name_H-M   'P 1'\n_cell_length_a   7.31203473\n_cell_length_b   7.31203473\n_cell_length_c   7.31203473\n_cell_angle_alpha   130.71793072\n_cell_angle_beta   130.71793072\n_cell_angle_gamma   72.26161276\n_symmetry_Int_Tables_number   1\n_chemical_formula_structural   Ga2HgTe4\n_chemical_formula_sum   'Ga2 Hg1 Te4'\n_cell_volume   219.553551946\n_cell_formula_units_Z   1\nloop_\n _symmetry_equiv_pos_site_id\n _symmetry_equiv_pos_as_xyz\n  1  'x, y, z'\nloop_\n _atom_site_type_symbol\n _atom_site_label\n _atom_site_symmetry_multiplicity\n _atom_site_fract_x\n _atom_site_fract_y\n _atom_site_fract_z\n _atom_site_occupancy\n  Ga  Ga1  1  0.500000  0.500000  0.000000  1\n  Ga  Ga2  1  0.250000  0.750000  0.500000  1\n  Hg  Hg3  1  0.000000  0.000000  0.000000  1\n  Te  Te4  1  0.105409  0.578894  0.964980  1\n  Te  Te5  1  0.421106  0.386086  0.526515  1\n  Te  Te6  1  0.859571  0.894591  0.473485  1\n  Te  Te7  1  0.613914  0.140429  0.035020  1\n"}}