{"phonon": {"ph_bandstructure": [[0.0, 0.0, 0.0, 37.80946666017962, 62.67036555659321, 83.63967223143511, 83.6396722353166, 99.02087580064975, 125.53882604246448, 302.1628433615237, 314.7905494491944, 358.1833071901786, 358.1833071909281, 532.3359389514418, 1829.0082643156688]]}, "dielectric": {"eps_electronic": [[3.6352926746268355, 0.0, 1.0298013821197044e-23], [0.0, 3.6352926746303247, -1.7836683155371608e-23], [-1.0298013821197044e-23, 1.7836683155371605e-23, 9.049769677473032]], "eps_total": [[6.341664104268023, 2.6645352591003757e-15, 1.0298013821197044e-23], [1.7763568394002505e-15, 6.341664104442858, -1.7836683155371608e-23], [-1.0298013821197044e-23, 1.7836683155371605e-23, 23.168017013295362]], "becs": [[[1.2223816289788392, 2.2204460823375376e-17, 5.714166710623636e-24], [-2.664535232630596e-16, 1.2223816289788403, -8.907503887216342e-23], [0.0, 0.0, 0.9950034871631628]], [[1.2223816289788392, 2.442490657484067e-16, -9.714082948262527e-23], [1.77635686587003e-16, 1.2223816289788403, 9.897227360685757e-24], [0.0, 0.0, 0.9950034871631619]], [[-1.001520969555461, 2.2204460823375376e-17, 1.714249962098464e-23], [1.77635686587003e-16, -1.0015209695554634, 4.948613385382543e-23], [0.0, 0.0, -2.7721246321742257]], [[-0.7216211442028283, -3.108624465641716e-16, 2.4285207689960258e-23], [-2.664535232630596e-16, -0.7216211442028289, -1.7320145853347762e-23], [0.0, 0.0, 0.3910588293705843]], [[-0.7216211442028283, 2.2204460823375376e-17, 4.999895673827249e-23], [1.77635686587003e-16, -0.721621144202828, 4.7011827198004195e-23], [0.0, 0.0, 0.39105882937058384]]]}, "metadata": {"formula": "Rb2PdC2", "nsites": 5, "structure": "# generated using pymatgen\ndata_Rb2PdC2\n_symmetry_space_group_name_H-M   'P 1'\n_cell_length_a   5.33268839\n_cell_length_b   5.33268839\n_cell_length_c   5.24206634\n_cell_angle_alpha   90.00000000\n_cell_angle_beta   90.00000000\n_cell_angle_gamma   120.00000000\n_symmetry_Int_Tables_number   1\n_chemical_formula_structural   Rb2PdC2\n_chemical_formula_sum   'Rb2 Pd1 C2'\n_cell_volume   129.099796664\n_cell_formula_units_Z   1\nloop_\n _symmetry_equiv_pos_site_id\n _symmetry_equiv_pos_as_xyz\n  1  'x, y, z'\nloop_\n _atom_site_type_symbol\n _atom_site_label\n _atom_site_symmetry_multiplicity\n _atom_site_fract_x\n _atom_site_fract_y\n _atom_site_fract_z\n _atom_site_occupancy\n  Rb  Rb1  1  0.666667  0.333333  0.721488  1\n  Rb  Rb2  1  0.333333  0.666667  0.278512  1\n  Pd  Pd3  1  0.000000  0.000000  0.000000  1\n  C  C4  1  0.000000  0.000000  0.378638  1\n  C  C5  1  0.000000  0.000000  0.621362  1\n"}}