{"phonon": {"ph_bandstructure": [[0.0, 0.0, 0.0, 81.26872024461842, 107.10578207996008, 134.86065780675779, 303.2222498995654, 359.6396370402448, 378.76519161398556]]}, "dielectric": {"eps_electronic": [[8.867095574369625, 0.0, 1.958718205150683e-22], [0.0, 8.86709557399978, -1.6962997244756776e-22], [1.9587182051506827e-22, -1.696299724475678e-22, 10.931508072509015]], "eps_total": [[15.593051863647894, -3.552713678800501e-15, 1.958718205150683e-22], [-4.440892098500626e-15, 15.593051863172233, -1.6962997244756776e-22], [1.9587182051506827e-22, -1.696299724475678e-22, 36.791232390531796]], "becs": [[[2.0810892059812502, 0.0, 0.0], [0.0, 2.0810892059812507, 0.0], [1.057690640136122e-22, 1.2060494523198491e-21, 3.432205078536232]], [[0.9831647727102049, 0.0, 0.0], [0.0, 0.9831647727102037, 0.0], [1.5109866152566159e-22, -5.27782963057746e-22, 0.2835524137841546]], [[-3.0642539785017266, 0.0, 0.0], [0.0, -3.064253978501726, 0.0], [-2.5686771608278285e-22, -6.78266531184858e-22, -3.7157574947782397]]]}, "metadata": {"formula": "BaLiAs", "nsites": 3, "structure": "# generated using pymatgen\ndata_BaLiAs\n_symmetry_space_group_name_H-M   'P 1'\n_cell_length_a   4.48588050\n_cell_length_b   4.48588050\n_cell_length_c   4.52512294\n_cell_angle_alpha   90.00000000\n_cell_angle_beta   90.00000000\n_cell_angle_gamma   120.00000000\n_symmetry_Int_Tables_number   1\n_chemical_formula_structural   BaLiAs\n_chemical_formula_sum   'Ba1 Li1 As1'\n_cell_volume   78.8599348818\n_cell_formula_units_Z   1\nloop_\n _symmetry_equiv_pos_site_id\n _symmetry_equiv_pos_as_xyz\n  1  'x, y, z'\nloop_\n _atom_site_type_symbol\n _atom_site_label\n _atom_site_symmetry_multiplicity\n _atom_site_fract_x\n _atom_site_fract_y\n _atom_site_fract_z\n _atom_site_occupancy\n  Ba  Ba1  1  0.666667  0.333333  0.000000  1\n  Li  Li2  1  0.000000  -0.000000  0.500000  1\n  As  As3  1  0.333333  0.666667  0.500000  1\n"}}