{"phonon": {"ph_bandstructure": [[-0.00440443636939155, -0.004347927561993937, -0.004220586320892893, 67.24873403535392, 67.24873404005514, 67.24873404180697, 77.99589971194047, 77.99589971452015, 77.99589972218264, 94.39179325477936, 94.39179326327259, 142.54489430243768, 251.0896485978644, 251.08964859877975, 251.08964860127296, 381.67660538167047, 381.67660538249885, 381.6766053828076, 453.7754037740764, 453.77540377627724, 464.91607929434883, 464.91607929570165, 465.5200571144872, 621.2267612378796, 712.5406357245512, 712.5406357263763, 774.3804550218726]]}, "dielectric": {"eps_electronic": [[1.9458917312284516, -2.3334931298767925e-17, 1.1102230246251565e-16], [2.981704050284629e-16, 1.9458917312284505, -2.220446049250313e-16], [2.627218928142734e-16, -5.144342244233362e-16, 1.9458917312284507]], "eps_total": [[5.516173503668471, 5.47485266176731e-11, 3.3551961209354886e-10], [5.474842718997669e-11, 5.516173504103261, 1.7676526908871892e-11], [3.355191407751763e-10, 1.767649967970914e-11, 5.516173504286137]], "becs": [[[1.2347103667870871, 4.9343245906531674e-17, -9.868649181306335e-17], [4.9343245906531674e-17, 1.2347103667870867, -1.973729836261267e-16], [2.514081347073418e-19, -9.843508367835601e-17, 1.234710366787087]], [[1.2347103667870871, 4.9343245906531674e-17, -9.868649181306335e-17], [4.9343245906531674e-17, 1.2347103667870867, -1.973729836261267e-16], [2.514081347073419e-19, -9.843508367835601e-17, 1.234710366787087]], [[3.1465381397866587, 4.9343245906531674e-17, -9.868649181306335e-17], [4.9343245906531674e-17, 3.1465381397866583, -1.973729836261267e-16], [-6.66645366266138e-20, -9.875315634968996e-17, 3.1465381397866583]], [[-1.1612248920273536, 4.934324557565943e-16, -5.42775701663126e-16], [-1.7270135934937188e-15, -0.8233772723285868, 2.0230730656241864e-15], [-2.2204829517855847e-15, 2.5658118647520407e-15, -0.8233772723285873]], [[-0.8233772723285879, 2.0477446902318134e-15, -1.875043331213314e-15], [1.6036554803817508e-15, -0.8233772723285873, -1.5296406131763145e-15], [-4.442334806471506e-16, 3.4525844723991127e-16, -1.1612248920273538]], [[-0.8233772723285879, 2.0477446902318134e-15, -1.875043331213314e-15], [1.6036554803817508e-15, -0.8233772723285873, -1.5296406131763145e-15], [-4.442334806471506e-16, 3.4525844723991127e-16, -1.1612248920273538]], [[-1.1612248920273536, 4.934324557565943e-16, -5.42775701663126e-16], [-1.7270135934937188e-15, -0.8233772723285868, 2.0230730656241864e-15], [-2.2204829517855847e-15, 2.5658118647520407e-15, -0.8233772723285873]], [[-0.823377272328587, -2.615192013193844e-15, 2.5658487672873123e-15], [4.9343245906531674e-17, -1.161224892027354, -1.973729836261267e-16], [2.664498356565104e-15, -2.7632586534487107e-15, -0.8233772723285873]], [[-0.823377272328587, -2.615192013193844e-15, 2.5658487672873123e-15], [4.9343245906531674e-17, -1.161224892027354, -1.973729836261267e-16], [2.664498356565104e-15, -2.7632586534487107e-15, -0.8233772723285873]]]}, "metadata": {"formula": "Rb2SiF6", "nsites": 9, "structure": "# generated using pymatgen\ndata_Rb2SiF6\n_symmetry_space_group_name_H-M   'P 1'\n_cell_length_a   5.95139922\n_cell_length_b   5.95139922\n_cell_length_c   5.95139922\n_cell_angle_alpha   60.00000000\n_cell_angle_beta   60.00000000\n_cell_angle_gamma   60.00000000\n_symmetry_Int_Tables_number   1\n_chemical_formula_structural   Rb2SiF6\n_chemical_formula_sum   'Rb2 Si1 F6'\n_cell_volume   149.053525993\n_cell_formula_units_Z   1\nloop_\n _symmetry_equiv_pos_site_id\n _symmetry_equiv_pos_as_xyz\n  1  'x, y, z'\nloop_\n _atom_site_type_symbol\n _atom_site_label\n _atom_site_symmetry_multiplicity\n _atom_site_fract_x\n _atom_site_fract_y\n _atom_site_fract_z\n _atom_site_occupancy\n  Rb  Rb1  1  0.250000  0.250000  0.250000  1\n  Rb  Rb2  1  0.750000  0.750000  0.750000  1\n  Si  Si3  1  0.000000  0.000000  0.000000  1\n  F  F4  1  0.797592  0.202408  0.202408  1\n  F  F5  1  0.202408  0.202408  0.797592  1\n  F  F6  1  0.797592  0.797592  0.202408  1\n  F  F7  1  0.202408  0.797592  0.797592  1\n  F  F8  1  0.797592  0.202408  0.797592  1\n  F  F9  1  0.202408  0.797592  0.202408  1\n"}}