{"phonon": {"ph_bandstructure": [[0.0, 0.0, 0.0, 209.41168878913533, 209.4116887901862, 244.83606218214052]]}, "dielectric": {"eps_electronic": [[7.902823903808481, -8.231191199671327e-16, 0.0], [-8.231191199671327e-16, 7.902823903808481, 0.0], [9.824361694562853e-17, 9.824361694562853e-17, 7.9028239038084855]], "eps_total": [[10.802673205072622, -2.5296654555182725e-10, 4.0545700130678597e-10], [-2.529660273013217e-10, 10.802673205055212, 8.881784197001252e-16], [4.0545837600466003e-10, 2.262876293777483e-15, 10.802673205063925]], "becs": [[[2.0320029313309, 0.0, 0.0], [0.0, 2.0320029313309, 0.0], [-4.3276373849339817e-19, -4.3276373849339817e-19, 2.0320029313309]], [[-2.0320029313309, 0.0, 0.0], [0.0, -2.0320029313309, 0.0], [4.327637384933982e-19, 4.327637384933982e-19, -2.0320029313309]]]}, "metadata": {"formula": "ZnSe", "nsites": 2, "structure": "# generated using pymatgen\ndata_ZnSe\n_symmetry_space_group_name_H-M   'P 1'\n_cell_length_a   3.98261951\n_cell_length_b   3.98261951\n_cell_length_c   3.98261951\n_cell_angle_alpha   60.00000000\n_cell_angle_beta   60.00000000\n_cell_angle_gamma   60.00000000\n_symmetry_Int_Tables_number   1\n_chemical_formula_structural   ZnSe\n_chemical_formula_sum   'Zn1 Se1'\n_cell_volume   44.6674800856\n_cell_formula_units_Z   1\nloop_\n _symmetry_equiv_pos_site_id\n _symmetry_equiv_pos_as_xyz\n  1  'x, y, z'\nloop_\n _atom_site_type_symbol\n _atom_site_label\n _atom_site_symmetry_multiplicity\n _atom_site_fract_x\n _atom_site_fract_y\n _atom_site_fract_z\n _atom_site_occupancy\n  Zn  Zn1  1  0.000000  0.000000  0.000000  1\n  Se  Se2  1  0.250000  0.250000  0.250000  1\n"}}