{"phonon": {"ph_bandstructure": [[0.0, 0.0, 0.0, 162.23254328114294, 162.2325432824436, 164.0664528946737, 170.95976207758102, 347.1682203483852, 910.0404109124053]]}, "dielectric": {"eps_electronic": [[3.57310740087151, 4.360126976932359e-16, -5.97647183711082e-16], [6.462144206086285e-16, 3.57310740087151, -9.741694558708278e-16], [1.1570517631538416e-16, 1.1570517631538416e-16, 3.8034703201056037]], "eps_total": [[15.99876145999097, 9.316499152193919e-15, -8.563546381818387e-16], [6.915508058314859e-15, 15.99876146018638, -1.1921012738269484e-15], [-1.7026815951155427e-15, -1.7026815951155427e-15, 14.513312618794291]], "becs": [[[2.9288564188178006, -1.4802974764576237e-16, -2.2156935783031052e-16], [1.4802972117598277e-16, 2.9288564188178006, 2.2251984540230717e-16], [2.9605950852641455e-16, 1.18423791499165e-15, 2.833375025136881]], [[-1.4644282094060705, 7.401485727926894e-17, 1.1078468384694555e-16], [-7.401488374904854e-17, -1.4644282094060705, -1.1125992769553066e-16], [-1.4802970132364807e-16, -5.921189244086005e-16, -1.416687512563471]], [[-1.4644282094060705, 7.401485727926894e-17, 1.1078468384694555e-16], [-7.401488374904854e-17, -1.4644282094060705, -1.1125992769553066e-16], [-1.4802970132364807e-16, -5.921189244086005e-16, -1.416687512563471]]]}, "metadata": {"formula": "BaO2", "nsites": 3, "structure": "# generated using pymatgen\ndata_BaO2\n_symmetry_space_group_name_H-M   'P 1'\n_cell_length_a   4.32100189\n_cell_length_b   4.32100189\n_cell_length_c   4.32100189\n_cell_angle_alpha   128.02577940\n_cell_angle_beta   128.02577940\n_cell_angle_gamma   76.58327025\n_symmetry_Int_Tables_number   1\n_chemical_formula_structural   BaO2\n_chemical_formula_sum   'Ba1 O2'\n_cell_volume   48.6286838602\n_cell_formula_units_Z   1\nloop_\n _symmetry_equiv_pos_site_id\n _symmetry_equiv_pos_as_xyz\n  1  'x, y, z'\nloop_\n _atom_site_type_symbol\n _atom_site_label\n _atom_site_symmetry_multiplicity\n _atom_site_fract_x\n _atom_site_fract_y\n _atom_site_fract_z\n _atom_site_occupancy\n  Ba  Ba1  1  0.000000  0.000000  0.000000  1\n  O  O2  1  0.391530  0.391530  0.000000  1\n  O  O3  1  0.608470  0.608470  0.000000  1\n"}}