{"phonon": {"ph_bandstructure": [[0.0, 0.0, 0.0, 53.90124318420827, 74.79566500094887, 81.98587906982445, 82.66429495887371, 82.71895230183326, 105.5314075932798, 129.8771215304594, 140.38925749848974, 158.56950253851767, 169.33474474323722, 208.94118367505425, 214.15306908142534, 277.6870915039204, 302.87521611917253, 394.3760997517014, 404.741317798908, 405.20575949397494, 550.7651890623754, 574.0193759419035, 581.6573222832013, 590.9932628204439]]}, "dielectric": {"eps_electronic": [[3.373243728327899, 0.0, 0.0], [0.0, 3.5767172859225673, 0.49071600431908874], [0.0, 0.49071600431908874, 4.180864935036015]], "eps_total": [[6.979463067563415, 0.0, 0.0], [0.0, 8.7949672808137, 3.848641800579467], [0.0, 3.848641800579466, 13.962104066086551]], "becs": [[[1.2574142419424983, 0.0, -2.4617443227865368e-17], [-2.7755575615628914e-17, 1.3196150858074982, -0.18018479268809656], [-2.7755575615628914e-17, -0.19763359779023493, 1.3278759128956037]], [[1.2574142419424983, 0.0, -2.7755575615628914e-17], [-2.7755575615628914e-17, 1.3196150858074982, -0.18018479268809656], [-2.7755575615628914e-17, -0.19763359779023493, 1.3278759128956037]], [[1.7142006122470632, 0.0, -2.7755575615628914e-17], [-2.7755575615628914e-17, 2.2776003568843888, 1.2649097309962238], [-2.7755575615628914e-17, 1.2912070595974678, 3.950384379069952]], [[1.7142006122470632, 0.0, -2.7755575615628914e-17], [-1.6669656784373288e-18, 2.2776003568843888, 1.2649097309962238], [6.682610965595683e-17, 1.2912070595974676, 3.950384379069952]], [[-1.4858074270947808, -0.3815507104918374, -0.20476023445881034], [-0.9330417837451523, -1.7986077213459435, -0.5423624691540638], [-0.8209380038779032, -0.5467867309036163, -2.6391301459827776]], [[-1.4858074270947808, 0.3815507104918374, 0.2047602344588104], [0.9330417837451523, -1.7986077213459435, -0.5423624691540638], [0.8209380038779032, -0.5467867309036163, -2.6391301459827776]], [[-1.4858074270947808, 0.3815507104918374, 0.2047602344588104], [0.9330417837451526, -1.7986077213459435, -0.5423624691540634], [0.8209380038779033, -0.5467867309036165, -2.6391301459827776]], [[-1.4858074270947808, -0.3815507104918374, -0.20476023445881034], [-0.9330417837451523, -1.7986077213459435, -0.5423624691540638], [-0.8209380038779032, -0.5467867309036164, -2.6391301459827776]]]}, "metadata": {"formula": "RbSbO2", "nsites": 8, "structure": "# generated using pymatgen\ndata_RbSbO2\n_symmetry_space_group_name_H-M   'P 1'\n_cell_length_a   5.97505900\n_cell_length_b   5.97505900\n_cell_length_c   5.62786864\n_cell_angle_alpha   68.22347383\n_cell_angle_beta   68.22347383\n_cell_angle_gamma   96.16356922\n_symmetry_Int_Tables_number   1\n_chemical_formula_structural   RbSbO2\n_chemical_formula_sum   'Rb2 Sb2 O4'\n_cell_volume   166.129498141\n_cell_formula_units_Z   2\nloop_\n _symmetry_equiv_pos_site_id\n _symmetry_equiv_pos_as_xyz\n  1  'x, y, z'\nloop_\n _atom_site_type_symbol\n _atom_site_label\n _atom_site_symmetry_multiplicity\n _atom_site_fract_x\n _atom_site_fract_y\n _atom_site_fract_z\n _atom_site_occupancy\n  Rb  Rb1  1  0.358288  0.641712  0.750000  1\n  Rb  Rb2  1  0.641712  0.358288  0.250000  1\n  Sb  Sb3  1  0.090337  0.909663  0.250000  1\n  Sb  Sb4  1  0.909663  0.090337  0.750000  1\n  O  O5  1  0.227586  0.130415  0.788242  1\n  O  O6  1  0.869585  0.772414  0.711758  1\n  O  O7  1  0.130415  0.227586  0.288242  1\n  O  O8  1  0.772414  0.869585  0.211758  1\n"}}