{"phonon": {"ph_bandstructure": [[0.0, 0.0, 0.0, 101.47000488599573, 102.4268579688107, 117.784863496299, 117.9911983953053, 122.02613987061083, 130.18125735026734, 158.00605371879385, 167.33601671877233, 172.06861367054353, 179.84166074463454, 181.0481129919584, 186.07757503382618, 192.03368430347788, 193.5049739315521, 199.48724730335624, 203.31216090161783, 223.3114499384335, 225.4802249283406, 233.2089691767108, 236.85859801930425, 237.98155699095486, 238.61803127248476, 245.70351659183586, 247.0679358836564, 253.04635590317775, 259.29141869265754, 263.46522440435143, 263.48452523014305, 281.1306619088264, 282.1324817292398, 297.11052606500766, 301.0322589232888, 317.83844863415703]]}, "dielectric": {"eps_electronic": [[21.361438173568132, 0.0, 0.0], [0.0, 19.316000697474163, 0.22137513009900536], [0.0, 0.2213751300990047, 19.14793147456804]], "eps_total": [[28.506848525217237, 0.0, 0.0], [0.0, 26.732789540937805, 0.10219211644811631], [0.0, 0.10219211644811647, 26.773652938659797]], "becs": [[[2.4586373626292506, -0.47285669092012805, -0.45847518493645334], [-0.2877209390251759, 2.4014787198548646, -0.5262553318283789], [-0.1443969781836405, 0.13355332694234132, 2.968107179544209]], [[2.4586373626292506, 0.47285669092012805, 0.45847518493645345], [0.2877209390251759, 2.401478719854863, -0.5262553318283794], [0.1443969781836405, 0.13355332694234134, 2.9681071795442056]], [[2.4586373626292506, -0.4728566909201281, -0.45847518493645323], [-0.2877209390251759, 2.401478719854863, -0.5262553318283794], [-0.1443969781836405, 0.13355332694234134, 2.9681071795442056]], [[2.4586373626292506, 0.47285669092012805, 0.45847518493645323], [0.2877209390251759, 2.401478719854863, -0.5262553318283802], [0.1443969781836405, 0.13355332694234134, 2.9681071795442038]], [[2.5746428812866187, 0.08036473203237457, 0.04863353158636487], [0.25396528337416885, 3.048666131486228, 0.22132954814278089], [-0.04899685135948344, -0.10513596851367815, 2.6938921132057962]], [[2.5746428812866187, -0.08036473203237454, -0.048633531586364805], [-0.25396528337416885, 3.048666131486228, 0.22132954814278089], [0.04899685135948341, -0.10513596851367812, 2.6938921132057962]], [[2.5746428812866213, 0.08036473203237457, 0.04863353158636488], [0.25396528337416885, 3.048666131486228, 0.22132954814278089], [-0.04899685135948342, -0.10513596851367812, 2.6938921132057962]], [[2.5746428812866187, -0.08036473203237454, -0.048633531586364805], [-0.25396528337416885, 3.048666131486228, 0.22132954814278089], [0.04899685135948342, -0.10513596851367812, 2.6938921132057962]], [[-5.033280245311498, 0.6215488868097755, 0.3991395211209664], [0.41746838319558077, -5.450144851233197, 0.3049257836419637], [0.15405617242373898, -0.028417358471091368, -5.661999292771266]], [[-5.033280245311498, -0.6215488868097754, -0.3991395211209664], [-0.41746838319558077, -5.450144851233197, 0.3049257836419637], [-0.15405617242373895, -0.028417358471091368, -5.661999292771266]], [[-5.033280245311498, 0.6215488868097754, 0.3991395211209663], [0.41746838319558077, -5.450144851233197, 0.3049257836419637], [0.15405617242373898, -0.028417358471091368, -5.661999292771266]], [[-5.033280245311498, -0.6215488868097755, -0.39913952112096635], [-0.41746838319558077, -5.450144851233197, 0.3049257836419637], [-0.15405617242373898, -0.028417358471091364, -5.661999292771266]]]}, "metadata": {"formula": "As2Ir", "nsites": 12, "structure": "# generated using pymatgen\ndata_As2Ir\n_symmetry_space_group_name_H-M   'P 1'\n_cell_length_a   6.07479149\n_cell_length_b   6.05879216\n_cell_length_c   6.17012766\n_cell_angle_alpha   66.82964805\n_cell_angle_beta   90.00000000\n_cell_angle_gamma   90.00000000\n_symmetry_Int_Tables_number   1\n_chemical_formula_structural   As2Ir\n_chemical_formula_sum   'As8 Ir4'\n_cell_volume   208.779231868\n_cell_formula_units_Z   4\nloop_\n _symmetry_equiv_pos_site_id\n _symmetry_equiv_pos_as_xyz\n  1  'x, y, z'\nloop_\n _atom_site_type_symbol\n _atom_site_label\n _atom_site_symmetry_multiplicity\n _atom_site_fract_x\n _atom_site_fract_y\n _atom_site_fract_z\n _atom_site_occupancy\n  As  As1  1  0.872717  0.845766  0.875939  1\n  As  As2  1  0.372717  0.154234  0.624061  1\n  As  As3  1  0.127283  0.154234  0.124061  1\n  As  As4  1  0.627283  0.845766  0.375939  1\n  As  As5  1  0.370133  0.661665  0.185927  1\n  As  As6  1  0.870133  0.338335  0.314073  1\n  As  As7  1  0.629867  0.338335  0.814073  1\n  As  As8  1  0.129867  0.661665  0.685927  1\n  Ir  Ir9  1  0.500200  0.727297  0.793311  1\n  Ir  Ir10  1  0.000200  0.272703  0.706689  1\n  Ir  Ir11  1  0.499800  0.272703  0.206689  1\n  Ir  Ir12  1  0.999800  0.727297  0.293311  1\n"}}