{"phonon": {"ph_bandstructure": [[-0.007611457454104935, -0.0068683638687606985, -0.005425131098201907, 106.90040760604352, 106.90040760741118, 121.97606952342736, 128.49727599792487, 150.14703235028628, 174.89427841038864, 183.62947066486345, 185.6277837951442, 205.0386858759682, 219.87587700433355, 242.41108194727371, 242.41108194964394, 342.15022180439144, 346.80654791339947, 372.3109028297841, 417.8722148071806, 417.8722148102512, 498.2048385364035, 503.1804605693785, 545.5123417994619, 579.2532479877302]]}, "dielectric": {"eps_electronic": [[2.455993361451536, 0.0, 0.010468210271602031], [0.0, 2.4236655831668763, 0.0], [0.01046821027160228, 0.0, 2.427055343675463]], "eps_total": [[6.620741768547748, -3.3274050181830717e-11, 0.2389410162018043], [-3.327265240881696e-11, 5.882847516417692, -7.50995782804636e-12], [0.23894101620180408, -7.509992627774409e-12, 5.960220133248319]], "becs": [[[2.513243537990472, -0.14325147282433157, 0.06781367033936325], [0.14325147282234413, 2.303822324512627, -0.4423871635521199], [0.06781367033812988, 0.442387163550219, 2.325781388775707]], [[3.57276783228437, 0.052720689366646166, -0.00828264617370289], [-0.052720689365914605, 3.598346182546557, 0.1628112840279407], [-0.00828264617355312, -0.16281128402724093, 3.5956641398450397]], [[-0.852830752372585, -0.2826831291554581, -0.23110651422973083], [-0.30492465897945875, -1.0775988126916152, -0.32845078093386454], [-0.26560298031575724, -0.4242123394040071, -1.0545080025949278]], [[-1.3178187976706872, -0.011243549694445177, 0.4496485430629318], [-0.07381003060181095, -0.7050656078007964, 0.08269718568507196], [0.45967320123719824, -6.560287626164022e-06, -0.9620531621876454]], [[-0.8723561350941486, 0.339192070578746, -0.24830754091603113], [0.333469297853055, -1.1684198330371804, 0.3855415350108822], [-0.2238357330037294, 0.2844309599301442, -0.9441615995278003]], [[-1.3178187976706872, -0.011243549694445177, 0.4496485430629318], [-0.07381003060181095, -0.7050656078007964, 0.08269718568507196], [0.45967320123719824, -6.560287626164022e-06, -0.9620531621876454]], [[-0.852830752372585, -0.2826831291554581, -0.23110651422973083], [-0.30492465897945875, -1.0775988126916152, -0.32845078093386454], [-0.26560298031575724, -0.4242123394040071, -1.0545080025949278]], [[-0.8723561350941486, 0.339192070578746, -0.24830754091603113], [0.333469297853055, -1.1684198330371804, 0.3855415350108822], [-0.2238357330037294, 0.2844309599301442, -0.9441615995278003]]]}, "metadata": {"formula": "MgPbF6", "nsites": 8, "structure": "# generated using pymatgen\ndata_MgPbF6\n_symmetry_space_group_name_H-M   'P 1'\n_cell_length_a   5.61821846\n_cell_length_b   5.61821846\n_cell_length_c   5.61821846\n_cell_angle_alpha   56.16750732\n_cell_angle_beta   56.16750732\n_cell_angle_gamma   56.16750732\n_symmetry_Int_Tables_number   1\n_chemical_formula_structural   MgPbF6\n_chemical_formula_sum   'Mg1 Pb1 F6'\n_cell_volume   114.270135572\n_cell_formula_units_Z   1\nloop_\n _symmetry_equiv_pos_site_id\n _symmetry_equiv_pos_as_xyz\n  1  'x, y, z'\nloop_\n _atom_site_type_symbol\n _atom_site_label\n _atom_site_symmetry_multiplicity\n _atom_site_fract_x\n _atom_site_fract_y\n _atom_site_fract_z\n _atom_site_occupancy\n  Mg  Mg1  1  0.000000  0.000000  0.000000  1\n  Pb  Pb2  1  0.500000  0.500000  0.500000  1\n  F  F3  1  0.757117  0.367960  0.119141  1\n  F  F4  1  0.367960  0.119141  0.757117  1\n  F  F5  1  0.880859  0.242883  0.632040  1\n  F  F6  1  0.632040  0.880859  0.242883  1\n  F  F7  1  0.242883  0.632040  0.880859  1\n  F  F8  1  0.119141  0.757117  0.367960  1\n"}}