{"phonon": {"ph_bandstructure": [[0.0, 0.0, 0.0, 152.447011525584, 208.81024704359245, 217.0195393065351, 217.02049113073713, 229.73665539306907, 229.73665539407335, 271.9667242925392, 279.98052537213016, 279.9805253723084, 314.40254371603356, 314.40254371841235, 323.82085943952103, 327.60727834683104, 374.53700520006976, 416.7337651327457, 416.73376513768017, 453.0768315190909, 456.6071276292654, 516.8062348728254, 541.3943026413023, 544.17293823065, 546.0801168993395, 599.149306146795, 658.0264880481134, 658.0264880575584, 673.2406290557765, 676.8959717678257]]}, "dielectric": {"eps_electronic": [[4.382166557343654, 0.0, -0.04672625532448457], [0.0, 4.527261714234557, 0.0], [-0.04672625532448421, 0.0, 4.512214051788156]], "eps_total": [[18.586815379532958, -2.6645352591003757e-15, 1.7109002410869973], [-2.8021495886117477e-15, 13.274099065096046, 9.148982740839704e-16], [1.7109002410869987, 8.881784197001252e-16, 13.825075149831362]], "becs": [[[3.2795984668992864, 0.01645335858564655, -0.02033621980270428], [-0.01645335858545227, 3.34274683997388, 0.051091246868478025], [-0.020336219802167863, -0.0510912468677312, 3.336197790240412]], [[3.2795984668992864, -0.01645335858564655, -0.02033621980270428], [0.01645335858545227, 3.34274683997388, -0.051091246868478025], [-0.020336219802167863, 0.0510912468677312, 3.336197790240412]], [[3.2795984668992864, 0.01645335858564655, -0.02033621980270428], [-0.01645335858545227, 3.34274683997388, 0.051091246868478025], [-0.020336219802167863, -0.0510912468677312, 3.336197790240412]], [[3.2795984668992864, -0.01645335858564655, -0.02033621980270428], [0.01645335858545227, 3.34274683997388, -0.051091246868478025], [-0.020336219802167863, 0.0510912468677312, 3.336197790240412]], [[-1.8930127207139917, 0.0, -0.493411851591241], [0.0, -2.340805145219446, 0.0], [-0.3321867010162789, 0.0, -2.4052108654689395]], [[-2.3330921065627432, -0.43616886140815914, 0.2670421455862041], [-0.30326544465664473, -2.172344267346972, -0.19984316416848738], [0.18642957029818663, -0.24264320736307915, -2.1335923574926614]], [[-2.3330921065627432, 0.43616886140815914, 0.2670421455862041], [0.30326544465664473, -2.172344267346972, 0.19984316416848738], [0.18642957029818663, 0.24264320736307915, -2.1335923574926614]], [[-1.8930127207139917, 0.0, -0.493411851591241], [0.0, -2.340805145219446, 0.0], [-0.3321867010162789, 0.0, -2.4052108654689395]], [[-2.3330921065627432, 0.43616886140815914, 0.2670421455862041], [0.30326544465664473, -2.172344267346972, 0.19984316416848738], [0.18642957029818663, 0.24264320736307915, -2.1335923574926614]], [[-2.3330921065627432, -0.43616886140815914, 0.2670421455862041], [-0.30326544465664473, -2.172344267346972, -0.19984316416848738], [0.18642957029818663, -0.24264320736307915, -2.1335923574926614]]]}, "metadata": {"formula": "Ga2O3", "nsites": 10, "structure": "# generated using pymatgen\ndata_Ga2O3\n_symmetry_space_group_name_H-M   'P 1'\n_cell_length_a   5.32946417\n_cell_length_b   5.32946417\n_cell_length_c   5.32946417\n_cell_angle_alpha   55.93079995\n_cell_angle_beta   55.93079995\n_cell_angle_gamma   55.93079995\n_symmetry_Int_Tables_number   1\n_chemical_formula_structural   Ga2O3\n_chemical_formula_sum   'Ga4 O6'\n_cell_volume   96.9437089164\n_cell_formula_units_Z   2\nloop_\n _symmetry_equiv_pos_site_id\n _symmetry_equiv_pos_as_xyz\n  1  'x, y, z'\nloop_\n _atom_site_type_symbol\n _atom_site_label\n _atom_site_symmetry_multiplicity\n _atom_site_fract_x\n _atom_site_fract_y\n _atom_site_fract_z\n _atom_site_occupancy\n  Ga  Ga1  1  0.855772  0.855772  0.855772  1\n  Ga  Ga2  1  0.644228  0.644228  0.644228  1\n  Ga  Ga3  1  0.144228  0.144228  0.144228  1\n  Ga  Ga4  1  0.355772  0.355772  0.355772  1\n  O  O5  1  0.447198  0.052802  0.750000  1\n  O  O6  1  0.052802  0.750000  0.447198  1\n  O  O7  1  0.750000  0.447198  0.052802  1\n  O  O8  1  0.552802  0.947198  0.250000  1\n  O  O9  1  0.250000  0.552802  0.947198  1\n  O  O10  1  0.947198  0.250000  0.552802  1\n"}}