{"phonon": {"ph_bandstructure": [[-0.008857992430981605, -0.005720738737075609, 0.0, 87.44717648570827, 108.56215217463023, 158.77646389771496, 164.56366925870714, 175.78204929301472, 175.81679971910873, 193.29986228885033, 267.03526392501414, 636.5169289590185, 661.1946001595072, 1243.786506884659, 2029.3866096309466]]}, "dielectric": {"eps_electronic": [[2.424562401228164, 0.0, 0.0], [0.0, 2.673598460577114, -0.34245780609456355], [0.0, -0.34245780609456306, 3.234458373540724]], "eps_total": [[5.972019546911926, 0.0, 0.0], [0.0, 6.536501580293005, -0.8266746593580352], [0.0, -0.8266746593580351, 8.436719050854492]], "becs": [[[1.1350991267502186, 0.0, 3.451309791659126e-17], [-4.568229748424572e-18, 1.1653977292420605, 0.013627894719793504], [-2.474391180932063e-17, 0.024392687838062053, 1.2217229851802203]], [[1.1350991267502186, 0.0, 3.451309791659126e-17], [-4.568229748424572e-18, 1.1653977292420605, 0.013627894719793504], [-2.474391180932063e-17, 0.024392687838062053, 1.2217229851802203]], [[-0.3194451499459739, 0.0, 3.451309791659126e-17], [-4.568229748424572e-18, 0.48480454412208995, -1.5441756469884234], [-2.474391180932063e-17, -1.4807957911720382, 2.547627271637647]], [[-0.9753765517820502, 0.0, -5.1769645589173824e-17], [3.045486385496504e-18, -1.407800001306438, 0.7584599287751028], [2.5747799130235037e-17, 0.7160052077482988, -2.4955366210028354]], [[-0.9753765517820502, 0.0, -5.1769645589173824e-17], [1.0659202519417579e-17, -1.407800001306438, 0.7584599287751035], [4.848393445416179e-17, 0.716005207748299, -2.4955366210028345]]]}, "metadata": {"formula": "K2CN2", "nsites": 5, "structure": "# generated using pymatgen\ndata_K2CN2\n_symmetry_space_group_name_H-M   'P 1'\n_cell_length_a   4.01965268\n_cell_length_b   4.01965268\n_cell_length_c   5.74456450\n_cell_angle_alpha   76.92601723\n_cell_angle_beta   76.92601723\n_cell_angle_gamma   89.14279263\n_symmetry_Int_Tables_number   1\n_chemical_formula_structural   K2CN2\n_chemical_formula_sum   'K2 C1 N2'\n_cell_volume   88.0046978549\n_cell_formula_units_Z   1\nloop_\n _symmetry_equiv_pos_site_id\n _symmetry_equiv_pos_as_xyz\n  1  'x, y, z'\nloop_\n _atom_site_type_symbol\n _atom_site_label\n _atom_site_symmetry_multiplicity\n _atom_site_fract_x\n _atom_site_fract_y\n _atom_site_fract_z\n _atom_site_occupancy\n  K  K1  1  0.322987  0.322987  0.289369  1\n  K  K2  1  0.677013  0.677013  0.710631  1\n  C  C3  1  0.000000  0.000000  0.000000  1\n  N  N4  1  0.161247  0.161247  0.795141  1\n  N  N5  1  0.838753  0.838753  0.204859  1\n"}}