{"phonon": {"ph_bandstructure": [[-53.833944133233004, 0.0, 0.0, 0.0, 82.08966326278963, 89.0352644472875, 104.1515179018738, 121.10146463880696, 121.10146463940308, 132.49446755865998, 168.92115681501545, 174.54548617246041, 179.79514074375643, 191.09146469441757, 207.60190305979603, 216.65489191226263, 216.92452561703462, 216.9245256176883, 436.39953436799607, 436.3995343704335, 450.7610446513253, 466.03654823924273, 506.30270687512956, 509.0213732361512]]}, "dielectric": {"eps_electronic": [[2.766315760533364, 2.220446049250313e-16, 0.12394759130836831], [2.0847592767384525e-16, 2.6238215973389893, 6.898693622010187e-17], [0.12394759130836838, 0.0, 2.7316365776258995]], "eps_total": null, "becs": [[[2.8105172361012682, 0.0, -0.05196887941824589], [0.0, 2.870262342124164, 0.0], [-0.05196887941835405, 0.0, 2.8250575612177773]], [[3.733135331066352, 0.0, 0.23808294678897401], [0.0, 3.459427468642123, 0.0], [0.23808294678946856, 0.0, 3.6665223217084306]], [[-0.8701979495377937, -0.05020336353920442, -0.1393227796762927], [-0.03153873526936257, -1.2494905983099622, 0.4191618892435638], [-0.15360509235999104, 0.4029265876400141, -1.1077984956289302]], [[-1.5314303845082227, 0.0, 0.18558852566722128], [0.0, -0.6658637087632188, 0.0], [0.21415315103442478, 0.0, -1.0301929502052443]], [[-1.5314303845082227, 0.0, 0.18558852566722128], [0.0, -0.6658637087632188, 0.0], [0.21415315103442478, 0.0, -1.0301929502052443]], [[-0.8701979495377937, -0.05020336353920442, -0.1393227796762927], [-0.03153873526936257, -1.2494905983099622, 0.4191618892435638], [-0.15360509235999104, 0.4029265876400141, -1.1077984956289302]], [[-0.8701979495377937, 0.05020336353920442, -0.1393227796762927], [0.03153873526936257, -1.2494905983099622, -0.4191618892435638], [-0.15360509235999104, -0.4029265876400141, -1.1077984956289302]], [[-0.8701979495377937, 0.05020336353920442, -0.1393227796762927], [0.03153873526936257, -1.2494905983099622, -0.4191618892435638], [-0.15360509235999104, -0.4029265876400141, -1.1077984956289302]]]}, "metadata": {"formula": "BaPbF6", "nsites": 8, "structure": "# generated using pymatgen\ndata_BaPbF6\n_symmetry_space_group_name_H-M   'P 1'\n_cell_length_a   5.06627221\n_cell_length_b   5.06627221\n_cell_length_c   5.06627221\n_cell_angle_alpha   97.32335363\n_cell_angle_beta   97.32335363\n_cell_angle_gamma   97.32335363\n_symmetry_Int_Tables_number   1\n_chemical_formula_structural   BaPbF6\n_chemical_formula_sum   'Ba1 Pb1 F6'\n_cell_volume   126.551238833\n_cell_formula_units_Z   1\nloop_\n _symmetry_equiv_pos_site_id\n _symmetry_equiv_pos_as_xyz\n  1  'x, y, z'\nloop_\n _atom_site_type_symbol\n _atom_site_label\n _atom_site_symmetry_multiplicity\n _atom_site_fract_x\n _atom_site_fract_y\n _atom_site_fract_z\n _atom_site_occupancy\n  Ba  Ba1  1  0.500000  0.500000  0.500000  1\n  Pb  Pb2  1  0.000000  0.000000  0.000000  1\n  F  F3  1  0.298112  0.933655  0.298112  1\n  F  F4  1  0.298112  0.298112  0.933655  1\n  F  F5  1  0.701888  0.701888  0.066345  1\n  F  F6  1  0.701888  0.066345  0.701888  1\n  F  F7  1  0.066345  0.701888  0.701888  1\n  F  F8  1  0.933655  0.298112  0.298112  1\n"}}