{"phonon": {"ph_bandstructure": [[0.0, 0.0, 0.0, 37.46330623774904, 37.4633062406426, 87.18264283691644, 94.75632350351619, 112.67960811911263, 112.67960812051246, 115.52592644885048, 136.01902224342297, 162.24076575553693, 180.43892738166355, 188.9242621748983, 225.31624722080738, 233.18254114530419, 238.5256094176107, 279.8516442778355, 344.06367573506066, 354.76748343888994, 356.4480133084064, 375.2104971683293, 375.2104971702974, 427.21808723440404, 580.0002964833916, 580.0002964884936, 611.6600390992699, 617.0559815266362, 690.4791285985253, 701.0579045107885]]}, "dielectric": {"eps_electronic": [[3.958039990320072, 0.0, -0.020750931303389647], [0.0, 4.01551554856695, 0.0], [-0.020750931303390514, 0.0, 4.008023648292479]], "eps_total": [[21.115582848052078, 1.3704504198130962e-10, 2.0656573305092607], [1.3705230796253153e-10, 15.3941621409769, 4.9401466412218245e-11], [2.0656573305092607, 4.9400927792930815e-11, 16.139945474536837]], "becs": [[[2.6284195810834268, 0.01772027823818234, -0.04098230015127467], [-0.01772027823856428, 2.7419316226579555, 0.049081309557097844], [-0.04098230015212051, -0.049081309557052574, 2.727135404543764]], [[2.6284195810834268, 0.01772027823818234, -0.04098230015127467], [-0.01772027823856428, 2.7419316226579555, 0.049081309557097844], [-0.04098230015212051, -0.049081309557052574, 2.727135404543764]], [[2.741239654280652, -0.059256173499589976, -0.05887740571532084], [0.05925617350086774, 2.904317239010848, -0.16412668896110943], [-0.05887740571653555, 0.16412668896095778, 2.8830601857525893]], [[4.939646192382529, -0.0167691829099911, 0.040440223760911734], [0.016769182910352766, 4.827635584293491, -0.046446982737065934], [0.0404402237617454, 0.04644698273702314, 4.8422360915647875]], [[-1.9458521138940539, -0.2425908894316367, -0.23510969546638857], [-0.23628775002660687, -2.2151615230668744, -0.4167363802928973], [-0.24282998518171847, -0.4613666467372222, -2.394504390349108]], [[-2.0213081772723607, 0.3911032073101208, -0.20760946301859215], [0.3739478943851008, -2.483591599767398, 0.34402215439759765], [-0.1854897510052072, 0.307861309537257, -2.0506182502702783]], [[-2.5017022132519537, -0.1282199179118343, 0.4929200496120044], [-0.1579525443255815, -1.9091549114751714, 0.1289197521874048], [0.4785206273149857, 0.0972998109079121, -2.1446609025829115]], [[-1.9458521138940539, -0.2425908894316367, -0.23510969546638857], [-0.23628775002660687, -2.2151615230668744, -0.4167363802928973], [-0.24282998518171847, -0.4613666467372222, -2.394504390349108]], [[-2.5017022132519537, -0.1282199179118343, 0.4929200496120044], [-0.1579525443255815, -1.9091549114751714, 0.1289197521874048], [0.4785206273149857, 0.0972998109079121, -2.1446609025829115]], [[-2.0213081772723607, 0.3911032073101208, -0.20760946301859215], [0.3739478943851008, -2.483591599767398, 0.34402215439759765], [-0.1854897510052072, 0.307861309537257, -2.0506182502702783]]]}, "metadata": {"formula": "Ba2SrTeO6", "nsites": 10, "structure": "# generated using pymatgen\ndata_Ba2SrTeO6\n_symmetry_space_group_name_H-M   'P 1'\n_cell_length_a   6.02398418\n_cell_length_b   6.02398418\n_cell_length_c   6.02398418\n_cell_angle_alpha   60.92620125\n_cell_angle_beta   60.92620125\n_cell_angle_gamma   60.92620125\n_symmetry_Int_Tables_number   1\n_chemical_formula_structural   Ba2SrTeO6\n_chemical_formula_sum   'Ba2 Sr1 Te1 O6'\n_cell_volume   157.800426444\n_cell_formula_units_Z   1\nloop_\n _symmetry_equiv_pos_site_id\n _symmetry_equiv_pos_as_xyz\n  1  'x, y, z'\nloop_\n _atom_site_type_symbol\n _atom_site_label\n _atom_site_symmetry_multiplicity\n _atom_site_fract_x\n _atom_site_fract_y\n _atom_site_fract_z\n _atom_site_occupancy\n  Ba  Ba1  1  0.252223  0.252223  0.252223  1\n  Ba  Ba2  1  0.747777  0.747777  0.747777  1\n  Sr  Sr3  1  0.000000  0.000000  0.000000  1\n  Te  Te4  1  0.500000  0.500000  0.500000  1\n  O  O5  1  0.718491  0.329458  0.221620  1\n  O  O6  1  0.221620  0.718491  0.329458  1\n  O  O7  1  0.329458  0.221620  0.718491  1\n  O  O8  1  0.281509  0.670542  0.778380  1\n  O  O9  1  0.670542  0.778380  0.281509  1\n  O  O10  1  0.778380  0.281509  0.670542  1\n"}}