{"phonon": {"ph_bandstructure": [[0.0, 0.0, 0.0, 152.61474786526662, 152.61474786715064, 155.61086005352942, 192.54609969456894, 192.54609969613384, 207.69117475540565]]}, "dielectric": {"eps_electronic": [[19.285824189133997, 7.896316813383568e-15, 7.105427357601002e-15], [7.896316813383568e-15, 19.285824189133997, 7.105427357601002e-15], [9.745028008872699e-15, 9.745028008872699e-15, 19.285824189134004]], "eps_total": [[23.32875899477392, 2.2799978497960866e-11, 1.5928591778902046e-11], [2.280185102789536e-11, 23.328758994979037, 1.077911093716466e-10], [1.5929928002170678e-11, 1.0779244559491523e-10, 23.328758994920875]], "becs": [[[2.7550253312033397, 0.0, 0.0], [0.0, 2.7550253312033397, 0.0], [-5.094926326541282e-19, -5.094926326541282e-19, 2.7550253312033397]], [[0.8449550693480458, 0.0, 0.0], [0.0, 0.8449550693480458, 0.0], [-6.234754526968581e-19, -6.234754526968581e-19, 0.8449550693480458]], [[-3.5999803995498465, 0.0, 0.0], [0.0, -3.5999803995498465, 0.0], [1.1329680349968853e-18, 1.1329680349968853e-18, -3.5999803995498465]]]}, "metadata": {"formula": "HfSnPd", "nsites": 3, "structure": "# generated using pymatgen\ndata_HfSnPd\n_symmetry_space_group_name_H-M   'P 1'\n_cell_length_a   4.44763858\n_cell_length_b   4.44763858\n_cell_length_c   4.44763858\n_cell_angle_alpha   60.00000000\n_cell_angle_beta   60.00000000\n_cell_angle_gamma   60.00000000\n_symmetry_Int_Tables_number   1\n_chemical_formula_structural   HfSnPd\n_chemical_formula_sum   'Hf1 Sn1 Pd1'\n_cell_volume   62.2119002583\n_cell_formula_units_Z   1\nloop_\n _symmetry_equiv_pos_site_id\n _symmetry_equiv_pos_as_xyz\n  1  'x, y, z'\nloop_\n _atom_site_type_symbol\n _atom_site_label\n _atom_site_symmetry_multiplicity\n _atom_site_fract_x\n _atom_site_fract_y\n _atom_site_fract_z\n _atom_site_occupancy\n  Hf  Hf1  1  1.000000  1.000000  1.000000  1\n  Sn  Sn2  1  0.500000  0.500000  0.500000  1\n  Pd  Pd3  1  0.250000  0.250000  0.250000  1\n"}}