{"phonon": {"ph_bandstructure": [[-0.0031208730450663215, -0.002459630981002044, 0.0, 32.41157438631736, 54.622761179248606, 78.44802853656394, 87.57807397854764, 101.83657480837086, 105.92480406393905, 111.61677977068703, 119.94816554768376, 122.22237976100473, 130.07784845652, 135.9010313572605, 155.99254659927914, 165.70350745475872, 165.89306522969736, 168.66860829817142, 188.45944955163287, 199.20188762274756, 216.23979589225945, 219.79349712385581, 284.6212916751942, 284.6789564796735, 314.11241636705074, 318.1441160363059, 322.530821479426, 330.11678784318076, 330.7443834173129, 352.5454060574704]]}, "dielectric": {"eps_electronic": [[9.692674304027735, 0.0, 0.0], [0.0, 4.809960605973986, 0.0], [0.0, 0.0, 5.79563911838726]], "eps_total": [[15.675376742090942, 0.0, 0.0], [0.0, 8.161044534325784, 0.0], [0.0, 0.0, 11.353546382653796]], "becs": [[[0.9610535050363681, 0.0, 0.0], [0.0, 1.3778659443941228, 0.28398621827571147], [-3.144924601484044e-19, -0.026447364803490914, 1.0903549360299796]], [[0.9610535050363681, 0.0, 0.0], [0.0, 1.377865944394122, -0.28398621827571147], [-3.144924601484044e-19, 0.026447364803490914, 1.0903549360299796]], [[1.1757829912632372, 0.0, 0.0], [0.0, 1.306088975851662, 0.18104216413223462], [-3.144924601484044e-19, -0.09931322029409669, 1.3553039801750362]], [[1.1757829912632363, 0.0, 0.0], [0.0, 1.3060889758516607, -0.18104216413223462], [-3.144924601484044e-19, 0.09931322029409669, 1.3553039801750362]], [[2.497810842307553, 0.0, 0.0], [0.0, -0.5397280199254785, -0.45473227879701594], [-3.144924601484044e-19, -0.4152488648079209, -0.23789156270490056]], [[2.497810842307553, 0.0, 0.0], [0.0, -0.5397280199254785, 0.4547322787970159], [-3.144924601484044e-19, 0.4152488648079209, -0.23789156270490056]], [[-2.2863060451940562, 0.0, 0.0], [0.0, -1.0757614785862857, -0.06375837659835165], [-3.144924601484044e-19, 0.04047492956535689, -1.0867369243912208]], [[-2.2863060451940544, 0.0, 0.0], [0.0, -1.0757614785862857, 0.06375837659835165], [-3.144924601484044e-19, -0.040474929565356886, -1.0867369243912208]], [[-2.348341294909914, 0.0, 0.0], [0.0, -1.0684654217438232, -0.10457046870977242], [-3.144924601484044e-19, 0.01120496818909786, -1.1210304291105213]], [[-2.348341294909914, 0.0, 0.0], [0.0, -1.0684654217438232, 0.10457046870977246], [2.830432094472612e-18, -0.011204968189097862, -1.1210304291105209]]]}, "metadata": {"formula": "Na2PdS2", "nsites": 10, "structure": "# generated using pymatgen\ndata_Na2PdS2\n_symmetry_space_group_name_H-M   'P 1'\n_cell_length_a   5.45481099\n_cell_length_b   5.45481099\n_cell_length_c   10.81164505\n_cell_angle_alpha   90.00000000\n_cell_angle_beta   90.00000000\n_cell_angle_gamma   142.15680406\n_symmetry_Int_Tables_number   1\n_chemical_formula_structural   Na2PdS2\n_chemical_formula_sum   'Na4 Pd2 S4'\n_cell_volume   197.363841665\n_cell_formula_units_Z   2\nloop_\n _symmetry_equiv_pos_site_id\n _symmetry_equiv_pos_as_xyz\n  1  'x, y, z'\nloop_\n _atom_site_type_symbol\n _atom_site_label\n _atom_site_symmetry_multiplicity\n _atom_site_fract_x\n _atom_site_fract_y\n _atom_site_fract_z\n _atom_site_occupancy\n  Na  Na1  1  0.569953  0.430047  0.123953  1\n  Na  Na2  1  0.430047  0.569953  0.623953  1\n  Na  Na3  1  0.170896  0.829104  0.411596  1\n  Na  Na4  1  0.829104  0.170896  0.911596  1\n  Pd  Pd5  1  0.865715  0.134285  0.248785  1\n  Pd  Pd6  1  0.134285  0.865715  0.748785  1\n  S  S7  1  0.450307  0.549693  0.365761  1\n  S  S8  1  0.549693  0.450307  0.865761  1\n  S  S9  1  0.282809  0.717191  0.129904  1\n  S  S10  1  0.717191  0.282809  0.629904  1\n"}}