{"phonon": {"ph_bandstructure": [[-94.06970063678729, -94.06970063325143, -94.06970063205723, -30.32073912673882, -30.32073909771859, 0.0, 0.0, 0.0, 13.294789637807812, 13.294789650808402, 13.294789689551775, 49.54394669956226, 49.54394670403082, 49.543946717389474, 99.27116356916174, 135.6800862059176, 135.6800862125455, 177.472259383878, 177.4722593849182, 177.47225938527083, 187.1863899573183, 236.9898786802251, 236.9898786841789, 245.37534447547503, 357.0092594302303, 357.00925943197205, 439.77912162325146, 439.77912162569424, 485.41647717383046, 492.0206151858884]]}, "dielectric": {"eps_electronic": [[2.2057023457160834, -1.4996034753843223e-15, -1.3322676295501878e-15], [-1.4791087803855855e-15, 2.2057023457160834, -1.5543122344752192e-15], [-1.4894498636347693e-15, -1.0453606537847067e-15, 2.205702345716083]], "eps_total": null, "becs": [[[1.1837982311292448, 0.0, -4.440892164675075e-17], [8.88178432935015e-17, 1.1837982311292445, -2.2204460823375376e-16], [1.3320351483386117e-16, -1.3325001504664334e-16, 1.1837982311292445]], [[1.1837982311292448, 0.0, -4.440892164675075e-17], [8.88178432935015e-17, 1.1837982311292445, -2.2204460823375376e-16], [1.3320351483386117e-16, -1.3325001504664334e-16, 1.1837982311292445]], [[1.1907923878309374, 0.0, -4.440892164675075e-17], [8.88178432935015e-17, 1.1907923878309372, -2.2204460823375376e-16], [1.334344564634423e-16, -1.330190734170622e-16, 1.1907923878309372]], [[2.7801107412131705, 0.0, -4.440892164675075e-17], [8.88178432935015e-17, 2.7801107412131705, -2.2204460823375376e-16], [1.3316746617025584e-16, -1.3328606371024867e-16, 2.7801107412131705]], [[-1.4718522861831562, -2.220446049250313e-16, 1.7763568327828056e-16], [8.88178432935015e-17, -0.8486987547416041, -3.308722450212111e-24], [1.3324301588400662e-16, -1.3321051399649789e-16, -0.8486987547416041]], [[-0.8486987547416047, 1.1102230246251565e-15, -9.32587341346876e-16], [5.329070531435641e-16, -0.8486987547416041, -2.2204460823375376e-16], [-5.329904979913454e-16, 5.32823601678338e-16, -1.4718522861831573]], [[-0.8486987547416047, 1.1102230246251565e-15, -9.32587341346876e-16], [5.329070531435641e-16, -0.8486987547416041, -2.2204460823375376e-16], [-5.329904979913454e-16, 5.32823601678338e-16, -1.4718522861831573]], [[-0.8486987547416047, -8.881784197001252e-16, 8.437694980533745e-16], [-7.993605764066237e-16, -1.4718522861831573, 6.661338114663715e-16], [1.3324301588400662e-16, -1.3321051399649789e-16, -0.8486987547416041]], [[-1.4718522861831562, -2.220446049250313e-16, 1.7763568327828056e-16], [8.88178432935015e-17, -0.8486987547416041, -3.308722450212111e-24], [1.3324301588400662e-16, -1.3321051399649789e-16, -0.8486987547416041]], [[-0.8486987547416047, -8.881784197001252e-16, 8.437694980533745e-16], [-7.993605764066237e-16, -1.4718522861831573, 6.661338114663715e-16], [1.3324301588400662e-16, -1.3321051399649789e-16, -0.8486987547416041]]]}, "metadata": {"formula": "K2NaTlF6", "nsites": 10, "structure": "# generated using pymatgen\ndata_K2NaTlF6\n_symmetry_space_group_name_H-M   'P 1'\n_cell_length_a   6.17898134\n_cell_length_b   6.17898134\n_cell_length_c   6.17898134\n_cell_angle_alpha   60.00000000\n_cell_angle_beta   60.00000000\n_cell_angle_gamma   60.00000000\n_symmetry_Int_Tables_number   1\n_chemical_formula_structural   K2NaTlF6\n_chemical_formula_sum   'K2 Na1 Tl1 F6'\n_cell_volume   166.815212192\n_cell_formula_units_Z   1\nloop_\n _symmetry_equiv_pos_site_id\n _symmetry_equiv_pos_as_xyz\n  1  'x, y, z'\nloop_\n _atom_site_type_symbol\n _atom_site_label\n _atom_site_symmetry_multiplicity\n _atom_site_fract_x\n _atom_site_fract_y\n _atom_site_fract_z\n _atom_site_occupancy\n  K  K1  1  0.750000  0.750000  0.750000  1\n  K  K2  1  0.250000  0.250000  0.250000  1\n  Na  Na3  1  0.500000  0.500000  0.500000  1\n  Tl  Tl4  1  0.000000  0.000000  1.000000  1\n  F  F5  1  0.246968  0.753032  0.753032  1\n  F  F6  1  0.753032  0.753032  0.246968  1\n  F  F7  1  0.246968  0.246968  0.753032  1\n  F  F8  1  0.246968  0.753032  0.246968  1\n  F  F9  1  0.753032  0.246968  0.246968  1\n  F  F10  1  0.753032  0.246968  0.753032  1\n"}}