{"phonon": {"ph_bandstructure": [[-0.010745257466524908, -0.009023562713552188, -0.0044453750165318415, 157.61728438257967, 162.0671480015522, 232.83987809671072, 232.84980064960519, 266.62336090902113, 269.0983958771361, 297.17073280752294, 297.5282635507327, 315.8307823250055, 319.49821705000886, 327.1761523402743, 361.34811117187064, 376.7442832782797, 385.3268627800218, 395.496486267198, 422.3125400460243, 422.9249015818515, 430.66160531684613, 446.54483096990805, 453.94796238571143, 468.3226377494007, 594.5588135055278, 620.5797513284784, 648.6794400895757, 682.0181979121535, 702.1570372808904, 726.5618523234813, 742.3392843809439, 757.0584578562874, 759.2340541742212, 819.137412484088, 854.145942136482, 856.1599612229337]]}, "dielectric": {"eps_electronic": [[5.041827370680298, 0.0, 0.0], [0.0, 5.358972565280642, 0.0], [0.0, 0.0, 5.283014917578221]], "eps_total": [[9.048297249961436, 0.0, 0.0], [0.0, 9.658567344817671, 0.0], [0.0, 0.0, 10.335205241132217]], "becs": [[[1.0403850822705862, 0.0, -0.05457860770063845], [0.0, 0.9352689753250829, 0.0], [0.04789943391998413, -2.3129647035674605e-18, 1.0254605890247075]], [[1.0403850822705858, 0.0, 0.054578607700638444], [0.0, 0.9352689753250822, 0.0], [-0.04789943391998415, -2.3129647035674605e-18, 1.025460589024707]], [[3.046942355972507, -0.44255373429818645, 0.09723860720343189], [0.49033067243591866, 3.410665833141901, 0.3065747496416588], [-0.06564396682061428, -0.27919052749091827, 3.2957611785403684]], [[3.046942355972507, 0.44255373429818645, 0.09723860720343189], [-0.49033067243591866, 3.410665833141901, -0.3065747496416588], [-0.06564396682061428, 0.27919052749091827, 3.2957611785403684]], [[3.046942355972507, -0.44255373429818645, -0.09723860720343189], [0.49033067243591866, 3.410665833141901, -0.3065747496416588], [0.06564396682061432, 0.2791905274909183, 3.2957611785403684]], [[3.046942355972507, 0.44255373429818645, -0.09723860720343189], [-0.49033067243591866, 3.410665833141901, 0.3065747496416588], [0.06564396682061428, -0.27919052749091827, 3.2957611785403684]], [[-2.6206106430845697, 0.5760634303759665, -0.10768391245405368], [0.4526406052751395, -2.2208959053052757, -0.4196337189756351], [-0.20905978123286334, -0.2769508095026608, -2.8659954191642885]], [[-2.6206106430845697, -0.5760634303759665, -0.10768391245405368], [-0.4526406052751395, -2.2208959053052757, 0.4196337189756351], [-0.20905978123286334, 0.2769508095026608, -2.8659954191642902]], [[-2.6206106430845697, 0.5760634303759665, 0.10768391245405368], [0.4526406052751395, -2.2208959053052757, 0.4196337189756351], [0.20905978123286334, 0.2769508095026608, -2.8659954191642885]], [[-2.6206106430845697, -0.5760634303759665, 0.10768391245405368], [-0.4526406052751395, -2.2208959053052757, -0.4196337189756351], [0.20905978123286334, -0.2769508095026608, -2.8659954191642885]], [[-1.8930485080414132, 0.0, 0.05068423145526366], [0.0, -3.3148088310304704, 0.0], [-0.02811007791231169, -2.3129647035674605e-18, -1.8849921078837348]], [[-1.8930485080414132, 0.0, -0.05068423145526366], [0.0, -3.3148088310304704, 0.0], [0.028110077912311682, -2.3129647035674605e-18, -1.8849921078837348]]]}, "metadata": {"formula": "LiGe2N3", "nsites": 12, "structure": "# generated using pymatgen\ndata_LiGe2N3\n_symmetry_space_group_name_H-M   'P 1'\n_cell_length_a   5.51301685\n_cell_length_b   5.51301685\n_cell_length_c   5.04979106\n_cell_angle_alpha   90.00000000\n_cell_angle_beta   90.00000000\n_cell_angle_gamma   119.93334509\n_symmetry_Int_Tables_number   1\n_chemical_formula_structural   LiGe2N3\n_chemical_formula_sum   'Li2 Ge4 N6'\n_cell_volume   133.00684314\n_cell_formula_units_Z   2\nloop_\n _symmetry_equiv_pos_site_id\n _symmetry_equiv_pos_as_xyz\n  1  'x, y, z'\nloop_\n _atom_site_type_symbol\n _atom_site_label\n _atom_site_symmetry_multiplicity\n _atom_site_fract_x\n _atom_site_fract_y\n _atom_site_fract_z\n _atom_site_occupancy\n  Li  Li1  1  0.841534  0.841534  0.503120  1\n  Li  Li2  1  0.158466  0.158466  0.003120  1\n  Ge  Ge3  1  0.169728  0.496249  0.508119  1\n  Ge  Ge4  1  0.496249  0.169728  0.508119  1\n  Ge  Ge5  1  0.830272  0.503751  0.008119  1\n  Ge  Ge6  1  0.503751  0.830272  0.008119  1\n  N  N7  1  0.164546  0.537313  0.877481  1\n  N  N8  1  0.537313  0.164546  0.877481  1\n  N  N9  1  0.835454  0.462687  0.377481  1\n  N  N10  1  0.462687  0.835454  0.377481  1\n  N  N11  1  0.800116  0.800116  0.904679  1\n  N  N12  1  0.199884  0.199884  0.404679  1\n"}}