{"phonon": {"ph_bandstructure": [[-0.005965764216545013, -0.005353372143728036, 0.0, 59.64717676462094, 61.53978949087602, 61.84906501010656, 91.6513011124406, 120.30402730081218, 134.9443011254283, 163.01079257245652, 165.80996417370912, 175.779274068218, 192.48131076130662, 203.87259542684214, 231.71855631995425, 237.0857576815386, 243.33849545194823, 261.3932804266735, 263.8989447326477, 273.4898969774962, 287.65398887376404, 295.12739900417165, 299.0448837501002, 304.95169445800445, 311.40760379951826, 317.6972893387131, 344.61862372005686, 348.9103800557186, 354.5509407373436, 363.6098663525401, 364.67489744206756, 366.08643725896366, 383.2947052384445, 385.22302277663795, 408.83196802977693, 412.05135071356614]]}, "dielectric": {"eps_electronic": [[5.580825928934609, -1.4317953396085394e-15, 1.4523621110941966e-15], [6.025110854029703e-16, 6.118805102514758, -2.523148331249473e-17], [2.1255394095552263e-15, 3.720038514366926e-15, 5.59431872694165]], "eps_total": [[9.959148217971984, -1.8825555934650482e-15, 3.940629775307283e-15], [7.762846385717448e-16, 9.445398268602357, 1.2127381492656366e-15], [1.940938728167772e-15, 3.0531510316604277e-15, 9.889428085185187]], "becs": [[[0.9308818509003322, -0.31958691338224243, -4.857225877491667e-17], [0.006690207454235819, 1.1348020075767407, 1.8762539565905936e-16], [-2.868076232423651e-16, -6.476300508244399e-17, 1.3444484624102926]], [[0.9308818509003319, 0.31958691338224166, -9.812265739755826e-17], [-0.006690207454235819, 1.1348020075767407, 1.9414606227788406e-16], [-6.198745306299121e-16, -6.476300508244399e-17, 1.3444484624102926]], [[0.9308818509003322, -0.3195869133822423, -4.4101694318454495e-17], [0.006690207454235819, 1.1348020075767409, 1.925158956231779e-16], [-2.868076232423651e-16, -3.9782991246999096e-16, 1.3444484624102926]], [[0.9308818509003322, 0.31958691338224166, -1.2587823301318716e-16], [-0.00669020745423593, 1.1348020075767409, 2.2190163789351298e-16], [-2.868076232423651e-16, -6.476300508244399e-17, 1.3444484624102926]], [[1.3042956001316464, -3.05311342525266e-16, 3.469446807197007e-17], [-1.1102230080815443e-16, 1.1102037090572074, 1.3211424442780153e-16], [-1.7578532077984945e-16, 2.6830390230510297e-16, 0.7696206358050492]], [[1.3042956001316464, -3.05311342525266e-16, 4.065522068058631e-17], [-1.1102230080815443e-16, 1.1102037090572074, 1.3863491104662623e-16], [-1.7578532077984945e-16, 2.6830390230510297e-16, 0.7696206358050492]], [[0.48319817991331476, 1.4155343456437266e-15, -0.7346689794019259], [-8.326672668145062e-16, 0.1781289288174336, -5.340195703472924e-16], [-0.7727604593231521, -1.6190752395576632e-15, 0.21890421705622298]], [[0.4831981799133183, 5.273559259436014e-16, 0.7346689794019268], [-8.326672668145062e-16, 0.17812892881743717, -1.033619931428613e-15], [0.772760459323157, -1.6190752395576632e-15, 0.21890421705622298]], [[-1.8246287409192146, 5.273559259436014e-16, 0.25269763553791524], [9.436895725857443e-16, -1.7789683263822211, 1.5986982004343045e-16], [0.1855967353569154, 6.013708096926499e-16, -1.8387108888453843]], [[-1.824628740919215, 8.326671609353878e-17, -0.25269763553791535], [5.551115288561905e-17, -1.7789683263822216, 1.0435866881217263e-16], [-0.18559673535691684, 6.013708096926499e-16, -1.8387108888453843]], [[-1.824628740919215, -1.0269563085316178e-15, -0.2526976355379157], [5.551115288561905e-17, -1.7789683263822211, 1.0435866881217263e-16], [-0.18559673535691684, 1.4895492293927752e-15, -1.8387108888453843]], [[-1.8246287409192146, 5.273559259436014e-16, 0.25269763553791524], [9.436895725857443e-16, -1.7789683263822211, 1.3211424442780153e-16], [0.1855967353569154, 6.013708096926499e-16, -1.8387108888453843]]]}, "metadata": {"formula": "Li3AuS2", "nsites": 12, "structure": "# generated using pymatgen\ndata_Li3AuS2\n_symmetry_space_group_name_H-M   'P 1'\n_cell_length_a   7.00668150\n_cell_length_b   7.00668150\n_cell_length_c   7.00668150\n_cell_angle_alpha   131.88634553\n_cell_angle_beta   127.03380522\n_cell_angle_gamma   74.33922737\n_symmetry_Int_Tables_number   1\n_chemical_formula_structural   Li3AuS2\n_chemical_formula_sum   'Li6 Au2 S4'\n_cell_volume   199.307568956\n_cell_formula_units_Z   2\nloop_\n _symmetry_equiv_pos_site_id\n _symmetry_equiv_pos_as_xyz\n  1  'x, y, z'\nloop_\n _atom_site_type_symbol\n _atom_site_label\n _atom_site_symmetry_multiplicity\n _atom_site_fract_x\n _atom_site_fract_y\n _atom_site_fract_z\n _atom_site_occupancy\n  Li  Li1  1  0.975533  0.225533  0.750000  1\n  Li  Li2  1  0.524467  0.774467  0.750000  1\n  Li  Li3  1  0.024467  0.774467  0.250000  1\n  Li  Li4  1  0.475533  0.225533  0.250000  1\n  Li  Li5  1  0.750000  0.500000  0.250000  1\n  Li  Li6  1  0.250000  0.500000  0.750000  1\n  Au  Au7  1  0.500000  1.000000  0.500000  1\n  Au  Au8  1  0.000000  0.000000  0.000000  1\n  S  S9  1  0.641512  0.846457  0.204946  1\n  S  S10  1  0.858488  0.563434  0.704946  1\n  S  S11  1  0.141512  0.436566  0.295054  1\n  S  S12  1  0.358488  0.153543  0.795054  1\n"}}