{"phonon": {"ph_bandstructure": [[0.0, 0.0, 0.0, 64.25464418010682, 64.25464418356427, 64.25464419387279, 66.4012637043563, 66.40126370939265, 66.40126371111276, 72.36698976574417, 72.3669897779881, 81.98933410509288, 113.00901557790162, 113.00901557990662, 113.00901558580875, 144.94073133718717, 144.9407313434092, 168.97764105827594, 168.9776410602532, 168.97764106092856, 181.98173362215675, 191.11152876695846, 191.1115287717585, 229.79596764527747, 306.4389869207766, 306.4389869227394, 388.7500603057019, 388.75006030835635, 427.5567184366553, 448.2946051477801]]}, "dielectric": {"eps_electronic": [[2.5033432707436547, -1.065748578069228e-15, -1.5543122344752192e-15], [-8.437039731441969e-16, 2.503343270743655, -8.881784197001252e-16], [-1.486221576505558e-15, -1.0421323666554954e-15, 2.5033432707436547]], "eps_total": [[8.85902855981052, -8.464109399471495e-11, 1.426219142786067e-10], [-8.464077027128405e-11, 8.859028560620827, -7.393818890477633e-11], [1.426229220729446e-10, -7.393806928885813e-11, 8.859028560877071]], "becs": [[[1.3371848138341753, 0.0, 0.0], [-1.9984014741037838e-16, 1.3371848138341755, 2.886579907038799e-16], [-1.9592384023882876e-16, 2.925742978754295e-16, 1.3371848138341755]], [[1.3371848138341753, 0.0, 0.0], [-1.9984014741037838e-16, 1.3371848138341755, 2.886579907038799e-16], [-1.9592384023882876e-16, 2.925742978754295e-16, 1.3371848138341755]], [[1.2788231988115726, 0.0, 0.0], [9.103828772147782e-16, 1.2788231988115715, -8.215650339212767e-16], [9.147746340196883e-16, -8.171732771163665e-16, 1.2788231988115715]], [[2.9165154384214245, 0.0, 0.0], [-1.9984014741037838e-16, 2.916515438421425, 2.886579907038799e-16], [-1.9602122885437907e-16, 2.924769092598792e-16, 2.916515438421425]], [[-0.9938295731159329, 2.6645352591003757e-15, -2.6645352591003757e-15], [4.662936673647155e-16, -1.4471949862212787, -3.7747582407121404e-16], [-2.213919744519488e-15, 2.0493366773203023e-15, -0.9938295731159335]], [[-1.4471949862212798, 0.0, 0.0], [1.576516691989872e-15, -0.9938295731159335, -1.7097434536214019e-15], [1.5804523143642135e-15, -1.7058078312470605e-15, -0.9938295731159335]], [[-1.4471949862212798, 0.0, 0.0], [1.576516691989872e-15, -0.9938295731159335, -1.7097434536214019e-15], [1.5804523143642135e-15, -1.7058078312470605e-15, -0.9938295731159335]], [[-0.9938295731159329, -2.6645352591003757e-15, 2.6645352591003757e-15], [-2.19824159173566e-15, -0.9938295731159335, 2.0650148301041304e-15], [4.700145532154243e-16, -3.737549382205053e-16, -1.4471949862212787]], [[-0.9938295731159329, 2.6645352591003757e-15, -2.6645352591003757e-15], [4.662936673647155e-16, -1.4471949862212787, -3.7747582407121404e-16], [-2.213919744519488e-15, 2.0493366773203023e-15, -0.9938295731159335]], [[-0.9938295731159329, -2.6645352591003757e-15, 2.6645352591003757e-15], [-2.19824159173566e-15, -0.9938295731159335, 2.0650148301041304e-15], [4.700145532154243e-16, -3.737549382205053e-16, -1.4471949862212787]]]}, "metadata": {"formula": "Cs2NaTlF6", "nsites": 10, "structure": "# generated using pymatgen\ndata_Cs2NaTlF6\n_symmetry_space_group_name_H-M   'P 1'\n_cell_length_a   6.35413484\n_cell_length_b   6.35413484\n_cell_length_c   6.35413484\n_cell_angle_alpha   60.00000000\n_cell_angle_beta   60.00000000\n_cell_angle_gamma   60.00000000\n_symmetry_Int_Tables_number   1\n_chemical_formula_structural   Cs2NaTlF6\n_chemical_formula_sum   'Cs2 Na1 Tl1 F6'\n_cell_volume   181.407101027\n_cell_formula_units_Z   1\nloop_\n _symmetry_equiv_pos_site_id\n _symmetry_equiv_pos_as_xyz\n  1  'x, y, z'\nloop_\n _atom_site_type_symbol\n _atom_site_label\n _atom_site_symmetry_multiplicity\n _atom_site_fract_x\n _atom_site_fract_y\n _atom_site_fract_z\n _atom_site_occupancy\n  Cs  Cs1  1  0.750000  0.750000  0.750000  1\n  Cs  Cs2  1  0.250000  0.250000  0.250000  1\n  Na  Na3  1  0.500000  0.500000  0.500000  1\n  Tl  Tl4  1  0.000000  0.000000  0.000000  1\n  F  F5  1  0.757336  0.242664  0.757336  1\n  F  F6  1  0.242664  0.757336  0.757336  1\n  F  F7  1  0.757336  0.242664  0.242664  1\n  F  F8  1  0.242664  0.242664  0.757336  1\n  F  F9  1  0.242664  0.757336  0.242664  1\n  F  F10  1  0.757336  0.757336  0.242664  1\n"}}