{"phonon": {"ph_bandstructure": [[0.0, 0.0, 0.0, 60.815847426573555, 60.815847432427724, 90.33025957018528, 115.34620904464508, 115.34620904781488, 116.33001094712478, 116.33001094794012, 116.33001095026975, 122.41304466946393]]}, "dielectric": {"eps_electronic": [[7.643536630519399, -7.112382131790777e-15, -7.105427357601002e-15], [-7.112382131790777e-15, 7.643536630519399, -7.105427357601002e-15], [-6.5128138188415936e-15, -6.5128138188415936e-15, 7.643536630519399]], "eps_total": [[18.99223566893165, -1.2746477755824063e-11, 8.260059303211165e-13], [-1.2743874893136501e-11, 18.992235670547306, 6.679101716144942e-13], [8.257592236729137e-13, 6.694398218056916e-13, 18.992235671037076]], "becs": [[[1.2701459921596263, 0.0, 0.0], [0.0, 1.2701459921596263, 0.0], [2.0001005066273812e-19, 2.0001005066273812e-19, 1.2701459921596263]], [[0.7951736617209572, 0.0, 0.0], [0.0, 0.7951736617209572, 0.0], [2.499560270174169e-20, 2.499560270174169e-20, 0.7951736617209572]], [[0.7951736617209572, 0.0, 0.0], [0.0, 0.7951736617209572, 0.0], [2.499560270174169e-20, 2.499560270174169e-20, 0.7951736617209572]], [[-2.8604933156015404, 0.0, 0.0], [0.0, -2.8604933156015404, 0.0], [-2.5000125606622147e-19, -2.5000125606622147e-19, -2.8604933156015404]]]}, "metadata": {"formula": "K3Sb", "nsites": 4, "structure": "# generated using pymatgen\ndata_K3Sb\n_symmetry_space_group_name_H-M   'P 1'\n_cell_length_a   5.93210615\n_cell_length_b   5.93210615\n_cell_length_c   5.93210615\n_cell_angle_alpha   60.00000000\n_cell_angle_beta   60.00000000\n_cell_angle_gamma   60.00000000\n_symmetry_Int_Tables_number   1\n_chemical_formula_structural   K3Sb\n_chemical_formula_sum   'K3 Sb1'\n_cell_volume   147.608628088\n_cell_formula_units_Z   1\nloop_\n _symmetry_equiv_pos_site_id\n _symmetry_equiv_pos_as_xyz\n  1  'x, y, z'\nloop_\n _atom_site_type_symbol\n _atom_site_label\n _atom_site_symmetry_multiplicity\n _atom_site_fract_x\n _atom_site_fract_y\n _atom_site_fract_z\n _atom_site_occupancy\n  K  K1  1  0.500000  0.500000  0.500000  1\n  K  K2  1  0.750000  0.750000  0.750000  1\n  K  K3  1  0.250000  0.250000  0.250000  1\n  Sb  Sb4  1  0.000000  0.000000  0.000000  1\n"}}