{"phonon": {"ph_bandstructure": [[-0.005145514459056918, -0.004726174213340295, 0.0, 43.62011471811287, 45.550977842302885, 78.25000478218156, 78.4564468290676, 98.27959058141768, 111.94647397305972, 118.12587820294722, 122.77150594465778, 194.66342627332997, 210.15497241751723, 214.70856309386159, 216.69824436763847, 224.79576024725708, 237.53553505486977, 238.6162726580497, 340.83439747854817, 346.2343308167226, 360.0381491609959, 379.7360252412957, 424.11948797154963, 533.39505401977, 533.7920791869886, 535.8901357421427, 542.9966878323804, 564.5811724233098, 658.1714848806998, 710.9383688477627, 711.290490326006, 712.4214235914715, 744.7388740284769, 757.2539892748374, 795.4776136027697, 984.8397387667538]]}, "dielectric": {"eps_electronic": [[3.2316108799273877, 0.0, -0.08528590362844937], [0.0, 3.6674640686878, 0.0], [-0.08528590362844841, 0.0, 3.6507756847203634]], "eps_total": [[6.850192288825608, -3.5083047578154947e-14, -0.6996395760557784], [-2.889830831773979e-14, 10.425696883000082, 3.1315889570979695e-14], [-0.6996395760557785, 3.1530333899354446e-14, 10.288794377773762]], "becs": [[[3.2263782911365584, 0.0, 0.12224203035326117], [0.0, 2.601660999541328, 0.0], [0.12224203035390405, 0.0, 2.6255808016438253]], [[2.0627019916901976, 0.060937574474723005, -0.14994685089049264], [-0.06093757447552296, 2.829004631631932, 0.31142117300013883], [-0.14994685089127963, -0.31142117299768546, 2.7996636677357305]], [[2.0627019916901976, -0.060937574474723005, -0.14994685089049264], [0.06093757447552296, 2.829004631631932, -0.31142117300013883], [-0.14994685089127963, 0.31142117299768546, 2.7996636677357305]], [[2.1401625581340564, 0.0035783125276106637, -0.14229543360698574], [-0.003578312527656724, 2.8673626678870896, 0.018286948476618718], [-0.14229543360773403, -0.018286948476474565, 2.8395189008772324]], [[2.1401625581340564, -0.0035783125276106637, -0.14229543360698574], [0.003578312527656724, 2.8673626678870896, -0.018286948476618718], [-0.14229543360773403, 0.018286948476474565, 2.8395189008772324]], [[-1.3583327107927994, -0.11660260829275493, -0.3536885645013914], [0.18392976264978877, -2.1613707153190456, 0.6124946321851079], [-0.5698093185061075, 0.6974579997963486, -2.0932521900163943]], [[-1.6137329826712905, -0.3290025406459893, 0.19833377161381624], [-0.6223089311924894, -2.5104945270542878, -0.6366557027719039], [0.06509946272620898, -0.4354924846222583, -1.4887281064026618]], [[-1.75805788231417, 0.4049627706996308, 0.4195356483256987], [0.47902154678234643, -1.408353288664411, -0.18354160241653555], [0.7688907112194093, -0.05426284217239544, -2.446544445149657]], [[-1.3583327107927994, 0.11660260829275493, -0.3536885645013914], [-0.18392976264978877, -2.1613707153190456, -0.6124946321851079], [-0.5698093185061075, -0.6974579997963486, -2.0932521900163943]], [[-1.75805788231417, -0.4049627706996308, 0.4195356483256987], [-0.47902154678234643, -1.408353288664411, 0.18354160241653555], [0.7688907112194093, 0.05426284217239544, -2.446544445149657]], [[-2.1718602392294546, 0.0, -0.06611917223271838], [0.0, -1.8339585365141566, 0.0], [-0.06611917223306552, 0.0, -1.8468964557422418]], [[-1.6137329826712905, 0.3290025406459893, 0.19833377161381624], [0.6223089311924894, -2.5104945270542878, 0.6366557027719039], [0.06509946272620898, 0.4354924846222583, -1.4887281064026618]]]}, "metadata": {"formula": "BaAl2Sb2O7", "nsites": 12, "structure": "# generated using pymatgen\ndata_BaAl2Sb2O7\n_symmetry_space_group_name_H-M   'P 1'\n_cell_length_a   8.61925176\n_cell_length_b   8.61925176\n_cell_length_c   8.61925176\n_cell_angle_alpha   36.79553725\n_cell_angle_beta   36.79553725\n_cell_angle_gamma   36.79553725\n_symmetry_Int_Tables_number   1\n_chemical_formula_structural   BaAl2Sb2O7\n_chemical_formula_sum   'Ba1 Al2 Sb2 O7'\n_cell_volume   205.760748701\n_cell_formula_units_Z   1\nloop_\n _symmetry_equiv_pos_site_id\n _symmetry_equiv_pos_as_xyz\n  1  'x, y, z'\nloop_\n _atom_site_type_symbol\n _atom_site_label\n _atom_site_symmetry_multiplicity\n _atom_site_fract_x\n _atom_site_fract_y\n _atom_site_fract_z\n _atom_site_occupancy\n  Ba  Ba1  1  0.500000  0.500000  0.500000  1\n  Al  Al2  1  0.928442  0.928442  0.928442  1\n  Al  Al3  1  0.071558  0.071558  0.071558  1\n  Sb  Sb4  1  0.720176  0.720176  0.720176  1\n  Sb  Sb5  1  0.279824  0.279824  0.279824  1\n  O  O6  1  0.166937  0.569524  0.970512  1\n  O  O7  1  0.569524  0.970512  0.166937  1\n  O  O8  1  0.970512  0.166937  0.569524  1\n  O  O9  1  0.430476  0.833063  0.029488  1\n  O  O10  1  0.833063  0.029488  0.430476  1\n  O  O11  1  0.000000  0.000000  0.000000  1\n  O  O12  1  0.029488  0.430476  0.833063  1\n"}}