{"phonon": {"ph_bandstructure": [[0.0, 0.0, 0.0, 73.73565076998892, 73.73565077929203, 138.85001293259444, 138.85001293801503, 144.38314479494534, 158.0126580864427, 158.01265809138454, 208.79450531120642, 228.0200256700262, 231.4964870247078, 231.49648702871434, 251.39585917982876, 259.7270643738052, 273.6899403888758, 351.1795223648186, 504.570458139087, 504.5704581431427, 507.15573612779394, 526.3940687340054, 565.3434382399151, 566.5930181402885, 587.3653190258043, 587.3653190301708, 590.3666092982438, 590.3666093026228, 631.1921120858228, 687.6665919538864]]}, "dielectric": {"eps_electronic": [[9.783602687547384, 1.7763568394002505e-15, 4.888844993947364e-22], [2.220446049250313e-15, 9.783602687511273, 8.467727919828188e-22], [4.888844993947366e-22, 8.46772791982819e-22, 9.564859989432058]], "eps_total": [[21.8646351909717, 0.0, 4.888844993947364e-22], [0.0, 21.864635191047743, 8.467727919828188e-22], [4.888844993947366e-22, 8.46772791982819e-22, 23.18167704225384]], "becs": [[[5.213723457831762, -6.6613381642945515e-16, 2.279376016254202e-22], [-2.5313085007775683e-15, 5.213723457831762, 1.1360108368005602e-21], [3.4362839697059457e-22, -2.127391368495587e-22, 4.774690904616886]], [[5.213723457831762, 4.440892081957014e-16, -1.2761966056806771e-22], [1.909583597723058e-15, 5.213723457831762, -7.698043275620976e-24], [-8.092535679067794e-22, -1.8978683640931097e-22, 4.774690904616886]], [[5.213723457831762, -6.6613381642945515e-16, 9.898460206114656e-22], [-2.5313085007775683e-15, 5.213723457831762, 8.720780183214414e-22], [1.5653355238238167e-23, -2.2995336217974457e-22, 4.774690904616886]], [[5.213723457831762, 4.440892081957014e-16, -3.307952389643465e-22], [1.909583597723058e-15, 5.213723457831762, -7.698043275621047e-24], [-1.011256368937372e-22, 1.1863470075651823e-22, 4.774690904616886]], [[-2.0968408320961656, -1.1102230411687688e-16, -2.6031871369928315e-23], [-3.1086245152725526e-16, -2.0968408320961656, -1.8365325559503349e-22], [9.39946654665788e-22, 2.6925917239564413e-22, -3.098002511631729]], [[-2.0968408320961656, -1.1102230411687688e-16, -2.6031871369928315e-23], [-3.1086245152725526e-16, -2.0968408320961656, -1.8365325559503349e-22], [-4.1170806277665043e-22, -6.029282443337706e-22, -3.098002511631729]], [[-4.165303041782848, 9.992007205082797e-16, 2.97779206699141e-22], [3.685940437123308e-15, -4.165303041782847, 4.871759913727267e-22], [-7.694990173937666e-22, -1.130831154459469e-21, -3.225689648903982]], [[-4.165303041782846, -1.1102230411687688e-16, -4.450815018122533e-22], [-7.549516613773179e-16, -4.165303041782846, -1.2173901279715819e-21], [-2.526898607245988e-22, 3.9736167993166553e-23, -3.2256896489039804]], [[-4.165303041782846, -1.1102230411687688e-16, 7.555591782821108e-23], [-3.1086245152725526e-16, -4.165303041782846, -7.1151889255327095e-22], [4.2313749799662033e-22, 9.348758851628291e-22, -3.2256896489039804]], [[-4.165303041782846, -1.1102230411687688e-16, -6.355586065587647e-22], [-7.549516613773179e-16, -4.165303041782846, -1.8365325559503346e-22], [6.219102505616849e-22, 1.0037327864835723e-21, -3.2256896489039804]]]}, "metadata": {"formula": "Zr2SN2", "nsites": 10, "structure": "# generated using pymatgen\ndata_Zr2SN2\n_symmetry_space_group_name_H-M   'P 1'\n_cell_length_a   3.59454055\n_cell_length_b   3.59454055\n_cell_length_c   12.72011525\n_cell_angle_alpha   90.00000000\n_cell_angle_beta   90.00000000\n_cell_angle_gamma   120.00000000\n_symmetry_Int_Tables_number   1\n_chemical_formula_structural   Zr2SN2\n_chemical_formula_sum   'Zr4 S2 N4'\n_cell_volume   142.333934102\n_cell_formula_units_Z   2\nloop_\n _symmetry_equiv_pos_site_id\n _symmetry_equiv_pos_as_xyz\n  1  'x, y, z'\nloop_\n _atom_site_type_symbol\n _atom_site_label\n _atom_site_symmetry_multiplicity\n _atom_site_fract_x\n _atom_site_fract_y\n _atom_site_fract_z\n _atom_site_occupancy\n  Zr  Zr1  1  0.333333  0.666667  0.602734  1\n  Zr  Zr2  1  0.666667  0.333333  0.102734  1\n  Zr  Zr3  1  0.666667  0.333333  0.397266  1\n  Zr  Zr4  1  0.333333  0.666667  0.897266  1\n  S  S5  1  0.000000  0.000000  0.250000  1\n  S  S6  1  0.000000  0.000000  0.750000  1\n  N  N7  1  0.666667  0.333333  0.568248  1\n  N  N8  1  0.333333  0.666667  0.068248  1\n  N  N9  1  0.333333  0.666667  0.431752  1\n  N  N10  1  0.666667  0.333333  0.931752  1\n"}}