{"phonon": {"ph_bandstructure": [[0.0, 0.0, 0.0, 95.47712129039883, 95.47776509547577, 135.94333610022832, 138.85442328200548, 139.1168540788582, 140.5870225612271, 193.95062040187872, 195.25030834852265, 222.38775288093183, 259.9136650358659, 259.97177906366625, 262.24725760884644, 268.3643325494953, 270.78597502823993, 274.70139825372286, 488.7912340562127, 490.51967677514585, 524.0726951539841, 527.2076191272411, 549.6772894855407, 550.2232793696688]]}, "dielectric": {"eps_electronic": [[13.330187695382259, 2.3287259870065302e-15, -5.098788810949265e-15], [2.3287259870065302e-15, 13.330187695382259, -5.098788810949265e-15], [-5.551945155200587e-15, -5.551945155200587e-15, 12.94428236391231]], "eps_total": [[14.285091450570786, 2.1522724717588554e-15, -5.2242901041583125e-15], [1.1219486660186035e-15, 14.28509145058319, -2.2225437492180003e-15], [-4.202118188847045e-15, -2.4257613494467943e-15, 14.313467028025329]], "becs": [[[0.7527315110129005, 0.34434064259484914, 6.541370254682327e-17], [-0.3443406425948492, 0.7527315110129003, 4.633174431107839e-17], [-1.3877787807814457e-16, -9.159339953157541e-16, 0.8856178015389745]], [[0.7527315110129014, -0.3443406425948488, 1.982642658016514e-16], [0.3443406425948491, 0.7527315110129003, -9.83734485903826e-17], [5.273559366969494e-16, -1.1379786002407855e-15, 0.885617801538975]], [[1.7036691993858988, 0.455104442559698, -1.5164408680536822e-16], [-0.45510444255969673, 1.703669199385899, 1.6234086234643386e-16], [-8.049116928532385e-16, 6.38378239159465e-16, 1.817866032064158]], [[1.703669199385898, -0.45510444255969923, 1.2653866885123866e-16], [0.45510444255969695, 1.7036691993858981, -3.565591847021871e-18], [8.326672684688674e-17, 6.38378239159465e-16, 1.817866032064157]], [[-1.088784315079488, -5.828670879282072e-16, 7.632783294297951e-17], [-1.2351231148954867e-15, -1.3676163953193154, -0.2640033191816816], [3.635980405647388e-15, -0.5482703453446274, -1.3517419168015685]], [[-1.3676163953193112, 1.1934897514720433e-15, 0.26400331918168163], [1.8735013540549517e-15, -1.0887843150794851, -2.203098814490545e-16], [0.5482703453446245, -2.914335439641036e-15, -1.351741916801565]], [[-1.0887843150794845, 1.1934897514720433e-15, -1.0408340855860843e-16], [-7.91033905045424e-16, -1.367616395319312, 0.2640033191816815], [1.8596235662471372e-15, 0.5482703453446305, -1.3517419168015632]], [[-1.3676163953193148, -1.0269562977782698e-15, -0.26400331918168185], [9.71445146547012e-17, -1.0887843150794851, 1.8214596497756474e-16], [-0.5482703453446298, 6.38378239159465e-16, -1.3517419168015685]]]}, "metadata": {"formula": "BeGeAs2", "nsites": 8, "structure": "# generated using pymatgen\ndata_BeGeAs2\n_symmetry_space_group_name_H-M   'P 1'\n_cell_length_a   6.61645358\n_cell_length_b   6.61645358\n_cell_length_c   6.61645358\n_cell_angle_alpha   132.02228111\n_cell_angle_beta   132.02228111\n_cell_angle_gamma   70.19383858\n_symmetry_Int_Tables_number   1\n_chemical_formula_structural   BeGeAs2\n_chemical_formula_sum   'Be2 Ge2 As4'\n_cell_volume   156.686712782\n_cell_formula_units_Z   2\nloop_\n _symmetry_equiv_pos_site_id\n _symmetry_equiv_pos_as_xyz\n  1  'x, y, z'\nloop_\n _atom_site_type_symbol\n _atom_site_label\n _atom_site_symmetry_multiplicity\n _atom_site_fract_x\n _atom_site_fract_y\n _atom_site_fract_z\n _atom_site_occupancy\n  Be  Be1  1  0.250000  0.750000  0.500000  1\n  Be  Be2  1  0.500000  0.500000  0.000000  1\n  Ge  Ge3  1  0.000000  0.000000  0.000000  1\n  Ge  Ge4  1  0.750000  0.250000  0.500000  1\n  As  As5  1  0.875000  0.406433  0.031433  1\n  As  As6  1  0.593567  0.625000  0.468567  1\n  As  As7  1  0.375000  0.843567  0.968567  1\n  As  As8  1  0.156433  0.125000  0.531433  1\n"}}