{"phonon": {"ph_bandstructure": [[0.0, 0.0, 0.0, 8.53715744812127, 8.537157493882933, 130.36965198371487, 135.7967191847119, 135.7967191894763, 142.07969232284415, 149.72804853074436, 149.79252709222646, 164.75574087722268, 232.4826735490954, 245.5693530561597, 255.04241515501243, 256.9580524216473, 272.61579312326035, 275.406229363264, 276.5652026916707, 284.2955961288924, 420.4747761545015, 420.4747761552949, 421.5543964180496, 437.11634649105275, 566.3028335010594, 567.0853012565484, 603.6666135082265, 606.8301357959283, 739.7971880104465, 836.4049923226469]]}, "dielectric": {"eps_electronic": [[4.528186247859765, -8.454927133654631e-16, -2.7424083154563903e-16], [-8.454927133654631e-16, 4.528186247859765, -2.7424083154563903e-16], [-2.2872624038129267e-16, -2.2872624038129267e-16, 4.589585589179224]], "eps_total": [[29.342907116431036, 1.0376563964731225e-11, 3.612826350615757e-15], [1.0376076072387952e-11, 29.34290711749077, -2.9385698184812467e-15], [-3.2414356348116264e-15, 3.1127804398887463e-16, 25.64044301625758]], "becs": [[[2.5260818924504385, 0.04686873142630295, -1.0004971156728407e-16], [-0.04686873142630303, 2.5260818924504393, 1.219948900490248e-16], [-8.881784197001252e-16, 1.77635686587003e-16, 2.6580271875613146]], [[2.5260818924504385, 0.04686873142630295, -1.0004971156728407e-16], [-0.04686873142630303, 2.5260818924504393, 1.219948900490248e-16], [-8.881784197001252e-16, 1.77635686587003e-16, 2.6580271875613146]], [[6.390860088489351, 0.1530283020704632, 8.590084942010096e-17], [-0.15302830207046308, 6.390860088489351, -1.3614375881365279e-16], [0.0, 1.77635686587003e-16, 6.390632608424722]], [[4.154116839332947, -0.23517260171375393, 3.252705954352025e-16], [0.23517260171375404, 4.154116839332947, -3.408632226486139e-16], [0.0, -7.105427331131222e-16, 4.174873302858882]], [[-3.206282715850139, 1.062645772078953, -1.1881861441486013e-16], [1.1076375276527575, -2.722345048227635, 1.0322598720144871e-16], [8.881784197001252e-16, 1.0658141062871282e-15, -1.922420434540869]], [[-2.722345048227634, -1.107637527652757, 1.3210122566028816e-16], [-1.0626457720789535, -3.206282715850139, -8.99433825734656e-17], [0.0, -2.664535232630596e-16, -1.922420434540869]], [[-2.722345048227634, -1.107637527652757, 1.3210122566028816e-16], [-1.0626457720789535, -3.206282715850139, -8.99433825734656e-17], [0.0, -2.664535232630596e-16, -1.922420434540869]], [[-3.206282715850139, 1.062645772078953, -1.1881861441486013e-16], [1.1076375276527575, -2.722345048227635, 1.0322598720144871e-16], [8.881784197001252e-16, 1.0658141062871282e-15, -1.922420434540869]], [[-1.8699425922717543, 0.03919517396931456, -1.1881861441486013e-16], [-0.03919517396931464, -1.869942592271755, 1.0322598720144871e-16], [0.0, -7.105427331131222e-16, -4.09593927410996]], [[-1.8699425922717543, 0.03919517396931456, -1.1881861441486013e-16], [-0.03919517396931464, -1.869942592271755, 1.0322598720144871e-16], [0.0, -7.105427331131222e-16, -4.09593927410996]]]}, "metadata": {"formula": "Sr2TaGaO6", "nsites": 10, "structure": "# generated using pymatgen\ndata_Sr2TaGaO6\n_symmetry_space_group_name_H-M   'P 1'\n_cell_length_a   5.56591567\n_cell_length_b   5.56591567\n_cell_length_c   5.56591567\n_cell_angle_alpha   120.37339364\n_cell_angle_beta   120.37339364\n_cell_angle_gamma   89.35447085\n_symmetry_Int_Tables_number   1\n_chemical_formula_structural   Sr2TaGaO6\n_chemical_formula_sum   'Sr2 Ta1 Ga1 O6'\n_cell_volume   121.229121145\n_cell_formula_units_Z   1\nloop_\n _symmetry_equiv_pos_site_id\n _symmetry_equiv_pos_as_xyz\n  1  'x, y, z'\nloop_\n _atom_site_type_symbol\n _atom_site_label\n _atom_site_symmetry_multiplicity\n _atom_site_fract_x\n _atom_site_fract_y\n _atom_site_fract_z\n _atom_site_occupancy\n  Sr  Sr1  1  0.250000  0.750000  0.500000  1\n  Sr  Sr2  1  0.750000  0.250000  0.500000  1\n  Ta  Ta3  1  0.500000  0.500000  0.000000  1\n  Ga  Ga4  1  0.000000  0.000000  0.000000  1\n  O  O5  1  0.715451  0.215991  0.931442  1\n  O  O6  1  0.215991  0.284549  0.500540  1\n  O  O7  1  0.784009  0.715451  0.499460  1\n  O  O8  1  0.284549  0.784009  0.068558  1\n  O  O9  1  0.250602  0.250602  0.000000  1\n  O  O10  1  0.749398  0.749398  0.000000  1\n"}}