{"phonon": {"ph_bandstructure": [[0.0, 0.0, 0.0, 51.005471779257746, 52.366234502502245, 58.98998083210686, 75.69780338640327, 82.64601886501663, 87.58214873665864, 97.85135495162257, 98.11348055796994, 108.81341684886394, 111.66934530948481, 120.47130232300466, 147.0060887083096, 182.63674835324426, 186.21621406605612, 186.35447356077322, 210.4577619910337, 212.57468223948047, 218.87401685525424, 219.50280492872824, 224.6574438729345, 225.41462486015084, 228.13816265028052, 234.47664698860046, 260.7562318955834, 273.0078706303288, 274.8614194154326, 289.3967083859517]]}, "dielectric": {"eps_electronic": [[8.241957057624242, 0.0, 0.0], [0.0, 8.385794901381315, 0.18327254877761956], [8.881784197001252e-16, 0.18327254877761967, 8.813930425704555]], "eps_total": [[11.545800048600618, 4.768178274742186e-16, 1.3954788486682454e-15], [0.0, 11.381489592138676, 0.9916709025283604], [4.440892098500626e-16, 0.9916709025283612, 13.893195632048506]], "becs": [[[2.5749963648680128, 0.5640636427704386, -0.39295149272967633], [-0.5741316155875398, 2.578988861621778, -0.05299263713823267], [0.3931126378064762, -0.13961472916490927, 2.6766337178018214]], [[2.5749963648680128, -0.5640636427704386, 0.39295149272967633], [0.5741316155875398, 2.578988861621778, -0.05299263713823267], [-0.3931126378064762, -0.13961472916490927, 2.6766337178018214]], [[2.5427528870333465, -0.7445359704784522, 0.04282567208529689], [0.5243411388170012, 2.730269184490351, 0.1416450626542377], [0.07436535196908586, 0.24553492881910927, 2.645745626774919]], [[2.5427528870333465, 0.7445359704784522, -0.04282567208529689], [-0.5243411388170012, 2.730269184490351, 0.1416450626542377], [-0.07436535196908586, 0.24553492881910927, 2.645745626774919]], [[-2.3080101257922943, -0.017567682222478176, -0.12902650667288268], [-0.1468284994891325, -0.9931576079302815, -0.4248467125365277], [0.10031226487293414, -0.5141043468478339, -2.2353638459056]], [[-2.3080101257922943, 0.017567682222478176, 0.12902650667288268], [0.1468284994891325, -0.9931576079302815, -0.4248467125365277], [-0.10031226487293414, -0.5141043468478339, -2.2353638459056]], [[-1.5799576269507734, 0.4319350430041453, 0.01211221062198084], [0.41567544979363336, -2.162963313215278, 0.06444892912155563], [-0.12201346386859575, 0.10694607205366484, -1.26416007466758]], [[-1.5799576269507734, -0.4319350430041453, -0.01211221062198084], [-0.41567544979363336, -2.162963313215278, 0.06444892912155563], [0.12201346386859575, 0.10694607205366484, -1.26416007466758]], [[-1.2297814994134937, -0.4684424265086058, -0.5107543505537259], [-0.6226469973761609, -2.153137125012548, 0.2717453579186516], [-0.5448468975750762, 0.3012380751582038, -1.822855424420685]], [[-1.2297814994134937, 0.4684424265086058, 0.5107543505537259], [0.6226469973761609, -2.153137125012548, 0.2717453579186516], [0.5448468975750762, 0.3012380751582038, -1.822855424420685]]]}, "metadata": {"formula": "Ga2Se3", "nsites": 10, "structure": "# generated using pymatgen\ndata_Ga2Se3\n_symmetry_space_group_name_H-M   'P 1'\n_cell_length_a   6.70857984\n_cell_length_b   6.70857984\n_cell_length_c   6.64142228\n_cell_angle_alpha   80.77499472\n_cell_angle_beta   80.77499472\n_cell_angle_gamma   120.55371558\n_symmetry_Int_Tables_number   1\n_chemical_formula_structural   Ga2Se3\n_chemical_formula_sum   'Ga4 Se6'\n_cell_volume   243.570403322\n_cell_formula_units_Z   2\nloop_\n _symmetry_equiv_pos_site_id\n _symmetry_equiv_pos_as_xyz\n  1  'x, y, z'\nloop_\n _atom_site_type_symbol\n _atom_site_label\n _atom_site_symmetry_multiplicity\n _atom_site_fract_x\n _atom_site_fract_y\n _atom_site_fract_z\n _atom_site_occupancy\n  Ga  Ga1  1  0.278791  0.781662  0.494986  1\n  Ga  Ga2  1  0.781662  0.278791  0.994986  1\n  Ga  Ga3  1  0.585923  0.414431  0.498780  1\n  Ga  Ga4  1  0.414431  0.585923  0.998780  1\n  Se  Se5  1  0.749016  0.593177  0.110788  1\n  Se  Se6  1  0.593177  0.749016  0.610788  1\n  Se  Se7  1  0.210876  0.046256  0.641771  1\n  Se  Se8  1  0.046256  0.210876  0.141771  1\n  Se  Se9  1  0.903010  0.377259  0.606075  1\n  Se  Se10  1  0.377259  0.903010  0.106075  1\n"}}