{"phonon": {"ph_bandstructure": [[0.0, 0.0, 0.0, 596.1725051528417, 596.172505153734, 714.6871551615775]]}, "dielectric": {"eps_electronic": [[37.59070401112084, 3.0606919653341497e-15, 3.552713678800501e-15], [-3.667863394926477e-17, 37.590704011120856, 1.0658141036401503e-14], [3.667863394926477e-17, 7.142105991550266e-15, 37.590704011120856]], "eps_total": [[54.021734848851736, 6.994919798262675e-15, 7.105427357601002e-15], [7.248221101700146e-15, 54.02173484888039, 1.4210854715202004e-14], [-4.0837043400765965e-15, 3.0217230175244054e-15, 54.021734848900905]], "becs": [[[-5.4102812697813825, 0.0, 0.0], [0.0, -5.4102812697813825, 0.0], [-2.3956768100247025e-19, -2.3956768100247025e-19, -5.4102812697813825]], [[5.4102812697813825, 0.0, 0.0], [0.0, 5.4102812697813825, 0.0], [2.3956768100247025e-19, 2.3956768100247025e-19, 5.4102812697813825]]]}, "metadata": {"formula": "RuC", "nsites": 2, "structure": "# generated using pymatgen\ndata_RuC\n_symmetry_space_group_name_H-M   'P 1'\n_cell_length_a   3.19094008\n_cell_length_b   3.19094008\n_cell_length_c   3.19094008\n_cell_angle_alpha   60.00000000\n_cell_angle_beta   60.00000000\n_cell_angle_gamma   60.00000000\n_symmetry_Int_Tables_number   1\n_chemical_formula_structural   RuC\n_chemical_formula_sum   'Ru1 C1'\n_cell_volume   22.9742290803\n_cell_formula_units_Z   1\nloop_\n _symmetry_equiv_pos_site_id\n _symmetry_equiv_pos_as_xyz\n  1  'x, y, z'\nloop_\n _atom_site_type_symbol\n _atom_site_label\n _atom_site_symmetry_multiplicity\n _atom_site_fract_x\n _atom_site_fract_y\n _atom_site_fract_z\n _atom_site_occupancy\n  Ru  Ru1  1  0.000000  0.000000  0.000000  1\n  C  C2  1  0.750000  0.750000  0.750000  1\n"}}