{"phonon": {"ph_bandstructure": [[0.0, 0.0, 0.0, 83.682460945336, 83.6824609466802, 98.3088449260033, 102.41190163077931, 136.99751809776302, 136.9975180993625, 142.2029797917424, 149.57164484390034, 231.06664713504244, 241.12983530124745, 296.2849889884195, 307.42959985407447, 307.42959985880606, 315.4540996420782, 328.6105604696994, 335.15296240749433, 397.5863025972382, 397.5863026035569, 413.49951974181005, 456.41363373250266, 461.7471290309891]]}, "dielectric": {"eps_electronic": [[7.94387171196995, 0.0, -0.2405385682043671], [0.0, 10.108169849137958, 0.0], [-0.2405385682043676, 0.0, 10.0814365624695]], "eps_total": [[20.782708797781993, -1.7763568394002505e-15, 0.18358984830345026], [-6.0780297844604e-15, 19.13081916979414, 1.2496651327317381e-14], [0.18358984830344974, 1.3322676295501878e-14, 19.15122321627294]], "becs": [[[5.275228802178278, 0.0, 0.1583874712831479], [0.0, 3.8501030450229408, 0.0], [0.15838747127292963, 0.0, 3.8677061168444236]], [[5.275228802178278, 0.0, 0.1583874712831479], [0.0, 3.8501030450229408, 0.0], [0.15838747127292963, 0.0, 3.8677061168444236]], [[1.1790970961868676, 0.0, -0.07392103955592066], [0.0, 1.8442177437569858, 0.0], [-0.07392103955115148, 0.0, 1.836002211569498]], [[1.1790970961868676, 0.0, -0.07392103955592066], [0.0, 1.8442177437569858, 0.0], [-0.07392103955115148, 0.0, 1.836002211569498]], [[-2.437239850003876, 0.0, 0.06694882330284369], [0.0, -3.0396264638387547, 0.0], [0.06694882329852495, 0.0, -3.032185818846974]], [[-2.437239850003876, 0.0, 0.06694882330284369], [0.0, -3.0396264638387547, 0.0], [0.06694882329852495, 0.0, -3.032185818846974]], [[-4.01708604836127, 0.0, -0.15141525503007092], [0.0, -2.6546943249411714, 0.0], [-0.1514152550203031, 0.0, -2.6715225095669477]], [[-4.01708604836127, 0.0, -0.15141525503007092], [0.0, -2.6546943249411714, 0.0], [-0.1514152550203031, 0.0, -2.6715225095669477]]]}, "metadata": {"formula": "YZnPO", "nsites": 8, "structure": "# generated using pymatgen\ndata_YZnPO\n_symmetry_space_group_name_H-M   'P 1'\n_cell_length_a   10.23419090\n_cell_length_b   10.23419090\n_cell_length_c   10.23419090\n_cell_angle_alpha   21.66199312\n_cell_angle_beta   21.66199312\n_cell_angle_gamma   21.66199312\n_symmetry_Int_Tables_number   1\n_chemical_formula_structural   YZnPO\n_chemical_formula_sum   'Y2 Zn2 P2 O2'\n_cell_volume   127.994490554\n_cell_formula_units_Z   2\nloop_\n _symmetry_equiv_pos_site_id\n _symmetry_equiv_pos_as_xyz\n  1  'x, y, z'\nloop_\n _atom_site_type_symbol\n _atom_site_label\n _atom_site_symmetry_multiplicity\n _atom_site_fract_x\n _atom_site_fract_y\n _atom_site_fract_z\n _atom_site_occupancy\n  Y  Y1  1  0.379844  0.379844  0.379844  1\n  Y  Y2  1  0.620156  0.620156  0.620156  1\n  Zn  Zn3  1  0.195881  0.195881  0.195881  1\n  Zn  Zn4  1  0.804119  0.804119  0.804119  1\n  P  P5  1  0.888198  0.888198  0.888198  1\n  P  P6  1  0.111802  0.111802  0.111802  1\n  O  O7  1  0.305260  0.305260  0.305260  1\n  O  O8  1  0.694740  0.694740  0.694740  1\n"}}