{"phonon": {"ph_bandstructure": [[0.0, 0.0, 0.0, 344.59196747726406, 344.5919674781199, 346.50379391525945]]}, "dielectric": {"eps_electronic": [[24.52573609883456, -4.797954254645575e-15, -5.329070518200751e-15], [-3.0215974152453248e-15, 24.52573609883456, -3.552713678800501e-15], [-5.308135893246745e-16, -2.307170428724925e-15, 24.52573609883457]], "eps_total": [[24.79863289919611, -4.5978493923408095e-15, 1.2598100340710516e-10], [2.9880717656416675e-15, 24.79863289919698, -1.06412656464272e-10], [1.2598222840775044e-10, -1.0642031324782372e-10, 24.79863289922112]], "becs": [[[-0.8986317061048876, 0.0, 0.0], [0.0, -0.8986317061048876, 0.0], [1.178766688679647e-19, 1.178766688679647e-19, -0.8986317061048876]], [[0.8986317061048876, 0.0, 0.0], [0.0, 0.8986317061048876, 0.0], [-1.1787666886796475e-19, -1.1787666886796475e-19, 0.8986317061048876]]]}, "metadata": {"formula": "SiSn", "nsites": 2, "structure": "# generated using pymatgen\ndata_SiSn\n_symmetry_space_group_name_H-M   'P 1'\n_cell_length_a   4.24239972\n_cell_length_b   4.24239972\n_cell_length_c   4.24239972\n_cell_angle_alpha   60.00000000\n_cell_angle_beta   60.00000000\n_cell_angle_gamma   60.00000000\n_symmetry_Int_Tables_number   1\n_chemical_formula_structural   SiSn\n_chemical_formula_sum   'Si1 Sn1'\n_cell_volume   53.9907994386\n_cell_formula_units_Z   1\nloop_\n _symmetry_equiv_pos_site_id\n _symmetry_equiv_pos_as_xyz\n  1  'x, y, z'\nloop_\n _atom_site_type_symbol\n _atom_site_label\n _atom_site_symmetry_multiplicity\n _atom_site_fract_x\n _atom_site_fract_y\n _atom_site_fract_z\n _atom_site_occupancy\n  Si  Si1  1  0.000000  0.000000  0.000000  1\n  Sn  Sn2  1  0.750000  0.750000  0.750000  1\n"}}