{"phonon": {"ph_bandstructure": [[0.0, 0.0, 0.0, 811.2742782846675, 811.2742782856967, 816.665461733031]]}, "dielectric": {"eps_electronic": [[9.443706593449138, 1.7574634632758886e-15, 8.881784197001252e-16], [1.7574634632758886e-15, 9.443706593449138, 8.881784197001252e-16], [3.030433306929985e-15, 3.030433306929985e-15, 9.44370659344914]], "eps_total": [[9.569636681486102, 3.1012453479287507e-15, 8.881784197001252e-16], [1.618061371279296e-15, 9.569636681486278, 8.881784197001252e-16], [8.276357680980194e-16, 8.276357680980194e-16, 9.569636681486424]], "becs": [[[-0.5584100870372893, 0.0, 0.0], [0.0, -0.5584100870372893, 0.0], [1.0481624345603465e-19, 1.0481624345603465e-19, -0.5584100870372893]], [[0.5584100870372893, 0.0, 0.0], [0.0, 0.5584100870372893, 0.0], [-1.0481624345603465e-19, -1.0481624345603465e-19, 0.5584100870372893]]]}, "metadata": {"formula": "BP", "nsites": 2, "structure": "# generated using pymatgen\ndata_BP\n_symmetry_space_group_name_H-M   'P 1'\n_cell_length_a   3.19677557\n_cell_length_b   3.19677557\n_cell_length_c   3.19677557\n_cell_angle_alpha   60.00000000\n_cell_angle_beta   60.00000000\n_cell_angle_gamma   60.00000000\n_symmetry_Int_Tables_number   1\n_chemical_formula_structural   BP\n_chemical_formula_sum   'B1 P1'\n_cell_volume   23.1005035053\n_cell_formula_units_Z   1\nloop_\n _symmetry_equiv_pos_site_id\n _symmetry_equiv_pos_as_xyz\n  1  'x, y, z'\nloop_\n _atom_site_type_symbol\n _atom_site_label\n _atom_site_symmetry_multiplicity\n _atom_site_fract_x\n _atom_site_fract_y\n _atom_site_fract_z\n _atom_site_occupancy\n  B  B1  1  0.000000  0.000000  0.000000  1\n  P  P2  1  0.250000  0.250000  0.250000  1\n"}}