{"phonon": {"ph_bandstructure": [[-0.0404582839920524, -0.040261303661055396, -0.02192483564646226, 148.8114459724303, 178.9458785227096, 228.68171342669643, 230.84662202069242, 257.37057969562466, 269.83350999070615, 302.49414485947534, 303.2538240443827, 437.05926810244415, 481.276635389375, 506.69281614637543, 543.1937865778566, 586.6761917872374, 602.9580325085707, 701.1285193127463, 745.8527278923602, 779.0466487104097, 989.6554182120121, 1017.3508539954553, 1086.6086390016255, 1182.1773678230543]]}, "dielectric": {"eps_electronic": [[4.054822481012579, -2.382851915368105e-16, -5.994300512033524e-16], [-2.382851915368105e-16, 4.054822481012579, 2.8874836849677275e-16], [-5.183936562191462e-16, 1.702052393031167e-15, 3.99637095462573]], "eps_total": [[8.285468132253438, 3.859980400043722e-18, -4.0914682027355037e-16], [-6.928685621178541e-16, 8.28546813228029, 7.864095983728057e-16], [3.455719094366331e-16, 3.455719094366331e-16, 12.724253278615807]], "becs": [[[1.033748453013589, -0.01167094653459224, -4.662008747654172e-16], [0.01167094653459274, 1.033748453013589, 3.8728307541517187e-16], [-1.3877787807814457e-16, -2.220446049250313e-16, 1.1386262312695927]], [[1.0337484530135899, 0.011670946534592642, 4.2456751134197385e-16], [-0.011670946534592587, 1.033748453013589, -4.983053778776875e-16], [3.0531133177191805e-16, -2.220446049250313e-16, 1.1386262312695923]], [[4.128747868548908, -0.9374098164296378, -5.377642775528102e-17], [0.9374098164296374, 4.128747868548908, 0.0], [2.0122792321330962e-16, 5.551115123125783e-17, 3.7905449260860107]], [[4.128747868548908, 0.9374098164296372, 1.3868092762454977e-16], [-0.9374098164296378, 4.128747868548908, -7.29553364446207e-17], [8.326672684688674e-17, 2.8102520310824275e-16, 3.7905449260860102]], [[-3.3049240362364363, 9.783840404509192e-16, -1.1473825595230993], [-7.008282842946301e-16, -1.8575722853260612, 5.551115123125783e-17], [-1.1585740419733543, -1.5543122344752192e-15, -2.4645855786778026]], [[-1.8575722853260612, 5.342948306008566e-16, -1.3183898417423734e-16], [1.0755285551056204e-15, -3.304924036236437, 1.1473825595230998], [-1.0269562977782698e-15, 1.1585740419733541, -2.4645855786778013]], [[-3.304924036236437, -5.759281940243e-16, 1.1473825595230995], [-2.5673907444456745e-16, -1.8575722853260603, 1.1102230246251565e-16], [1.1585740419733552, 1.1102230246251565e-15, -2.4645855786778013]], [[-1.8575722853260621, -7.979727989493313e-16, 3.469446951953614e-17], [1.8735013540549517e-16, -3.3049240362364363, -1.1473825595230995], [-1.3877787807814457e-16, -1.1585740419733537, -2.4645855786778013]]]}, "metadata": {"formula": "NaPN2", "nsites": 8, "structure": "# generated using pymatgen\ndata_NaPN2\n_symmetry_space_group_name_H-M   'P 1'\n_cell_length_a   4.96432524\n_cell_length_b   4.96432524\n_cell_length_c   4.96432524\n_cell_angle_alpha   120.00233837\n_cell_angle_beta   120.00233837\n_cell_angle_gamma   89.99594988\n_symmetry_Int_Tables_number   1\n_chemical_formula_structural   NaPN2\n_chemical_formula_sum   'Na2 P2 N4'\n_cell_volume   86.5068166902\n_cell_formula_units_Z   2\nloop_\n _symmetry_equiv_pos_site_id\n _symmetry_equiv_pos_as_xyz\n  1  'x, y, z'\nloop_\n _atom_site_type_symbol\n _atom_site_label\n _atom_site_symmetry_multiplicity\n _atom_site_fract_x\n _atom_site_fract_y\n _atom_site_fract_z\n _atom_site_occupancy\n  Na  Na1  1  1.000000  0.000000  0.000000  1\n  Na  Na2  1  0.750000  0.250000  0.500000  1\n  P  P3  1  0.250000  0.750000  0.500000  1\n  P  P4  1  0.500000  0.500000  0.000000  1\n  N  N5  1  0.248808  0.125000  0.623808  1\n  N  N6  1  0.375000  0.751192  0.876192  1\n  N  N7  1  0.501192  0.625000  0.376192  1\n  N  N8  1  0.875000  0.498808  0.123808  1\n"}}