{"phonon": {"ph_bandstructure": [[0.0, 0.0, 0.0, 19.05866940254146, 35.42211594174521, 37.466779420647875, 37.86024679556985, 38.279562709053934, 49.01383738871329, 50.28718825733557, 50.880150090922065, 51.52502627237599, 52.88933676941579, 53.73538184863178, 57.463506728915455, 60.32313123753786, 64.93711871457246, 85.0166584812492, 86.72348332172386, 93.73843929939935, 95.44063378566253, 99.11043455087899, 105.88267994868684, 113.28062166606459, 113.79958872126615, 114.09172594826913, 115.89443650891369, 117.61933544956945, 119.51397420392085, 127.01838551390594, 136.7802533928212, 137.1146843208117, 148.52051455741605, 154.88729282267568, 158.82282521221717, 159.76819078665014]]}, "dielectric": {"eps_electronic": [[7.493161587668048, 0.0, 0.0], [0.0, 5.199886704417682, 0.0], [0.0, 0.0, 7.271450315847577]], "eps_total": [[14.206053063209536, 0.0, 0.0], [0.0, 8.037628007357792, 0.0], [0.0, 0.0, 14.522904161376482]], "becs": [[[1.180487913483974, -1.6653345203941226e-16, -1.7401036658293825e-19], [-1.332267616315298e-15, 1.906919356173281, 6.938893502005872e-18], [0.0, 6.938894110702382e-18, 1.3072937981731898]], [[1.180487913483975, 5.551115288561905e-17, -1.7401036658293825e-19], [4.440892230849524e-16, 1.9069193561732818, 6.938893502005872e-18], [0.0, 6.938894110702382e-18, 1.3072937981731911]], [[4.636035383519731, 5.551115288561905e-17, -1.7401036658293825e-19], [4.440892230849524e-16, 1.6107811387484694, 0.39018217972233965], [1.0572910801479233e-16, 0.4490518364373802, 4.399194393121204]], [[4.636035383519731, 5.551115288561905e-17, -1.7401036658293825e-19], [4.440892230849524e-16, 1.6107811387484676, -0.3901821797223397], [0.0, -0.4490518364373802, 4.399194393121203]], [[1.9080716757688143, -1.6653345203941226e-16, -1.7401026560053007e-19], [-3.1086244557155485e-15, 0.7691477651893323, 6.9388938672237665e-18], [0.0, 6.938894110702382e-18, 1.8440779192935008]], [[1.9080716757688143, 5.551115288561905e-17, -1.7401026560053007e-19], [4.440892230849524e-16, 0.7691477651893323, 6.9388938672237665e-18], [0.0, 6.938894110702382e-18, 1.8440779192935008]], [[-2.748596903466899, -1.6653345203941226e-16, 1.9141149800054476e-18], [4.440892230849524e-16, -1.5729422308637422, -0.08988521451139787], [-1.0572910801479233e-16, -0.21064876640395003, -2.1643028937273776]], [[-2.748596903466901, 5.551115288561905e-17, -1.7401036658293825e-19], [4.440892230849524e-16, -1.5729422308637422, -0.08988521451139787], [0.0, -0.21064876640395003, -2.1643028937273794]], [[-2.7485969034669027, 5.551115288561905e-17, -1.7401036658293825e-19], [4.440892230849524e-16, -1.5729422308637457, 0.08988521451139789], [5.2864554007396165e-17, 0.21064876640394997, -2.1643028937273794]], [[-2.7485969034669027, 5.551115288561905e-17, -1.7401036658293825e-19], [4.440892230849524e-16, -1.5729422308637457, 0.08988521451139789], [-5.2864554007396165e-17, 0.21064876640394997, -2.1643028937273776]], [[-2.227401162369443, 5.551115288561905e-17, -1.7401157837183638e-19], [4.440892230849524e-16, -1.1409637984099938, 6.938894962877451e-18], [0.0, 6.938894110702382e-18, -3.2219603232243976]], [[-2.227401162369443, 5.551115288561905e-17, -1.7401036658293825e-19], [4.440892230849524e-16, -1.1409637984099938, 6.938899345492186e-18], [0.0, 6.938894110702382e-18, -3.2219603232243976]]]}, "metadata": {"formula": "CsLaCdTe3", "nsites": 12, "structure": "# generated using pymatgen\ndata_CsLaCdTe3\n_symmetry_space_group_name_H-M   'P 1'\n_cell_length_a   8.65742338\n_cell_length_b   8.65742338\n_cell_length_c   12.03150060\n_cell_angle_alpha   90.00000000\n_cell_angle_beta   90.00000000\n_cell_angle_gamma   149.08785559\n_symmetry_Int_Tables_number   1\n_chemical_formula_structural   CsLaCdTe3\n_chemical_formula_sum   'Cs2 La2 Cd2 Te6'\n_cell_volume   463.261510229\n_cell_formula_units_Z   2\nloop_\n _symmetry_equiv_pos_site_id\n _symmetry_equiv_pos_as_xyz\n  1  'x, y, z'\nloop_\n _atom_site_type_symbol\n _atom_site_label\n _atom_site_symmetry_multiplicity\n _atom_site_fract_x\n _atom_site_fract_y\n _atom_site_fract_z\n _atom_site_occupancy\n  Cs  Cs1  1  0.250917  0.749083  0.250000  1\n  Cs  Cs2  1  0.749083  0.250917  0.750000  1\n  La  La3  1  0.000000  0.000000  0.500000  1\n  La  La4  1  0.000000  0.000000  0.000000  1\n  Cd  Cd5  1  0.535631  0.464369  0.250000  1\n  Cd  Cd6  1  0.464369  0.535631  0.750000  1\n  Te  Te7  1  0.372825  0.627175  0.555552  1\n  Te  Te8  1  0.627175  0.372825  0.444448  1\n  Te  Te9  1  0.627175  0.372825  0.055552  1\n  Te  Te10  1  0.372825  0.627175  0.944448  1\n  Te  Te11  1  0.932087  0.067913  0.250000  1\n  Te  Te12  1  0.067913  0.932087  0.750000  1\n"}}