{"phonon": {"ph_bandstructure": [[0.0, 0.0, 0.0, 44.47522795635555, 49.98700698909758, 51.10878758199622, 55.788872750538914, 62.50624804957235, 66.2879533870966, 68.90836244495509, 101.33984419435461, 104.11542561250162, 114.42724710820043, 117.08576361369295, 171.5706779199028, 264.6059006502206, 265.11837378084056, 267.39462485570954, 268.7462087369894, 268.8636669044879, 289.34425892846986, 293.89308129764476, 301.17039567206274, 301.3153742564507, 319.8098345048618, 320.8487008774543, 390.7808427271813]]}, "dielectric": {"eps_electronic": [[7.309149550259719, 1.3289983512227407e-15, 3.552713678800501e-15], [1.1876174073129666e-15, 7.369250897112985, 1.7763568394002505e-15], [1.0604349796474617e-15, 1.7936175497565845e-15, 4.336820517960621]], "eps_total": [[10.94209920631147, 8.42075040768299e-17, 1.7763568394002505e-15], [6.209679349488772e-16, 11.022544068287635, 1.7763568394002505e-15], [3.172528039335626e-15, 4.616945771444206e-16, 7.800496015841188]], "becs": [[[1.4702766234359905, 9.868649181306335e-17, -3.700743360271814e-17], [2.9605947543919004e-16, 1.6592145232357651, -4.687608344576897e-16], [-1.835217085150012e-16, 6.411193673798481e-16, 1.394093365573862]], [[1.4702766234359905, 9.868649181306335e-17, -3.700743360271814e-17], [2.9605947543919004e-16, 1.6592145232357651, -4.687608344576897e-16], [-1.835217085150012e-16, 6.411193673798481e-16, 1.394093365573862]], [[0.7576294663490692, -0.897471229161987, -3.700743409902651e-16], [-1.0044013419741311, -0.34474783401402864, 1.529640609867592e-15], [-2.781975308396841e-17, 7.327762886801252e-16, 0.20202767138585143]], [[-0.836957950587621, 9.868649181306335e-17, 9.621932885599227e-16], [-1.4802973639610604e-15, 1.2224793640570002, 1.529640609867592e-15], [-1.7400640226008525e-15, 7.7051737392141585e-16, 0.2012855720725074]], [[0.757629466349071, 0.8974712291619867, -5.921189459152964e-16], [1.0044013419741307, -0.34474783401402864, -1.5789838590828462e-15], [1.8126496561996484e-15, -1.0058394654788345e-15, 0.20202767138584965]], [[-0.904713557244218, -1.2335811311196796e-16, 7.401486885979751e-17], [2.9605947543919004e-16, -0.9628531856237259, 0.10854861672676216], [1.0485551094425596e-16, 0.03685676350111797, -0.8483819114962033]], [[-0.9047135572442162, 9.868649181306335e-17, -3.700743360271814e-17], [2.9605947543919004e-16, -0.9628531856237259, -0.10854861672676244], [5.628325361690537e-17, -0.03685676350111886, -0.8483819114962042]], [[-0.904713557244218, -1.2335811311196796e-16, 7.401486885979751e-17], [2.9605947543919004e-16, -0.9628531856237259, 0.10854861672676216], [1.0485551094425596e-16, 0.03685676350111797, -0.8483819114962033]], [[-0.9047135572442162, 9.868649181306335e-17, -3.700743360271814e-17], [2.9605947543919004e-16, -0.9628531856237259, -0.10854861672676244], [5.628325361690537e-17, -0.03685676350111886, -0.8483819114962042]]]}, "metadata": {"formula": "Cs2Pt3S4", "nsites": 9, "structure": "# generated using pymatgen\ndata_Cs2Pt3S4\n_symmetry_space_group_name_H-M   'P 1'\n_cell_length_a   8.70626652\n_cell_length_b   7.51007122\n_cell_length_c   6.32227293\n_cell_angle_alpha   77.48775662\n_cell_angle_beta   57.36447130\n_cell_angle_gamma   45.14777208\n_symmetry_Int_Tables_number   1\n_chemical_formula_structural   Cs2Pt3S4\n_chemical_formula_sum   'Cs2 Pt3 S4'\n_cell_volume   237.328696633\n_cell_formula_units_Z   1\nloop_\n _symmetry_equiv_pos_site_id\n _symmetry_equiv_pos_as_xyz\n  1  'x, y, z'\nloop_\n _atom_site_type_symbol\n _atom_site_label\n _atom_site_symmetry_multiplicity\n _atom_site_fract_x\n _atom_site_fract_y\n _atom_site_fract_z\n _atom_site_occupancy\n  Cs  Cs1  1  0.653758  0.653758  0.346242  1\n  Cs  Cs2  1  0.346242  0.346242  0.653758  1\n  Pt  Pt3  1  0.500000  0.500000  1.000000  1\n  Pt  Pt4  1  0.000000  0.000000  0.000000  1\n  Pt  Pt5  1  0.000000  1.000000  0.500000  1\n  S  S6  1  0.724333  0.060562  0.939438  1\n  S  S7  1  0.060562  0.724333  0.275667  1\n  S  S8  1  0.275667  0.939438  0.060562  1\n  S  S9  1  0.939438  0.275667  0.724333  1\n"}}