{"phonon": {"ph_bandstructure": [[0.0, 0.0, 0.0, 205.682289701523, 205.6822897047015, 224.16298058955036, 244.31521679834975, 248.67725636557114, 263.59128024358967, 273.0852351596719, 318.6388676175006, 318.6388676175569, 333.90199584000203, 584.4213444404195, 584.4213444404431, 637.3645454478889, 671.3786850081957, 697.5907655173648, 786.7289348326952, 799.6120738110005, 800.4189916411439, 876.5818983303006, 901.1367361605353, 955.6788684265945, 960.5217383371573, 970.4520071983825, 1127.9705349685826, 1179.5777384819426, 1264.8951346247968, 1309.4024675242922]]}, "dielectric": {"eps_electronic": [[18.54492143343191, 4.538781339410204e-15, -2.4689570408109864e-15], [4.538781339410204e-15, 18.54492143343191, -7.798027559011738e-15], [-4.2046848513217296e-15, -4.2046848513217296e-15, 13.366500658661124]], "eps_total": [[25.336121356259653, 3.1778996151579823e-15, -4.0855408533403695e-15], [-1.0993340599485897e-15, 25.336121356304655, -1.0444493850629419e-14], [-3.037304041241635e-15, -6.590017720042136e-15, 22.805245051108457]], "becs": [[[1.7097375038566036, 8.437694914359296e-16, -2.8257715830060563e-16], [9.992007171995572e-16, 1.7097375038566027, 2.8363658607802155e-16], [-3.885780511741793e-16, -2.1094236458717627e-16, 2.964653123398359]], [[1.7097375038566036, 8.437694914359296e-16, -2.8257715830060563e-16], [9.992007171995572e-16, 1.7097375038566027, 2.8363658607802155e-16], [-3.885780511741793e-16, -2.1094236458717627e-16, 2.964653123398359]], [[3.729548969782639, 1.2010817633235447, 2.2122965136786655e-17], [1.2010817633235449, 3.729548969782639, -2.2285954028422246e-17], [-5.5511143786632314e-17, 1.221245428003707e-16, 0.6950516389526458]], [[3.7295489697826385, -1.2010817633235455, -6.114376171010009e-17], [-1.2010817633235455, 3.7295489697826385, 6.09807728184645e-17], [7.771561246822351e-16, 9.54791811269238e-16, 0.6950516389526462]], [[3.7295489697826385, -1.2010817633235455, -6.114376171010009e-17], [-1.2010817633235455, 3.7295489697826385, 6.09807728184645e-17], [7.771561246822351e-16, 9.54791811269238e-16, 0.6950516389526462]], [[3.729548969782639, 1.2010817633235447, 2.2122965136786655e-17], [1.2010817633235449, 3.729548969782639, -2.2285954028422246e-17], [-5.5511143786632314e-17, 1.221245428003707e-16, 0.6950516389526458]], [[-4.584417721333088, 1.3252340666125306, 1.6069710710342262e-16], [1.325234066612531, -4.584417721333088, -1.6126756821807543e-16], [9.436895783760086e-16, 6.77236055112949e-16, -2.1773781998474613]], [[-4.584417721333088, -1.325234066612531, 1.6090084321493124e-16], [-1.3252340666125315, -4.584417721333088, -1.6106383210656681e-16], [-1.2767564708743045e-15, -1.5432099941373641e-15, -2.1773781998474613]], [[-4.584417721333088, 1.3252340666125306, 1.6069710710342262e-16], [1.325234066612531, -4.584417721333088, -1.6126756821807543e-16], [9.436895783760086e-16, 6.77236055112949e-16, -2.1773781998474613]], [[-4.584417721333088, -1.325234066612531, 1.6090084321493124e-16], [-1.3252340666125315, -4.584417721333088, -1.6106383210656681e-16], [-1.2767564708743045e-15, -1.5432099941373641e-15, -2.1773781998474613]]]}, "metadata": {"formula": "Ca(BC)2", "nsites": 10, "structure": "# generated using pymatgen\ndata_Ca(BC)2\n_symmetry_space_group_name_H-M   'P 1'\n_cell_length_a   5.23756338\n_cell_length_b   5.23756338\n_cell_length_c   5.23756338\n_cell_angle_alpha   118.59899585\n_cell_angle_beta   118.59899585\n_cell_angle_gamma   92.44423779\n_symmetry_Int_Tables_number   1\n_chemical_formula_structural   Ca(BC)2\n_chemical_formula_sum   'Ca2 B4 C4'\n_cell_volume   103.644494098\n_cell_formula_units_Z   2\nloop_\n _symmetry_equiv_pos_site_id\n _symmetry_equiv_pos_as_xyz\n  1  'x, y, z'\nloop_\n _atom_site_type_symbol\n _atom_site_label\n _atom_site_symmetry_multiplicity\n _atom_site_fract_x\n _atom_site_fract_y\n _atom_site_fract_z\n _atom_site_occupancy\n  Ca  Ca1  1  0.750000  0.750000  0.000000  1\n  Ca  Ca2  1  0.250000  0.250000  0.000000  1\n  B  B3  1  0.638279  0.138279  0.776558  1\n  B  B4  1  0.138279  0.361721  0.500000  1\n  B  B5  1  0.861721  0.638279  0.500000  1\n  B  B6  1  0.361721  0.861721  0.223442  1\n  C  C7  1  0.340247  0.159753  0.500000  1\n  C  C8  1  0.840247  0.340247  0.180494  1\n  C  C9  1  0.659753  0.840247  0.500000  1\n  C  C10  1  0.159753  0.659753  0.819506  1\n"}}