{"phonon": {"ph_bandstructure": [[0.0, 0.0, 0.0, 58.44426234291992, 58.444262344079455, 58.4442623474997, 90.33810217723976, 90.3381021802552, 122.7324944728559]]}, "dielectric": {"eps_electronic": [[3.68170987688671, 1.9890509505238207e-15, 2.220446049250313e-15], [1.9890509505238207e-15, 3.68170987688671, 2.220446049250313e-15], [1.8490516643676176e-15, 1.8490516643676176e-15, 3.68170987688671]], "eps_total": [[6.795583598379402, -5.04493034938951e-11, 4.361400129937465e-11], [-5.044937603737738e-11, 6.79558359839811, -1.4440448836694486e-11], [4.361384857940073e-11, -1.4440601556668406e-11, 6.795583598447411]], "becs": [[[1.0571481111563765, 0.0, 0.0], [0.0, 1.0571481111563765, 0.0], [3.4581287786935175e-20, 3.4581287786935175e-20, 1.0571481111563765]], [[1.0571481111563765, 0.0, 0.0], [0.0, 1.0571481111563765, 0.0], [3.4581287786935175e-20, 3.4581287786935175e-20, 1.0571481111563765]], [[-2.1142962222802417, 0.0, 0.0], [0.0, -2.1142962222802417, 0.0], [-6.916256497511047e-20, -6.916256497511047e-20, -2.1142962222802417]]]}, "metadata": {"formula": "Cs2Se", "nsites": 3, "structure": "# generated using pymatgen\ndata_Cs2Se\n_symmetry_space_group_name_H-M   'P 1'\n_cell_length_a   5.85857591\n_cell_length_b   5.85857591\n_cell_length_c   5.85857591\n_cell_angle_alpha   60.00000000\n_cell_angle_beta   60.00000000\n_cell_angle_gamma   60.00000000\n_symmetry_Int_Tables_number   1\n_chemical_formula_structural   Cs2Se\n_chemical_formula_sum   'Cs2 Se1'\n_cell_volume   142.187424036\n_cell_formula_units_Z   1\nloop_\n _symmetry_equiv_pos_site_id\n _symmetry_equiv_pos_as_xyz\n  1  'x, y, z'\nloop_\n _atom_site_type_symbol\n _atom_site_label\n _atom_site_symmetry_multiplicity\n _atom_site_fract_x\n _atom_site_fract_y\n _atom_site_fract_z\n _atom_site_occupancy\n  Cs  Cs1  1  0.750000  0.750000  0.750000  1\n  Cs  Cs2  1  0.250000  0.250000  0.250000  1\n  Se  Se3  1  0.000000  0.000000  0.000000  1\n"}}