{"phonon": {"ph_bandstructure": [[0.0, 0.0, 0.0, 49.66924232205055, 52.10754189188423, 72.14046744689534, 106.31712704167882, 113.10394163932651, 121.35707574840637, 121.35707575391058, 123.18464052911466, 124.66662067608512, 132.5490280307005, 135.28282632809885, 135.2828263330494, 140.53302796986299, 155.78542657681183, 180.09502012938256, 202.26755916783443, 221.10078754459286, 240.276296511978, 270.1567988289752, 512.5185829566627, 512.5185829582081, 538.1280677200945, 539.660878615586, 591.4813058543469, 598.3930898604681, 612.9148678808042, 619.2067592179502]]}, "dielectric": {"eps_electronic": [[6.520323967041737, -1.1020356594329148e-15, -2.3147996035808484e-16], [1.8493813469712244e-15, 6.520323967041732, -3.591975292302521e-15], [-2.9547371315880927e-15, 1.5388733736234583e-16, 6.041187989125966]], "eps_total": [[17.571051717352336, -7.320931512259394e-16, -5.550173538747891e-17], [-1.4529769241222384e-15, 17.571051719054594, -3.570835915194717e-15], [1.847160152962219e-15, 9.58981733262094e-16, 9.833296909004302]], "becs": [[[2.746895822718912, -3.55271373174006e-16, 3.883498921188719e-17], [-8.437695013620969e-16, 2.7468958227189115, -2.7983715232191652e-18], [-2.664535298805045e-16, -7.105427397305671e-16, 2.9817639847136688]], [[2.746895822718912, -3.55271373174006e-16, 3.883498921188719e-17], [-8.437695013620969e-16, 2.7468958227189115, -2.7983715232191652e-18], [-2.664535298805045e-16, -7.105427397305671e-16, 2.9817639847136688]], [[1.057700632488256, -3.55271373174006e-16, 0.6339908863165233], [-1.0658141062871282e-15, -0.06472059959882999, -4.741053530774712e-16], [0.2823821365045888, 3.2862601489199964e-15, 0.7425931707197655]], [[-0.06472059959882857, 5.329070465261192e-16, 2.336618224327291e-16], [-1.77635686587003e-16, 1.0577006324882547, 0.6339908863165231], [3.2862601489199964e-15, 0.28238213650458793, 0.7425931707197655]], [[1.057700632488256, -3.55271373174006e-16, -0.6339908863165236], [-1.77635686587003e-16, -0.06472059959882644, 6.916288227789432e-16], [-0.2823821365045858, -2.042810369280755e-15, 0.7425931707197602]], [[-0.0647205995988268, -3.55271373174006e-16, -8.210500509611696e-16], [1.5987211528132475e-15, 1.0577006324882583, -0.6339908863165229], [-3.8191672086810054e-15, -0.2823821365045858, 0.7425931707197584]], [[-1.5426925554349968, 8.88178366760566e-17, -7.164950933918892e-17], [2.664535232630596e-16, -2.1971833001249252, 1.0876173485073602e-16], [-2.664535298805045e-16, -7.105427397305671e-16, -2.233475163064384]], [[-2.1971833001249257, 5.329070465261192e-16, 3.837425466731525e-16], [4.884981281880909e-16, -1.5426925554349964, -3.240246288370478e-16], [-7.105427397305671e-16, -2.664535298805045e-16, -2.233475163064385]], [[-1.5426925554349968, 8.88178366760566e-17, -7.164950933918892e-17], [2.664535232630596e-16, -2.1971833001249252, 1.0876173485073602e-16], [-2.664535298805045e-16, -7.105427397305671e-16, -2.233475163064384]], [[-2.1971833001249257, 5.329070465261192e-16, 3.837425466731525e-16], [4.884981281880909e-16, -1.5426925554349964, -3.240246288370478e-16], [-7.105427397305671e-16, -2.664535298805045e-16, -2.233475163064385]]]}, "metadata": {"formula": "Sr(CuO)2", "nsites": 10, "structure": "# generated using pymatgen\ndata_Sr(CuO)2\n_symmetry_space_group_name_H-M   'P 1'\n_cell_length_a   6.19203604\n_cell_length_b   6.19203604\n_cell_length_c   6.19203604\n_cell_angle_alpha   128.13195537\n_cell_angle_beta   128.13195537\n_cell_angle_gamma   76.41136301\n_symmetry_Int_Tables_number   1\n_chemical_formula_structural   Sr(CuO)2\n_chemical_formula_sum   'Sr2 Cu4 O4'\n_cell_volume   142.725045967\n_cell_formula_units_Z   2\nloop_\n _symmetry_equiv_pos_site_id\n _symmetry_equiv_pos_as_xyz\n  1  'x, y, z'\nloop_\n _atom_site_type_symbol\n _atom_site_label\n _atom_site_symmetry_multiplicity\n _atom_site_fract_x\n _atom_site_fract_y\n _atom_site_fract_z\n _atom_site_occupancy\n  Sr  Sr1  1  0.500000  0.500000  0.000000  1\n  Sr  Sr2  1  0.250000  0.750000  0.500000  1\n  Cu  Cu3  1  0.875000  0.125000  0.250000  1\n  Cu  Cu4  1  0.875000  0.125000  0.750000  1\n  Cu  Cu5  1  0.875000  0.625000  0.750000  1\n  Cu  Cu6  1  0.375000  0.125000  0.250000  1\n  O  O7  1  0.499056  0.999056  0.500000  1\n  O  O8  1  0.749056  0.749056  0.000000  1\n  O  O9  1  0.250944  0.250944  0.000000  1\n  O  O10  1  0.000944  0.500944  0.500000  1\n"}}