{"phonon": {"ph_bandstructure": [[0.0, 0.0, 0.0, 65.25915454785515, 88.80581939512956, 88.96173616088369, 88.9738305661033, 89.33856045309064, 89.82832967579093, 99.49594127138205, 102.04191873091376, 109.95469600850373, 137.15842030326178, 137.51311158808656, 138.78011750142883, 144.64808100132882, 147.03959646295309, 147.61341352261965, 149.88499843415366, 151.97994146640758, 167.68614427239623, 182.87695046110636, 197.50789357551506, 203.15838250816438, 258.8953680083635, 262.04897148571297, 269.9230141187378, 282.20092552270273, 351.5147356954795, 353.0877599396281, 357.14123334270903, 357.8400715771992, 359.9633973329723, 362.16613059144913, 364.950327694857, 367.4148122047423]]}, "dielectric": {"eps_electronic": [[10.328942382549725, 0.0, 7.552082625574065e-23], [0.0, 10.870060022542036, 0.0], [7.552082625574065e-23, 0.0, 10.624764097546207]], "eps_total": [[16.848123336452286, 0.0, 7.552082625574065e-23], [0.0, 18.722993893042712, 0.0], [7.552082625574065e-23, 0.0, 18.775834294437455]], "becs": [[[0.7333838277485889, 0.0, 0.0], [0.0, 0.8110191563593914, -0.06294296173780999], [-5.0264823342701524e-24, -0.0010136282303554642, 0.7920384307415271]], [[0.7333838277485889, 0.0, 0.0], [0.0, 0.8110191563593918, -0.06294296173780999], [-5.0264823342701524e-24, -0.0010136282303554642, 0.7920384307415271]], [[0.7333838277485889, 0.0, 0.0], [0.0, 0.8110191563593914, 0.06294296173780999], [-5.0264823342701524e-24, 0.001013628230355462, 0.7920384307415271]], [[0.7333838277485889, 0.0, 0.0], [0.0, 0.8110191563593918, 0.06294296173780999], [-5.0264823342701524e-24, 0.001013628230355462, 0.7920384307415271]], [[2.365820713825048, 0.0, 0.0], [0.0, 2.271645882708232, 0.05746194992968441], [-5.0264823342701524e-24, 0.054839051460982426, 2.2699972403853357]], [[2.365820713825049, 0.0, 0.0], [0.0, 2.271645882708232, -0.05746194992968442], [-6.534426854790187e-23, -0.05483905146098242, 2.2699972403853357]], [[2.365820713825049, 0.0, 0.0], [0.0, 2.271645882708232, 0.05746194992968441], [-5.0264823342701524e-24, 0.054839051460982426, 2.2699972403853357]], [[2.365820713825048, 0.0, 0.0], [0.0, 2.271645882708232, -0.05746194992968442], [-5.0264823342701524e-24, -0.05483905146098242, 2.2699972403853357]], [[-3.099204542802462, 0.0, 0.0], [0.0, -3.082665039324832, -0.11696636218914155], [2.3624466252025673e-22, 0.06614587229666942, -3.0620356711689007]], [[-3.099204542802462, 0.0, 0.0], [0.0, -3.082665039324832, -0.11696636218914155], [-5.0264823342701524e-24, 0.0661458722966694, -3.0620356711689025]], [[-3.099204542802462, 0.0, 0.0], [0.0, -3.082665039324832, 0.11696636218914158], [-5.0264823342701524e-24, -0.0661458722966694, -3.0620356711689025]], [[-3.099204542802462, 0.0, 0.0], [0.0, -3.082665039324832, 0.11696636218914158], [-1.2566205476153358e-22, -0.0661458722966694, -3.0620356711689007]]]}, "metadata": {"formula": "LiCaSb", "nsites": 12, "structure": "# generated using pymatgen\ndata_LiCaSb\n_symmetry_space_group_name_H-M   'P 1'\n_cell_length_a   4.59038391\n_cell_length_b   7.55691996\n_cell_length_c   8.21549921\n_cell_angle_alpha   90.00000000\n_cell_angle_beta   90.00000000\n_cell_angle_gamma   90.00000000\n_symmetry_Int_Tables_number   1\n_chemical_formula_structural   LiCaSb\n_chemical_formula_sum   'Li4 Ca4 Sb4'\n_cell_volume   284.988797463\n_cell_formula_units_Z   4\nloop_\n _symmetry_equiv_pos_site_id\n _symmetry_equiv_pos_as_xyz\n  1  'x, y, z'\nloop_\n _atom_site_type_symbol\n _atom_site_label\n _atom_site_symmetry_multiplicity\n _atom_site_fract_x\n _atom_site_fract_y\n _atom_site_fract_z\n _atom_site_occupancy\n  Li  Li1  1  0.750000  0.847134  0.572764  1\n  Li  Li2  1  0.250000  0.152866  0.427236  1\n  Li  Li3  1  0.250000  0.652866  0.072764  1\n  Li  Li4  1  0.750000  0.347134  0.927236  1\n  Ca  Ca5  1  0.750000  0.490983  0.297001  1\n  Ca  Ca6  1  0.750000  0.990983  0.202999  1\n  Ca  Ca7  1  0.250000  0.509017  0.702999  1\n  Ca  Ca8  1  0.250000  0.009017  0.797001  1\n  Sb  Sb9  1  0.750000  0.730510  0.900665  1\n  Sb  Sb10  1  0.250000  0.269490  0.099335  1\n  Sb  Sb11  1  0.750000  0.230510  0.599335  1\n  Sb  Sb12  1  0.250000  0.769490  0.400665  1\n"}}