{"phonon": {"ph_bandstructure": [[0.0, 0.0, 0.0, 104.92690513279938, 104.92690513542266, 110.67687541135375, 110.67687541200601, 110.67687541385192, 137.51270226296464]]}, "dielectric": {"eps_electronic": [[3.536469788313438, 2.1993757263902102e-15, 2.6645352591003757e-15], [2.4214203313152415e-15, 3.5364697883134384, 3.552713678800501e-15], [2.7133076572112607e-15, 3.601486076911386e-15, 3.536469788313439]], "eps_total": [[6.07409889486937, -6.105915822960886e-10, -6.887024284196741e-11], [-6.10592319796061e-10, 6.074098895095863, 1.495825685537966e-11], [-6.887120135262444e-11, 1.4958186523142335e-11, 6.0740988949979435]], "becs": [[[0.9545795343964212, 0.0, 0.0], [0.0, 0.9545795343964212, 0.0], [-4.3306876761622825e-20, -4.3306876761622825e-20, 0.9545795343964212]], [[0.9545795343964212, 0.0, 0.0], [0.0, 0.9545795343964212, 0.0], [-4.3306876761622825e-20, -4.3306876761622825e-20, 0.9545795343964212]], [[-1.9091590687470292, 0.0, 0.0], [0.0, -1.9091590687470292, 0.0], [8.661377071083375e-20, 8.661377071083375e-20, -1.9091590687470292]]]}, "metadata": {"formula": "K2Te", "nsites": 3, "structure": "# generated using pymatgen\ndata_K2Te\n_symmetry_space_group_name_H-M   'P 1'\n_cell_length_a   5.72101278\n_cell_length_b   5.72101278\n_cell_length_c   5.72101278\n_cell_angle_alpha   60.00000000\n_cell_angle_beta   60.00000000\n_cell_angle_gamma   60.00000000\n_symmetry_Int_Tables_number   1\n_chemical_formula_structural   K2Te\n_chemical_formula_sum   'K2 Te1'\n_cell_volume   132.404807763\n_cell_formula_units_Z   1\nloop_\n _symmetry_equiv_pos_site_id\n _symmetry_equiv_pos_as_xyz\n  1  'x, y, z'\nloop_\n _atom_site_type_symbol\n _atom_site_label\n _atom_site_symmetry_multiplicity\n _atom_site_fract_x\n _atom_site_fract_y\n _atom_site_fract_z\n _atom_site_occupancy\n  K  K1  1  0.250000  0.250000  0.250000  1\n  K  K2  1  0.750000  0.750000  0.750000  1\n  Te  Te3  1  0.000000  0.000000  0.000000  1\n"}}