{"phonon": {"ph_bandstructure": [[-44.899994693577504, -44.89999468634019, -44.899994683028595, 0.0, 0.0, 0.0, 73.64238519484469, 73.64238520444923, 92.47019117308803, 92.47019117503943, 92.47019118080097, 126.06085004321542, 290.87440604030195, 290.8744060423929, 365.8883160839807, 365.8883160851237, 429.13300813649306, 565.8388716036656, 565.8388716042601, 565.8388716054774, 876.7322617040235, 876.7322617042877, 903.7131292180928, 937.9711656907032]]}, "dielectric": {"eps_electronic": [[3.3100824090366507, 4.450792151372909e-16, 6.661338147750939e-16], [4.450792151372909e-16, 3.3100824090366507, 6.661338147750939e-16], [6.712410967259583e-16, 6.712410967259583e-16, 3.3100824090366507]], "eps_total": null, "becs": [[[1.413772903003075, -1.3877787807814457e-16, 1.3877787807814457e-16], [1.1102230246251565e-16, 1.4137729030030748, -1.1102230246251565e-16], [3.0507333522987864e-16, -3.055493283139575e-16, 1.4137729030030748]], [[1.413772903003075, -1.3877787807814457e-16, 1.3877787807814457e-16], [1.1102230246251565e-16, 1.4137729030030748, -1.1102230246251565e-16], [3.0507333522987864e-16, -3.055493283139575e-16, 1.4137729030030748]], [[2.547757474543479, -1.3877787807814457e-16, 1.3877787807814457e-16], [1.1102230246251565e-16, 2.5477574745434786, -1.1102230246251565e-16], [3.053288203764622e-16, -3.0529384316737393e-16, 2.547757474543479]], [[2.547757474543479, -1.3877787807814457e-16, 1.3877787807814457e-16], [1.1102230246251565e-16, 2.5477574745434786, -1.1102230246251565e-16], [3.053288203764622e-16, -3.0529384316737393e-16, 2.547757474543479]], [[-1.9807651887732736, 0.31508874650762386, 0.3150887465076241], [0.3150887465076261, -1.980765188773276, -0.3150887465076261], [0.31508874650762586, -0.31508874650762586, -1.9807651887732756]], [[-1.980765188773278, 0.31508874650762786, -0.31508874650762786], [0.3150887465076241, -1.9807651887732742, 0.31508874650762386], [-0.31508874650762764, 0.31508874650762764, -1.9807651887732782]], [[-1.980765188773279, -0.31508874650762386, -0.3150887465076241], [-0.31508874650762364, -1.9807651887732791, -0.3150887465076243], [-0.3150887465076238, -0.3150887465076244, -1.9807651887732796]], [[-1.9807651887732771, -0.3150887465076272, 0.3150887465076272], [-0.31508874650762697, -1.9807651887732773, 0.31508874650762697], [0.3150887465076244, 0.3150887465076238, -1.9807651887732742]]]}, "metadata": {"formula": "CsAlO2", "nsites": 8, "structure": "# generated using pymatgen\ndata_CsAlO2\n_symmetry_space_group_name_H-M   'P 1'\n_cell_length_a   5.73452212\n_cell_length_b   5.73452212\n_cell_length_c   5.73452212\n_cell_angle_alpha   60.00000000\n_cell_angle_beta   60.00000000\n_cell_angle_gamma   60.00000000\n_symmetry_Int_Tables_number   1\n_chemical_formula_structural   CsAlO2\n_chemical_formula_sum   'Cs2 Al2 O4'\n_cell_volume   133.344989059\n_cell_formula_units_Z   2\nloop_\n _symmetry_equiv_pos_site_id\n _symmetry_equiv_pos_as_xyz\n  1  'x, y, z'\nloop_\n _atom_site_type_symbol\n _atom_site_label\n _atom_site_symmetry_multiplicity\n _atom_site_fract_x\n _atom_site_fract_y\n _atom_site_fract_z\n _atom_site_occupancy\n  Cs  Cs1  1  0.500000  0.500000  0.500000  1\n  Cs  Cs2  1  0.750000  0.750000  0.750000  1\n  Al  Al3  1  0.250000  0.250000  0.250000  1\n  Al  Al4  1  0.000000  0.000000  0.000000  1\n  O  O5  1  0.625000  0.125000  0.125000  1\n  O  O6  1  0.125000  0.625000  0.125000  1\n  O  O7  1  0.125000  0.125000  0.125000  1\n  O  O8  1  0.125000  0.125000  0.625000  1\n"}}