{"phonon": {"ph_bandstructure": [[-0.009850674149290204, -0.007943149173646538, -0.00398197359886188, 110.65291962344214, 110.65291962579809, 112.9773326773502, 120.08078111118336, 138.7699791675811, 140.17835804635783, 150.61139674412064, 166.25876227706107, 203.59756021735024, 212.3705499599214, 233.8830227659426, 233.88302276879963, 264.5841864947699, 272.8127255850592, 296.2126561651833, 376.6514441050946, 376.65144410846335, 471.43032156540005, 478.19278403237325, 519.2371374519212, 534.6735925260141]]}, "dielectric": {"eps_electronic": [[3.084079836990862, 0.0, 0.038676185113832376], [0.0, 2.963093426009079, 0.0], [0.038676185113832244, 0.0, 2.9754571888292696]], "eps_total": [[8.424165101676873, 2.590669900826015e-10, 0.3549497337590012], [2.590624998491334e-10, 7.3138153028009505, 6.430134337177901e-11], [0.3549497337590026, 6.430145305102997e-11, 7.42728343105524]], "becs": [[[2.700536476449245, 0.12400257177088193, 0.07820122786764949], [-0.12400257177214252, 2.4559082674443777, 0.38790346228667133], [0.07820122786684108, -0.38790346227872086, 2.480907150708178]], [[3.7846705709571493, -0.12939338709921322, 0.01649753945808141], [0.12939338710052767, 3.7330631519860846, -0.4047669506848902], [0.01649753945791041, 0.4047669506765943, 3.7383369830281032]], [[-0.8907103537820342, 0.34895908374424534, -0.30629001997873717], [0.355190942358175, -1.136758118373657, 0.43121487584941837], [-0.29298618688978717, 0.42302711702033136, -1.1214352946064987]], [[-1.4338077845235073, 0.06113665368262276, 0.5294001657485746], [0.044350963780660446, -0.7193729870029172, -0.04430533492234222], [0.5300480264530476, -0.0451349866635881, -0.9957229952357647]], [[-0.9180853853976556, -0.40740032976270246, -0.2704595294327029], [-0.402237313803028, -1.2383546043386566, -0.3784777967279667], [-0.2844112232256362, -0.38632387455567996, -0.9924637770258773]], [[-1.4338077845235073, 0.06113665368262276, 0.5294001657485746], [0.044350963780660446, -0.7193729870029172, -0.04430533492234222], [0.5300480264530476, -0.0451349866635881, -0.9957229952357647]], [[-0.8907103537820342, 0.34895908374424534, -0.30629001997873717], [0.355190942358175, -1.136758118373657, 0.43121487584941837], [-0.29298618688978717, 0.42302711702033136, -1.1214352946064987]], [[-0.9180853853976556, -0.40740032976270246, -0.2704595294327029], [-0.402237313803028, -1.2383546043386566, -0.3784777967279667], [-0.2844112232256362, -0.38632387455567996, -0.9924637770258773]]]}, "metadata": {"formula": "ZnPbF6", "nsites": 8, "structure": "# generated using pymatgen\ndata_ZnPbF6\n_symmetry_space_group_name_H-M   'P 1'\n_cell_length_a   5.63911268\n_cell_length_b   5.63911268\n_cell_length_c   5.63911268\n_cell_angle_alpha   55.61422440\n_cell_angle_beta   55.61422440\n_cell_angle_gamma   55.61422440\n_symmetry_Int_Tables_number   1\n_chemical_formula_structural   ZnPbF6\n_chemical_formula_sum   'Zn1 Pb1 F6'\n_cell_volume   113.89385181\n_cell_formula_units_Z   1\nloop_\n _symmetry_equiv_pos_site_id\n _symmetry_equiv_pos_as_xyz\n  1  'x, y, z'\nloop_\n _atom_site_type_symbol\n _atom_site_label\n _atom_site_symmetry_multiplicity\n _atom_site_fract_x\n _atom_site_fract_y\n _atom_site_fract_z\n _atom_site_occupancy\n  Zn  Zn1  1  0.000000  0.000000  0.000000  1\n  Pb  Pb2  1  0.500000  0.500000  0.500000  1\n  F  F3  1  0.621699  0.243120  0.890138  1\n  F  F4  1  0.890138  0.621699  0.243120  1\n  F  F5  1  0.756880  0.109862  0.378301  1\n  F  F6  1  0.109862  0.378301  0.756880  1\n  F  F7  1  0.378301  0.756880  0.109862  1\n  F  F8  1  0.243120  0.890138  0.621699  1\n"}}