{"phonon": {"ph_bandstructure": [[0.0, 0.0, 0.0, 62.05954932766416, 62.29792229239873, 65.72671971696445, 68.23808230735837, 68.43526649778485, 74.43270239541006, 80.43858776676495, 83.98272682074565, 91.38029094221444, 97.64026396732878, 99.67288620588278, 102.70944621833408, 105.02575007868607, 108.58563213732491, 115.38397056208566, 115.84512870695642, 124.26411905913784, 127.84008475321117, 129.22004463157006, 133.26955126481226, 137.72637153657487, 165.40723450534415, 171.19688327021296, 174.57888293023746, 188.5785009251506, 192.31011064620802, 192.63664861887634, 196.73332847247312, 207.0057174057394, 213.52615740358416, 229.35548948604585, 230.78747336931187, 231.95018722421528]]}, "dielectric": {"eps_electronic": [[13.890986688117342, 0.0, 1.1195656767263684e-24], [0.0, 16.923103935478643, 0.0], [1.1195656767263686e-24, 0.0, 15.502269010131249]], "eps_total": [[27.286765196338276, 0.0, 1.1195656767263684e-24], [0.0, 30.591647127964524, 0.0], [1.1195656767263686e-24, 0.0, 26.00412832798714]], "becs": [[[2.3989760769110324, 0.0, 0.0], [0.0, 2.0593007444454745, -0.008879205318540605], [6.555106673794735e-25, 0.01767028873568518, 2.148740233570835]], [[2.3989760769110324, 0.0, 0.0], [0.0, 2.0593007444454754, -0.008879205318540605], [6.555106673794735e-25, 0.017670288735685182, 2.148740233570835]], [[2.3989760769110315, 0.0, 0.0], [0.0, 2.0593007444454754, 0.008879205318540615], [8.521638441504281e-24, -0.017670288735685175, 2.1487402335708365]], [[2.3989760769110324, 0.0, 0.0], [0.0, 2.0593007444454754, 0.008879205318540615], [1.6387766215629087e-23, -0.017670288735685175, 2.148740233570835]], [[1.4251738474727622, 0.0, 0.0], [0.0, 1.8149731316486561, -0.196908422305208], [6.555106673794735e-25, -0.09649021945313974, 1.6518257069715854]], [[1.425173847472763, 0.0, 0.0], [0.0, 1.8149731316486544, -0.19690842230520794], [6.555106673794735e-25, -0.09649021945313974, 1.6518257069715845]], [[1.4251738474727622, 0.0, 0.0], [0.0, 1.8149731316486544, 0.19690842230520797], [6.555106673794735e-25, 0.09649021945313974, 1.6518257069715854]], [[1.425173847472763, 0.0, 0.0], [0.0, 1.8149731316486544, 0.19690842230520794], [-1.507674488087014e-23, 0.09649021945313974, 1.6518257069715845]], [[-3.8241499269963013, 0.0, 0.0], [0.0, -3.874273876249287, -0.09316158699584923], [-3.080900042911976e-23, 0.10108251358563375, -3.800565940599686]], [[-3.8241499269963013, 0.0, 0.0], [0.0, -3.874273876249287, -0.09316158699584923], [6.555106673794735e-25, 0.10108251358563375, -3.8005659405996877]], [[-3.8241499269963013, 0.0, 0.0], [0.0, -3.874273876249287, 0.09316158699584925], [6.555106673794735e-25, -0.10108251358563375, -3.8005659405996877]], [[-3.8241499269963013, 0.0, 0.0], [0.0, -3.874273876249287, 0.09316158699584923], [1.6387766215629087e-23, -0.10108251358563375, -3.8005659405996877]]]}, "metadata": {"formula": "Sr2Si", "nsites": 12, "structure": "# generated using pymatgen\ndata_Sr2Si\n_symmetry_space_group_name_H-M   'P 1'\n_cell_length_a   5.07971483\n_cell_length_b   7.96493077\n_cell_length_c   9.48483699\n_cell_angle_alpha   90.00000000\n_cell_angle_beta   90.00000000\n_cell_angle_gamma   90.00000000\n_symmetry_Int_Tables_number   1\n_chemical_formula_structural   Sr2Si\n_chemical_formula_sum   'Sr8 Si4'\n_cell_volume   383.752492037\n_cell_formula_units_Z   4\nloop_\n _symmetry_equiv_pos_site_id\n _symmetry_equiv_pos_as_xyz\n  1  'x, y, z'\nloop_\n _atom_site_type_symbol\n _atom_site_label\n _atom_site_symmetry_multiplicity\n _atom_site_fract_x\n _atom_site_fract_y\n _atom_site_fract_z\n _atom_site_occupancy\n  Sr  Sr1  1  0.750000  0.980836  0.176010  1\n  Sr  Sr2  1  0.250000  0.019164  0.823990  1\n  Sr  Sr3  1  0.750000  0.480836  0.323990  1\n  Sr  Sr4  1  0.250000  0.519164  0.676010  1\n  Sr  Sr5  1  0.250000  0.652658  0.077710  1\n  Sr  Sr6  1  0.750000  0.347342  0.922290  1\n  Sr  Sr7  1  0.250000  0.152658  0.422290  1\n  Sr  Sr8  1  0.750000  0.847342  0.577710  1\n  Si  Si9  1  0.250000  0.252139  0.102943  1\n  Si  Si10  1  0.750000  0.747861  0.897057  1\n  Si  Si11  1  0.250000  0.752139  0.397057  1\n  Si  Si12  1  0.750000  0.247861  0.602943  1\n"}}