{"phonon": {"ph_bandstructure": [[-0.0029039613963498744, -0.002890094887816741, 0.0, 21.028959584131055, 31.663716566945723, 50.94270513976171, 59.11699395661348, 73.36378597491006, 86.89436353462062, 95.21496586372037, 98.18152002568637, 99.13216664283418, 107.56770787366331, 116.19917790734922, 117.6518986457471, 131.8108918701534, 148.99660728127068, 154.44672185884608, 163.30977410181546, 168.2465761021306, 182.65709917130476, 182.7372997882449, 188.3590703306025, 192.05676310624042, 214.7790259907578, 215.83370526188435, 220.56495478092785, 224.6079461005929, 225.58288476164105, 236.16028913863545]]}, "dielectric": {"eps_electronic": [[10.806484819204792, 0.0, 0.0], [0.0, 5.403647921130487, 0.0], [0.0, 0.0, 6.659542250067713]], "eps_total": [[17.877057341113893, 0.0, 0.0], [0.0, 8.75811892252143, 0.0], [0.0, 0.0, 13.147023547312626]], "becs": [[[0.975399715515413, 0.0, 0.0], [0.0, 1.434591138716925, 0.33909881680514853], [-5.464901809949099e-27, 0.004482626059674744, 1.0996036878183784]], [[0.975399715515413, 0.0, 0.0], [0.0, 1.434591138716925, -0.33909881680514853], [-5.464901809949099e-27, -0.004482626059674767, 1.0996036878183788]], [[1.2274999876283852, 0.0, 0.0], [0.0, 1.3700580648174665, 0.19105568367427073], [-3.6674335562946674e-19, -0.09201570718921166, 1.3508902232179274]], [[1.227499987628386, 0.0, 0.0], [0.0, 1.3700580648174687, -0.19105568367427073], [-3.6674335562946674e-19, 0.09201570718921163, 1.350890223217926]], [[2.063839213911082, 0.0, 0.0], [0.0, -0.9217952522862409, -0.6537239293812369], [-3.6674335562946674e-19, -0.5693572379324857, -0.32128731027423174]], [[2.063839213911082, 0.0, 0.0], [0.0, -0.9217952522862409, 0.6537239293812369], [-3.6674335562946674e-19, 0.5693572379324858, -0.32128731027423174]], [[-2.1780086251764463, 0.0, 0.0], [0.0, -0.9592846715101133, 0.017535603064665437], [-3.6674335562946674e-19, 0.10735683162224957, -1.1192860576635302]], [[-2.178008625176443, 0.0, 0.0], [0.0, -0.9592846715101098, -0.017535603064665437], [-3.6674335562946674e-19, -0.1073568316222496, -1.1192860576635302]], [[-2.0887302930577634, 0.0, 0.0], [0.0, -0.9235692797444164, -0.11591967862187057], [-3.6674335562946674e-19, -0.012126964930506853, -1.0099205431044127]], [[-2.0887302930577634, 0.0, 0.0], [0.0, -0.9235692797444164, 0.11591967862187055], [2.5672034456870526e-18, 0.012126964930506832, -1.009920543104411]]]}, "metadata": {"formula": "Na2PtSe2", "nsites": 10, "structure": "# generated using pymatgen\ndata_Na2PtSe2\n_symmetry_space_group_name_H-M   'P 1'\n_cell_length_a   5.66627864\n_cell_length_b   5.66627864\n_cell_length_c   11.24690368\n_cell_angle_alpha   90.00000000\n_cell_angle_beta   90.00000000\n_cell_angle_gamma   141.87057635\n_symmetry_Int_Tables_number   1\n_chemical_formula_structural   Na2PtSe2\n_chemical_formula_sum   'Na4 Pt2 Se4'\n_cell_volume   222.958242857\n_cell_formula_units_Z   2\nloop_\n _symmetry_equiv_pos_site_id\n _symmetry_equiv_pos_as_xyz\n  1  'x, y, z'\nloop_\n _atom_site_type_symbol\n _atom_site_label\n _atom_site_symmetry_multiplicity\n _atom_site_fract_x\n _atom_site_fract_y\n _atom_site_fract_z\n _atom_site_occupancy\n  Na  Na1  1  0.063152  0.936848  0.132212  1\n  Na  Na2  1  0.936848  0.063152  0.632212  1\n  Na  Na3  1  0.669384  0.330616  0.401165  1\n  Na  Na4  1  0.330616  0.669384  0.901165  1\n  Pt  Pt5  1  0.361284  0.638716  0.248146  1\n  Pt  Pt6  1  0.638716  0.361284  0.748146  1\n  Se  Se7  1  0.942979  0.057021  0.370351  1\n  Se  Se8  1  0.057021  0.942979  0.870351  1\n  Se  Se9  1  0.779563  0.220437  0.125827  1\n  Se  Se10  1  0.220437  0.779563  0.625827  1\n"}}