{"phonon": {"ph_bandstructure": [[0.0, 0.0, 0.0, 117.47962963499147, 130.22452680124937, 151.57847570806757, 165.82062638065838, 176.17554309953485, 190.17158286478414, 203.4855738491809, 204.84116080104567, 206.93453196161175, 214.73559701610114, 241.41017978969364, 263.92894697432786, 281.95969675683773, 296.1990658720063, 303.48444049618126, 334.0792303529629, 334.3600046120196, 348.12582140208656, 351.21390291233325, 351.7986294900872, 364.430260219696, 366.74761496404204, 366.7908797791116, 394.85001268838926, 396.36972752317183, 400.01426703658285, 416.2054720386172, 429.56733940488834, 431.173812756927, 466.57368115685586, 471.6317009580882, 522.2500651414712, 586.1067364904782]]}, "dielectric": {"eps_electronic": [[2.3076065665061716, -3.645359831986874e-16, 6.839345841321258e-16], [-6.171945418112002e-17, 2.307606566506171, 8.56261993879288e-17], [-3.0528052763656046e-16, -8.323592271152916e-17, 2.3785575815976094]], "eps_total": [[8.229162492043512, 2.4051890029431926e-11, -3.4775565077660693e-15], [2.4052029516562934e-11, 8.22916249212317, -1.1076612753749875e-15], [-2.9954736406852127e-15, 1.889507667665476e-15, 8.162482883582046]], "becs": [[[1.2634917093441975, 0.04954618951530561, -2.9555425102520404e-18], [-0.0495461895153053, 1.2634917093441977, -6.425802882264206e-19], [-2.5905204349083313e-16, -2.590520401821107e-16, 0.8644081025496039]], [[1.1086264341582108, -0.027460719563352366, -1.179611949188568e-16], [0.02746071956335218, 1.108626434158211, 1.0639637222820012e-16], [-3.700743856580182e-17, 6.291263795180146e-16, 1.1184027516215087]], [[2.2647394512523396, -0.013493009409127215, -1.6384591711373262e-16], [0.013493009409126691, 2.26473945125234, 1.9928952811146888e-16], [-1.4802974102831747e-16, 8.511709844430459e-16, 2.6705883723222827]], [[4.319541025278312, -0.025498757376653837, 1.4963618637220954e-16], [0.02549875737665354, 4.319541025278311, -2.6438448564019854e-16], [2.9605946882174514e-16, -3.700743525707937e-17, 4.583367238271629]], [[-1.0329360192517472, 0.3266610020595313, 0.03328907718793583], [0.33983826131873973, -1.366970827599653, -0.35273736016980495], [0.06312062901569723, -0.3332878589031037, -0.9919220922483308]], [[-1.0104191419638804, -0.0003808871673818088, -0.32255274105822174], [-0.02201129484348062, -1.067873321223618, -0.36184760554669193], [-0.2924718361795505, -0.3113474267679193, -1.3172695239539562]], [[-1.366970827599654, -0.3398382613187396, 0.35273736016980506], [-0.3266610020595314, -1.0329360192517472, 0.03328907718793616], [0.33328785890310353, 0.06312062901569422, -0.9919220922483322]], [[-1.366970827599654, -0.33983826131873984, -0.35273736016980495], [-0.3266610020595323, -1.032936019251748, -0.03328907718793627], [-0.3332878589031064, -0.06312062901569697, -0.99192209224833]], [[-1.0329360192517472, 0.32666100205953197, -0.033289077187935966], [0.3398382613187404, -1.3669708275996522, 0.35273736016980506], [-0.06312062901569618, 0.3332878589031067, -0.9919220922483308]], [[-1.0678733212236171, 0.0220112948434801, 0.3618476055466918], [0.0003808871673826184, -1.0104191419638795, -0.3225527410582214], [0.3113474267679214, -0.29247183617955314, -1.3172695239539571]], [[-1.0104191419638804, -0.00038088716738247496, 0.32255274105822196], [-0.022011294843481063, -1.0678733212236189, 0.3618476055466917], [0.2924718361795525, 0.31134742676792054, -1.3172695239539554]], [[-1.0678733212236162, 0.02201129484348121, -0.36184760554669176], [0.00038088716738239636, -1.0104191419638804, 0.3225527410582215], [-0.31134742676792115, 0.29247183617955036, -1.3172695239539554]]]}, "metadata": {"formula": "Li2CaHfF8", "nsites": 12, "structure": "# generated using pymatgen\ndata_Li2CaHfF8\n_symmetry_space_group_name_H-M   'P 1'\n_cell_length_a   6.34200418\n_cell_length_b   6.34200418\n_cell_length_c   6.34200418\n_cell_angle_alpha   132.68310387\n_cell_angle_beta   132.68310387\n_cell_angle_gamma   69.15225487\n_symmetry_Int_Tables_number   1\n_chemical_formula_structural   Li2CaHfF8\n_chemical_formula_sum   'Li2 Ca1 Hf1 F8'\n_cell_volume   135.281679048\n_cell_formula_units_Z   1\nloop_\n _symmetry_equiv_pos_site_id\n _symmetry_equiv_pos_as_xyz\n  1  'x, y, z'\nloop_\n _atom_site_type_symbol\n _atom_site_label\n _atom_site_symmetry_multiplicity\n _atom_site_fract_x\n _atom_site_fract_y\n _atom_site_fract_z\n _atom_site_occupancy\n  Li  Li1  1  0.750000  0.250000  0.500000  1\n  Li  Li2  1  0.000000  0.000000  0.000000  1\n  Ca  Ca3  1  0.500000  0.500000  0.000000  1\n  Hf  Hf4  1  0.250000  0.750000  0.500000  1\n  F  F5  1  0.866333  0.893292  0.400195  1\n  F  F6  1  0.940930  0.378076  0.141377  1\n  F  F7  1  0.106708  0.506903  0.973041  1\n  F  F8  1  0.533861  0.133667  0.026959  1\n  F  F9  1  0.493097  0.466139  0.599805  1\n  F  F10  1  0.621924  0.763301  0.562854  1\n  F  F11  1  0.236699  0.799553  0.858623  1\n  F  F12  1  0.200447  0.059070  0.437146  1\n"}}