{"phonon": {"ph_bandstructure": [[0.0, 0.0, 0.0, 161.760062169878, 164.44417953514056, 205.27714450078594, 209.2230347567757, 213.89588780364997, 229.46499149560964, 274.9635070029791, 292.1169681275081, 293.3363905991556, 295.04836349962613, 302.399499234873, 304.07034364981996, 322.5846098708268, 327.497264774394, 330.8451201219996, 334.75618726028813, 352.68388778855126, 353.47212670887455, 368.3983198774016, 370.8492216099919, 381.1919372951306, 381.2859765653494, 395.7868410324405, 401.17732504614213, 411.36556713355793, 430.3735763289825, 438.92751368631366, 447.8750263146932, 454.6845065052031, 469.7373324374124, 479.6344136481513, 483.7924664727973, 488.07440436287925]]}, "dielectric": {"eps_electronic": [[23.011787699854416, 0.0, 0.0], [0.0, 23.537029629678248, -0.7040673313730765], [0.0, -0.7040673313730782, 22.991697021391328]], "eps_total": [[32.105194523031905, 0.0, 0.0], [0.0, 33.28545169319148, -2.6129001310720192], [0.0, -2.612900131072025, 34.8090302159435]], "becs": [[[-5.278723829925804, 0.41330984983284913, 0.2935226109712915], [0.07753826400975572, -5.468968724481995, 0.5421544625308959], [0.09779264584673686, 0.13772539207429896, -5.9382941852043665]], [[-5.278723829925804, -0.4133098498328491, -0.2935226109712915], [-0.07753826400975572, -5.468968724481995, 0.5421544625308959], [-0.09779264584673686, 0.13772539207429899, -5.9382941852043665]], [[-5.278723829925804, 0.41330984983284913, 0.2935226109712915], [0.07753826400975572, -5.468968724481995, 0.5421544625308959], [0.09779264584673686, 0.13772539207429899, -5.9382941852043665]], [[-5.278723829925804, -0.4133098498328491, -0.2935226109712915], [-0.07753826400975572, -5.468968724481995, 0.5421544625308959], [-0.09779264584673686, 0.13772539207429899, -5.9382941852043665]], [[2.599791956740152, -0.04597058234233711, -0.2837932761356491], [0.03886457677861613, 2.1909373711894906, -0.60962297699433], [0.0420861707784799, 0.11208316086070233, 2.939171805924519]], [[2.599791956740152, 0.045970582342337085, 0.2837932761356491], [-0.03886457677861613, 2.1909373711894906, -0.60962297699433], [-0.04208617077847991, 0.11208316086070232, 2.939171805924519]], [[2.599791956740152, -0.04597058234233711, -0.2837932761356491], [0.03886457677861613, 2.1909373711894906, -0.60962297699433], [0.0420861707784799, 0.11208316086070233, 2.939171805924519]], [[2.599791956740152, 0.045970582342337085, 0.2837932761356491], [-0.03886457677861613, 2.1909373711894906, -0.60962297699433], [-0.04208617077847991, 0.11208316086070232, 2.939171805924519]], [[2.6789318722844317, -0.0716043522233008, -0.1633075338470389], [0.05146382702146243, 3.2780313532638132, 0.06746851428990336], [-0.21268486226635874, -0.24980855313561096, 2.9991223788164008]], [[2.6789318722844317, 0.07160435222330078, 0.1633075338470389], [-0.051463827021462405, 3.2780313532638132, 0.06746851428990336], [0.21268486226635874, -0.249808553135611, 2.9991223788164008]], [[2.6789318722844317, -0.0716043522233008, -0.1633075338470389], [0.05146382702146242, 3.2780313532638132, 0.06746851428990347], [-0.21268486226635874, -0.24980855313561096, 2.9991223788164008]], [[2.6789318722844317, 0.07160435222330078, 0.1633075338470389], [-0.051463827021462405, 3.2780313532638132, 0.06746851428990336], [0.21268486226635874, -0.249808553135611, 2.9991223788164003]]]}, "metadata": {"formula": "CoP2", "nsites": 12, "structure": "# generated using pymatgen\ndata_CoP2\n_symmetry_space_group_name_H-M   'P 1'\n_cell_length_a   5.48229159\n_cell_length_b   5.47343951\n_cell_length_c   5.55384211\n_cell_angle_alpha   65.47034399\n_cell_angle_beta   90.00000000\n_cell_angle_gamma   90.00000000\n_symmetry_Int_Tables_number   1\n_chemical_formula_structural   CoP2\n_chemical_formula_sum   'Co4 P8'\n_cell_volume   151.612978327\n_cell_formula_units_Z   4\nloop_\n _symmetry_equiv_pos_site_id\n _symmetry_equiv_pos_as_xyz\n  1  'x, y, z'\nloop_\n _atom_site_type_symbol\n _atom_site_label\n _atom_site_symmetry_multiplicity\n _atom_site_fract_x\n _atom_site_fract_y\n _atom_site_fract_z\n _atom_site_occupancy\n  Co  Co1  1  0.498982  0.727712  0.790100  1\n  Co  Co2  1  0.998982  0.272288  0.709900  1\n  Co  Co3  1  0.501018  0.272288  0.209900  1\n  Co  Co4  1  0.001018  0.727712  0.290100  1\n  P  P5  1  0.871549  0.842975  0.870850  1\n  P  P6  1  0.371549  0.157025  0.629150  1\n  P  P7  1  0.128451  0.157025  0.129150  1\n  P  P8  1  0.628451  0.842975  0.370850  1\n  P  P9  1  0.370236  0.660404  0.183400  1\n  P  P10  1  0.870236  0.339596  0.316600  1\n  P  P11  1  0.629764  0.339596  0.816600  1\n  P  P12  1  0.129764  0.660404  0.683400  1\n"}}