{"phonon": {"ph_bandstructure": [[0.0, 0.0, 0.0, 551.4723696959192, 551.4723696967905, 644.4747092438101]]}, "dielectric": {"eps_electronic": [[24.13774271142435, 7.439303401096099e-15, -5.329070518200751e-15], [8.328275644342265e-15, 24.137742711424348, 1.7763568394002505e-15], [-7.791559886642216e-16, -7.791559886642216e-16, 24.137742711424348]], "eps_total": [[32.965593296767395, 1.0059939211221941e-14, -3.552713678800501e-15], [8.586602709768637e-15, 32.96559329678389, 7.105427357601002e-15], [-5.347284139173865e-15, 1.7581432184271368e-15, 32.965593296795284]], "becs": [[[4.379220592026763, 0.0, 0.0], [0.0, 4.379220592026763, 0.0], [-2.5060520721984294e-20, -2.5060520721984294e-20, 4.379220592026763]], [[-4.379220592026763, 0.0, 0.0], [0.0, -4.379220592026763, 0.0], [2.5060520721984198e-20, 2.5060520721984198e-20, -4.379220592026763]]]}, "metadata": {"formula": "HfC", "nsites": 2, "structure": "# generated using pymatgen\ndata_HfC\n_symmetry_space_group_name_H-M   'P 1'\n_cell_length_a   3.53490192\n_cell_length_b   3.53490192\n_cell_length_c   3.53490192\n_cell_angle_alpha   60.00000000\n_cell_angle_beta   60.00000000\n_cell_angle_gamma   60.00000000\n_symmetry_Int_Tables_number   1\n_chemical_formula_structural   HfC\n_chemical_formula_sum   'Hf1 C1'\n_cell_volume   31.2332448856\n_cell_formula_units_Z   1\nloop_\n _symmetry_equiv_pos_site_id\n _symmetry_equiv_pos_as_xyz\n  1  'x, y, z'\nloop_\n _atom_site_type_symbol\n _atom_site_label\n _atom_site_symmetry_multiplicity\n _atom_site_fract_x\n _atom_site_fract_y\n _atom_site_fract_z\n _atom_site_occupancy\n  Hf  Hf1  1  0.000000  0.000000  0.000000  1\n  C  C2  1  0.750000  0.750000  0.750000  1\n"}}