{"phonon": {"ph_bandstructure": [[0.0, 0.0, 0.0, 44.33134194338731, 46.551437298140804, 47.85492494499996, 65.02518783112961, 70.55867182575973, 70.68065277578691, 85.92902319685085, 88.42186330172431, 107.38608780422554, 108.6925405753706, 109.59577969927447, 114.20547308508478, 118.57541929521744, 132.8271800814161, 139.42166826690823, 148.81095192563768, 154.10177952019848, 154.59136643774443, 157.72094491721433, 176.3774331480555, 197.2920072808141]]}, "dielectric": {"eps_electronic": [[12.446085633467453, 0.0, 0.0], [0.0, 12.446085633467453, 0.0], [0.0, 0.0, 11.290097105515386]], "eps_total": [[19.532484928387014, -8.985698198970408e-16, 0.0], [-8.985698198970408e-16, 19.532484928765957, 0.0], [0.0, 0.0, 17.9424630889066]], "becs": [[[4.108586630882463, -0.23968719289006085, 0.0], [-0.23968719289006085, 4.1085866308824635, 0.0], [3.469446951953614e-18, -1.1157593432284996e-26, 4.444780284077557]], [[4.108586630882463, 0.23968719289006085, 0.0], [0.23968719289006085, 4.1085866308824635, 0.0], [3.469446951953614e-18, 0.0, 4.444780284077557]], [[0.9397408759211947, 0.08657395210387156, 0.0], [-0.08657395210387156, 0.939740875921193, 0.0], [3.469446951953614e-18, 0.0, 0.7045818091032099]], [[0.9397408759211947, -0.08657395210387156, 0.0], [0.08657395210387153, 0.939740875921193, 0.0], [3.469446957532411e-18, 0.0, 0.7045818091032099]], [[-2.5241637534018286, -0.9131029501152204, -0.0717235026578353], [-0.9131029501152204, -2.5241637534018286, -0.07172350265783531], [0.08536686983162473, 0.08536686983162473, -2.5746810465903835]], [[-2.5241637534018286, 0.9131029501152204, 0.0717235026578353], [0.9131029501152204, -2.5241637534018286, -0.07172350265783531], [-0.08536686983162475, 0.08536686983162473, -2.5746810465903835]], [[-2.5241637534018286, 0.9131029501152204, -0.0717235026578353], [0.9131029501152204, -2.5241637534018286, 0.07172350265783531], [0.08536686983162475, -0.08536686983162473, -2.5746810465903835]], [[-2.5241637534018286, -0.9131029501152204, 0.0717235026578353], [-0.9131029501152201, -2.5241637534018286, 0.07172350265783531], [-0.08536686983162475, -0.08536686983162473, -2.5746810465903835]]]}, "metadata": {"formula": "YAgTe2", "nsites": 8, "structure": "# generated using pymatgen\ndata_YAgTe2\n_symmetry_space_group_name_H-M   'P 1'\n_cell_length_a   6.93036825\n_cell_length_b   6.93036825\n_cell_length_c   4.69890162\n_cell_angle_alpha   90.00000000\n_cell_angle_beta   90.00000000\n_cell_angle_gamma   90.00000000\n_symmetry_Int_Tables_number   1\n_chemical_formula_structural   YAgTe2\n_chemical_formula_sum   'Y2 Ag2 Te4'\n_cell_volume   225.688263646\n_cell_formula_units_Z   2\nloop_\n _symmetry_equiv_pos_site_id\n _symmetry_equiv_pos_as_xyz\n  1  'x, y, z'\nloop_\n _atom_site_type_symbol\n _atom_site_label\n _atom_site_symmetry_multiplicity\n _atom_site_fract_x\n _atom_site_fract_y\n _atom_site_fract_z\n _atom_site_occupancy\n  Y  Y1  1  0.000000  0.500000  0.817229  1\n  Y  Y2  1  0.500000  0.000000  0.182771  1\n  Ag  Ag3  1  0.000000  0.000000  0.000000  1\n  Ag  Ag4  1  0.500000  0.500000  0.000000  1\n  Te  Te5  1  0.797777  0.297777  0.298753  1\n  Te  Te6  1  0.297777  0.202223  0.701247  1\n  Te  Te7  1  0.702223  0.797777  0.701247  1\n  Te  Te8  1  0.202223  0.702223  0.298753  1\n"}}