{"phonon": {"ph_bandstructure": [[0.0, 0.0, 0.0, 691.0038771863553, 691.0038771873012, 694.3285220278236]]}, "dielectric": {"eps_electronic": [[10.032167864916383, -2.193670156865584e-15, 0.0], [-2.193670156865584e-15, 10.032167864916383, 0.0], [-6.415724823282516e-16, -6.415724823282516e-16, 10.032167864916381]], "eps_total": [[10.128936155941533, -2.5304230080272183e-15, -2.6645352591003757e-15], [-3.569640645735542e-15, 10.128936155999027, -3.552713678800501e-15], [-2.1725999479119836e-15, -2.1725999479119836e-15, 10.128936155941775]], "becs": [[[-0.4904366898625224, 0.0, 0.0], [0.0, -0.4904366898625224, 0.0], [1.9184779446645229e-19, 1.9184779446645229e-19, -0.4904366898625224]], [[0.4904366898625224, 0.0, 0.0], [0.0, 0.4904366898625224, 0.0], [-1.9184779446645229e-19, -1.9184779446645229e-19, 0.4904366898625224]]]}, "metadata": {"formula": "BAs", "nsites": 2, "structure": "# generated using pymatgen\ndata_BAs\n_symmetry_space_group_name_H-M   'P 1'\n_cell_length_a   3.37204919\n_cell_length_b   3.37204919\n_cell_length_c   3.37204919\n_cell_angle_alpha   60.00000000\n_cell_angle_beta   60.00000000\n_cell_angle_gamma   60.00000000\n_symmetry_Int_Tables_number   1\n_chemical_formula_structural   BAs\n_chemical_formula_sum   'B1 As1'\n_cell_volume   27.1123214492\n_cell_formula_units_Z   1\nloop_\n _symmetry_equiv_pos_site_id\n _symmetry_equiv_pos_as_xyz\n  1  'x, y, z'\nloop_\n _atom_site_type_symbol\n _atom_site_label\n _atom_site_symmetry_multiplicity\n _atom_site_fract_x\n _atom_site_fract_y\n _atom_site_fract_z\n _atom_site_occupancy\n  B  B1  1  0.250000  0.250000  0.250000  1\n  As  As2  1  0.000000  0.000000  0.000000  1\n"}}