{"phonon": {"ph_bandstructure": [[0.0, 0.0, 0.0, 119.42847179695443, 119.42847179854874, 162.4727149617998]]}, "dielectric": {"eps_electronic": [[6.209833290054244, -5.1431943903664715e-16, -3.552713678800501e-15], [-8.810347973843551e-16, 6.209833290054244, -3.9968028886505635e-15], [-4.949344883004748e-15, -4.061166463304623e-15, 6.209833290054242]], "eps_total": [[11.492779286869437, 8.070785077802264e-10, -6.217248937900877e-15], [8.070777905312669e-10, 11.492779287006421, 6.255636009200316e-10], [-7.762340629267997e-15, 6.255638321851796e-10, 11.492779287010428]], "becs": [[[2.394495560388334, 0.0, 0.0], [0.0, 2.394495560388334, 0.0], [7.045901755157747e-20, 7.045901755157747e-20, 2.394495560388334]], [[-2.394495560388334, 0.0, 0.0], [0.0, -2.394495560388334, 0.0], [-7.045901755157747e-20, -7.045901755157747e-20, -2.394495560388334]]]}, "metadata": {"formula": "SrTe", "nsites": 2, "structure": "# generated using pymatgen\ndata_SrTe\n_symmetry_space_group_name_H-M   'P 1'\n_cell_length_a   4.67125813\n_cell_length_b   4.67125813\n_cell_length_c   4.67125813\n_cell_angle_alpha   60.00000000\n_cell_angle_beta   60.00000000\n_cell_angle_gamma   60.00000000\n_symmetry_Int_Tables_number   1\n_chemical_formula_structural   SrTe\n_chemical_formula_sum   'Sr1 Te1'\n_cell_volume   72.0753239616\n_cell_formula_units_Z   1\nloop_\n _symmetry_equiv_pos_site_id\n _symmetry_equiv_pos_as_xyz\n  1  'x, y, z'\nloop_\n _atom_site_type_symbol\n _atom_site_label\n _atom_site_symmetry_multiplicity\n _atom_site_fract_x\n _atom_site_fract_y\n _atom_site_fract_z\n _atom_site_occupancy\n  Sr  Sr1  1  0.000000  0.000000  0.000000  1\n  Te  Te2  1  0.500000  0.500000  0.500000  1\n"}}