{"phonon": {"ph_bandstructure": [[0.0, 0.0, 0.0, 161.75505849464355, 161.77533374818745, 208.54985915268287, 212.50939715554472, 217.8752819161567, 217.87528191822068, 279.7068179929416, 307.5326094545073, 355.54555759947647]]}, "dielectric": {"eps_electronic": [[5.496321873643477, 0.0, -0.2085640913271592], [0.0, 6.631413640665989, 0.0], [-0.20856409132716158, 0.0, 6.593091646444727]], "eps_total": [[15.301804128439837, 7.549516567451064e-14, -0.7292284549846968], [6.333442339308176e-14, 19.270566010330278, 8.037413427883696e-15], [-0.7292284549846898, 8.881784197001252e-15, 19.136576077309606]], "becs": [[[1.6265148933574687, 0.0, 0.07552424686105202], [0.0, 1.2154808065417133, 0.0], [0.07552424686217704, 0.0, 1.229357786692439]], [[2.453814120610259, 0.0, -0.326159072513354], [0.0, 4.228906254582123, 0.0], [-0.32615907251821774, 0.0, 4.168977117075143]], [[-2.0401645069838636, 0.0, 0.125317412826151], [0.0, -2.722193530561918, 0.0], [0.1253174128280204, 0.0, -2.6991674518837914]], [[-2.0401645069838636, 0.0, 0.125317412826151], [0.0, -2.722193530561918, 0.0], [0.1253174128280204, 0.0, -2.6991674518837914]]]}, "metadata": {"formula": "LiYS2", "nsites": 4, "structure": "# generated using pymatgen\ndata_LiYS2\n_symmetry_space_group_name_H-M   'P 1'\n_cell_length_a   6.46651274\n_cell_length_b   6.46651274\n_cell_length_c   6.46651274\n_cell_angle_alpha   34.76134977\n_cell_angle_beta   34.76134977\n_cell_angle_gamma   34.76134977\n_symmetry_Int_Tables_number   1\n_chemical_formula_structural   LiYS2\n_chemical_formula_sum   'Li1 Y1 S2'\n_cell_volume   78.454895309\n_cell_formula_units_Z   1\nloop_\n _symmetry_equiv_pos_site_id\n _symmetry_equiv_pos_as_xyz\n  1  'x, y, z'\nloop_\n _atom_site_type_symbol\n _atom_site_label\n _atom_site_symmetry_multiplicity\n _atom_site_fract_x\n _atom_site_fract_y\n _atom_site_fract_z\n _atom_site_occupancy\n  Li  Li1  1  0.500000  0.500000  0.500000  1\n  Y  Y2  1  0.000000  0.000000  0.000000  1\n  S  S3  1  0.750942  0.750942  0.750942  1\n  S  S4  1  0.249058  0.249058  0.249058  1\n"}}