{"phonon": {"ph_bandstructure": [[0.0, 0.0, 0.0, 70.66507022402884, 72.27790781037245, 88.16282574224007, 91.96295051189661, 92.69449854054737, 98.85854643221373, 123.01263938107782, 123.84099360499818, 127.2916295136594, 131.06216704485232, 134.89321151737474, 141.33312627966703, 154.9142170724564, 155.67346098965908, 161.50116334212845, 161.7359678550847, 164.2056248022944, 171.36141495605483, 173.17923849501008, 181.40940966494605, 183.25795309553968, 184.71589627568449, 185.0648617152556, 186.44922419201137, 187.4546092251182, 187.85672666401732, 194.58076889026765, 197.76588721997078, 201.57683485125736, 218.01015837941694, 227.686055662922, 233.7235554693356, 234.5751227481286]]}, "dielectric": {"eps_electronic": [[24.651979339411348, 0.0, 0.0], [0.0, 22.8645968718339, 0.7816580428799776], [0.0, 0.7816580428799801, 21.98318797167415]], "eps_total": [[34.27108511742888, 0.0, 0.0], [0.0, 31.813578994165425, 0.6664286977590229], [0.0, 0.6664286977590261, 31.317103376953295]], "becs": [[[2.833788541914815, -0.4806645702948895, -0.44593720840823403], [-0.10921727655324223, 2.6173076143617022, -0.5598932821117681], [-0.07811452327962973, 0.05386205576412209, 3.2920522603579654]], [[2.8337885419148123, 0.4806645702948895, 0.44593720840823403], [0.10921727655324223, 2.6173076143617022, -0.5598932821117681], [0.07811452327962969, 0.05386205576412209, 3.2920522603579654]], [[2.8337885419148123, -0.4806645702948895, -0.44593720840823403], [-0.10921727655324223, 2.6173076143617022, -0.5598932821117664], [-0.07811452327962973, 0.05386205576412209, 3.2920522603579663]], [[2.8337885419148123, 0.4806645702948895, 0.44593720840823403], [0.10921727655324223, 2.6173076143617022, -0.5598932821117664], [0.07811452327962969, 0.05386205576412209, 3.2920522603579663]], [[2.8358313301396154, 0.04762787652347782, 0.06849319593012959], [0.19793444139529306, 3.3412533133226034, 0.1874401427566872], [-0.11434405678782172, -0.06041533921801462, 2.997059012777899]], [[2.8358313301396154, -0.04762787652347783, -0.06849319593012959], [-0.19793444139529306, 3.3412533133226034, 0.18744014275668808], [0.11434405678782172, -0.060415339218014626, 2.9970590127779007]], [[2.8358313301396154, 0.04762787652347782, 0.06849319593012959], [0.19793444139529306, 3.3412533133226034, 0.1874401427566872], [-0.11434405678782172, -0.06041533921801462, 2.997059012777899]], [[2.8358313301396154, -0.04762787652347783, -0.06849319593012959], [-0.19793444139529306, 3.3412533133226034, 0.1874401427566872], [0.11434405678782172, -0.060415339218014626, 2.997059012777899]], [[-5.669619873559084, 0.35075253688706143, 0.2291038646005653], [0.6210955292303781, -5.9585609274246965, 0.3724531393812065], [0.33470732590717467, 0.0065532834779867466, -6.289111273074428]], [[-5.669619873559084, -0.35075253688706143, -0.22910386460056525], [-0.6210955292303781, -5.9585609274246965, 0.37245313938120916], [-0.33470732590717456, 0.0065532834779867466, -6.2891112730744245]], [[-5.669619873559084, 0.35075253688706143, 0.2291038646005653], [0.6210955292303781, -5.9585609274246965, 0.37245313938120916], [0.33470732590717467, 0.0065532834779867466, -6.2891112730744245]], [[-5.669619873559084, -0.35075253688706143, -0.22910386460056525], [-0.6210955292303781, -5.9585609274246965, 0.37245313938120916], [-0.33470732590717456, 0.006553283477986746, -6.2891112730744245]]]}, "metadata": {"formula": "Sb2Ir", "nsites": 12, "structure": "# generated using pymatgen\ndata_Sb2Ir\n_symmetry_space_group_name_H-M   'P 1'\n_cell_length_a   6.56561647\n_cell_length_b   6.61063360\n_cell_length_c   6.72021137\n_cell_angle_alpha   64.84552894\n_cell_angle_beta   90.00000000\n_cell_angle_gamma   90.00000000\n_symmetry_Int_Tables_number   1\n_chemical_formula_structural   Sb2Ir\n_chemical_formula_sum   'Sb8 Ir4'\n_cell_volume   264.015444032\n_cell_formula_units_Z   4\nloop_\n _symmetry_equiv_pos_site_id\n _symmetry_equiv_pos_as_xyz\n  1  'x, y, z'\nloop_\n _atom_site_type_symbol\n _atom_site_label\n _atom_site_symmetry_multiplicity\n _atom_site_fract_x\n _atom_site_fract_y\n _atom_site_fract_z\n _atom_site_occupancy\n  Sb  Sb1  1  0.864935  0.850571  0.879814  1\n  Sb  Sb2  1  0.364935  0.149429  0.620186  1\n  Sb  Sb3  1  0.135065  0.149429  0.120186  1\n  Sb  Sb4  1  0.635065  0.850571  0.379814  1\n  Sb  Sb5  1  0.362253  0.655815  0.180247  1\n  Sb  Sb6  1  0.862253  0.344185  0.319753  1\n  Sb  Sb7  1  0.637747  0.344185  0.819753  1\n  Sb  Sb8  1  0.137747  0.655815  0.680247  1\n  Ir  Ir9  1  0.501414  0.727522  0.792773  1\n  Ir  Ir10  1  0.001414  0.272478  0.707227  1\n  Ir  Ir11  1  0.498586  0.272478  0.207227  1\n  Ir  Ir12  1  0.998586  0.727522  0.292773  1\n"}}