{"phonon": {"ph_bandstructure": [[-14.78323777941924, 0.0, 0.0, 0.0, 92.01102814469515, 117.06015222489495, 129.32459451701274, 129.32459451812394, 149.22362865557972, 226.51677561266823, 228.43569500620376, 229.70596786589232, 298.30314105458405, 314.1112603935653, 314.6997932741212, 314.69979327485447, 323.48920166746296, 346.2948879108185, 466.65298444097215, 466.65298444323577, 555.3976239757778, 568.2598031368888, 599.0590726201665, 626.4485882572626]]}, "dielectric": {"eps_electronic": [[2.4062184602885694, 0.0, 0.05093017412879315], [0.0, 2.349578195869805, 0.0], [0.05093017412879304, 0.0, 2.395373932604853]], "eps_total": null, "becs": [[[2.7732431228232794, 0.0, 0.03020466297607216], [0.0, 2.7396520321465907, 0.0], [0.030204662976109936, 0.0, 2.766811664272869]], [[3.700407538339923, 0.0, 0.20706472870136072], [0.0, 3.4701275288175175, 0.0], [0.20706472870161977, 0.0, 3.656317385076187]], [[-0.8710338777480636, 0.05982685605527145, -0.1458019583161796], [0.05778696703587771, -1.2238319995736147, -0.3879695389394145], [-0.14738579203606916, -0.38613529780670064, -1.0895606679243817]], [[-1.4947575750854738, 0.0, 0.17296922079364274], [0.0, -0.6572257813348245, 0.0], [0.1761368882332735, 0.0, -1.0324431888257641]], [[-1.4947575750854738, 0.0, 0.17296922079364274], [0.0, -0.6572257813348245, 0.0], [0.1761368882332735, 0.0, -1.0324431888257641]], [[-0.8710338777480636, 0.05982685605527145, -0.1458019583161796], [0.05778696703587771, -1.2238319995736147, -0.3879695389394145], [-0.14738579203606916, -0.38613529780670064, -1.0895606679243817]], [[-0.8710338777480636, -0.05982685605527145, -0.1458019583161796], [-0.05778696703587771, -1.2238319995736147, 0.3879695389394145], [-0.14738579203606916, 0.38613529780670064, -1.0895606679243817]], [[-0.8710338777480636, -0.05982685605527145, -0.1458019583161796], [-0.05778696703587771, -1.2238319995736147, 0.3879695389394145], [-0.14738579203606916, 0.38613529780670064, -1.0895606679243817]]]}, "metadata": {"formula": "BaGeF6", "nsites": 8, "structure": "# generated using pymatgen\ndata_BaGeF6\n_symmetry_space_group_name_H-M   'P 1'\n_cell_length_a   4.85252180\n_cell_length_b   4.85252180\n_cell_length_c   4.85252180\n_cell_angle_alpha   98.37998217\n_cell_angle_beta   98.37998217\n_cell_angle_gamma   98.37998217\n_symmetry_Int_Tables_number   1\n_chemical_formula_structural   BaGeF6\n_chemical_formula_sum   'Ba1 Ge1 F6'\n_cell_volume   110.195847211\n_cell_formula_units_Z   1\nloop_\n _symmetry_equiv_pos_site_id\n _symmetry_equiv_pos_as_xyz\n  1  'x, y, z'\nloop_\n _atom_site_type_symbol\n _atom_site_label\n _atom_site_symmetry_multiplicity\n _atom_site_fract_x\n _atom_site_fract_y\n _atom_site_fract_z\n _atom_site_occupancy\n  Ba  Ba1  1  0.500000  0.500000  0.500000  1\n  Ge  Ge2  1  0.000000  0.000000  0.000000  1\n  F  F3  1  0.925657  0.267527  0.267527  1\n  F  F4  1  0.267527  0.267527  0.925657  1\n  F  F5  1  0.732473  0.732473  0.074343  1\n  F  F6  1  0.074343  0.732473  0.732473  1\n  F  F7  1  0.732473  0.074343  0.732473  1\n  F  F8  1  0.267527  0.925657  0.267527  1\n"}}