{"phonon": {"ph_bandstructure": [[0.0, 0.0, 0.0, 70.3280080436096, 81.23224897752917, 81.2322489840758, 91.58075885486795, 101.77637405826702, 118.84426388756698, 147.57846533581846, 147.57846533947344, 169.5471110214486, 210.37768720189044, 231.03798978860215, 231.037989791005, 236.01087884639685, 328.7470792977534, 402.57977419540464, 456.5734294208443, 594.9561441024618, 601.2505504268577, 601.2505504280375, 628.2414866490235, 705.3637482072409]]}, "dielectric": {"eps_electronic": [[7.387508456425604, 0.0, 2.7783874857226616e-22], [0.0, 7.387508456425604, 6.945968714306654e-23], [2.7783874857226616e-22, 6.945968714306654e-23, 7.532110362998626]], "eps_total": [[34.4334492347459, 2.594685534137997e-14, 2.7783874857226616e-22], [2.594685534137997e-14, 34.43344923808282, 6.945968714306654e-23], [2.7783874857226616e-22, 6.945968714306654e-23, 21.718289123233784]], "becs": [[[2.7191795538894823, 0.0, 0.0], [0.0, 2.719179553889483, 0.0], [2.774391942764071e-23, 3.2028887752703016e-23, 3.209947928687575]], [[2.7191795538894823, 0.0, 0.0], [0.0, 2.7191795538894845, 0.0], [2.774391942764071e-23, 3.2028887752703016e-23, 3.209947928687575]], [[4.513269993825872, 0.0, 0.0], [0.0, 4.513269993825871, 0.0], [2.774391942764071e-23, 3.2028887752703016e-23, 3.202833597213494]], [[4.513269993825872, 0.0, 0.0], [0.0, 4.513269993825871, 0.0], [-4.0548805317321044e-23, 3.2028887752703016e-23, 3.202833597213493]], [[-2.6063002213773183, 0.0, 0.0], [0.0, -2.606300221377321, 0.0], [-1.4298789243476368e-22, -2.4114201122714406e-22, -4.690080540095055]], [[-2.6063002213773183, 0.0, 0.0], [0.0, -2.606300221377321, 0.0], [2.774391942764071e-23, 3.2028887752703016e-23, -4.690080540095055]], [[-4.6261493263380356, 0.0, 0.0], [0.0, -4.626149326338034, 0.0], [2.774391942764071e-23, 4.896868471092595e-23, -1.722700985806014]], [[-4.6261493263380356, 0.0, 0.0], [0.0, -4.626149326338034, 0.0], [4.4817100613881156e-23, 3.2028887752703016e-23, -1.722700985806014]]]}, "metadata": {"formula": "BaHfN2", "nsites": 8, "structure": "# generated using pymatgen\ndata_BaHfN2\n_symmetry_space_group_name_H-M   'P 1'\n_cell_length_a   4.10817312\n_cell_length_b   4.10817312\n_cell_length_c   8.32458770\n_cell_angle_alpha   90.00000000\n_cell_angle_beta   90.00000000\n_cell_angle_gamma   90.00000000\n_symmetry_Int_Tables_number   1\n_chemical_formula_structural   BaHfN2\n_chemical_formula_sum   'Ba2 Hf2 N4'\n_cell_volume   140.494785616\n_cell_formula_units_Z   2\nloop_\n _symmetry_equiv_pos_site_id\n _symmetry_equiv_pos_as_xyz\n  1  'x, y, z'\nloop_\n _atom_site_type_symbol\n _atom_site_label\n _atom_site_symmetry_multiplicity\n _atom_site_fract_x\n _atom_site_fract_y\n _atom_site_fract_z\n _atom_site_occupancy\n  Ba  Ba1  1  0.000000  0.500000  0.151865  1\n  Ba  Ba2  1  0.500000  0.000000  0.848135  1\n  Hf  Hf3  1  0.500000  0.000000  0.414530  1\n  Hf  Hf4  1  0.000000  0.500000  0.585470  1\n  N  N5  1  0.000000  0.500000  0.822530  1\n  N  N6  1  0.500000  0.000000  0.177470  1\n  N  N7  1  0.000000  0.000000  0.500000  1\n  N  N8  1  0.500000  0.500000  0.500000  1\n"}}