{"phonon": {"ph_bandstructure": [[0.0, 0.0, 0.0, 509.6610265504965, 509.6610265508377, 509.66102655135177]]}, "dielectric": {"eps_electronic": [[14.027682881179876, -3.1882269977684737e-15, -4.440892098500626e-15], [2.2061246789529382e-15, 14.02768288117988, -1.7763568394002505e-15], [-2.2061246789529382e-15, -3.982481518353189e-15, 14.027682881179878]], "eps_total": [[14.027682881179876, -3.1882269977684737e-15, -4.440892098500626e-15], [2.2061246789529382e-15, 14.02768288117988, -1.7763568394002505e-15], [-2.2061246789529382e-15, -3.982481518353189e-15, 14.027682881179878]], "becs": [[[0.0, 0.0, 0.0], [0.0, 0.0, 0.0], [0.0, 0.0, 0.0]], [[0.0, 0.0, 0.0], [0.0, 0.0, 0.0], [0.0, 0.0, 0.0]]]}, "metadata": {"formula": "Si", "nsites": 2, "structure": "# generated using pymatgen\ndata_Si\n_symmetry_space_group_name_H-M   'P 1'\n_cell_length_a   3.84053268\n_cell_length_b   3.84053268\n_cell_length_c   3.84053268\n_cell_angle_alpha   60.00000000\n_cell_angle_beta   60.00000000\n_cell_angle_gamma   60.00000000\n_symmetry_Int_Tables_number   1\n_chemical_formula_structural   Si\n_chemical_formula_sum   Si2\n_cell_volume   40.0552453743\n_cell_formula_units_Z   2\nloop_\n _symmetry_equiv_pos_site_id\n _symmetry_equiv_pos_as_xyz\n  1  'x, y, z'\nloop_\n _atom_site_type_symbol\n _atom_site_label\n _atom_site_symmetry_multiplicity\n _atom_site_fract_x\n _atom_site_fract_y\n _atom_site_fract_z\n _atom_site_occupancy\n  Si  Si1  1  0.500000  0.500000  0.500000  1\n  Si  Si2  1  0.750000  0.750000  0.750000  1\n"}}