{"phonon": {"ph_bandstructure": [[0.0, 0.0, 0.0, 509.85752885940576, 509.8575288602608, 573.3135428361879]]}, "dielectric": {"eps_electronic": [[6.116549742459669, 1.1589136269786971e-15, 1.3322676295501878e-15], [1.1589136269786971e-15, 6.116549742459669, 1.3322676295501878e-15], [-1.4523135359520118e-16, -1.4523135359520118e-16, 6.116549742459667]], "eps_total": [[7.733805401322136, 2.3036787463095283e-15, 0.0], [2.9226341366326253e-15, 7.733805401325397, 0.0], [-6.256781914196012e-16, -6.256781914196012e-16, 7.733805401327559]], "becs": [[[1.5274776495463724, 0.0, 0.0], [0.0, 1.5274776495463724, 0.0], [3.251434110337581e-19, 3.251434110337581e-19, 1.5274776495463724]], [[-1.5274776495463724, 0.0, 0.0], [0.0, -1.5274776495463724, 0.0], [-3.251434110337581e-19, -3.251434110337581e-19, -1.5274776495463724]]]}, "metadata": {"formula": "BeSe", "nsites": 2, "structure": "# generated using pymatgen\ndata_BeSe\n_symmetry_space_group_name_H-M   'P 1'\n_cell_length_a   3.62776765\n_cell_length_b   3.62776765\n_cell_length_c   3.62776765\n_cell_angle_alpha   60.00000000\n_cell_angle_beta   60.00000000\n_cell_angle_gamma   60.00000000\n_symmetry_Int_Tables_number   1\n_chemical_formula_structural   BeSe\n_chemical_formula_sum   'Be1 Se1'\n_cell_volume   33.7600743808\n_cell_formula_units_Z   1\nloop_\n _symmetry_equiv_pos_site_id\n _symmetry_equiv_pos_as_xyz\n  1  'x, y, z'\nloop_\n _atom_site_type_symbol\n _atom_site_label\n _atom_site_symmetry_multiplicity\n _atom_site_fract_x\n _atom_site_fract_y\n _atom_site_fract_z\n _atom_site_occupancy\n  Be  Be1  1  0.000000  0.000000  0.000000  1\n  Se  Se2  1  0.750000  0.750000  0.750000  1\n"}}