{"phonon": {"ph_bandstructure": [[-0.002829294157603666, 0.0, 0.0, 105.64921383501459, 120.99429891223213, 145.39406536676665, 157.44970342795347, 161.62411532804887, 161.92773399501266, 200.8757872788519, 211.0530502221297, 228.13769480461767, 236.15120402795102, 262.78677202041536, 268.6261700900804, 273.2236957855545, 300.11447781595695, 331.2337188964056, 372.0488192903982, 375.85356891813205, 414.4946661565421, 560.0155409122362, 562.4581561925419, 582.1933586804894, 606.6441233169141, 711.0891300657247, 757.4721154391484, 929.5137243065774, 935.0495356987273, 1193.8477827974586, 1226.3962564948697, 1249.1909482538379, 1370.7747107759376]]}, "dielectric": {"eps_electronic": [[3.317984037385193, 0.0, 0.0], [0.0, 3.3433323728871365, -0.09826122864089251], [0.0, -0.09826122864089205, 3.058379049925306]], "eps_total": [[11.701371087279902, 0.0, 0.0], [0.0, 10.404904569568236, 0.04651217739894593], [0.0, 0.04651217739894539, 10.442183483606158]], "becs": [[[2.6164491066125892, 2.0185873114844256e-16, -2.258294562581417e-16], [4.3651950718384184e-16, 2.599863227525276, -0.03786551203453608], [-1.829344811003355e-17, 0.011319102230371605, 2.426597585257908]], [[2.61644910661259, -2.0185873776588746e-17, -3.78485133311039e-18], [-7.56970266622078e-18, 2.599863227525276, -0.03786551203453697], [-1.829344811003355e-17, 0.011319102230371605, 2.426597585257908]], [[2.197924648398475, -2.0185873776588746e-17, -3.78485133311039e-18], [-7.56970266622078e-18, 2.3556026281798506, 0.059026250841738355], [-1.829344811003355e-17, -0.047675162585043424, 2.0969123207432325]], [[2.5070350493795512, -4.100255548831043e-17, 4.1963427257524096e-17], [4.458803144174912e-17, 2.398621681154955, -0.5365717825774503], [8.158557938561438e-17, -0.6153739871983167, 0.8022474500980237]], [[2.5070350493795512, -2.0185873776588746e-17, -3.78485133311039e-18], [1.6832455826120207e-17, 2.398621681154955, -0.5365717825774503], [8.158557938561438e-17, -0.6153739871983167, 0.8022474500980232]], [[-1.634696701298707, 2.0185873114844256e-16, -1.1480715379562604e-16], [-7.56970266622078e-18, -2.3409602642008904, 0.39893655792663246], [-1.829344811003355e-17, 0.4237493278795342, -1.481317980347147]], [[-2.2938748894487633, 0.2585664605759548, -0.14548875869778483], [0.2879433983097427, -1.9176629792905073, 0.07299380563110841], [-0.12451740997008853, 0.10207156919005367, -1.397991607693655]], [[-2.2938748894487597, -0.258566460575955, 0.14548875869778516], [-0.28794339830974314, -1.9176629792905056, 0.07299380563110708], [0.1245174099700885, 0.10207156919005367, -1.397991607693655]], [[-2.2938748894487624, 0.25856646057595434, -0.1454887586977846], [0.28794339830974136, -1.917662979290506, 0.07299380563110797], [-0.12451740997008853, 0.10207156919005367, -1.397991607693655]], [[-2.2938748894487624, -0.25856646057595434, 0.1454887586977846], [-0.28794339830974136, -1.917662979290506, 0.07299380563110797], [0.1245174099700885, 0.10207156919005367, -1.397991607693655]], [[-1.634696701298707, -2.0185873776588746e-17, -3.78485133311039e-18], [-7.56970266622078e-18, -2.3409602642008904, 0.39893655792663246], [-1.829344811003355e-17, 0.4237493278795342, -1.481317980347147]]]}, "metadata": {"formula": "Sr2Mg(BO3)2", "nsites": 11, "structure": "# generated using pymatgen\ndata_Sr2Mg(BO3)2\n_symmetry_space_group_name_H-M   'P 1'\n_cell_length_a   5.18421595\n_cell_length_b   5.18421595\n_cell_length_c   6.06579254\n_cell_angle_alpha   65.24593467\n_cell_angle_beta   65.24593467\n_cell_angle_gamma   59.34399588\n_symmetry_Int_Tables_number   1\n_chemical_formula_structural   Sr2Mg(BO3)2\n_chemical_formula_sum   'Sr2 Mg1 B2 O6'\n_cell_volume   122.881710852\n_cell_formula_units_Z   1\nloop_\n _symmetry_equiv_pos_site_id\n _symmetry_equiv_pos_as_xyz\n  1  'x, y, z'\nloop_\n _atom_site_type_symbol\n _atom_site_label\n _atom_site_symmetry_multiplicity\n _atom_site_fract_x\n _atom_site_fract_y\n _atom_site_fract_z\n _atom_site_occupancy\n  Sr  Sr1  1  0.290738  0.290738  0.184356  1\n  Sr  Sr2  1  0.709262  0.709262  0.815644  1\n  Mg  Mg3  1  0.500000  0.500000  0.500000  1\n  B  B4  1  0.061795  0.061795  0.738364  1\n  B  B5  1  0.938205  0.938205  0.261636  1\n  O  O6  1  0.232445  0.232445  0.661457  1\n  O  O7  1  0.793495  0.257943  0.228234  1\n  O  O8  1  0.742057  0.206505  0.771766  1\n  O  O9  1  0.206505  0.742057  0.771766  1\n  O  O10  1  0.257943  0.793495  0.228234  1\n  O  O11  1  0.767555  0.767555  0.338543  1\n"}}