{"phonon": {"ph_bandstructure": [[0.0, 0.0, 0.0, 112.6681211850559, 112.66812118863034, 201.36326215843434, 206.12721213086465, 215.43358556815636, 222.94634339300745, 231.07459732615732, 265.92408077052414, 266.41415042369556, 266.4141504253166, 281.93856466849815, 330.8953681390981, 330.8953681404614, 356.920033010971, 358.7439045244542]]}, "dielectric": {"eps_electronic": [[6.5869476070264605, 0.0, 0.0], [0.0, 6.5869476070264605, 0.0], [0.0, 0.0, 4.931218207906328]], "eps_total": [[16.46765767802751, -3.082217369786838e-16, 0.0], [-3.082217369786838e-16, 16.467657678194115, 0.0], [0.0, 0.0, 14.180235104485376]], "becs": [[[3.940693572246052, 0.0, 0.0], [0.0, 3.940693572246051, 0.0], [-5.301199454753359e-33, -1.0667217070074505e-32, 3.7021577770913483]], [[3.940693572246052, 0.0, 0.0], [0.0, 3.9406935722460528, 0.0], [-8.856938442788434e-33, -1.0667217070074505e-32, 3.7021577770913483]], [[-2.596233665424501, 0.0, 0.0], [0.0, -2.596233665424503, 0.0], [-1.939914942626452e-33, -3.555739094004355e-33, -1.3464015181490572]], [[-2.5962336654245037, 0.0, 0.0], [0.0, -2.596233665424503, 0.0], [-8.856938442788434e-33, -1.0667217070074505e-32, -1.3464015181490572]], [[-1.3444599069062528, 0.0, 0.0], [0.0, -1.344459906906252, 0.0], [1.2477495485422018e-32, 1.0667216858135945e-32, -2.3557562589503744]], [[-1.3444599069062528, 0.0, 0.0], [0.0, -1.344459906906252, 0.0], [1.2477495485422018e-32, 2.4890172810276247e-32, -2.3557562589503744]]]}, "metadata": {"formula": "YSF", "nsites": 6, "structure": "# generated using pymatgen\ndata_YSF\n_symmetry_space_group_name_H-M   'P 1'\n_cell_length_a   3.73501580\n_cell_length_b   3.73501580\n_cell_length_c   6.76989177\n_cell_angle_alpha   90.00000000\n_cell_angle_beta   90.00000000\n_cell_angle_gamma   90.00000000\n_symmetry_Int_Tables_number   1\n_chemical_formula_structural   YSF\n_chemical_formula_sum   'Y2 S2 F2'\n_cell_volume   94.4423122395\n_cell_formula_units_Z   2\nloop_\n _symmetry_equiv_pos_site_id\n _symmetry_equiv_pos_as_xyz\n  1  'x, y, z'\nloop_\n _atom_site_type_symbol\n _atom_site_label\n _atom_site_symmetry_multiplicity\n _atom_site_fract_x\n _atom_site_fract_y\n _atom_site_fract_z\n _atom_site_occupancy\n  Y  Y1  1  0.000000  0.500000  0.227020  1\n  Y  Y2  1  0.500000  0.000000  0.772980  1\n  S  S3  1  0.000000  0.500000  0.642846  1\n  S  S4  1  0.500000  0.000000  0.357154  1\n  F  F5  1  0.000000  0.000000  0.000000  1\n  F  F6  1  0.500000  0.500000  0.000000  1\n"}}