{"phonon": {"ph_bandstructure": [[0.0, 0.0, 0.0, 40.05898075183428, 40.05898076066953, 54.88773859837677, 58.691684942090674, 58.691684943620785, 58.69168494815241, 73.18095499373662, 73.18095499862427, 87.52879994348777]]}, "dielectric": {"eps_electronic": [[8.16336502296241, -6.600103479176607e-16, 0.0], [-6.600103479176607e-16, 8.16336502296241, 0.0], [-3.4186318506439187e-16, -3.4186318506439187e-16, 8.16336502296241]], "eps_total": [[21.92430853398116, -9.205769661345333e-12, 7.048406303056254e-11], [-9.206569951229629e-12, 21.92430853773546, 3.0802027595200343e-12], [7.047983681270306e-11, 3.0813056121787524e-12, 21.92430853909792]], "becs": [[[0.8609654473556579, 0.0, 0.0], [0.0, 0.8609654473556579, 0.0], [-2.6111730412512204e-20, -2.6111730412512204e-20, 0.8609654473556579]], [[0.8609654473556579, 0.0, 0.0], [0.0, 0.8609654473556579, 0.0], [-2.6111730412512204e-20, -2.6111730412512204e-20, 0.8609654473556579]], [[1.4979519886989001, 0.0, 0.0], [0.0, 1.4979519886989001, 0.0], [-1.1880822709926793e-19, -1.1880822709926793e-19, 1.4979519886989001]], [[-3.219882883410216, 0.0, 0.0], [0.0, -3.219882883410216, 0.0], [1.7103168792429231e-19, 1.7103168792429231e-19, -3.219882883410216]]]}, "metadata": {"formula": "Cs3Sb", "nsites": 4, "structure": "# generated using pymatgen\ndata_Cs3Sb\n_symmetry_space_group_name_H-M   'P 1'\n_cell_length_a   6.38098430\n_cell_length_b   6.38098430\n_cell_length_c   6.38098430\n_cell_angle_alpha   60.00000000\n_cell_angle_beta   60.00000000\n_cell_angle_gamma   60.00000000\n_symmetry_Int_Tables_number   1\n_chemical_formula_structural   Cs3Sb\n_chemical_formula_sum   'Cs3 Sb1'\n_cell_volume   183.716443959\n_cell_formula_units_Z   1\nloop_\n _symmetry_equiv_pos_site_id\n _symmetry_equiv_pos_as_xyz\n  1  'x, y, z'\nloop_\n _atom_site_type_symbol\n _atom_site_label\n _atom_site_symmetry_multiplicity\n _atom_site_fract_x\n _atom_site_fract_y\n _atom_site_fract_z\n _atom_site_occupancy\n  Cs  Cs1  1  0.250000  0.250000  0.250000  1\n  Cs  Cs2  1  0.750000  0.750000  0.750000  1\n  Cs  Cs3  1  0.500000  0.500000  0.500000  1\n  Sb  Sb4  1  0.000000  0.000000  0.000000  1\n"}}