{"phonon": {"ph_bandstructure": [[0.0, 0.0, 0.0, 108.12282102936507, 108.12282103354671, 109.90153070701034, 109.90153070806696, 109.9015307111274, 188.9109758589163, 267.7939681582173, 267.7939681601294, 274.64816374421866, 384.03262940566174, 384.03262940719213, 487.18318719602865]]}, "dielectric": {"eps_electronic": [[8.47457495851412, 0.0, 0.0], [0.0, 8.47457495851412, 0.0], [0.0, 0.0, 8.47457495851412]], "eps_total": [[43.79229671906571, -9.983042185610339e-11, 1.2400562347802955e-15], [-9.983042185610339e-11, 43.792296720677314, 2.526148207059556e-15], [1.2400562347802955e-15, 2.526148207059556e-15, 43.79229672125219]], "becs": [[[2.4207985418110574, 0.0, 0.0], [0.0, 2.562238557183129, 0.0], [0.0, 0.0, 2.4207985418110574]], [[2.4207985418110574, 0.0, 0.0], [0.0, 2.4207985418110574, 0.0], [0.0, 0.0, 2.562238557183129]], [[2.562238557183129, 0.0, 0.0], [0.0, 2.4207985418110574, 0.0], [0.0, 0.0, 2.4207985418110574]], [[-3.195124493754183, 0.0, 0.0], [0.0, -3.195124493754183, 0.0], [0.0, 0.0, -3.195124493754183]], [[-4.208711147443801, 0.0, 0.0], [0.0, -4.208711147443801, 0.0], [0.0, 0.0, -4.208711147443801]]]}, "metadata": {"formula": "Ca3PN", "nsites": 5, "structure": "# generated using pymatgen\ndata_Ca3PN\n_symmetry_space_group_name_H-M   'P 1'\n_cell_length_a   4.66093504\n_cell_length_b   4.66093504\n_cell_length_c   4.66093504\n_cell_angle_alpha   90.00000000\n_cell_angle_beta   90.00000000\n_cell_angle_gamma   90.00000000\n_symmetry_Int_Tables_number   1\n_chemical_formula_structural   Ca3PN\n_chemical_formula_sum   'Ca3 P1 N1'\n_cell_volume   101.255623375\n_cell_formula_units_Z   1\nloop_\n _symmetry_equiv_pos_site_id\n _symmetry_equiv_pos_as_xyz\n  1  'x, y, z'\nloop_\n _atom_site_type_symbol\n _atom_site_label\n _atom_site_symmetry_multiplicity\n _atom_site_fract_x\n _atom_site_fract_y\n _atom_site_fract_z\n _atom_site_occupancy\n  Ca  Ca1  1  0.500000  0.000000  0.500000  1\n  Ca  Ca2  1  0.500000  0.500000  0.000000  1\n  Ca  Ca3  1  0.000000  0.500000  0.500000  1\n  P  P4  1  0.000000  0.000000  0.000000  1\n  N  N5  1  0.500000  0.500000  0.500000  1\n"}}