{"phonon": {"ph_bandstructure": [[0.0, 0.0, 0.0, 119.97063907917364, 119.97063908450924, 137.68421847262601, 177.76766030628303, 207.19306630092905, 207.19306630098296, 211.2012456799746, 212.38655523703414, 253.89032836650318, 281.4161475840437, 535.4030030769032, 535.4030030769425, 577.1608984436549, 604.021648354651, 605.2540787978048, 613.2430423449118, 617.1902593457327, 639.6022003103601, 697.5334485924002, 701.8517761722148, 823.4674224480603, 827.7327722043565, 832.1975805687053, 919.4949302805953, 1022.8849977818059, 1051.6609781363152, 1084.4193851882012]]}, "dielectric": {"eps_electronic": [[5.121101474721676, 1.2541215403599403e-16, -4.708614739943203e-16], [-1.250908534968473e-15, 5.121101474721676, 3.2266669039612993e-16], [-7.626717899121211e-16, -7.626717899121211e-16, 5.265623119260103]], "eps_total": [[10.931525653757841, -6.8009426328167824e-15, -2.8296661905098337e-15], [-6.738018940340517e-15, 10.931525653867332, 2.6466469900726977e-15], [-1.2464706734505385e-15, 5.298861659497118e-16, 17.224174684180156]], "becs": [[[2.0396032040967422, -3.3306687926340614e-17, -8.875545415355102e-17], [4.329869827470974e-16, 2.0396032040967427, 8.8880232433452e-17], [-3.1086245152725526e-16, 1.1102229749943198e-16, 2.9528631224342536]], [[2.0396032040967422, -3.3306687926340614e-17, -8.875545415355102e-17], [4.329869827470974e-16, 2.0396032040967427, 8.8880232433452e-17], [-3.1086245152725526e-16, 1.1102229749943198e-16, 2.9528631224342536]], [[2.017983768157257, 0.15544365208193717, -3.109560319319448e-16], [0.15544365208193756, 2.0179837681572574, 3.1076886450512086e-16], [-4.218847539897709e-16, -3.3306691235063064e-16, 0.5000971333641486]], [[2.017983768157257, -0.15544365208193667, -8.89114270069135e-17], [-0.1554436520819366, 2.017983768157257, 8.872425958008952e-17], [-4.218847539897709e-16, -4.440892148131463e-16, 0.5000971333641482]], [[2.017983768157257, 0.15544365208193717, -3.109560319319448e-16], [0.15544365208193756, 2.0179837681572574, 3.1076886450512086e-16], [-4.218847539897709e-16, -3.3306691235063064e-16, 0.5000971333641486]], [[2.017983768157257, -0.15544365208193667, -8.89114270069135e-17], [-0.1554436520819366, 2.017983768157257, 8.872425958008952e-17], [-4.218847539897709e-16, -4.440892148131463e-16, 0.5000971333641482]], [[-3.0377853701981676, 0.41481517258212697, 5.774303515726638e-16], [0.4148151725821265, -3.0377853701981685, -5.772015913905211e-16], [-1.1990408712273805e-15, -1.2212453320507559e-15, -1.9765286945741491]], [[-3.0377853701981685, -0.4148151725821274, 1.3323715982035948e-16], [-0.41481517258212786, -3.0377853701981694, -1.3321636344270013e-16], [2.3536728075731204e-15, 1.8873791368996824e-15, -1.9765286945741474]], [[-3.0377853701981685, -0.4148151725821274, 1.3323715982035948e-16], [-0.41481517258212786, -3.0377853701981694, -1.3321636344270013e-16], [2.3536728075731204e-15, 1.8873791368996824e-15, -1.9765286945741474]], [[-3.0377853701981676, 0.41481517258212697, 1.333411417226011e-16], [0.4148151725821265, -3.0377853701981685, -1.3311238154045846e-16], [-1.1990408712273805e-15, -1.2212453320507559e-15, -1.9765286945741496]]]}, "metadata": {"formula": "Sr(BeN)2", "nsites": 10, "structure": "# generated using pymatgen\ndata_Sr(BeN)2\n_symmetry_space_group_name_H-M   'P 1'\n_cell_length_a   5.42912236\n_cell_length_b   5.42912236\n_cell_length_c   5.42912236\n_cell_angle_alpha   117.93284286\n_cell_angle_beta   117.93284286\n_cell_angle_gamma   93.61933721\n_symmetry_Int_Tables_number   1\n_chemical_formula_structural   Sr(BeN)2\n_chemical_formula_sum   'Sr2 Be4 N4'\n_cell_volume   116.439267069\n_cell_formula_units_Z   2\nloop_\n _symmetry_equiv_pos_site_id\n _symmetry_equiv_pos_as_xyz\n  1  'x, y, z'\nloop_\n _atom_site_type_symbol\n _atom_site_label\n _atom_site_symmetry_multiplicity\n _atom_site_fract_x\n _atom_site_fract_y\n _atom_site_fract_z\n _atom_site_occupancy\n  Sr  Sr1  1  0.750000  0.750000  0.000000  1\n  Sr  Sr2  1  0.250000  0.250000  0.000000  1\n  Be  Be3  1  0.873161  0.373161  0.246322  1\n  Be  Be4  1  0.373161  0.126839  0.500000  1\n  Be  Be5  1  0.126839  0.626839  0.753678  1\n  Be  Be6  1  0.626839  0.873161  0.500000  1\n  N  N7  1  0.831810  0.668190  0.500000  1\n  N  N8  1  0.331810  0.831810  0.163619  1\n  N  N9  1  0.668190  0.168190  0.836381  1\n  N  N10  1  0.168190  0.331810  0.500000  1\n"}}