{"phonon": {"ph_bandstructure": [[0.0, 0.0, 0.0, 115.58264993405858, 115.62419708398376, 151.1111573826311, 151.63527981727063, 159.44103185437746, 161.47503567178052, 200.81138296502456, 202.5825671128896, 229.14581596770256, 377.0853923578805, 384.4019494935499, 384.6296089274578, 390.73144381455614, 401.260750730052, 406.9778274700107, 498.1319160148608, 500.4646851497738, 526.7141682945465, 533.7363857899468, 541.5146824743895, 558.7763386374316]]}, "dielectric": {"eps_electronic": [[10.956304654597261, -1.0949687295781045e-15, 3.1946976717954396e-15], [-1.0949687295781045e-15, 10.956304654597261, 3.1946976717954396e-15], [9.368383813932533e-16, 9.368383813932533e-16, 11.01403702449026]], "eps_total": [[11.785506169013448, -1.9119795143693697e-15, 9.748326166015103e-17], [-3.577199414265673e-15, 11.785506169018824, 2.52341834992934e-15], [1.5497992015039525e-15, 3.326156040904203e-15, 12.117395407938902]], "becs": [[[0.9435785591057797, 0.2474636708124617, -2.220446049250313e-16], [-0.24746367081246218, 0.94357855910578, 1.5959455978986625e-16], [-1.942890293094024e-16, -5.273559366969494e-16, 0.9161370150949111]], [[0.9435785591057797, -0.2474636708124621, -1.6653345369377348e-16], [0.24746367081246207, 0.9435785591057805, 1.5959455978986625e-16], [-4.163336342344337e-16, -8.326672684688674e-17, 0.9161370150949111]], [[1.6108657323722282, -0.3338310120386657, -1.6653345369377348e-16], [0.3338310120386656, 1.6108657323722286, 2.706168622523819e-16], [-4.163336342344337e-16, -5.273559366969494e-16, 1.8151463893226119]], [[1.6108657323722282, 0.3338310120386655, -1.1102230246251565e-16], [-0.3338310120386657, 1.6108657323722286, 1.0408340855860843e-16], [-8.604228440844963e-16, -3.0531133177191805e-16, 1.8151463893226119]], [[-1.1739561871884825, -9.71445146547012e-16, -6.938893903907228e-17], [4.163336342344337e-17, -1.380488104289526, -0.15084774839555123], [-4.163336342344337e-16, -0.30829397392236235, -1.365641702208761]], [[-1.3804881042895265, 8.049116928532385e-16, -0.1508477483955511], [4.163336342344337e-17, -1.1739561871884838, -1.734723475976807e-16], [-0.3082939739223609, -8.326672684688674e-17, -1.365641702208761]], [[-1.3804881042895247, -8.326672684688674e-17, 0.1508477483955512], [4.163336342344337e-17, -1.173956187188482, 6.245004513516506e-17], [0.30829397392236, 1.6930901125533637e-15, -1.3656417022087628]], [[-1.1739561871884825, 8.049116928532385e-16, 6.106226635438361e-16], [4.163336342344337e-17, -1.380488104289526, 0.15084774839555065], [3.1363800445660672e-15, 0.30829397392236213, -1.365641702208761]]]}, "metadata": {"formula": "BeSiAs2", "nsites": 8, "structure": "# generated using pymatgen\ndata_BeSiAs2\n_symmetry_space_group_name_H-M   'P 1'\n_cell_length_a   6.50500313\n_cell_length_b   6.50500313\n_cell_length_c   6.50500313\n_cell_angle_alpha   131.78217152\n_cell_angle_beta   131.78217152\n_cell_angle_gamma   70.57328161\n_symmetry_Int_Tables_number   1\n_chemical_formula_structural   BeSiAs2\n_chemical_formula_sum   'Be2 Si2 As4'\n_cell_volume   149.955768789\n_cell_formula_units_Z   2\nloop_\n _symmetry_equiv_pos_site_id\n _symmetry_equiv_pos_as_xyz\n  1  'x, y, z'\nloop_\n _atom_site_type_symbol\n _atom_site_label\n _atom_site_symmetry_multiplicity\n _atom_site_fract_x\n _atom_site_fract_y\n _atom_site_fract_z\n _atom_site_occupancy\n  Be  Be1  1  0.250000  0.750000  0.500000  1\n  Be  Be2  1  0.500000  0.500000  0.000000  1\n  Si  Si3  1  0.750000  0.250000  0.500000  1\n  Si  Si4  1  0.000000  0.000000  0.000000  1\n  As  As5  1  0.875000  0.394707  0.019707  1\n  As  As6  1  0.144707  0.125000  0.519707  1\n  As  As7  1  0.605293  0.625000  0.480293  1\n  As  As8  1  0.375000  0.855293  0.980293  1\n"}}