{"phonon": {"ph_bandstructure": [[0.0, 0.0, 0.0, 49.84485096617019, 50.39604244481727, 61.998398871621625, 71.15939038183537, 71.2235367329994, 88.3520646663816, 97.65617197030672, 126.35887382656051, 134.72481573076465, 139.49975072314388, 143.29969859039306, 153.93074509684098, 170.62746430869342, 189.91804189778236, 194.17949440313984, 203.12393018245803, 213.151241370126, 214.55294648773972]]}, "dielectric": {"eps_electronic": [[10.896281917230557, 1.0149055174917605e-15, 2.4536862787519575e-15], [1.4827829160812114e-15, 10.896281917230558, -1.6691975194074298e-16], [3.321072935353987e-15, 1.5447160959537365e-15, 10.857776209965277]], "eps_total": [[13.554538557445758, 8.758064570114882e-12, 1.9263548282973255e-15], [8.759447805114169e-12, 13.554538557553759, -1.9881120093066046e-15], [3.305671687928192e-15, 3.305671687928192e-15, 13.764719401364195]], "becs": [[[2.252960181886998, 0.3067353456227837, 4.687337386728213e-17], [-0.3067353456227817, 2.252960181886998, -5.2253686334145846e-17], [-7.612958223469668e-16, -1.2688262911689392e-15, 2.0451692499703364]], [[2.510692866406615, 0.23553041855603563, 4.782173857100899e-16], [-0.23553041855603363, 2.510692866406614, -5.090880941914633e-16], [1.903239436753409e-15, -1.2688262911689392e-15, 2.611679755521103]], [[2.42103480817959, -0.5871561854440122, 2.62545379788686e-16], [0.5871561854440128, 2.421034808179589, -5.862628533777329e-17], [-1.649474242047092e-15, 2.2838873876315617e-15, 2.7310955112950497]], [[-2.034636875131763, 0.3741733239657663, 0.40464888759051354], [0.3517281133270558, -1.5577070521875238, 0.42988670018358466], [0.3835795566980532, 0.5555727629526612, -1.8469861288974212]], [[-1.5577070521875238, -0.35172811332705733, 0.4298867001835839], [-0.3741733239657652, -2.034636875131761, -0.40464888759051254], [0.5555727629526619, -0.3835795566980517, -1.846986128897423]], [[-1.557707052187522, -0.35172811332705733, -0.42988670018358466], [-0.3741733239657661, -2.034636875131761, 0.4046488875905133], [-0.5555727629526632, 0.3835795566980527, -1.846986128897423]], [[-2.034636875131763, 0.3741733239657645, -0.40464888759051343], [0.3517281133270549, -1.5577070521875238, -0.42988670018358477], [-0.3835795566980512, -0.5555727629526621, -1.846986128897423]]]}, "metadata": {"formula": "Cd(GaTe2)2", "nsites": 7, "structure": "# generated using pymatgen\ndata_Cd(GaTe2)2\n_symmetry_space_group_name_H-M   'P 1'\n_cell_length_a   7.31240595\n_cell_length_b   7.31240595\n_cell_length_c   7.31240595\n_cell_angle_alpha   130.63531370\n_cell_angle_beta   130.63531370\n_cell_angle_gamma   72.39313323\n_symmetry_Int_Tables_number   1\n_chemical_formula_structural   Cd(GaTe2)2\n_chemical_formula_sum   'Cd1 Ga2 Te4'\n_cell_volume   220.092983143\n_cell_formula_units_Z   1\nloop_\n _symmetry_equiv_pos_site_id\n _symmetry_equiv_pos_as_xyz\n  1  'x, y, z'\nloop_\n _atom_site_type_symbol\n _atom_site_label\n _atom_site_symmetry_multiplicity\n _atom_site_fract_x\n _atom_site_fract_y\n _atom_site_fract_z\n _atom_site_occupancy\n  Cd  Cd1  1  0.000000  0.000000  0.000000  1\n  Ga  Ga2  1  0.250000  0.750000  0.500000  1\n  Ga  Ga3  1  0.500000  0.500000  0.000000  1\n  Te  Te4  1  0.106749  0.580767  0.967077  1\n  Te  Te5  1  0.860328  0.893251  0.474018  1\n  Te  Te6  1  0.419233  0.386310  0.525982  1\n  Te  Te7  1  0.613690  0.139672  0.032923  1\n"}}