{"phonon": {"ph_bandstructure": [[0.0, 0.0, 0.0, 32.66137744382841, 33.55863405719207, 34.79979883649705, 44.28113335493231, 45.66704618511381, 47.24816029265623, 47.38133102127131, 50.14804386710517, 50.50227580646083, 53.52779364238947, 58.420434830422714, 63.35520012992242, 67.52435277547116, 78.04063142285919, 109.26469237112778, 109.87262613590187, 117.34659364371012, 124.47172682542103, 129.16875794063972, 130.83656153902658, 136.94082908992505, 138.79262778904697, 138.8695485393444, 145.40024814693822, 155.67208426121883, 158.25398805159517, 164.39093455729727, 177.64517927801643, 177.84252422570947, 190.91595452208128, 191.7723909274446, 199.71231771576942, 202.3017733217898]]}, "dielectric": {"eps_electronic": [[7.5938737179263756, 0.0, 0.0], [0.0, 4.875248550486633, 0.0], [0.0, 0.0, 7.313517385466732]], "eps_total": [[17.733008125682666, 0.0, 0.0], [0.0, 9.052754226379811, 0.0], [0.0, 0.0, 17.804789948728928]], "becs": [[[1.1675558844898788, -1.8503717628539684e-17, -6.418681542110638e-20], [-5.921189641132699e-16, 2.008669643667592, 2.7466944989235336e-18], [3.056450797750365e-18, 1.7347235276755954e-18, 1.3160373007245587]], [[1.1675558844898788, -1.8503717628539684e-17, -6.41608281393431e-20], [-5.921189641132699e-16, 2.008669643667592, 2.7467923257978813e-18], [3.056450797750365e-18, 1.7347235276755954e-18, 1.3160373007245587]], [[4.691589802802193, -1.8503717628539684e-17, -6.414783449846144e-20], [-5.921189641132699e-16, 1.569156881939788, -0.36057312434678535], [-1.9916433435323718e-16, -0.6408733378350652, 4.5895373269728355]], [[4.691589802802193, -1.8503717628539684e-17, -6.414783449846144e-20], [-5.921189641132699e-16, 1.569156881939788, 0.36057312434678535], [2.052772359487379e-16, 0.6408733378350652, 4.589537326972838]], [[2.147468182853645, -1.8503717628539684e-17, -6.413098337044306e-20], [-5.921189641132699e-16, 0.9215159840566718, 2.74665093539355e-18], [3.056450797750365e-18, 1.7347235276755954e-18, 1.9121086585066398]], [[2.147468182853645, -1.8503717628539684e-17, -6.412306537053081e-20], [-5.921189641132699e-16, 0.9215159840566718, 2.746650171121094e-18], [3.056450797750365e-18, 1.7347235276755954e-18, 1.9121086585066362]], [[-2.6785787521278888, -1.8503717628539684e-17, -6.414783449846144e-20], [-5.921189641132699e-16, -1.2786431211077753, 2.7474282004811435e-18], [3.056450797750365e-18, 1.7347235276755954e-18, -3.2439588313133587]], [[-2.6785787521278888, -1.8503717628539684e-17, -6.414783449846144e-20], [-5.921189641132699e-16, -1.2786431211077753, 2.7474282004811435e-18], [3.056450797750365e-18, 1.7347235276755954e-18, -3.2439588313133605]], [[-2.664017554761015, -1.8503717628539684e-17, -6.414783449846144e-20], [-5.921189641132699e-16, -1.6103496942955007, 0.019849330432938926], [3.056450797750365e-18, -0.11180155912672263, -2.2868622275734687]], [[-2.664017554761015, -1.8503717628539684e-17, 7.056365108496009e-19], [-5.921189641132699e-16, -1.6103496942955007, -0.019849330432938926], [-3.362095768218206e-17, 0.11180155912672263, -2.286862227573465]], [[-2.664017554761015, 2.0354088729649162e-16, -6.414783449846144e-20], [6.513308393487732e-15, -1.6103496942955025, -0.019849330432938926], [3.056450797750365e-18, 0.11180155912672261, -2.286862227573465]], [[-2.664017554761015, -1.8503717628539684e-17, -6.414783449846144e-20], [-5.921189641132699e-16, -1.6103496942955007, 0.019849330432938926], [3.056450797750365e-18, -0.11180155912672263, -2.2868622275734687]]]}, "metadata": {"formula": "CsYHgSe3", "nsites": 12, "structure": "# generated using pymatgen\ndata_CsYHgSe3\n_symmetry_space_group_name_H-M   'P 1'\n_cell_length_a   8.20281971\n_cell_length_b   8.20281971\n_cell_length_c   10.92492277\n_cell_angle_alpha   90.00000000\n_cell_angle_beta   90.00000000\n_cell_angle_gamma   150.24642768\n_symmetry_Int_Tables_number   1\n_chemical_formula_structural   CsYHgSe3\n_chemical_formula_sum   'Cs2 Y2 Hg2 Se6'\n_cell_volume   364.807102127\n_cell_formula_units_Z   2\nloop_\n _symmetry_equiv_pos_site_id\n _symmetry_equiv_pos_as_xyz\n  1  'x, y, z'\nloop_\n _atom_site_type_symbol\n _atom_site_label\n _atom_site_symmetry_multiplicity\n _atom_site_fract_x\n _atom_site_fract_y\n _atom_site_fract_z\n _atom_site_occupancy\n  Cs  Cs1  1  0.246012  0.753988  0.750000  1\n  Cs  Cs2  1  0.753988  0.246012  0.250000  1\n  Y  Y3  1  0.500000  0.500000  1.000000  1\n  Y  Y4  1  0.500000  0.500000  0.500000  1\n  Hg  Hg5  1  0.955761  0.044239  0.750000  1\n  Hg  Hg6  1  0.044239  0.955761  0.250000  1\n  Se  Se7  1  0.563064  0.436936  0.750000  1\n  Se  Se8  1  0.436936  0.563064  0.250000  1\n  Se  Se9  1  0.121077  0.878923  0.459067  1\n  Se  Se10  1  0.121077  0.878923  0.040933  1\n  Se  Se11  1  0.878923  0.121077  0.959067  1\n  Se  Se12  1  0.878923  0.121077  0.540933  1\n"}}