{"phonon": {"ph_bandstructure": [[-31.650664751483426, -31.650664742376204, -31.650664738833072, 0.0, 0.0, 0.0, 167.26140909793884, 167.2614091023194, 213.44965506865594, 284.6769478485734, 284.6769478493345, 284.6769478513333, 439.6516715027731, 439.6516715034289, 439.6516715036839, 530.6270405181797, 530.6270405200381, 537.1952527263003, 544.3892787701328, 544.3892787712955, 725.525988721887, 801.3906567938416, 801.390656795522, 896.4856113237056]]}, "dielectric": {"eps_electronic": [[1.6714819239489782, 1.9873536238211536e-16, 0.0], [8.771305991959971e-17, 1.6714819239489784, 2.220446049250313e-16], [1.90127425320731e-17, 5.741242548446514e-16, 1.6714819239489787]], "eps_total": null, "becs": [[[1.1558572903259736, -6.245004513516506e-17, 3.95516952522712e-16], [-6.245004513516506e-17, 1.1558572903259732, 2.8449465006019636e-16], [1.6681800069837706e-16, 5.579569823586143e-17, 1.1558572903259736]], [[3.736691367621943, -6.938893903907228e-18, 3.400058012914542e-16], [-6.938893903907228e-18, 3.736691367621943, 2.2898349882893854e-16], [1.6643140268297769e-16, 5.540910022046208e-17, 3.7366913676219435]], [[-0.5514316266990433, -2.8449465006019636e-16, -4.85722573273506e-17], [-6.245004513516506e-17, -1.3434110755758724, 2.8449465006019636e-16], [-2.7762707435023487e-16, -1.6660477188771911e-16, -0.5514316266990433]], [[-0.5514316266990433, -6.245004513516506e-17, -2.706168622523819e-16], [-5.065392549852277e-16, -0.5514316266990429, 6.245004513516506e-17], [-2.775043677653018e-16, 4.996517494723078e-16, -1.343411075575872]], [[-0.5514316266990433, -2.8449465006019636e-16, -4.85722573273506e-17], [-6.245004513516506e-17, -1.3434110755758724, 2.8449465006019636e-16], [-2.7762707435023487e-16, -1.6660477188771911e-16, -0.5514316266990433]], [[-1.343411075575872, 3.8163916471489756e-16, -4.85722573273506e-17], [6.036837696399289e-16, -0.5514316266990429, -6.036837696399289e-16], [3.8850674042485916e-16, -3.886493768127505e-16, -0.5514316266990433]], [[-1.343411075575872, 3.8163916471489756e-16, -4.85722573273506e-17], [6.036837696399289e-16, -0.5514316266990429, -6.036837696399289e-16], [3.8850674042485916e-16, -3.886493768127505e-16, -0.5514316266990433]], [[-0.5514316266990433, -6.245004513516506e-17, -2.706168622523819e-16], [-5.065392549852277e-16, -0.5514316266990429, 6.245004513516506e-17], [-2.775043677653018e-16, 4.996517494723078e-16, -1.343411075575872]]]}, "metadata": {"formula": "NaPF6", "nsites": 8, "structure": "# generated using pymatgen\ndata_NaPF6\n_symmetry_space_group_name_H-M   'P 1'\n_cell_length_a   5.54739573\n_cell_length_b   5.54739573\n_cell_length_c   5.54739573\n_cell_angle_alpha   60.00000000\n_cell_angle_beta   60.00000000\n_cell_angle_gamma   60.00000000\n_symmetry_Int_Tables_number   1\n_chemical_formula_structural   NaPF6\n_chemical_formula_sum   'Na1 P1 F6'\n_cell_volume   120.712555803\n_cell_formula_units_Z   1\nloop_\n _symmetry_equiv_pos_site_id\n _symmetry_equiv_pos_as_xyz\n  1  'x, y, z'\nloop_\n _atom_site_type_symbol\n _atom_site_label\n _atom_site_symmetry_multiplicity\n _atom_site_fract_x\n _atom_site_fract_y\n _atom_site_fract_z\n _atom_site_occupancy\n  Na  Na1  1  0.000000  0.000000  0.000000  1\n  P  P2  1  0.500000  0.500000  0.500000  1\n  F  F3  1  0.706499  0.293501  0.706499  1\n  F  F4  1  0.706499  0.706499  0.293501  1\n  F  F5  1  0.293501  0.706499  0.293501  1\n  F  F6  1  0.293501  0.706499  0.706499  1\n  F  F7  1  0.706499  0.293501  0.293501  1\n  F  F8  1  0.293501  0.293501  0.706499  1\n"}}