{"phonon": {"ph_bandstructure": [[0.0, 0.0, 0.0, 27.27486312168036, 27.27486313132303, 106.476896709738, 140.7432326674112, 142.12673811527782, 142.1267381169215, 143.0532027829781, 143.6679789484512, 162.43658656473863]]}, "dielectric": {"eps_electronic": [[8.89947706859094, 8.881784197001252e-16, 2.395107580520563e-23], [1.7763568394002505e-15, 8.899477068608075, 4.148448019059481e-23], [2.395107580520564e-23, 4.1484480190594815e-23, 8.249044205515869]], "eps_total": [[11.47458603381516, 0.0, 2.395107580520563e-23], [0.0, 11.474586033906961, 4.148448019059481e-23], [2.395107580520564e-23, 4.1484480190594815e-23, 11.155763587697514]], "becs": [[[2.093505127720597, 1.3322676295501878e-15, 4.7951381358984134e-23], [4.440892098500626e-15, 2.093505127720597, 3.55946694886979e-23], [1.4738907138377214e-22, -6.382134002920314e-23, 2.1883042970275848]], [[2.093505127720597, -1.3322676295501878e-15, -1.7125493342494333e-22], [-4.440892098500626e-15, 2.093505127720597, -1.5424356778435758e-22], [-2.67142691883087e-22, 6.913978503163675e-23, 2.1883042970275848]], [[-2.093505127720597, 0.0, 3.4250986684988675e-23], [0.0, -2.093505127720597, 1.067840084660937e-22], [9.211816961485758e-23, -1.0636890004867193e-23, -2.188304297027582]], [[-2.093505127720597, 0.0, 8.905256538097053e-23], [0.0, -2.093505127720597, 1.1864889829565975e-23], [2.763545088445727e-23, 5.318445002433592e-24, -2.1883042970275874]]]}, "metadata": {"formula": "CdTe", "nsites": 4, "structure": "# generated using pymatgen\ndata_CdTe\n_symmetry_space_group_name_H-M   'P 1'\n_cell_length_a   4.58568953\n_cell_length_b   4.58568953\n_cell_length_c   7.52039677\n_cell_angle_alpha   90.00000000\n_cell_angle_beta   90.00000000\n_cell_angle_gamma   120.00000000\n_symmetry_Int_Tables_number   1\n_chemical_formula_structural   CdTe\n_chemical_formula_sum   'Cd2 Te2'\n_cell_volume   136.955879387\n_cell_formula_units_Z   2\nloop_\n _symmetry_equiv_pos_site_id\n _symmetry_equiv_pos_as_xyz\n  1  'x, y, z'\nloop_\n _atom_site_type_symbol\n _atom_site_label\n _atom_site_symmetry_multiplicity\n _atom_site_fract_x\n _atom_site_fract_y\n _atom_site_fract_z\n _atom_site_occupancy\n  Cd  Cd1  1  0.666667  0.333333  0.999720  1\n  Cd  Cd2  1  0.333333  0.666667  0.499720  1\n  Te  Te3  1  0.666667  0.333333  0.625280  1\n  Te  Te4  1  0.333333  0.666667  0.125280  1\n"}}