{"phonon": {"ph_bandstructure": [[0.0, 0.0, 0.0, 73.65935550391801, 80.60179876199176, 80.60179876776918, 122.72159467044058, 131.1331340239276, 146.37286774966844, 146.3728954199622, 148.26112835403103, 148.2611283572241, 159.72138773582228, 159.83791273753454, 164.85310717645584, 168.51581944567607, 245.99239738848294, 255.15248621511356, 296.6361345175983, 342.1485892781012, 377.3587850657384]]}, "dielectric": {"eps_electronic": [[11.17889688763552, -3.255713769957408e-15, 4.444544035312712e-15], [-2.367535350257283e-15, 11.17889688763552, 7.997257714113213e-15], [-4.0610852929586594e-16, 3.5906943593546976e-15, 8.475779044452912]], "eps_total": [[23.120841509573413, -1.883313958370536e-14, 7.035023482135094e-15], [-1.7257027462544312e-14, 23.120841510099485, 9.016802830475751e-15], [-3.58683471094233e-15, -7.13954838974283e-15, 42.029644099947504]], "becs": [[[2.656044087488985, -4.758098393360175e-16, 1.0856345911765669e-16], [-7.93016431980587e-16, 2.6560440874889846, -6.590016683685654e-17], [7.612957032329586e-16, -1.2688275617183601e-16, 2.189901426998872]], [[2.656044087488985, -4.758098393360175e-16, 1.0856345911765669e-16], [-7.93016431980587e-16, 2.6560440874889846, -6.590016683685654e-17], [7.612957032329586e-16, -1.2688275617183601e-16, 2.189901426998872]], [[2.005400596422698, 4.123685803641077e-16, -1.0849207806752227e-16], [3.172065926445695e-16, 2.861589047170974, 5.011120336551146e-17], [-1.903239555867417e-15, -2.7914180152722117e-15, 2.162831324512537]], [[2.861589047170974, -3.17206294859549e-17, -2.1467429957424949e-16], [7.612958024946321e-16, 2.0054005964226977, 5.4951284321299903e-17], [-2.7914179755675423e-15, 7.612956635282892e-16, 2.1628313245125375]], [[-3.384333703992142, -2.537652344109862e-16, 1.0968582622427143e-16], [-5.709718270555557e-16, -3.3843337039921426, -6.477779973024181e-17], [5.202187801733585e-15, 4.31400934232879e-15, -2.945213508988045]], [[-3.384333703992142, -2.537652344109862e-16, 1.0968582622427143e-16], [-5.709718270555557e-16, -3.3843337039921426, -6.477779973024181e-17], [5.202187801733585e-15, 4.31400934232879e-15, -2.945213508988045]], [[-3.4104103978872726, 1.0785023951392016e-15, -1.133321590233107e-16], [1.6494742221947574e-15, -3.4104103978872713, 1.5629342487223867e-16], [-7.232310074068168e-15, -6.344131694072713e-15, -2.815038484830175]]]}, "metadata": {"formula": "Ca4Sb2O", "nsites": 7, "structure": "# generated using pymatgen\ndata_Ca4Sb2O\n_symmetry_space_group_name_H-M   'P 1'\n_cell_length_a   8.70028663\n_cell_length_b   8.70028663\n_cell_length_c   8.70028663\n_cell_angle_alpha   149.07957935\n_cell_angle_beta   149.07957935\n_cell_angle_gamma   44.29418257\n_symmetry_Int_Tables_number   1\n_chemical_formula_structural   Ca4Sb2O\n_chemical_formula_sum   'Ca4 Sb2 O1'\n_cell_volume   173.378022115\n_cell_formula_units_Z   1\nloop_\n _symmetry_equiv_pos_site_id\n _symmetry_equiv_pos_as_xyz\n  1  'x, y, z'\nloop_\n _atom_site_type_symbol\n _atom_site_label\n _atom_site_symmetry_multiplicity\n _atom_site_fract_x\n _atom_site_fract_y\n _atom_site_fract_z\n _atom_site_occupancy\n  Ca  Ca1  1  0.664841  0.664841  0.000000  1\n  Ca  Ca2  1  0.335159  0.335159  0.000000  1\n  Ca  Ca3  1  0.500000  1.000000  0.500000  1\n  Ca  Ca4  1  0.000000  0.500000  0.500000  1\n  Sb  Sb5  1  0.860541  0.860541  0.000000  1\n  Sb  Sb6  1  0.139459  0.139459  0.000000  1\n  O  O7  1  0.500000  0.500000  0.000000  1\n"}}