{"phonon": {"ph_bandstructure": [[0.0, 0.0, 0.0, 36.85482662730547, 36.85482664167149, 53.8880262152098, 55.45106687001169, 57.39916559706801, 57.39916560631616, 74.52902955122121, 77.75815081375897, 87.76354604079376, 87.76354604687793, 92.1758301521118, 92.17583015791094, 92.49135739115533, 97.80163938327148, 100.50127884345868, 126.76207046394778, 131.86398321657592, 132.28697163486686, 132.60866591531752, 132.60866591939725, 138.563308210171]]}, "dielectric": {"eps_electronic": [[7.311531406916008, 0.0, -7.304211014663722e-23], [2.220446049250313e-15, 7.311531406914678, -6.325632293300224e-23], [-7.304211014663719e-23, -6.325632293300223e-23, 7.587676287995619]], "eps_total": [[12.354411471186502, -8.881784197001252e-15, -7.304211014663722e-23], [-4.884981308350689e-15, 12.354411472079672, -6.325632293300224e-23], [-7.304211014663719e-23, -6.325632293300223e-23, 13.770979432737832]], "becs": [[[0.8417254340923637, 5.551115123125783e-16, -2.4528137864892653e-23], [1.6653345369377348e-15, 0.8417254340923634, 1.3704509999046232e-24], [0.0, 0.0, 1.028679670085193]], [[0.8417254340923646, -9.992007221626409e-16, 8.940901866880226e-23], [-2.3314683517128287e-15, 0.8417254340923643, 1.1100653099227519e-22], [0.0, 0.0, 1.028679670085193]], [[0.9554191442545643, -1.1102230246251565e-16, -3.718782192419209e-23], [-5.551115123125783e-16, 0.9554191442545641, -6.44111969955177e-23], [0.0, 0.0, 0.7089128033801854]], [[0.9554191442545643, -1.1102230246251565e-16, -3.718782192419209e-23], [-5.551115123125783e-16, 0.9554191442545641, -6.44111969955177e-23], [0.0, 0.0, 0.7089128033801854]], [[0.8417254340923646, -9.992007221626409e-16, 3.24404404019548e-23], [-2.3314683517128287e-15, 0.8417254340923643, 1.2334058999141691e-23], [0.0, 0.0, 1.0286796700851908]], [[0.8417254340923637, 5.551115123125783e-16, -4.984750598349152e-23], [1.6653345369377348e-15, 0.8417254340923634, -4.248398099704359e-23], [0.0, 0.0, 1.0286796700851908]], [[-2.6388700124392934, 7.771561172376096e-16, -3.718782192419209e-23], [2.1094237467877974e-15, -2.638870012439294, -6.441119699551771e-23], [0.0, 0.0, -2.7662721435505677]], [[-2.6388700124392916, 3.3306690738754696e-16, 6.408965055020338e-23], [3.3306690738754696e-16, -2.6388700124392903, 1.1100653099227519e-22], [0.0, 0.0, -2.7662721435505713]]]}, "metadata": {"formula": "K3Sb", "nsites": 8, "structure": "# generated using pymatgen\ndata_K3Sb\n_symmetry_space_group_name_H-M   'P 1'\n_cell_length_a   6.01473299\n_cell_length_b   6.01473299\n_cell_length_c   10.67487186\n_cell_angle_alpha   90.00000000\n_cell_angle_beta   90.00000000\n_cell_angle_gamma   120.00000000\n_symmetry_Int_Tables_number   1\n_chemical_formula_structural   K3Sb\n_chemical_formula_sum   'K6 Sb2'\n_cell_volume   334.446001375\n_cell_formula_units_Z   2\nloop_\n _symmetry_equiv_pos_site_id\n _symmetry_equiv_pos_as_xyz\n  1  'x, y, z'\nloop_\n _atom_site_type_symbol\n _atom_site_label\n _atom_site_symmetry_multiplicity\n _atom_site_fract_x\n _atom_site_fract_y\n _atom_site_fract_z\n _atom_site_occupancy\n  K  K1  1  0.333333  0.666667  0.918322  1\n  K  K2  1  0.666667  0.333333  0.418322  1\n  K  K3  1  0.000000  0.000000  0.250000  1\n  K  K4  1  0.000000  0.000000  0.750000  1\n  K  K5  1  0.333333  0.666667  0.581678  1\n  K  K6  1  0.666667  0.333333  0.081678  1\n  Sb  Sb7  1  0.666667  0.333333  0.750000  1\n  Sb  Sb8  1  0.333333  0.666667  0.250000  1\n"}}