{"phonon": {"ph_bandstructure": [[0.0, 0.0, 0.0, 114.7479461812011, 114.74794618285087, 233.27458747343118]]}, "dielectric": {"eps_electronic": [[2.424521945188612, 1.1863426234713755e-15, 4.440892098500626e-16], [4.119943748770279e-16, 2.424521945188612, 4.440892098500626e-16], [1.131086385025143e-15, 1.131086385025143e-15, 2.4245219451886117]], "eps_total": [[10.020078812517747, 2.8763640013535478e-15, -1.7763568394002505e-15], [3.926715506047734e-15, 10.020078813045055, -1.7763568394002505e-15], [-4.410137115377871e-17, -9.32279790853904e-16, 10.020078812736333]], "becs": [[[1.3336477130252793, 0.0, 0.0], [0.0, 1.3336477130252793, 0.0], [2.5524138951073767e-19, 2.5524138951073767e-19, 1.3336477130252793]], [[-1.3336477130252793, 0.0, 0.0], [0.0, -1.3336477130252793, 0.0], [-2.5524138951073767e-19, -2.5524138951073767e-19, -1.3336477130252793]]]}, "metadata": {"formula": "CsF", "nsites": 2, "structure": "# generated using pymatgen\ndata_CsF\n_symmetry_space_group_name_H-M   'P 1'\n_cell_length_a   4.20687377\n_cell_length_b   4.20687377\n_cell_length_c   4.20687377\n_cell_angle_alpha   60.00000000\n_cell_angle_beta   60.00000000\n_cell_angle_gamma   60.00000000\n_symmetry_Int_Tables_number   1\n_chemical_formula_structural   CsF\n_chemical_formula_sum   'Cs1 F1'\n_cell_volume   52.6457653526\n_cell_formula_units_Z   1\nloop_\n _symmetry_equiv_pos_site_id\n _symmetry_equiv_pos_as_xyz\n  1  'x, y, z'\nloop_\n _atom_site_type_symbol\n _atom_site_label\n _atom_site_symmetry_multiplicity\n _atom_site_fract_x\n _atom_site_fract_y\n _atom_site_fract_z\n _atom_site_occupancy\n  Cs  Cs1  1  1.000000  0.000000  0.000000  1\n  F  F2  1  0.500000  0.500000  0.500000  1\n"}}