{"phonon": {"ph_bandstructure": [[-0.0025119452486567747, 0.0, 0.0, 26.679893461788495, 74.88196183335782, 76.46263296426396, 81.09790777056146, 83.44006542021057, 115.9106421202693, 127.94712748489134, 130.71486360660228, 138.0817649290645, 165.2883178639371, 165.40441844917183, 180.75004422899406, 191.15054292832846, 202.67960727696305, 203.09803631911547, 236.66445817468923, 248.88642685310924, 258.1301152315138, 289.869890883017, 296.59924494095964, 306.82009424412735, 414.8800498795797, 434.20578743001187, 446.86116039548796, 521.1751770468102, 524.163347454566, 535.8224491633945, 572.2401987057387, 574.5494967763925, 882.7819077644009, 882.9319353667341, 889.8129532753319, 906.0683041837799]]}, "dielectric": {"eps_electronic": [[2.8141632795898865, -4.449126361785813e-16, 4.549543381666682e-16], [-4.449126361785813e-16, 2.8141632795898865, 4.549543381666682e-16], [-3.7310356468602416e-17, -3.7310356468602416e-17, 2.8051666126818464]], "eps_total": [[7.307047449132416, -2.518188711223529e-15, -1.0664968039166706e-15], [-2.723705851627518e-15, 7.307047449434157, 4.170231693559906e-18], [-8.125740087326375e-16, -8.125740087326375e-16, 46.46799901477346]], "becs": [[[1.3119931397930045, -0.10028508210412967, -3.8857805696444356e-16], [0.1002850821041309, 1.3119931397930045, 2.0354088729649162e-16], [-1.3877787824358069e-15, -3.515706217073642e-16, 1.0874581997539972]], [[1.3119931397930036, 0.10028508210412945, -6.106226618894749e-16], [-0.10028508210413045, 1.311993139793004, 4.2558549222152293e-16], [-5.551115288561905e-17, 9.251858814269842e-17, 1.0874581997539976]], [[1.320183300494009, 2.220446049250313e-16, 5.472753065293507e-17], [3.330669106962694e-16, 1.320183300494009, -1.928733986122367e-17], [-5.551115288561905e-17, 9.251858814269842e-17, 1.5245918719234446]], [[4.305013951512265, 4.440892098500626e-16, 5.575226741875258e-17], [5.551115156213007e-16, 4.305013951512265, -1.826260309540615e-17], [-4.996003627356817e-16, -3.515706217073642e-16, 3.1390943712249006]], [[-1.285730481321369, -0.5801936354159096, -0.0334026129904042], [-0.5801936354159095, -1.285730481321369, -0.03340261299040428], [-0.1261079962754728, -0.12610799627547287, -0.35678784909837624]], [[-1.285730481321369, 0.580193635415909, 0.033402612990404645], [0.5801936354159088, -1.2857304813213695, -0.033402612990404604], [0.12610799627547403, -0.12610799627547353, -0.3567878490983767]], [[-1.285730481321369, 0.5801936354159087, -0.03340261299040431], [0.5801936354159088, -1.285730481321369, 0.033402612990404354], [-0.1261079962754737, 0.12610799627547353, -0.3567878490983767]], [[-1.2857304813213681, -0.5801936354159085, 0.033402612990404534], [-0.5801936354159091, -1.285730481321369, 0.03340261299040402], [0.12610799627547403, 0.1261079962754733, -0.3567878490983758]], [[-0.7765654015812197, -0.13537199766717012, 0.3999378733622888], [-0.13537199766716979, -0.7765654015812203, 0.39993787336228914], [0.27005282622357746, 0.27005282622357807, -1.35286281156]], [[-0.7765654015812197, 0.13537199766717056, -0.3999378733622884], [0.13537199766717023, -0.7765654015812203, 0.3999378733622885], [-0.2700528262235769, 0.2700528262235756, -1.3528628115599997]], [[-0.7765654015812197, 0.1353719976671699, 0.39993787336228875], [0.13537199766716956, -0.7765654015812194, -0.3999378733622887], [0.2700528262235761, -0.27005282622357674, -1.3528628115599997]], [[-0.7765654015812197, -0.13537199766717034, -0.3999378733622889], [-0.13537199766717045, -0.7765654015812194, -0.39993787336228903], [-0.27005282622357624, -0.27005282622357674, -1.352862811560001]]]}, "metadata": {"formula": "K3NbO8", "nsites": 12, "structure": "# generated using pymatgen\ndata_K3NbO8\n_symmetry_space_group_name_H-M   'P 1'\n_cell_length_a   6.17453681\n_cell_length_b   6.17453681\n_cell_length_c   6.17453681\n_cell_angle_alpha   113.32717933\n_cell_angle_beta   113.32717933\n_cell_angle_gamma   102.00738232\n_symmetry_Int_Tables_number   1\n_chemical_formula_structural   K3NbO8\n_chemical_formula_sum   'K3 Nb1 O8'\n_cell_volume   178.949667996\n_cell_formula_units_Z   1\nloop_\n _symmetry_equiv_pos_site_id\n _symmetry_equiv_pos_as_xyz\n  1  'x, y, z'\nloop_\n _atom_site_type_symbol\n _atom_site_label\n _atom_site_symmetry_multiplicity\n _atom_site_fract_x\n _atom_site_fract_y\n _atom_site_fract_z\n _atom_site_occupancy\n  K  K1  1  0.250000  0.750000  0.500000  1\n  K  K2  1  0.750000  0.250000  0.500000  1\n  K  K3  1  0.500000  0.500000  0.000000  1\n  Nb  Nb4  1  0.000000  0.000000  0.000000  1\n  O  O5  1  0.235347  0.235347  0.426012  1\n  O  O6  1  0.764653  0.190666  1.000000  1\n  O  O7  1  0.190666  0.764653  0.000000  1\n  O  O8  1  0.809334  0.809334  0.573988  1\n  O  O9  1  0.049445  0.049445  0.718242  1\n  O  O10  1  0.950555  0.668796  1.000000  1\n  O  O11  1  0.668796  0.950555  0.000000  1\n  O  O12  1  0.331204  0.331204  0.281758  1\n"}}