{"phonon": {"ph_bandstructure": [[0.0, 0.0, 0.0, 93.37974234467102, 131.9961642421218, 165.30031991506604, 199.10968275899714, 201.33469658030086, 233.19073842982988, 265.3736442222096, 272.2569621404291, 276.0405938704929, 309.77262119315907, 315.06445444427834, 337.11434032009674, 339.74594350370785, 342.31767520284126, 371.0440781759307, 394.33159435048316, 415.9500293571729, 432.32227982851805, 449.8087522474705, 454.7519193348624, 467.10277901096254, 498.7644165198409, 502.48768352330904, 525.6763159510231, 556.0420942915293, 569.1149886131716, 646.9153309949651, 690.0379361854613, 722.79228072068, 796.6767927600399, 906.048116622482, 933.1977156823976, 951.1056034657141]]}, "dielectric": {"eps_electronic": [[4.023324878215403, -8.881784197001252e-16, 0.0], [-1.3322676295501878e-15, 3.6955546743223633, -0.1341503957894742], [0.0, -0.13415039578947446, 3.8755015324398503]], "eps_total": [[13.695174644314093, -7.105427357601002e-15, 0.0], [-5.10702591327572e-15, 10.215918293312798, -1.0394056246723138], [0.0, -1.0394056246723138, 10.038039421662788]], "becs": [[[6.522415603511492, -1.8503717628539684e-17, -2.057544734179811e-17], [-4.3029016323290997e-16, 4.640983932974759, -0.8191270704210691], [8.981447833326514e-17, -0.42874291221554317, 5.24983811247528]], [[6.522415603511492, -1.8503717628539684e-17, -2.057544734179811e-17], [-4.3029016323290997e-16, 4.640983932974759, -0.8191270704210691], [8.981447833326514e-17, -0.42874291221554317, 5.24983811247528]], [[2.863678028098919, -1.8503717628539684e-17, 1.674673641588069e-17], [-4.461825790033473e-16, 3.6063826056314756, 0.4059461362105221], [-1.3625107202405958e-17, -0.010074036189489028, 3.6606300044926283]], [[2.863678028098919, -1.8503717628539684e-17, 1.674673641588069e-17], [-4.466952375765873e-16, 3.6063826056314756, 0.4059461362105221], [-1.6961868026137285e-17, -0.01007403618948903, 3.6606300044926283]], [[-4.951614820335063, -1.8503717628539684e-17, 1.913838845139316e-17], [-4.466952375765873e-16, -1.5464107569675396, -0.05372271250410571], [-1.6961868026137285e-17, 0.04959173402402068, -1.0249703941513038]], [[-4.951614820335063, -1.8503717628539684e-17, 1.913838845139316e-17], [-4.487458718695469e-16, -1.5464107569675396, -0.05372271250410571], [-3.030891132106259e-17, 0.04959173402402067, -1.0249703941513038]], [[-1.0523538057093373, 9.251858483397597e-17, -6.651999043100605e-17], [3.1060184412239136e-15, -3.2596612501775746, 0.7772244346984063], [-1.6961868026137285e-17, 0.5884621429639876, -2.2268861050446795]], [[-1.052353805709336, -1.8503717628539684e-17, 1.674673641588069e-17], [-4.466952375765873e-16, -3.2596612501775737, 0.7772244346984061], [-1.6961868026137285e-17, 0.5884621429639876, -2.2268861050446795]], [[-1.1092283282873308, -1.8503717628539684e-17, -2.386479868219084e-18], [-4.466952375765873e-16, -1.013926220113465, 0.15443843357720893], [-1.6961868026137285e-17, -0.022177537412618985, -3.8172079228995597]], [[-1.1092283282873308, -1.8503717628539684e-17, -2.386479868219084e-18], [-4.466952375765873e-16, -1.013926220113465, 0.1544384335772085], [-1.6961868026137285e-17, -0.022177537412618985, -3.8172079228995615]], [[-2.272896677144203, 9.251858483397597e-17, 7.180128273830804e-18], [1.3296616018236631e-15, -2.42736831135459, -0.4647592215605533], [-1.6961868026137285e-17, -0.17705939116906994, -1.8414036948764916]], [[-2.272896677144203, -1.8503717628539684e-17, 1.674673641588069e-17], [-4.466952375765873e-16, -2.4273683113545883, -0.464759221560554], [-1.6961868026137285e-17, -0.17705939116906994, -1.8414036948764916]]]}, "metadata": {"formula": "TaAlO4", "nsites": 12, "structure": "# generated using pymatgen\ndata_TaAlO4\n_symmetry_space_group_name_H-M   'P 1'\n_cell_length_a   6.35428243\n_cell_length_b   6.35428243\n_cell_length_c   6.44797731\n_cell_angle_alpha   73.08019293\n_cell_angle_beta   73.08019293\n_cell_angle_gamma   34.54734094\n_symmetry_Int_Tables_number   1\n_chemical_formula_structural   TaAlO4\n_chemical_formula_sum   'Ta2 Al2 O8'\n_cell_volume   140.616434872\n_cell_formula_units_Z   2\nloop_\n _symmetry_equiv_pos_site_id\n _symmetry_equiv_pos_as_xyz\n  1  'x, y, z'\nloop_\n _atom_site_type_symbol\n _atom_site_label\n _atom_site_symmetry_multiplicity\n _atom_site_fract_x\n _atom_site_fract_y\n _atom_site_fract_z\n _atom_site_occupancy\n  Ta  Ta1  1  0.105715  0.105715  0.267788  1\n  Ta  Ta2  1  0.894285  0.894285  0.732212  1\n  Al  Al3  1  0.200965  0.200965  0.679430  1\n  Al  Al4  1  0.799035  0.799035  0.320570  1\n  O  O5  1  0.641449  0.641449  0.297838  1\n  O  O6  1  0.358551  0.358551  0.702162  1\n  O  O7  1  0.057250  0.057250  0.635357  1\n  O  O8  1  0.942750  0.942750  0.364643  1\n  O  O9  1  0.858798  0.858798  0.024794  1\n  O  O10  1  0.141202  0.141202  0.975206  1\n  O  O11  1  0.737702  0.737702  0.642276  1\n  O  O12  1  0.262298  0.262298  0.357724  1\n"}}