{"phonon": {"ph_bandstructure": [[-0.008757762221179547, -0.008737366387590725, -0.004812102293755842, 36.863460150110136, 132.75928752374125, 133.75057463237187, 139.56145314777783, 142.73400598113653, 165.51636145569515, 181.9681427313241, 188.53514667883027, 201.88892966988897, 234.2272052171579, 234.99898954186466, 244.68297143561136, 265.8187083586805, 278.484865129251, 286.68942490265465, 362.0932403986442, 367.338711322939, 395.10935475475344, 439.7330387343022, 503.5858340666053, 510.2003133297237, 530.081781594329, 549.8399585792595, 640.0559907384968, 651.2824845954834, 660.4240011969428, 661.0953722718051]]}, "dielectric": {"eps_electronic": [[3.8287246739236087, -1.7606977021664582e-17, 0.0], [-4.403635665341596e-17, 5.991411977951923, 0.0], [-3.4307915185625617e-16, -5.968645892154281e-16, 6.043656376996077]], "eps_total": [[4.1775120208291225, -6.893514854605603e-16, -4.440892098500626e-16], [1.9983738074628252e-16, 6.8024535554011925, 0.0], [-6.368901881616022e-17, 2.0605535308872067e-16, 6.883221176071644]], "becs": [[[2.022459787448742, 4.440892098500626e-16, -3.774758273799365e-16], [1.7763568394002505e-15, 2.7760513605924104, -0.7179029496446563], [2.2204460202989916e-16, -0.5186289783542308, 2.7978816294531343]], [[2.022459787448742, -8.881784197001252e-16, 6.661338247012613e-17], [-1.7763568394002505e-15, 2.7760513605924095, 0.7179029496446558], [1.887379138967634e-15, 0.5186289783542279, 2.7978816294531343]], [[-0.6495484638958626, 0.24268834912289683, -0.20633867485256235], [0.5235556459673552, -0.5274394489125349, 0.1991746983817195], [-0.5266013433356328, 0.23958882001154602, -0.4932739236554189]], [[-0.6495484638958622, -0.24268834912289727, 0.2063386748525627], [-0.523555645967356, -0.5274394489125349, 0.1991746983817195], [0.5266013433356316, 0.23958882001154558, -0.493273923655418]], [[-0.36168142983323537, -0.03125340699694279, -0.026294426729989984], [-0.38374929869326246, -0.8605862313885289, -0.7154083051468834], [-0.3922134803074204, -0.6665072444672998, -0.9056668910767016]], [[-0.36168142983323537, 0.0312534069969419, 0.026294426729990782], [0.38374929869326246, -0.8605862313885289, -0.7154083051468834], [0.3922134803074218, -0.6665072444673001, -0.9056668910767025]], [[-0.36168142983323537, 0.03125340699694257, -0.026294426729991095], [0.38374929869326335, -0.8605862313885271, 0.715408305146884], [-0.3922134803074231, 0.6665072444673006, -0.9056668910767025]], [[-0.3616814298332367, -0.031253406996942124, 0.026294426729991004], [-0.38374929869326335, -0.8605862313885289, 0.7154083051468845], [0.39221348030742065, 0.6665072444673008, -0.9056668910767034]], [[-0.6495484638958626, 0.2426883491228975, 0.2063386748525618], [0.5235556459673569, -0.5274394489125349, -0.19917469838172067], [0.5266013433356336, -0.2395888200115456, -0.493273923655418]], [[-0.6495484638958635, -0.24268834912289616, -0.20633867485256258], [-0.523555645967356, -0.5274394489125345, -0.19917469838171956], [-0.5266013433356331, -0.23958882001154458, -0.49327392365541844]]]}, "metadata": {"formula": "PdF4", "nsites": 10, "structure": "# generated using pymatgen\ndata_PdF4\n_symmetry_space_group_name_H-M   'P 1'\n_cell_length_a   6.54960847\n_cell_length_b   5.52492051\n_cell_length_c   5.47378320\n_cell_angle_alpha   73.09334650\n_cell_angle_beta   53.81271571\n_cell_angle_gamma   53.09393779\n_symmetry_Int_Tables_number   1\n_chemical_formula_structural   PdF4\n_chemical_formula_sum   'Pd2 F8'\n_cell_volume   127.205911128\n_cell_formula_units_Z   2\nloop_\n _symmetry_equiv_pos_site_id\n _symmetry_equiv_pos_as_xyz\n  1  'x, y, z'\nloop_\n _atom_site_type_symbol\n _atom_site_label\n _atom_site_symmetry_multiplicity\n _atom_site_fract_x\n _atom_site_fract_y\n _atom_site_fract_z\n _atom_site_occupancy\n  Pd  Pd1  1  0.761901  0.238099  0.238099  1\n  Pd  Pd2  1  0.011901  0.488099  0.488099  1\n  F  F3  1  0.237692  0.069851  0.479814  1\n  F  F4  1  0.212643  0.479814  0.069851  1\n  F  F5  1  0.708134  0.482348  0.506888  1\n  F  F6  1  0.302629  0.506888  0.482348  1\n  F  F7  1  0.743112  0.947371  0.541866  1\n  F  F8  1  0.767652  0.541866  0.947371  1\n  F  F9  1  0.180149  0.012308  0.037357  1\n  F  F10  1  0.770186  0.037357  0.012308  1\n"}}