{"phonon": {"ph_bandstructure": [[0.0, 0.0, 0.0, 383.29253175948884, 383.29253176033177, 510.9681996122759]]}, "dielectric": {"eps_electronic": [[6.812149470100091, 9.795316895652083e-16, 4.440892098500626e-16], [5.354424797151458e-16, 6.81214947010009, -4.440892098500626e-16], [8.571595150490847e-16, -3.1018904651040534e-17, 6.812149470100091]], "eps_total": [[12.10629350346361, 2.9727675118670934e-15, 1.7763568394002505e-15], [1.7530137648724047e-15, 12.106293503478424, 0.0], [-4.095057264672527e-17, -4.095057264672527e-17, 12.106293503486892]], "becs": [[[2.1826729999819383, 0.0, 0.0], [0.0, 2.1826729999819383, 0.0], [-8.317183241743117e-20, -8.317183241743117e-20, 2.1826729999819383]], [[-2.1826729999819383, 0.0, 0.0], [0.0, -2.1826729999819383, 0.0], [8.317183241743122e-20, 8.317183241743122e-20, -2.1826729999819383]]]}, "metadata": {"formula": "ZnO", "nsites": 2, "structure": "# generated using pymatgen\ndata_ZnO\n_symmetry_space_group_name_H-M   'P 1'\n_cell_length_a   3.21269981\n_cell_length_b   3.21269981\n_cell_length_c   3.21269981\n_cell_angle_alpha   60.00000000\n_cell_angle_beta   60.00000000\n_cell_angle_gamma   60.00000000\n_symmetry_Int_Tables_number   1\n_chemical_formula_structural   ZnO\n_chemical_formula_sum   'Zn1 O1'\n_cell_volume   23.447440732\n_cell_formula_units_Z   1\nloop_\n _symmetry_equiv_pos_site_id\n _symmetry_equiv_pos_as_xyz\n  1  'x, y, z'\nloop_\n _atom_site_type_symbol\n _atom_site_label\n _atom_site_symmetry_multiplicity\n _atom_site_fract_x\n _atom_site_fract_y\n _atom_site_fract_z\n _atom_site_occupancy\n  Zn  Zn1  1  0.000000  0.000000  0.000000  1\n  O  O2  1  0.250000  0.250000  0.250000  1\n"}}