{"phonon": {"ph_bandstructure": [[0.0, 0.0, 0.0, 99.12967901198678, 99.26180741206993, 125.93545371294579, 127.4905941350298, 128.31989970228418, 132.24726832727046, 163.01076740396405, 171.06322870166446, 175.0724651124798, 179.87358615638712, 180.84783620362452, 187.49767891371116, 208.72976200592163, 214.31306563233298, 215.68154841409694, 223.6969128406907, 224.26081917756974, 229.4865164494376, 231.3882124212145, 233.34270117716446, 242.8312271972535, 243.88518469926674, 244.5862409716933, 250.30137861489956, 252.60118988053983, 253.42444293449734, 259.85317186956706, 260.19320280566023, 268.3530749904901, 282.9538330875988, 295.13240153794106, 299.4358994014743, 301.4407613224982]]}, "dielectric": {"eps_electronic": [[26.818765490567227, 0.0, 0.0], [0.0, 26.231883025254504, 0.39929029480377926], [0.0, 0.39929029480377976, 24.643040498635088]], "eps_total": [[35.397488283730816, 0.0, 0.0], [0.0, 34.71974561522677, -0.36169932514218245], [0.0, -0.361699325142185, 34.30277841041305]], "becs": [[[2.4669525125264284, -0.6219050487880124, -0.6151812392878464], [-0.37592851548187856, 2.1226736221701588, -0.6055588043408517], [-0.1547031096574248, 0.16935390037713083, 2.8461901782566033]], [[2.4669525125264267, 0.6219050487880124, 0.6151812392878464], [0.37592851548187856, 2.1226736221701588, -0.6055588043408517], [0.1547031096574248, 0.16935390037713083, 2.8461901782566033]], [[2.4669525125264267, -0.6219050487880124, -0.6151812392878464], [-0.37592851548187856, 2.1226736221701588, -0.6055588043408517], [-0.1547031096574248, 0.16935390037713083, 2.8461901782566033]], [[2.4669525125264267, 0.6219050487880124, 0.6151812392878464], [0.37592851548187856, 2.1226736221701588, -0.6055588043408517], [0.1547031096574248, 0.16935390037713083, 2.8461901782566033]], [[2.367518372603465, 0.17124879700856635, 0.09998839052491251], [0.4646034269448359, 3.1181033618018743, 0.05997422032211584], [-0.013170414766110815, -0.2202603752270047, 2.9206306478936686]], [[2.367518372603465, -0.1712487970085664, -0.09998839052491251], [-0.4646034269448359, 3.1181033618018743, 0.05997422032211584], [0.013170414766110815, -0.2202603752270047, 2.9206306478936686]], [[2.367518372603465, 0.17124879700856635, 0.09998839052491251], [0.4646034269448359, 3.1181033618018743, 0.05997422032211584], [-0.013170414766110815, -0.2202603752270047, 2.9206306478936686]], [[2.367518372603465, -0.1712487970085664, -0.09998839052491251], [-0.464603426944836, 3.118103361801875, 0.0599742203221154], [0.013170414766110815, -0.2202603752270047, 2.9206306478936686]], [[-4.834470888982102, 0.4854690784463003, 0.34883483934411963], [0.3000192937808622, -5.240776984179405, 0.5455845838949605], [0.23961586996040873, 0.05090647471838492, -5.7668208265012595]], [[-4.834470888982102, -0.4854690784463003, -0.3488348393441196], [-0.3000192937808622, -5.240776984179405, 0.5455845838949605], [-0.23961586996040873, 0.050906474718384914, -5.7668208265012595]], [[-4.834470888982096, 0.4854690784463003, 0.3488348393441196], [0.3000192937808622, -5.240776984179405, 0.5455845838949605], [0.23961586996040873, 0.050906474718384914, -5.7668208265012595]], [[-4.834470888982102, -0.4854690784463003, -0.3488348393441196], [-0.3000192937808622, -5.240776984179405, 0.5455845838949605], [-0.23961586996040873, 0.05090647471838492, -5.7668208265012595]]]}, "metadata": {"formula": "As2Rh", "nsites": 12, "structure": "# generated using pymatgen\ndata_As2Rh\n_symmetry_space_group_name_H-M   'P 1'\n_cell_length_a   6.07336806\n_cell_length_b   6.05210449\n_cell_length_c   6.15141497\n_cell_angle_alpha   65.57100884\n_cell_angle_beta   90.00000000\n_cell_angle_gamma   90.00000000\n_symmetry_Int_Tables_number   1\n_chemical_formula_structural   As2Rh\n_chemical_formula_sum   'As8 Rh4'\n_cell_volume   205.863256504\n_cell_formula_units_Z   4\nloop_\n _symmetry_equiv_pos_site_id\n _symmetry_equiv_pos_as_xyz\n  1  'x, y, z'\nloop_\n _atom_site_type_symbol\n _atom_site_label\n _atom_site_symmetry_multiplicity\n _atom_site_fract_x\n _atom_site_fract_y\n _atom_site_fract_z\n _atom_site_occupancy\n  As  As1  1  0.870609  0.843707  0.871982  1\n  As  As2  1  0.370609  0.156293  0.628018  1\n  As  As3  1  0.129391  0.156293  0.128018  1\n  As  As4  1  0.629391  0.843707  0.371982  1\n  As  As5  1  0.369851  0.661422  0.183970  1\n  As  As6  1  0.869851  0.338578  0.316030  1\n  As  As7  1  0.630149  0.338578  0.816030  1\n  As  As8  1  0.130149  0.661422  0.683970  1\n  Rh  Rh9  1  0.499686  0.727428  0.790880  1\n  Rh  Rh10  1  0.999686  0.272572  0.709120  1\n  Rh  Rh11  1  0.500314  0.272572  0.209120  1\n  Rh  Rh12  1  0.000314  0.727428  0.290880  1\n"}}