{"phonon": {"ph_bandstructure": [[0.0, 0.0, 0.0, 474.8041740626138, 474.804174063459, 877.4365092744719]]}, "dielectric": {"eps_electronic": [[5.102944130335218, 1.795067698235893e-15, 2.220446049250313e-15], [2.2391569080859557e-15, 5.102944130335217, 2.220446049250313e-15], [3.558444980947092e-15, 1.7820881415468423e-15, 5.102944130335218]], "eps_total": [[17.427021180535544, 2.9248090146132208e-15, 3.552713678800501e-15], [3.036596281838309e-15, 17.42702118056232, 3.552713678800501e-15], [5.0226721709128616e-15, 5.0226721709128616e-15, 17.427021180579448]], "becs": [[[2.9338954850749666, 0.0, 0.0], [0.0, 2.9338954850749666, 0.0], [2.962461738789568e-20, 2.962461738789568e-20, 2.9338954850749666]], [[-2.9338954850749666, 0.0, 0.0], [0.0, -2.9338954850749666, 0.0], [-2.962461738789568e-20, -2.962461738789568e-20, -2.9338954850749666]]]}, "metadata": {"formula": "AlN", "nsites": 2, "structure": "# generated using pymatgen\ndata_AlN\n_symmetry_space_group_name_H-M   'P 1'\n_cell_length_a   2.85956180\n_cell_length_b   2.85956180\n_cell_length_c   2.85956180\n_cell_angle_alpha   60.00000000\n_cell_angle_beta   60.00000000\n_cell_angle_gamma   60.00000000\n_symmetry_Int_Tables_number   1\n_chemical_formula_structural   AlN\n_chemical_formula_sum   'Al1 N1'\n_cell_volume   16.534210544\n_cell_formula_units_Z   1\nloop_\n _symmetry_equiv_pos_site_id\n _symmetry_equiv_pos_as_xyz\n  1  'x, y, z'\nloop_\n _atom_site_type_symbol\n _atom_site_label\n _atom_site_symmetry_multiplicity\n _atom_site_fract_x\n _atom_site_fract_y\n _atom_site_fract_z\n _atom_site_occupancy\n  Al  Al1  1  0.500000  0.500000  0.500000  1\n  N  N2  1  0.000000  0.000000  0.000000  1\n"}}