{"phonon": {"ph_bandstructure": [[-115.53598562860363, 0.0, 0.0, 0.0, 167.03018883004964, 169.60920660735238, 173.67377659560597, 287.179965770387, 291.42913883610277, 292.27915370452376, 319.00574267159, 447.94817661404375, 467.7248858775294, 521.2950005710675, 664.1282804162119]]}, "dielectric": {"eps_electronic": [[6.371966853311862, 0.0, 0.0], [0.0, 6.371966853311862, 0.0], [0.0, 0.0, 5.6268673739379755]], "eps_total": null, "becs": [[[2.7407440032660446, 0.0, 0.0], [0.0, 2.7407440032660446, 0.0], [0.0, 0.0, 2.8429689293343485]], [[6.9999896805588255, 0.0, 0.0], [0.0, 6.9999896805588255, 0.0], [0.0, 0.0, 5.666759035457517]], [[-2.134502174378613, 0.0, 0.0], [0.0, -5.590067956395492, 0.0], [0.0, 0.0, -1.9521606424626654]], [[-5.590067956395492, 0.0, 0.0], [0.0, -2.134502174378613, 0.0], [0.0, 0.0, -1.9521606424626636]], [[-2.0161635530327824, 0.0, 0.0], [0.0, -2.0161635530327824, 0.0], [0.0, 0.0, -4.605406680046308]]]}, "metadata": {"formula": "BaTiO3", "nsites": 5, "structure": "# generated using pymatgen\ndata_BaTiO3\n_symmetry_space_group_name_H-M   'P 1'\n_cell_length_a   3.95731477\n_cell_length_b   3.95731477\n_cell_length_c   4.05244275\n_cell_angle_alpha   90.00000000\n_cell_angle_beta   90.00000000\n_cell_angle_gamma   90.00000000\n_symmetry_Int_Tables_number   1\n_chemical_formula_structural   BaTiO3\n_chemical_formula_sum   'Ba1 Ti1 O3'\n_cell_volume   63.4626320673\n_cell_formula_units_Z   1\nloop_\n _symmetry_equiv_pos_site_id\n _symmetry_equiv_pos_as_xyz\n  1  'x, y, z'\nloop_\n _atom_site_type_symbol\n _atom_site_label\n _atom_site_symmetry_multiplicity\n _atom_site_fract_x\n _atom_site_fract_y\n _atom_site_fract_z\n _atom_site_occupancy\n  Ba  Ba1  1  0.500000  0.500000  0.582526  1\n  Ti  Ti2  1  0.000000  0.000000  0.098456  1\n  O  O3  1  0.000000  0.500000  0.063621  1\n  O  O4  1  0.500000  0.000000  0.063621  1\n  O  O5  1  0.000000  0.000000  0.551775  1\n"}}