{"phonon": {"ph_bandstructure": [[0.0, 0.0, 0.0, 245.53055874211134, 245.5305587434329, 567.231221937619, 567.2312219380196, 567.2312219386523, 651.3844866585671]]}, "dielectric": {"eps_electronic": [[5.813794240643471, 3.90392033678252e-15, 3.552713678800501e-15], [3.90392033678252e-15, 5.81379424064347, 2.6645352591003757e-15], [3.4648710154107698e-15, 1.6885141760105195e-15, 5.81379424064347]], "eps_total": [[40.918845843377895, -8.168997098613598e-15, 1.0658141036401503e-14], [-9.233186760472735e-15, 40.91884584368215, 7.105427357601002e-15], [8.73095423248308e-15, 1.6255268748820779e-15, 40.91884584375601]], "becs": [[[5.747940383868934, 0.0, 0.0], [0.0, 5.747940383868934, 0.0], [3.595543681870465e-20, 3.595543681870465e-20, 5.747940383868934]], [[-2.8739701919408893, 0.0, 0.0], [0.0, -2.8739701919408893, 0.0], [-1.797771715766354e-20, -1.797771715766354e-20, -2.8739701919408893]], [[-2.8739701919408893, 0.0, 0.0], [0.0, -2.8739701919408893, 0.0], [-1.797771715766354e-20, -1.797771715766354e-20, -2.8739701919408893]]]}, "metadata": {"formula": "ZrO2", "nsites": 3, "structure": "# generated using pymatgen\ndata_ZrO2\n_symmetry_space_group_name_H-M   'P 1'\n_cell_length_a   3.57939479\n_cell_length_b   3.57939479\n_cell_length_c   3.57939479\n_cell_angle_alpha   60.00000000\n_cell_angle_beta   60.00000000\n_cell_angle_gamma   60.00000000\n_symmetry_Int_Tables_number   1\n_chemical_formula_structural   ZrO2\n_chemical_formula_sum   'Zr1 O2'\n_cell_volume   32.4275254203\n_cell_formula_units_Z   1\nloop_\n _symmetry_equiv_pos_site_id\n _symmetry_equiv_pos_as_xyz\n  1  'x, y, z'\nloop_\n _atom_site_type_symbol\n _atom_site_label\n _atom_site_symmetry_multiplicity\n _atom_site_fract_x\n _atom_site_fract_y\n _atom_site_fract_z\n _atom_site_occupancy\n  Zr  Zr1  1  0.000000  0.000000  0.000000  1\n  O  O2  1  0.750000  0.750000  0.750000  1\n  O  O3  1  0.250000  0.250000  0.250000  1\n"}}