{"phonon": {"ph_bandstructure": [[0.0, 0.0, 0.0, 155.86063567288332, 155.86063567416954, 248.39911075278445]]}, "dielectric": {"eps_electronic": [[9.136444248134904, -3.620241833617237e-15, -3.552713678800501e-15], [-3.620241833617237e-15, 9.136444248134904, -3.552713678800501e-15], [-2.5560008591740275e-15, -2.5560008591740275e-15, 9.136444248134904]], "eps_total": [[23.206219493180765, -2.1573953833480392e-15, 3.552713678800501e-15], [-2.5840251653174956e-15, 23.20621949334788, -1.7763568394002505e-15], [-7.478600845086149e-16, -7.478600845086149e-16, 23.20621949341297]], "becs": [[[2.703645484408951, 0.0, 0.0], [0.0, 2.703645484408951, 0.0], [-1.3311061191180838e-20, -1.3311061191180838e-20, 2.703645484408951]], [[-2.703645484408951, 0.0, 0.0], [0.0, -2.703645484408951, 0.0], [1.3311061191180838e-20, 1.3311061191180838e-20, -2.703645484408951]]]}, "metadata": {"formula": "MgTe", "nsites": 2, "structure": "# generated using pymatgen\ndata_MgTe\n_symmetry_space_group_name_H-M   'P 1'\n_cell_length_a   4.17734796\n_cell_length_b   4.17734796\n_cell_length_c   4.17734796\n_cell_angle_alpha   60.00000000\n_cell_angle_beta   60.00000000\n_cell_angle_gamma   60.00000000\n_symmetry_Int_Tables_number   1\n_chemical_formula_structural   MgTe\n_chemical_formula_sum   'Mg1 Te1'\n_cell_volume   51.5450493454\n_cell_formula_units_Z   1\nloop_\n _symmetry_equiv_pos_site_id\n _symmetry_equiv_pos_as_xyz\n  1  'x, y, z'\nloop_\n _atom_site_type_symbol\n _atom_site_label\n _atom_site_symmetry_multiplicity\n _atom_site_fract_x\n _atom_site_fract_y\n _atom_site_fract_z\n _atom_site_occupancy\n  Mg  Mg1  1  0.000000  0.000000  0.000000  1\n  Te  Te2  1  0.500000  0.500000  0.500000  1\n"}}