{"phonon": {"ph_bandstructure": [[0.0, 0.0, 0.0, 52.56599679237196, 52.56599680232497, 102.56071607350374, 102.56071607846353, 130.11174389156164, 130.19597591246767, 230.4578958226712, 252.14587573953233, 342.0063855156561, 359.38799686041267, 359.38799686149696, 360.5560460051546, 360.5560460062355, 380.3604958348904, 382.2434206210262, 382.24342062205693, 517.5585241394053, 622.0363554124132, 696.6159523729966, 707.7657241680229, 751.5540261629441]]}, "dielectric": {"eps_electronic": [[6.5863650211767695, 1.7763568394002505e-15, 4.6236098197748385e-24], [1.1102230246251565e-15, 6.586365021190337, 8.008327122234121e-24], [4.623609819774838e-24, 8.008327122234123e-24, 5.087913125132803]], "eps_total": [[12.210573012329737, 1.2434497875801753e-14, 4.6236098197748385e-24], [8.43769498715119e-15, 12.210573012404604, 8.008327122234121e-24], [4.623609819774838e-24, 8.008327122234123e-24, 7.538573267597126]], "becs": [[[3.4551298793660776, 3.608224830031759e-16, 1.5503485350947398e-22], [1.5543122344752192e-15, 3.455129879366077, -1.874631131932287e-22], [0.0, 0.0, 2.783247303338639]], [[3.455129879366075, -3.0531133177191805e-16, -3.217704506800405e-23], [-1.1102230246251565e-15, 3.4551298793660736, 1.3679740692478852e-22], [0.0, 0.0, 2.783247303338639]], [[0.6984179130983557, 3.608224830031759e-16, -6.874186900891772e-22], [2.4424906541753444e-15, 0.698417913098358, -5.11723633311246e-22], [0.0, 0.0, 1.5675066529803]], [[0.6984179130983574, 3.608224830031759e-16, -1.2578299435674307e-22], [6.661338147750939e-16, 0.698417913098358, 4.610579270428058e-22], [0.0, 0.0, 1.5675066529803052]], [[-2.0767738962322153, -5.273559366969494e-16, 1.433341098483816e-22], [-1.9984014443252818e-15, -2.0767738962322158, 1.1653112441741244e-22], [0.0, 0.0, -2.1753769781594707]], [[-2.076773896232216, 3.608224830031759e-16, 1.7843634083165875e-22], [6.661338147750939e-16, -2.0767738962322175, -1.063979831637244e-22], [0.0, 0.0, -2.1753769781594707]], [[-2.076773896232217, 5.828670879282072e-16, 1.7843634083165875e-22], [1.5543122344752192e-15, -2.0767738962322175, -1.063979831637244e-22], [0.0, 0.0, -2.1753769781594707]], [[-2.076773896232217, -1.1934897514720433e-15, 1.9013708449275115e-22], [-3.774758283725532e-15, -2.0767738962322166, 1.9759625444691676e-22], [0.0, 0.0, -2.1753769781594707]]]}, "metadata": {"formula": "GaCuO2", "nsites": 8, "structure": "# generated using pymatgen\ndata_GaCuO2\n_symmetry_space_group_name_H-M   'P 1'\n_cell_length_a   2.96933029\n_cell_length_b   2.96933029\n_cell_length_c   11.40365904\n_cell_angle_alpha   90.00000000\n_cell_angle_beta   90.00000000\n_cell_angle_gamma   120.00000000\n_symmetry_Int_Tables_number   1\n_chemical_formula_structural   GaCuO2\n_chemical_formula_sum   'Ga2 Cu2 O4'\n_cell_volume   87.0746770614\n_cell_formula_units_Z   2\nloop_\n _symmetry_equiv_pos_site_id\n _symmetry_equiv_pos_as_xyz\n  1  'x, y, z'\nloop_\n _atom_site_type_symbol\n _atom_site_label\n _atom_site_symmetry_multiplicity\n _atom_site_fract_x\n _atom_site_fract_y\n _atom_site_fract_z\n _atom_site_occupancy\n  Ga  Ga1  1  0.000000  0.000000  -0.000000  1\n  Ga  Ga2  1  0.000000  0.000000  0.500000  1\n  Cu  Cu3  1  0.666667  0.333333  0.750000  1\n  Cu  Cu4  1  0.333333  0.666667  0.250000  1\n  O  O5  1  0.333333  0.666667  0.411399  1\n  O  O6  1  0.666667  0.333333  0.911399  1\n  O  O7  1  0.333333  0.666667  0.088601  1\n  O  O8  1  0.666667  0.333333  0.588601  1\n"}}