{"phonon": {"ph_bandstructure": [[0.0, 0.0, 0.0, 128.234873184262, 128.23487318576414, 266.532902172482]]}, "dielectric": {"eps_electronic": [[5.965517056861269, 0.0, 0.0], [0.0, 5.965517056861269, 0.0], [0.0, 0.0, 5.965517056861269]], "eps_total": [[25.771366955894912, -1.0286910212542466e-15, 0.0], [-1.0286910212542466e-15, 25.77136695623297, 0.0], [0.0, 0.0, 25.77136695635886]], "becs": [[[2.6963646287152123, 0.0, 0.0], [0.0, 2.6963646287152123, 0.0], [0.0, 0.0, 2.6963646287152123]], [[-2.6963646287152123, 0.0, 0.0], [0.0, -2.6963646287152123, 0.0], [0.0, 0.0, -2.6963646287152123]]]}, "metadata": {"formula": "SrS", "nsites": 2, "structure": "# generated using pymatgen\ndata_SrS\n_symmetry_space_group_name_H-M   'P 1'\n_cell_length_a   3.60348604\n_cell_length_b   3.60348604\n_cell_length_c   3.60348604\n_cell_angle_alpha   90.00000000\n_cell_angle_beta   90.00000000\n_cell_angle_gamma   90.00000000\n_symmetry_Int_Tables_number   1\n_chemical_formula_structural   SrS\n_chemical_formula_sum   'Sr1 S1'\n_cell_volume   46.7916683571\n_cell_formula_units_Z   1\nloop_\n _symmetry_equiv_pos_site_id\n _symmetry_equiv_pos_as_xyz\n  1  'x, y, z'\nloop_\n _atom_site_type_symbol\n _atom_site_label\n _atom_site_symmetry_multiplicity\n _atom_site_fract_x\n _atom_site_fract_y\n _atom_site_fract_z\n _atom_site_occupancy\n  Sr  Sr1  1  0.500000  0.500000  0.500000  1\n  S  S2  1  0.000000  0.000000  0.000000  1\n"}}