{"phonon": {"ph_bandstructure": [[114.89103386276938, 128.2171003047738, 139.57717964335652, 163.7136859607655, 175.69680345282214, 180.67308090033112, 198.78456566664394, 211.0393471004787, 223.9303446197252, 231.57058120502703, 270.9050543712978, 291.6484707063504, 302.4419862671902, 308.2701243433994, 358.50122847275566, 392.2771345686906, 407.60575404070954, 413.97273743984897, 424.18195094112383, 435.73293303313164, 451.33395906378564, 453.97817148185686, 463.2168863808788, 473.87528603349057, 488.2684324390916, 502.03707536805086, 513.8548015689585]]}, "dielectric": {"eps_electronic": [[15.510936649360888, 0.10724518645698376, -0.410251583342084], [0.1072451864569858, 15.52489791598594, 0.12223839082228882], [-0.41025158334208384, 0.12223839082228907, 15.511073669540474]], "eps_total": [[19.380558167432792, -0.6358985817994892, -1.0732992257567406], [-0.6358985817994879, 18.187766202813336, 0.27386086814116006], [-1.073299225756741, 0.2738608681411603, 19.232623823954288]], "becs": [[[2.4204145926474765, 0.07431711890998573, 0.28812855195761783], [-0.003652883180131896, 2.2805603368724077, -0.3754372317614725], [0.08064624932376088, -0.3722581720319837, 2.2223089177032955]], [[1.4743951150524945, -0.29742795245255327, -0.05025367378147742], [-0.20193422795109273, 1.7238451146122542, 0.13789407747827376], [-0.3571940899436273, 0.4118072823710235, 1.6769044767737076]], [[2.327141842791189, -0.07539081295725847, -0.4314089385492331], [0.011587514808014135, 2.297517184557412, 0.09243143434369974], [-0.15487944457493563, 0.037457457426968946, 2.410110710696799]], [[2.510968692647337, -0.027901742963285847, -0.21819681455012868], [-0.12259048247224069, 1.860624044670848, 0.23033888991132495], [0.09600376341604852, 0.1051279516393906, 2.421623489219454]], [[-0.2414267381846527, -0.19083821497047646, 0.3899157240320269], [-0.20443033812502948, -0.6391761959130389, 0.010821356782261666], [0.4484220384295955, -0.3749676079223983, -0.16493089848405518]], [[-0.0703991124710997, -0.4576044021900443, -0.3019025336170905], [-0.46285005364824183, -0.36037207909612085, 0.3408698858597854], [-0.20794031772271587, 0.22962473298445019, -0.30645451819448777]], [[-1.6340885564691283, -0.04094175441611117, 0.08294362340733374], [0.09212449734638298, -1.5925844185212017, 0.04567751898660956], [-0.028400780164234987, 0.1670854517465477, -1.7190437462723076]], [[-0.34471471670220133, 0.01111600682117804, -0.43047476401561136], [0.09394953649941828, -0.48001499496957684, -0.32213431541529586], [-0.30055039437073067, -0.2162320011108395, -0.22613703578337097]], [[-6.442291119340883, 1.0046717541666599, 0.6712488251534416], [0.7977964366723409, -5.090398992428936, -0.16046161618873866], [0.4238929756427338, 0.012354904892941897, -6.3143813956873736]]]}, "metadata": {"formula": "Si4P4Ru", "nsites": 9, "structure": "# generated using pymatgen\ndata_Si4P4Ru\n_symmetry_space_group_name_H-M   'P 1'\n_cell_length_a   4.92569784\n_cell_length_b   5.61143915\n_cell_length_c   6.15390738\n_cell_angle_alpha   85.56569457\n_cell_angle_beta   111.71246001\n_cell_angle_gamma   109.23133950\n_symmetry_Int_Tables_number   1\n_chemical_formula_structural   Si4P4Ru\n_chemical_formula_sum   'Si4 P4 Ru1'\n_cell_volume   149.016674377\n_cell_formula_units_Z   1\nloop_\n _symmetry_equiv_pos_site_id\n _symmetry_equiv_pos_as_xyz\n  1  'x, y, z'\nloop_\n _atom_site_type_symbol\n _atom_site_label\n _atom_site_symmetry_multiplicity\n _atom_site_fract_x\n _atom_site_fract_y\n _atom_site_fract_z\n _atom_site_occupancy\n  Si  Si1  1  0.671196  0.223604  0.774218  1\n  Si  Si2  1  0.238461  0.655787  0.568432  1\n  Si  Si3  1  0.356412  0.405239  0.118071  1\n  Si  Si4  1  0.844424  0.026761  0.309828  1\n  P  P5  1  0.159056  0.985386  0.682684  1\n  P  P6  1  0.625509  0.590175  0.879621  1\n  P  P7  1  0.765030  0.358338  0.435848  1\n  P  P8  1  0.339427  0.774406  0.239718  1\n  Ru  Ru9  1  0.000384  0.998504  0.000081  1\n"}}