{"phonon": {"ph_bandstructure": [[0.0, 0.0, 0.0, 103.72767436697733, 103.72767436953882, 188.37230222547822, 191.77728614661638, 193.85844087037006, 286.2139242629358, 361.6330240853827, 389.91217222360257, 395.18918072768884, 395.18918073081784, 439.0035048457568, 552.2778071483636]]}, "dielectric": {"eps_electronic": [[4.890159012307576, -8.881784197001252e-16, -1.4072759719855217e-23], [0.0, 4.89015901233612, -2.437473483758743e-23], [-1.4072759719855217e-23, -2.437473483758743e-23, 4.819775121828217]], "eps_total": [[26.32991299126726, -7.105427357601002e-15, -1.4072759719855217e-23], [-1.7763568394002505e-15, 26.329912991828383, -2.437473483758743e-23], [-1.4072759719855217e-23, -2.437473483758743e-23, 27.104633084150993]], "becs": [[[4.224668784908305, 1.5543122080054396e-16, -3.6325198706459204e-24], [2.664535232630596e-16, 4.224668784908305, -2.8941862768542227e-23], [0.0, 0.0, 3.8573851801919012]], [[4.224668784908304, 1.5543122080054396e-16, 4.5406502341240085e-24], [7.105427331131222e-16, 4.224668784908303, -1.793137152821828e-23], [0.0, 0.0, 3.8573851801919012]], [[-2.8623400418570633, -1.77635686587003e-16, 1.3621950350535038e-23], [-1.0658141062871282e-15, -2.8623400418570615, -2.202098327755491e-24], [0.0, 0.0, -2.5663408302592376]], [[-2.8623400418570606, 2.664535232630596e-16, 2.7243902108417977e-24], [7.105427331131222e-16, -2.8623400418570606, 4.089610952429624e-24], [0.0, 0.0, -2.5663408302592376]], [[-2.7246574861025366, -3.996802915120343e-16, -1.725447004526247e-23], [-6.217248964370656e-16, -2.7246574861025374, 4.498572127363285e-23], [0.0, 0.0, -2.582088699865986]]]}, "metadata": {"formula": "La2O3", "nsites": 5, "structure": "# generated using pymatgen\ndata_La2O3\n_symmetry_space_group_name_H-M   'P 1'\n_cell_length_a   3.90229776\n_cell_length_b   3.90229776\n_cell_length_c   6.03422609\n_cell_angle_alpha   90.00000000\n_cell_angle_beta   90.00000000\n_cell_angle_gamma   120.00000000\n_symmetry_Int_Tables_number   1\n_chemical_formula_structural   La2O3\n_chemical_formula_sum   'La2 O3'\n_cell_volume   79.5779998899\n_cell_formula_units_Z   1\nloop_\n _symmetry_equiv_pos_site_id\n _symmetry_equiv_pos_as_xyz\n  1  'x, y, z'\nloop_\n _atom_site_type_symbol\n _atom_site_label\n _atom_site_symmetry_multiplicity\n _atom_site_fract_x\n _atom_site_fract_y\n _atom_site_fract_z\n _atom_site_occupancy\n  La  La1  1  0.333333  0.666667  0.754615  1\n  La  La2  1  0.666667  0.333333  0.245385  1\n  O  O3  1  0.333333  0.666667  0.353973  1\n  O  O4  1  0.666667  0.333333  0.646027  1\n  O  O5  1  0.000000  0.000000  0.000000  1\n"}}