{"phonon": {"ph_bandstructure": [[-0.0030653239337837886, 0.0, 0.0, 87.9284492934023, 97.96006174256122, 105.35904726980601, 106.68798593967223, 106.68798594032599, 111.15704954734106, 137.3117771592217, 156.83148254958525, 160.35782170780865, 163.67249204329573, 163.67249204809485, 189.53883700040092, 196.7979677286992, 209.95005179768768, 209.95005179788097, 216.0035406373375, 219.0863460286238, 226.23332763481653, 226.76391400806753, 228.82123382304067, 238.56684933083565, 251.7426370258755, 282.25721973794197, 309.5776251716247, 317.8621442934269, 440.7365700225994, 440.73657002272734, 482.7029043395513, 484.40612341980454, 485.7420700983884, 506.63301744409756, 507.4638637711014, 528.9826345542986]]}, "dielectric": {"eps_electronic": [[2.7718790528432806, 2.9477813066842755e-16, -2.0884518926739366e-16], [2.9477813066842755e-16, 2.7718790528432806, 2.3524402058266895e-16], [2.019841792904877e-16, -2.00604256345436e-17, 2.9558873993165617]], "eps_total": [[6.192919050541209, 1.53680742355756e-15, 9.092027740204148e-16], [2.6235980941469075e-15, 6.192919050705253, -1.7276988101718079e-16], [-1.0325066152918867e-15, -1.443281955917614e-16, 6.594763745293888]], "becs": [[[2.6792476941620587, -2.590520600344454e-16, -2.5442611739242066e-17], [2.220445850726966e-16, 2.6792476941620595, 2.7755576442809526e-17], [4.440892363198422e-16, 9.621933166840636e-16, 2.667440975914978]], [[2.6792476941620587, -2.590520600344454e-16, -2.5442611739242066e-17], [2.220445850726966e-16, 2.6792476941620595, 2.7755576442809526e-17], [4.440892363198422e-16, 9.621933166840636e-16, 2.667440975914978]], [[1.393966251617458, -0.847681003131078, -2.4302808123911854e-17], [-0.8476810031310789, 1.3939662516174578, 2.889538005813974e-17], [2.6469779601696886e-23, 7.401489698393834e-17, 2.226368755610241]], [[1.3939662516174545, 0.8476810031310806, -2.5442611739242066e-17], [0.8476810031310806, 1.3939662516174542, 2.7755576442809526e-17], [-8.881783932303456e-16, -2.5905203621164374e-15, 2.22636875561024]], [[-1.0183034864479608, 0.15893166363809771, -0.4317357047833821], [0.15893166363809863, -1.01830348644796, 0.4317357047833821], [-0.4112855098772692, 0.411285509877268, -1.2234524328849856]], [[-1.0183034864479599, 0.15893166363809838, 0.43173570478338186], [0.15893166363809752, -1.018303486447961, -0.43173570478338186], [0.4112855098772683, -0.41128550987726864, -1.2234524328849856]], [[-1.0183034864479608, 0.15893166363809771, -0.4317357047833821], [0.15893166363809863, -1.01830348644796, 0.4317357047833821], [-0.4112855098772692, 0.411285509877268, -1.2234524328849856]], [[-1.0183034864479608, -0.1589316636381, -0.4317357047833815], [-0.15893166363810018, -1.018303486447961, -0.4317357047833818], [-0.41128550987726475, -0.41128550987726464, -1.2234524328849847]], [[-1.0183034864479599, 0.15893166363809838, 0.43173570478338186], [0.15893166363809752, -1.018303486447961, -0.43173570478338186], [0.4112855098772683, -0.41128550987726864, -1.2234524328849856]], [[-1.0183034864479608, -0.1589316636380971, 0.43173570478338186], [-0.15893166363809708, -1.018303486447961, 0.43173570478338147], [0.41128550987726564, 0.41128550987726575, -1.2234524328849865]], [[-1.0183034864479608, -0.1589316636381, -0.4317357047833815], [-0.15893166363810018, -1.018303486447961, -0.4317357047833818], [-0.41128550987726475, -0.41128550987726464, -1.2234524328849847]], [[-1.0183034864479608, -0.1589316636380971, 0.43173570478338186], [-0.15893166363809708, -1.018303486447961, 0.43173570478338147], [0.41128550987726564, 0.41128550987726575, -1.2234524328849865]]]}, "metadata": {"formula": "SrPdF4", "nsites": 12, "structure": "# generated using pymatgen\ndata_SrPdF4\n_symmetry_space_group_name_H-M   'P 1'\n_cell_length_a   6.69668547\n_cell_length_b   6.69668547\n_cell_length_c   6.69668547\n_cell_angle_alpha   128.51124212\n_cell_angle_beta   128.51124212\n_cell_angle_gamma   75.79828736\n_symmetry_Int_Tables_number   1\n_chemical_formula_structural   SrPdF4\n_chemical_formula_sum   'Sr2 Pd2 F8'\n_cell_volume   178.838683731\n_cell_formula_units_Z   2\nloop_\n _symmetry_equiv_pos_site_id\n _symmetry_equiv_pos_as_xyz\n  1  'x, y, z'\nloop_\n _atom_site_type_symbol\n _atom_site_label\n _atom_site_symmetry_multiplicity\n _atom_site_fract_x\n _atom_site_fract_y\n _atom_site_fract_z\n _atom_site_occupancy\n  Sr  Sr1  1  0.250000  0.250000  0.000000  1\n  Sr  Sr2  1  0.750000  0.750000  0.000000  1\n  Pd  Pd3  1  0.000000  0.500000  0.500000  1\n  Pd  Pd4  1  0.500000  1.000000  0.500000  1\n  F  F5  1  0.963147  0.801777  0.500000  1\n  F  F6  1  0.698223  0.536853  0.500000  1\n  F  F7  1  0.036853  0.198223  0.500000  1\n  F  F8  1  0.198223  0.698223  0.161370  1\n  F  F9  1  0.301777  0.463147  0.500000  1\n  F  F10  1  0.463147  0.963147  0.161370  1\n  F  F11  1  0.801777  0.301777  0.838630  1\n  F  F12  1  0.536853  0.036853  0.838630  1\n"}}