{"phonon": {"ph_bandstructure": [[0.0, 0.0, 0.0, 184.8158938121118, 184.81589381324974, 284.0951363401475]]}, "dielectric": {"eps_electronic": [[4.853013561401057, -1.6304955085479157e-16, 0.0], [3.8680227830840767e-16, 4.853013561401058, -4.440892098500626e-16], [-1.831845438037571e-15, -4.99577808487383e-16, 4.853013561401056]], "eps_total": [[11.467281359785243, 3.0578534231474666e-15, -1.7763568394002505e-15], [4.2683394549696955e-15, 11.467281359843025, -1.7763568394002505e-15], [-2.264729022996571e-15, -1.376550603296446e-15, 11.467281359866696]], "becs": [[[2.3934831653732194, 0.0, 0.0], [0.0, 2.3934831653732194, 0.0], [5.574231592844955e-20, 5.574231592844955e-20, 2.3934831653732194]], [[-2.3934831653732194, 0.0, 0.0], [0.0, -2.3934831653732194, 0.0], [-5.574231592844954e-20, -5.574231592844954e-20, -2.3934831653732194]]]}, "metadata": {"formula": "SrS", "nsites": 2, "structure": "# generated using pymatgen\ndata_SrS\n_symmetry_space_group_name_H-M   'P 1'\n_cell_length_a   4.22030789\n_cell_length_b   4.22030789\n_cell_length_c   4.22030789\n_cell_angle_alpha   60.00000000\n_cell_angle_beta   60.00000000\n_cell_angle_gamma   60.00000000\n_symmetry_Int_Tables_number   1\n_chemical_formula_structural   SrS\n_chemical_formula_sum   'Sr1 S1'\n_cell_volume   53.1517306532\n_cell_formula_units_Z   1\nloop_\n _symmetry_equiv_pos_site_id\n _symmetry_equiv_pos_as_xyz\n  1  'x, y, z'\nloop_\n _atom_site_type_symbol\n _atom_site_label\n _atom_site_symmetry_multiplicity\n _atom_site_fract_x\n _atom_site_fract_y\n _atom_site_fract_z\n _atom_site_occupancy\n  Sr  Sr1  1  0.500000  0.500000  0.500000  1\n  S  S2  1  0.000000  0.000000  1.000000  1\n"}}