{"phonon": {"ph_bandstructure": [[0.0, 0.0, 0.0, 77.8011854064733, 77.80118541160637, 111.04709655091956, 129.83348702909612, 130.1166953636073, 143.5316431500033, 143.53164315283632, 152.64526252420634, 167.49450453112482, 746.2233372348473, 784.0759698204947, 785.5924717899754, 785.5924717908725, 871.5384464565745, 887.6903576555869]]}, "dielectric": {"eps_electronic": [[3.8161858691472537, 0.0, -3.28192570814648e-23], [0.0, 3.8161858691472537, -3.28192570814648e-23], [-3.2819257081464797e-23, -3.2819257081464797e-23, 3.7580342414136694]], "eps_total": [[8.663485390980265, 2.7613594894218964e-15, -3.28192570814648e-23], [2.7613594894218964e-15, 8.66348539115108, -3.28192570814648e-23], [-3.2819257081464797e-23, -3.2819257081464797e-23, 8.951142815965673]], "becs": [[[2.383739410116475, 0.0, 0.0], [0.0, 2.3837394101164753, 0.0], [2.065072204256529e-23, 2.523977118021109e-23, 2.299411927460868]], [[2.383739410116475, 0.0, 0.0], [0.0, 2.3837394101164753, 0.0], [6.883574424481401e-24, 1.1472623562127203e-23, 2.299411927460868]], [[-1.0136256996501565, 0.0, 0.0], [0.0, -1.0136256996501574, 0.0], [-6.883573193602487e-24, -9.17809786499863e-24, -0.9204833783169603]], [[-1.0136256996501565, 0.0, 0.0], [0.0, -1.0136256996501574, 0.0], [-6.883573193602487e-24, -9.17809786499863e-24, -0.9204833783169603]], [[-1.3701137104670296, 0.0, 0.0], [0.0, -1.3701137104670291, 0.0], [2.065072204256529e-23, -9.17809786499863e-24, -1.3789285491453684]], [[-1.3701137104670296, 0.0, 0.0], [0.0, -1.3701137104670291, 0.0], [-3.441786842977026e-23, -9.17809786499863e-24, -1.3789285491453676]]]}, "metadata": {"formula": "BaHCl", "nsites": 6, "structure": "# generated using pymatgen\ndata_BaHCl\n_symmetry_space_group_name_H-M   'P 1'\n_cell_length_a   4.34733210\n_cell_length_b   4.34733210\n_cell_length_c   7.10340104\n_cell_angle_alpha   90.00000000\n_cell_angle_beta   90.00000000\n_cell_angle_gamma   90.00000000\n_symmetry_Int_Tables_number   1\n_chemical_formula_structural   BaHCl\n_chemical_formula_sum   'Ba2 H2 Cl2'\n_cell_volume   134.249281453\n_cell_formula_units_Z   2\nloop_\n _symmetry_equiv_pos_site_id\n _symmetry_equiv_pos_as_xyz\n  1  'x, y, z'\nloop_\n _atom_site_type_symbol\n _atom_site_label\n _atom_site_symmetry_multiplicity\n _atom_site_fract_x\n _atom_site_fract_y\n _atom_site_fract_z\n _atom_site_occupancy\n  Ba  Ba1  1  0.000000  0.500000  0.791498  1\n  Ba  Ba2  1  0.500000  0.000000  0.208502  1\n  H  H3  1  0.500000  0.500000  0.000000  1\n  H  H4  1  0.000000  0.000000  0.000000  1\n  Cl  Cl5  1  0.500000  0.000000  0.656569  1\n  Cl  Cl6  1  0.000000  0.500000  0.343431  1\n"}}