{"phonon": {"ph_bandstructure": [[0.0, 0.0, 0.0, 71.91786365696035, 71.91786365948182, 127.8706082450019]]}, "dielectric": {"eps_electronic": [[8.378516146864913, 0.0, 0.0], [0.0, 8.378516146864913, 0.0], [0.0, 0.0, 8.378516146864913]], "eps_total": [[26.48713693643829, 0.0, 0.0], [0.0, 26.487136937381543, 0.0], [0.0, 0.0, 26.48713693770806]], "becs": [[[3.024295987109916, 0.0, 0.0], [0.0, 3.024295987109916, 0.0], [0.0, 0.0, 3.024295987109916]], [[-3.024295987109916, 0.0, 0.0], [0.0, -3.024295987109916, 0.0], [0.0, 0.0, -3.024295987109916]]]}, "metadata": {"formula": "BaTe", "nsites": 2, "structure": "# generated using pymatgen\ndata_BaTe\n_symmetry_space_group_name_H-M   'P 1'\n_cell_length_a   4.17263445\n_cell_length_b   4.17263445\n_cell_length_c   4.17263445\n_cell_angle_alpha   90.00000000\n_cell_angle_beta   90.00000000\n_cell_angle_gamma   90.00000000\n_symmetry_Int_Tables_number   1\n_chemical_formula_structural   BaTe\n_chemical_formula_sum   'Ba1 Te1'\n_cell_volume   72.649230558\n_cell_formula_units_Z   1\nloop_\n _symmetry_equiv_pos_site_id\n _symmetry_equiv_pos_as_xyz\n  1  'x, y, z'\nloop_\n _atom_site_type_symbol\n _atom_site_label\n _atom_site_symmetry_multiplicity\n _atom_site_fract_x\n _atom_site_fract_y\n _atom_site_fract_z\n _atom_site_occupancy\n  Ba  Ba1  1  0.000000  0.000000  0.000000  1\n  Te  Te2  1  0.500000  0.500000  0.500000  1\n"}}