{"phonon": {"ph_bandstructure": [[0.0, 0.0, 0.0, 80.67854359152908, 80.67854359648224, 120.47105786864326, 132.3740914028058, 135.18590097370372, 138.39291333466414, 138.39291333759743, 146.777539022843, 160.07869374040962, 206.68758493099034, 214.2162570741016, 249.83055422636644, 249.83055422807794, 283.00149949771327, 288.43788536333585]]}, "dielectric": {"eps_electronic": [[3.0627883383016097, 0.0, 0.0], [0.0, 3.0627883383016097, 0.0], [0.0, 0.0, 3.0207077375959916]], "eps_total": [[8.854143673676894, 8.544017103789391e-16, 0.0], [8.544017103789391e-16, 8.854143673920445, 0.0], [0.0, 0.0, 8.412671836670523]], "becs": [[[2.6849337714084442, 0.0, 0.0], [0.0, 2.6849337714084442, 0.0], [2.2221455123197687e-22, 2.2452928620962775e-22, 2.6826946860478724]], [[2.6849337714084442, 0.0, 0.0], [0.0, 2.6849337714084442, 0.0], [-2.2221455123197687e-22, -2.19899816254326e-22, 2.6826946860478724]], [[-1.2978513747377334, 0.0, 0.0], [0.0, -1.2978513747377325, 0.0], [0.0, -1.1573674474347651e-23, -1.1706378760641227]], [[-1.2978513747377334, 0.0, 0.0], [0.0, -1.2978513747377325, 0.0], [0.0, 2.314734977650901e-24, -1.1706378760641227]], [[-1.387082396669331, 0.0, 0.0], [0.0, -1.387082396669332, 0.0], [0.0, 2.314734977650901e-24, -1.5120568099819671]], [[-1.387082396669331, 0.0, 0.0], [0.0, -1.387082396669332, 0.0], [0.0, 2.314734977650901e-24, -1.5120568099819671]]]}, "metadata": {"formula": "BaClF", "nsites": 6, "structure": "# generated using pymatgen\ndata_BaClF\n_symmetry_space_group_name_H-M   'P 1'\n_cell_length_a   4.35485113\n_cell_length_b   4.35485113\n_cell_length_c   7.17836228\n_cell_angle_alpha   90.00000000\n_cell_angle_beta   90.00000000\n_cell_angle_gamma   90.00000000\n_symmetry_Int_Tables_number   1\n_chemical_formula_structural   BaClF\n_chemical_formula_sum   'Ba2 Cl2 F2'\n_cell_volume   136.135691037\n_cell_formula_units_Z   2\nloop_\n _symmetry_equiv_pos_site_id\n _symmetry_equiv_pos_as_xyz\n  1  'x, y, z'\nloop_\n _atom_site_type_symbol\n _atom_site_label\n _atom_site_symmetry_multiplicity\n _atom_site_fract_x\n _atom_site_fract_y\n _atom_site_fract_z\n _atom_site_occupancy\n  Ba  Ba1  1  0.000000  0.500000  0.794539  1\n  Ba  Ba2  1  0.500000  0.000000  0.205461  1\n  Cl  Cl3  1  0.500000  0.000000  0.647838  1\n  Cl  Cl4  1  0.000000  0.500000  0.352162  1\n  F  F5  1  0.000000  0.000000  0.000000  1\n  F  F6  1  0.500000  0.500000  0.000000  1\n"}}