{"phonon": {"ph_bandstructure": [[0.0, 0.0, 0.0, 38.73656842489498, 38.73656844085065, 40.076899599590526, 65.70704192352561, 65.70704192590428, 65.70704193297503, 109.30609959177124, 109.30609959752123, 109.31716669053156, 169.41183269840178, 169.41183269939643, 169.41183270221077, 171.07277353978048, 171.0727735435557, 188.96151728253477, 198.46974982163042, 198.4697498249358, 250.5745146304575]]}, "dielectric": {"eps_electronic": [[5.287785375113324, 0.0, 0.0], [0.0, 5.287785375113324, 0.0], [0.0, 0.0, 5.287785375113324]], "eps_total": [[11.00975854097865, -1.5595718101752624e-12, -6.325696887976915e-11], [-1.5595718101752624e-12, 11.009758541550717, 9.333543934992536e-13], [-6.325696887976915e-11, 9.333543934992536e-13, 11.009758541881958]], "becs": [[[2.8907676567920233, 0.0, 0.0], [0.0, 2.1403422759541764, 0.0], [0.0, 0.0, 2.1403422759541764]], [[2.1403422759541764, 0.0, 0.0], [0.0, 2.8907676567920233, 0.0], [0.0, 0.0, 2.1403422759541764]], [[2.1403422759541764, 0.0, 0.0], [0.0, 2.1403422759541764, 0.0], [0.0, 0.0, 2.8907676567920233]], [[-2.966066277877938, 0.0, 0.0], [0.0, -2.966066277877938, 0.0], [0.0, 0.0, -2.966066277877938]], [[-0.44599673976860765, 0.0, 0.0], [0.0, -1.879694595489922, 0.0], [0.0, 0.0, -1.879694595489922]], [[-1.879694595489922, 0.0, 0.0], [0.0, -0.44599673976860765, 0.0], [0.0, 0.0, -1.879694595489922]], [[-1.879694595489922, 0.0, 0.0], [0.0, -1.879694595489922, 0.0], [0.0, 0.0, -0.44599673976860765]]]}, "metadata": {"formula": "Ca3AsBr3", "nsites": 7, "structure": "# generated using pymatgen\ndata_Ca3AsBr3\n_symmetry_space_group_name_H-M   'P 1'\n_cell_length_a   5.85365807\n_cell_length_b   5.85365807\n_cell_length_c   5.85365807\n_cell_angle_alpha   90.00000000\n_cell_angle_beta   90.00000000\n_cell_angle_gamma   90.00000000\n_symmetry_Int_Tables_number   1\n_chemical_formula_structural   Ca3AsBr3\n_chemical_formula_sum   'Ca3 As1 Br3'\n_cell_volume   200.577425238\n_cell_formula_units_Z   1\nloop_\n _symmetry_equiv_pos_site_id\n _symmetry_equiv_pos_as_xyz\n  1  'x, y, z'\nloop_\n _atom_site_type_symbol\n _atom_site_label\n _atom_site_symmetry_multiplicity\n _atom_site_fract_x\n _atom_site_fract_y\n _atom_site_fract_z\n _atom_site_occupancy\n  Ca  Ca1  1  0.500000  0.000000  0.000000  1\n  Ca  Ca2  1  0.000000  0.500000  0.000000  1\n  Ca  Ca3  1  0.000000  0.000000  0.500000  1\n  As  As4  1  0.000000  0.000000  0.000000  1\n  Br  Br5  1  0.000000  0.500000  0.500000  1\n  Br  Br6  1  0.500000  0.000000  0.500000  1\n  Br  Br7  1  0.500000  0.500000  0.000000  1\n"}}