{"phonon": {"ph_bandstructure": [[0.0, 0.0, 0.0, 32.9930074039446, 32.9930074199795, 60.897105838327384, 64.77651053131252, 71.18815352593849, 75.64607086513263, 77.5932485528291, 110.70067308550102, 110.70067309033037, 111.848479391415, 122.70996234560903, 127.62749581513901, 160.03679034955732, 172.35751662631125, 172.35751662946362, 205.80471063429067, 212.94456399465312, 212.94456399724137, 293.3563122560103, 364.82772590608647, 378.9718935671588]]}, "dielectric": {"eps_electronic": [[2.777966156410034, 0.0, 9.213888032618916e-25], [0.0, 2.777966156410034, 9.213888032618916e-25], [9.213888032618914e-25, 9.213888032618914e-25, 2.7021583175113797]], "eps_total": [[8.205159722162321, -2.928365693379356e-15, 9.213888032618916e-25], [-2.928365693379356e-15, 8.205159722744567, 9.213888032618916e-25], [9.213888032618914e-25, 9.213888032618914e-25, 6.529386999366004]], "becs": [[[1.3256518624034945, 0.0, 0.0], [0.0, 1.3256518624034939, 0.0], [-3.819069563881899e-25, -3.8190768481929107e-25, 1.2717692614445224]], [[1.3256518624034945, 0.0, 0.0], [0.0, 1.3256518624034939, 0.0], [-3.819069563881899e-25, -3.8190768481929107e-25, 1.2717692614445224]], [[1.1526941007772407, 0.0, 0.0], [0.0, 1.1526941007772402, 0.0], [-6.492431855979767e-24, -6.492430641927933e-24, 0.9781844944895809]], [[1.1526941007772407, 0.0, 0.0], [0.0, 1.1526941007772398, 0.0], [-6.492429913496832e-24, -6.492430641927933e-24, 0.9781844944895809]], [[-1.178022139492776, 0.0, 0.0], [0.0, -1.1780221394927748, 0.0], [6.747036493571893e-24, 6.747035765140793e-24, -1.2907519555956393]], [[-1.178022139492776, 0.0, 0.0], [0.0, -1.1780221394927748, 0.0], [7.765460871389202e-24, 7.765456257992234e-24, -1.2907519555956393]], [[-1.3003238236879593, 0.0, 0.0], [0.0, -1.300323823687959, 0.0], [-3.8191472631992827e-25, -3.8190768481929107e-25, -0.9592018003384638]], [[-1.3003238236879593, 0.0, 0.0], [0.0, -1.300323823687959, 0.0], [-3.819069563881899e-25, -3.8190768481929107e-25, -0.9592018003384638]]]}, "metadata": {"formula": "CsLiCl2", "nsites": 8, "structure": "# generated using pymatgen\ndata_CsLiCl2\n_symmetry_space_group_name_H-M   'P 1'\n_cell_length_a   4.83903379\n_cell_length_b   4.83903379\n_cell_length_c   9.35847996\n_cell_angle_alpha   90.00000000\n_cell_angle_beta   90.00000000\n_cell_angle_gamma   90.00000000\n_symmetry_Int_Tables_number   1\n_chemical_formula_structural   CsLiCl2\n_chemical_formula_sum   'Cs2 Li2 Cl4'\n_cell_volume   219.140488028\n_cell_formula_units_Z   2\nloop_\n _symmetry_equiv_pos_site_id\n _symmetry_equiv_pos_as_xyz\n  1  'x, y, z'\nloop_\n _atom_site_type_symbol\n _atom_site_label\n _atom_site_symmetry_multiplicity\n _atom_site_fract_x\n _atom_site_fract_y\n _atom_site_fract_z\n _atom_site_occupancy\n  Cs  Cs1  1  0.000000  0.500000  0.302288  1\n  Cs  Cs2  1  0.500000  0.000000  0.697712  1\n  Li  Li3  1  0.500000  0.000000  0.081224  1\n  Li  Li4  1  0.000000  0.500000  0.918776  1\n  Cl  Cl5  1  0.000000  0.500000  0.669763  1\n  Cl  Cl6  1  0.500000  0.000000  0.330237  1\n  Cl  Cl7  1  0.000000  0.000000  0.000000  1\n  Cl  Cl8  1  0.500000  0.500000  0.000000  1\n"}}