{"phonon": {"ph_bandstructure": [[0.0, 0.0, 0.0, 19.11458202274042, 52.806162534218245, 54.75793044090353, 61.94098457765744, 62.42930127732046, 66.06619858970348, 66.4781867061098, 66.62230444720358, 71.23958778010287, 79.56876429524807, 92.95744486672356, 96.71440215584404, 105.46963424281884, 120.16288473702724, 134.26914021203814, 153.14644588750053, 159.9832871725801, 161.27637535901113, 193.71177071872424, 197.42858922817388, 348.19729713320186, 356.92891203489063, 380.0329853799058, 383.4944615517074, 496.7803463697205, 505.31222833626384, 509.46448752650446]]}, "dielectric": {"eps_electronic": [[5.3154051526127315, -7.417639584322598e-16, 0.0], [5.5253903305282374e-17, 4.095795612924889, -4.440892098500626e-16], [-4.259729439719288e-16, -4.834016158590883e-16, 5.181212356822298]], "eps_total": [[8.667104329286342, -4.206046371256581e-16, -8.881784197001252e-16], [-5.062138066487233e-16, 6.428495947113043, -8.881784197001252e-16], [-1.4284819379264082e-15, -1.5072594082395213e-15, 8.619227572658636]], "becs": [[[1.0172096708339828, 0.0, 0.0], [1.3322675832280735e-16, 1.1632596756494697, -6.661337916140368e-17], [1.345958011791258e-16, -3.125791424973572e-16, 1.8027474954575968]], [[1.0172096708339828, 0.0, 0.0], [1.3322675832280735e-16, 1.1632596756494697, -6.661337916140368e-17], [1.345958011791258e-16, -3.125791424973572e-16, 1.8027474954575968]], [[1.2334066166679585, -2.220446049250313e-16, 4.440892098500626e-16], [-3.1086245152725526e-16, 1.4329789093321135, -6.661337916140368e-17], [-2.2373717585900926e-16, 2.1142954451536863e-16, 0.4233880139587115]], [[1.2334066166679585, -2.220446049250313e-16, 4.440892098500626e-16], [-3.1086245152725526e-16, 1.4329789093321135, -6.661337916140368e-17], [-2.2373717585900926e-16, 2.1142954451536863e-16, 0.4233880139587115]], [[0.1025993497184472, 0.0, -1.1102230246251565e-16], [-8.881784660222395e-17, -0.9177525732480765, 4.4408923301111977e-17], [-2.303338091522345e-16, -2.3880731742412964e-16, -1.4613709280482734]], [[0.1025993497184472, 0.0, -1.1102230246251565e-16], [-8.881784660222395e-17, -0.9177525732480765, 4.4408923301111977e-17], [-2.303338091522345e-16, -2.3880731742412964e-16, -1.4613709280482734]], [[-1.1766078186058366, 2.220446049250313e-16, -0.7573357532942537], [-3.1086245152725526e-16, -0.8392430058611511, 2.664535282261433e-16], [-0.6629535139202747, 3.7814528063547923e-16, -0.38238229068312857]], [[-1.176607818605837, 0.0, 0.7573357532942534], [5.7731596817287e-16, -0.839243005861152, -1.7763568162391933e-16], [0.6629535139202749, -3.818835359895447e-17, -0.38238229068312857]], [[-1.1766078186058366, 2.220446049250313e-16, -0.7573357532942537], [-3.1086245152725526e-16, -0.8392430058611511, 2.664535282261433e-16], [-0.6629535139202747, 3.7814528063547923e-16, -0.38238229068312857]], [[-1.176607818605837, 0.0, 0.7573357532942534], [5.7731596817287e-16, -0.839243005861152, -1.7763568162391933e-16], [0.6629535139202749, -3.818835359895447e-17, -0.38238229068312857]]]}, "metadata": {"formula": "Rb2P3", "nsites": 10, "structure": "# generated using pymatgen\ndata_Rb2P3\n_symmetry_space_group_name_H-M   'P 1'\n_cell_length_a   8.71380780\n_cell_length_b   8.53980223\n_cell_length_c   6.53159998\n_cell_angle_alpha   69.17535408\n_cell_angle_beta   66.34934249\n_cell_angle_gamma   44.47530343\n_symmetry_Int_Tables_number   1\n_chemical_formula_structural   Rb2P3\n_chemical_formula_sum   'Rb4 P6'\n_cell_volume   310.100142874\n_cell_formula_units_Z   2\nloop_\n _symmetry_equiv_pos_site_id\n _symmetry_equiv_pos_as_xyz\n  1  'x, y, z'\nloop_\n _atom_site_type_symbol\n _atom_site_label\n _atom_site_symmetry_multiplicity\n _atom_site_fract_x\n _atom_site_fract_y\n _atom_site_fract_z\n _atom_site_occupancy\n  Rb  Rb1  1  0.250000  0.250000  0.250000  1\n  Rb  Rb2  1  0.750000  0.750000  0.750000  1\n  Rb  Rb3  1  0.276164  0.723836  0.276164  1\n  Rb  Rb4  1  0.723836  0.276164  0.723836  1\n  P  P5  1  0.148818  0.148818  0.851182  1\n  P  P6  1  0.851182  0.851182  0.148818  1\n  P  P7  1  0.864601  0.283423  0.135399  1\n  P  P8  1  0.716577  0.135399  0.283423  1\n  P  P9  1  0.135399  0.716577  0.864601  1\n  P  P10  1  0.283423  0.864601  0.716577  1\n"}}