{"phonon": {"ph_bandstructure": [[0.0, 0.0, 0.0, 59.31193555136987, 59.31193555262074, 94.23716745805739, 118.57488600921866, 121.15438340171312, 128.35988357873168, 156.26131351557086, 167.82571795214932, 181.28175200971236, 206.78311595755795, 208.8436998800435, 212.39069106298615, 212.39069106356453, 213.42784554187463, 244.47955780072274, 496.99694015384426, 496.9969401555569, 534.49055286659, 536.837835511288, 543.0305949468617, 571.1990262255504]]}, "dielectric": {"eps_electronic": [[2.060364066064117, 0.0, -0.0013893592131533395], [0.0, 2.064668625898184, 0.0], [-0.0013893592131533669, 0.0, 2.064220190038933]], "eps_total": [[4.402901159408505, -1.695310558602614e-11, 0.08267717709719664], [-1.6952289608665987e-11, 4.14674792510861, 6.5974126103766546e-12], [0.0826771770971959, 6.59738930153253e-12, 4.173433184973645]], "becs": [[[1.3078842440593348, -0.052986461581698834, 0.03370483813732389], [0.052986461581441296, 1.2034587713226752, -0.16416445249575856], [0.03370483813740244, 0.16416445249693948, 1.2143374974044874]], [[3.4990123244684455, 0.029864109747121753, -0.033463446627576776], [-0.02986410974697737, 3.602689909841952, 0.09252599776549228], [-0.03346344662765367, -0.09252599776615789, 3.5918890963761942]], [[-0.7248641857144833, 0.2759860378085879, -0.13944836229107632], [0.2867754047444485, -0.994250641221827, 0.22612783253696497], [-0.13472591022092162, 0.19627823109258064, -0.6840971469758708]], [[-1.017074161873617, -0.09982510855660666, 0.3239735721080034], [-0.12067302191571092, -0.6051967893988353, 0.08988196482799153], [0.3384447824141582, 0.07024375513955221, -0.7809410226397289]], [[-0.6615099366757897, -0.16459975333469268, -0.18464590557180066], [-0.1776635587459696, -0.8036269099616511, -0.2801905699998234], [-0.20383956794811098, -0.30234121359752364, -0.9380751272747412]], [[-0.7248641857144833, 0.2759860378085879, -0.13944836229107632], [0.2867754047444485, -0.994250641221827, 0.22612783253696497], [-0.13472591022092162, 0.19627823109258064, -0.6840971469758708]], [[-1.017074161873617, -0.09982510855660666, 0.3239735721080034], [-0.12067302191571092, -0.6051967893988353, 0.08988196482799153], [0.3384447824141582, 0.07024375513955221, -0.7809410226397289]], [[-0.6615099366757897, -0.16459975333469268, -0.18464590557180066], [-0.1776635587459696, -0.8036269099616511, -0.2801905699998234], [-0.20383956794811098, -0.30234121359752364, -0.9380751272747412]]]}, "metadata": {"formula": "NaBiF6", "nsites": 8, "structure": "# generated using pymatgen\ndata_NaBiF6\n_symmetry_space_group_name_H-M   'P 1'\n_cell_length_a   6.01941883\n_cell_length_b   6.01941883\n_cell_length_c   6.01941883\n_cell_angle_alpha   56.02764571\n_cell_angle_beta   56.02764571\n_cell_angle_gamma   56.02764571\n_symmetry_Int_Tables_number   1\n_chemical_formula_structural   NaBiF6\n_chemical_formula_sum   'Na1 Bi1 F6'\n_cell_volume   140.031825375\n_cell_formula_units_Z   1\nloop_\n _symmetry_equiv_pos_site_id\n _symmetry_equiv_pos_as_xyz\n  1  'x, y, z'\nloop_\n _atom_site_type_symbol\n _atom_site_label\n _atom_site_symmetry_multiplicity\n _atom_site_fract_x\n _atom_site_fract_y\n _atom_site_fract_z\n _atom_site_occupancy\n  Na  Na1  1  0.500000  0.500000  0.500000  1\n  Bi  Bi2  1  0.000000  0.000000  0.000000  1\n  F  F3  1  0.346381  0.768042  0.116649  1\n  F  F4  1  0.116649  0.346381  0.768042  1\n  F  F5  1  0.768042  0.116649  0.346381  1\n  F  F6  1  0.653619  0.231958  0.883351  1\n  F  F7  1  0.883351  0.653619  0.231958  1\n  F  F8  1  0.231958  0.883351  0.653619  1\n"}}