{"phonon": {"ph_bandstructure": [[0.0, 0.0, 0.0, 48.908707808588986, 60.274891354701104, 66.21022725372033, 109.09872024988356, 110.26291093899914, 120.26992517702583, 136.92320642497455, 165.63010061384574, 484.7825779036694]]}, "dielectric": {"eps_electronic": [[3.109391208483487, -3.668967327980147e-16, 6.239029970303487e-16], [-4.1133690202551295e-17, 3.3531556980247137, -1.1494058580660647e-15], [-2.5009581139311096e-17, -3.5455003785172634e-17, 3.1359297145949934]], "eps_total": [[5.649837582709906, -9.860346296204036e-16, 1.1228340287793936e-15], [-5.467310128868178e-16, 5.8627653241377296, -5.916997987943417e-16], [1.4096471530477218e-15, 4.806514035657392e-16, 5.374300634261465]], "becs": [[[1.2815466539519385, 1.6653345369377348e-16, 1.1535868026879341e-16], [-5.551115123125783e-16, 1.1309494139922731, -3.824305629578778e-16], [5.551115123125783e-16, -1.1102230246251565e-16, 1.17745279821562]], [[1.2815466539519385, 6.106226635438361e-16, 9.534462885520369e-17], [3.3306690738754696e-16, 1.1309494139922731, -1.887590149294327e-16], [-3.3306690738754696e-16, -1.1102230246251565e-16, 1.1774527982156195]], [[-1.2815466539519385, -5.551115123125783e-17, 1.0335024942063958e-16], [3.3306690738754696e-16, -1.1309494139922731, 2.6667941767926443e-16], [-7.771561172376096e-16, -9.992007221626409e-16, -1.1774527982156204]], [[-1.2815466539519385, -7.216449660063518e-16, -3.140535585446367e-16], [-1.1102230246251565e-16, -1.1309494139922727, 3.0451016020804605e-16], [5.551115123125783e-16, 1.2212453270876722e-15, -1.177452798215619]]]}, "metadata": {"formula": "CsS", "nsites": 4, "structure": "# generated using pymatgen\ndata_CsS\n_symmetry_space_group_name_H-M   'P 1'\n_cell_length_a   6.24740874\n_cell_length_b   6.24740874\n_cell_length_c   6.24740874\n_cell_angle_alpha   131.67200709\n_cell_angle_beta   109.05424088\n_cell_angle_gamma   90.49684055\n_symmetry_Int_Tables_number   1\n_chemical_formula_structural   CsS\n_chemical_formula_sum   'Cs2 S2'\n_cell_volume   163.122491349\n_cell_formula_units_Z   2\nloop_\n _symmetry_equiv_pos_site_id\n _symmetry_equiv_pos_as_xyz\n  1  'x, y, z'\nloop_\n _atom_site_type_symbol\n _atom_site_label\n _atom_site_symmetry_multiplicity\n _atom_site_fract_x\n _atom_site_fract_y\n _atom_site_fract_z\n _atom_site_occupancy\n  Cs  Cs1  1  0.231257  0.731257  0.500000  1\n  Cs  Cs2  1  0.768743  0.268743  0.500000  1\n  S  S3  1  0.145285  0.000000  0.145285  1\n  S  S4  1  0.854715  0.000000  0.854715  1\n"}}