{"phonon": {"ph_bandstructure": [[0.0, 0.0, 0.0, 140.81314291568208, 140.81314291769965, 180.20448141288753, 180.20448141334433, 180.20448141453429, 226.40768716563224]]}, "dielectric": {"eps_electronic": [[3.017512294520923, -1.2736320231879533e-15, -1.3322676295501878e-15], [-1.051587418262922e-15, 3.0175122945209236, -6.661338147750939e-16], [-8.957573964919453e-16, -6.73712791566914e-16, 3.017512294520925]], "eps_total": [[7.800905212272452, -3.179513998798978e-15, 1.3322676295501878e-15], [-3.1234227046768038e-15, 7.800905212372849, 1.3322676295501878e-15], [1.3798647333879263e-15, 9.357755235378637e-16, 7.800905212409516]], "becs": [[[2.4944229420002237, 0.0, 0.0], [0.0, 2.4944229420002237, 0.0], [-5.781571517326751e-20, -5.781571517326751e-20, 2.4944229420002237]], [[-1.247211470990012, 0.0, 0.0], [0.0, -1.247211470990012, 0.0], [2.890785556289891e-20, 2.890785556289891e-20, -1.247211470990012]], [[-1.247211470990012, 0.0, 0.0], [0.0, -1.247211470990012, 0.0], [2.890785556289891e-20, 2.890785556289891e-20, -1.247211470990012]]]}, "metadata": {"formula": "SrCl2", "nsites": 3, "structure": "# generated using pymatgen\ndata_SrCl2\n_symmetry_space_group_name_H-M   'P 1'\n_cell_length_a   4.88378942\n_cell_length_b   4.88378942\n_cell_length_c   4.88378942\n_cell_angle_alpha   60.00000000\n_cell_angle_beta   60.00000000\n_cell_angle_gamma   60.00000000\n_symmetry_Int_Tables_number   1\n_chemical_formula_structural   SrCl2\n_chemical_formula_sum   'Sr1 Cl2'\n_cell_volume   82.3674821237\n_cell_formula_units_Z   1\nloop_\n _symmetry_equiv_pos_site_id\n _symmetry_equiv_pos_as_xyz\n  1  'x, y, z'\nloop_\n _atom_site_type_symbol\n _atom_site_label\n _atom_site_symmetry_multiplicity\n _atom_site_fract_x\n _atom_site_fract_y\n _atom_site_fract_z\n _atom_site_occupancy\n  Sr  Sr1  1  0.000000  0.000000  0.000000  1\n  Cl  Cl2  1  0.750000  0.750000  0.750000  1\n  Cl  Cl3  1  0.250000  0.250000  0.250000  1\n"}}