{"phonon": {"ph_bandstructure": [[0.0, 0.0, 0.0, 92.96983625731151, 107.86122711756731, 109.22755271099848, 114.61384413009905, 116.13409912089871, 142.1722165708714, 157.7375653783197, 163.7444415202471, 178.05413259849598, 193.59904485690478, 201.55378758792517, 210.18104464428436, 211.54472572716588, 220.9446266061404, 232.48118250456656]]}, "dielectric": {"eps_electronic": [[17.106439344211513, 0.0, 2.992987047013959e-24], [0.0, 20.93459942806807, 0.0], [2.992987047013958e-24, 0.0, 26.6114837032587]], "eps_total": [[33.7839208915768, 0.0, 2.992987047013959e-24], [0.0, 32.474684824180756, 0.0], [2.992987047013958e-24, 0.0, 37.63417231689474]], "becs": [[[3.597607645866008, 0.0, 0.0], [0.0, 3.4499382167719306, -0.2794857366053793], [-2.518052768890738e-25, 0.04844083402033769, 3.222150905373784]], [[3.597607645866008, 0.0, 0.0], [0.0, 3.4499382167719306, -0.2794857366053793], [-1.1445694590107863e-25, 0.04844083402033769, 3.222150905373784]], [[3.597607645866008, 0.0, 0.0], [0.0, 3.4499382167719306, 0.2794857366053793], [1.6023971607491162e-25, -0.04844083402033769, 3.222150905373784]], [[3.597607645866008, 0.0, 0.0], [0.0, 3.449938216771929, 0.2794857366053793], [4.349363780509019e-25, -0.04844083402033769, 3.222150905373784]], [[-7.195215291868243, 0.0, 0.0], [0.0, -6.8998764332341, -0.6758274809583202], [-1.1445694590107863e-25, -0.9204599625803647, -6.444301809687684]], [[-7.195215291868243, 0.0, 0.0], [0.0, -6.8998764332341, 0.6758274809583202], [-1.1445694590107863e-25, 0.9204599625803647, -6.444301809687684]]]}, "metadata": {"formula": "Sb2Os", "nsites": 6, "structure": "# generated using pymatgen\ndata_Sb2Os\n_symmetry_space_group_name_H-M   'P 1'\n_cell_length_a   3.20722112\n_cell_length_b   5.95877160\n_cell_length_c   6.69209053\n_cell_angle_alpha   90.00000000\n_cell_angle_beta   90.00000000\n_cell_angle_gamma   90.00000000\n_symmetry_Int_Tables_number   1\n_chemical_formula_structural   Sb2Os\n_chemical_formula_sum   'Sb4 Os2'\n_cell_volume   127.893198839\n_cell_formula_units_Z   2\nloop_\n _symmetry_equiv_pos_site_id\n _symmetry_equiv_pos_as_xyz\n  1  'x, y, z'\nloop_\n _atom_site_type_symbol\n _atom_site_label\n _atom_site_symmetry_multiplicity\n _atom_site_fract_x\n _atom_site_fract_y\n _atom_site_fract_z\n _atom_site_occupancy\n  Sb  Sb1  1  0.500000  0.318971  0.357667  1\n  Sb  Sb2  1  0.500000  0.681029  0.642333  1\n  Sb  Sb3  1  0.000000  0.181029  0.857667  1\n  Sb  Sb4  1  0.000000  0.818971  0.142333  1\n  Os  Os5  1  0.500000  0.500000  0.000000  1\n  Os  Os6  1  0.000000  0.000000  0.500000  1\n"}}