{"phonon": {"ph_bandstructure": [[0.0, 0.0, 0.0, 30.29044159702176, 30.290441615088834, 40.92374869614011, 40.92374870989901, 41.99922503915187, 54.76390337211067, 54.763903382908396, 75.6906660248116, 93.53923493073123, 98.40264757873373, 102.64650783974007, 109.28631791497739, 111.60996697987497, 111.60996698712091, 113.4447472040449, 122.04441417866249, 122.38518138385781, 122.38518139096362, 138.49717669291994, 168.0057708211781, 170.28827973009533]]}, "dielectric": {"eps_electronic": [[4.790028965956927, 0.0, -9.886352558474541e-24], [0.0, 4.790028965882225, -8.561832466323856e-24], [-9.886352558474544e-24, -8.561832466323856e-24, 7.882519014640861]], "eps_total": [[6.646933923617229, -4.440892098500626e-15, -9.886352558474541e-24], [-4.6629367034256575e-15, 6.64693392365553, -8.561832466323856e-24], [-9.886352558474544e-24, -8.561832466323856e-24, 11.93188279684392]], "becs": [[[1.199456238450649, -7.494005416219807e-16, 2.965291359263378e-23], [-2.220446049250313e-15, 1.1994562384506489, -2.2321999544559737e-22], [0.0, 0.0, 1.067751731322894]], [[1.1994562384506495, 3.608224830031759e-16, 8.429899721334453e-22], [4.440892098500626e-16, 1.1994562384506484, 1.1042475880892828e-21], [0.0, 0.0, 1.067751731322894]], [[0.997335362424344, -3.0531133177191805e-16, -1.3751131358342244e-22], [-1.7763568394002505e-15, 0.9973353624243446, -1.6734444664884868e-22], [0.0, 0.0, 1.056614233288174]], [[0.9973353624243431, -3.0531133177191805e-16, -1.4207330028998146e-22], [-8.881784197001252e-16, 0.9973353624243437, -1.5944285388971247e-22], [0.0, 0.0, 1.0566142332881732]], [[-1.0983958004374954, -8.326672684688674e-17, -1.6325395285614847e-22], [-8.881784197001252e-16, -1.0983958004374956, 1.4702606526821272e-22], [0.0, 0.0, -1.062182982305534]], [[-1.0983958004374972, 8.049116928532385e-16, -1.815018996823846e-22], [2.6645352591003757e-15, -1.0983958004374974, -4.0834302580250258e-22], [0.0, 0.0, -1.062182982305534]], [[-1.0983958004374954, -8.326672684688674e-17, -1.0851011237743998e-22], [8.881784197001252e-16, -1.0983958004374956, -2.906657336396529e-23], [0.0, 0.0, -1.062182982305534]], [[-1.0983958004374972, 3.608224830031759e-16, -1.3979230693670195e-22], [1.7763568394002505e-15, -1.0983958004374974, -2.6385675820686928e-22], [0.0, 0.0, -1.062182982305534]]]}, "metadata": {"formula": "KTe", "nsites": 8, "structure": "# generated using pymatgen\ndata_KTe\n_symmetry_space_group_name_H-M   'P 1'\n_cell_length_a   5.55473805\n_cell_length_b   5.55473805\n_cell_length_c   11.96897087\n_cell_angle_alpha   90.00000000\n_cell_angle_beta   90.00000000\n_cell_angle_gamma   120.00000000\n_symmetry_Int_Tables_number   1\n_chemical_formula_structural   KTe\n_chemical_formula_sum   'K4 Te4'\n_cell_volume   319.826620067\n_cell_formula_units_Z   4\nloop_\n _symmetry_equiv_pos_site_id\n _symmetry_equiv_pos_as_xyz\n  1  'x, y, z'\nloop_\n _atom_site_type_symbol\n _atom_site_label\n _atom_site_symmetry_multiplicity\n _atom_site_fract_x\n _atom_site_fract_y\n _atom_site_fract_z\n _atom_site_occupancy\n  K  K1  1  0.000000  0.000000  0.000000  1\n  K  K2  1  0.000000  0.000000  0.500000  1\n  K  K3  1  0.333333  0.666667  0.250000  1\n  K  K4  1  0.666667  0.333333  0.750000  1\n  Te  Te5  1  0.333333  0.666667  0.632373  1\n  Te  Te6  1  0.666667  0.333333  0.132373  1\n  Te  Te7  1  0.666667  0.333333  0.367627  1\n  Te  Te8  1  0.333333  0.666667  0.867627  1\n"}}