{"phonon": {"ph_bandstructure": [[0.0, 0.0, 0.0, 100.59556599157465, 100.59556599556458, 137.59867602008683, 139.42981213265557, 143.0786865078686, 168.75847734914504, 168.75847735157734, 183.04655301564577, 186.9922518363487, 793.3122430100346, 865.379407436736, 887.4523524437486, 887.4523524446395, 919.6524417258664, 953.6148560388611]]}, "dielectric": {"eps_electronic": [[3.7139563497959984, 0.0, 1.0246459099350211e-33], [0.0, 3.7139563497959984, 1.0246459099350211e-33], [1.0246459099350211e-33, 1.0246459099350211e-33, 3.7182021505960163]], "eps_total": [[8.524978105933807, -5.3840663557627226e-15, 1.0246459099350211e-33], [-5.3840663557627226e-15, 8.524978106078196, 1.0246459099350211e-33], [1.0246459099350211e-33, 1.0246459099350211e-33, 9.315180238767322]], "becs": [[[2.2526239258747074, 0.0, 0.0], [0.0, 2.252623925874706, 0.0], [-2.88884981640421e-33, 6.919399768026206e-34, 2.206116161441326]], [[2.2526239258747074, 0.0, 0.0], [0.0, 2.252623925874706, 0.0], [1.2627905145799034e-33, -2.62937228798467e-33, 2.206116161441326]], [[-0.9393199071682177, 0.0, 0.0], [0.0, -0.9393199071682161, 0.0], [-2.88884981640421e-33, -3.4597003541814925e-33, -0.8977452153318248]], [[-0.9393199071682177, 0.0, 0.0], [0.0, -0.9393199071682159, 0.0], [-4.653296957072458e-33, -2.62937228798467e-33, -0.8977452153318248]], [[-1.3133040187086524, 0.0, 0.0], [0.0, -1.313304018708652, 0.0], [-2.88884981640421e-33, -2.62937228798467e-33, -1.3083709461127313]], [[-1.3133040187086524, 0.0, 0.0], [0.0, -1.313304018708652, 0.0], [1.2057055375138597e-32, 1.0655876771164492e-32, -1.3083709461127313]]]}, "metadata": {"formula": "SrHCl", "nsites": 6, "structure": "# generated using pymatgen\ndata_SrHCl\n_symmetry_space_group_name_H-M   'P 1'\n_cell_length_a   4.05254555\n_cell_length_b   4.05254555\n_cell_length_c   6.86115171\n_cell_angle_alpha   90.00000000\n_cell_angle_beta   90.00000000\n_cell_angle_gamma   90.00000000\n_symmetry_Int_Tables_number   1\n_chemical_formula_structural   SrHCl\n_chemical_formula_sum   'Sr2 H2 Cl2'\n_cell_volume   112.681554991\n_cell_formula_units_Z   2\nloop_\n _symmetry_equiv_pos_site_id\n _symmetry_equiv_pos_as_xyz\n  1  'x, y, z'\nloop_\n _atom_site_type_symbol\n _atom_site_label\n _atom_site_symmetry_multiplicity\n _atom_site_fract_x\n _atom_site_fract_y\n _atom_site_fract_z\n _atom_site_occupancy\n  Sr  Sr1  1  0.000000  0.500000  0.797052  1\n  Sr  Sr2  1  0.500000  0.000000  0.202948  1\n  H  H3  1  0.500000  0.500000  0.000000  1\n  H  H4  1  0.000000  0.000000  0.000000  1\n  Cl  Cl5  1  0.500000  0.000000  0.650039  1\n  Cl  Cl6  1  0.000000  0.500000  0.349961  1\n"}}