{"phonon": {"ph_bandstructure": [[0.0, 0.0, 0.0, 56.49597228891944, 56.495972301810305, 71.6634985097946, 80.89024747544339, 95.74592012022094, 95.74592012785743, 103.5558640581552, 122.41833446933828, 125.69390292824772, 131.76362523781637, 137.77436363307575, 144.02204286777538, 145.8321458168749, 146.1470768768788, 158.52983099426766, 166.91379688454438, 166.9137968889808, 204.27632668974067, 222.57608125382995, 241.5451063198222, 241.5451063229514, 260.8429734774035, 320.9002836129537, 357.5165723304878, 526.4122297050657, 526.4122297067096, 527.3934028483914, 553.4944104506106, 560.4658136948702, 591.7331400047722]]}, "dielectric": {"eps_electronic": [[5.0244622675174915, 4.964548753403256e-16, 4.145880897161201e-15], [7.381242178004241e-17, 5.024462267517492, -1.7389818077090905e-17], [3.644251033143238e-15, -3.1281094170702163e-15, 4.552975824941933]], "eps_total": [[31.910614743790997, -1.534246113699857e-14, 2.291565764109834e-14], [-1.5025502547857697e-14, 31.910614748260652, -3.764916669116224e-15], [2.3945314557457356e-14, 1.0178549052105414e-14, 17.5727254166967]], "becs": [[[2.4529710376062743, 1.2111524265953248e-16, -6.065430070834015e-17], [4.2390334269091877e-16, 2.4529710376062743, 3.018212797758676e-17], [-9.689218883367006e-16, -1.1304088785494106e-15, 2.9463448502379066]], [[2.4529710376062743, 1.2111524265953248e-16, -6.065430070834015e-17], [4.2390334269091877e-16, 2.4529710376062743, 3.018212797758676e-17], [-9.689218883367006e-16, -1.1304088785494106e-15, 2.9463448502379066]], [[2.267820396493403, -3.2297396719053014e-16, 1.6161915679384776e-16], [-6.863196819342378e-16, 2.267820396493403, -1.9163362437028794e-16], [6.136505469264301e-15, 4.198661639651341e-15, 3.61357135195904]], [[3.664901300684382, -3.2297396719053014e-16, -5.075839895565673e-18], [-2.4223047208417515e-16, 3.664901300684382, -2.526171367215442e-17], [-9.689218883367006e-16, 6.459479608508399e-16, 2.023071622736115]], [[3.664901300684382, -3.2297396719053014e-16, -5.075839895565673e-18], [-2.4223047208417515e-16, 3.664901300684382, -2.526171367215442e-17], [-9.689218883367006e-16, 6.459479608508399e-16, 2.023071622736115]], [[-2.102504312044819, 5.652044525095951e-16, -6.065430070834015e-17], [2.0185873776588746e-16, -2.10250431204482, 3.018212797758676e-17], [-9.689218883367006e-16, -1.1304088785494106e-15, -2.870818875213038]], [[-2.102504312044819, 5.652044525095951e-16, -6.065430070834015e-17], [2.0185873776588746e-16, -2.10250431204482, 3.018212797758676e-17], [-9.689218883367006e-16, -1.1304088785494106e-15, -2.870818875213038]], [[-2.008316469415517, -3.2297396719053014e-16, -6.047929579639687e-17], [2.0185873776588746e-16, -3.140961754686135, 8.586828412078786e-17], [-9.689218883367006e-16, 6.459479608508399e-16, -1.9526916368696041]], [[-3.140961754686134, 1.2111524265953248e-16, 1.0605415789737661e-16], [-2.4223047208417515e-16, -2.008316469415517, -2.515401834172779e-17], [8.074349510635498e-16, -1.1304088785494106e-15, -1.952691636869605]], [[-2.008316469415517, -3.2297396719053014e-16, -6.047929579639687e-17], [2.0185873776588746e-16, -3.140961754686135, 8.586828412078786e-17], [-9.689218883367006e-16, 6.459479608508399e-16, -1.9526916368696041]], [[-3.140961754686134, 1.2111524265953248e-16, 1.0605415789737661e-16], [-2.4223047208417515e-16, -2.008316469415517, -2.515401834172779e-17], [8.074349510635498e-16, -1.1304088785494106e-15, -1.952691636869605]]]}, "metadata": {"formula": "Ba3In2O6", "nsites": 11, "structure": "# generated using pymatgen\ndata_Ba3In2O6\n_symmetry_space_group_name_H-M   'P 1'\n_cell_length_a   11.15112123\n_cell_length_b   11.15112123\n_cell_length_c   11.15112123\n_cell_angle_alpha   158.32597117\n_cell_angle_beta   158.32597117\n_cell_angle_gamma   30.84023053\n_symmetry_Int_Tables_number   1\n_chemical_formula_structural   Ba3In2O6\n_chemical_formula_sum   'Ba3 In2 O6'\n_cell_volume   189.009025211\n_cell_formula_units_Z   1\nloop_\n _symmetry_equiv_pos_site_id\n _symmetry_equiv_pos_as_xyz\n  1  'x, y, z'\nloop_\n _atom_site_type_symbol\n _atom_site_label\n _atom_site_symmetry_multiplicity\n _atom_site_fract_x\n _atom_site_fract_y\n _atom_site_fract_z\n _atom_site_occupancy\n  Ba  Ba1  1  0.317367  0.317367  0.000000  1\n  Ba  Ba2  1  0.682633  0.682633  0.000000  1\n  Ba  Ba3  1  0.500000  0.500000  0.000000  1\n  In  In4  1  0.102377  0.102377  0.000000  1\n  In  In5  1  0.897623  0.897623  0.000000  1\n  O  O6  1  0.199086  0.199086  0.000000  1\n  O  O7  1  0.800914  0.800914  0.000000  1\n  O  O8  1  0.583650  0.083650  0.500000  1\n  O  O9  1  0.083650  0.583650  0.500000  1\n  O  O10  1  0.416350  0.916350  0.500000  1\n  O  O11  1  0.916350  0.416350  0.500000  1\n"}}