{"phonon": {"ph_bandstructure": [[-0.004096907942060696, -0.0036798222573555567, -0.0027100434295882487, 46.09266835500232, 57.6634795124521, 68.6515850528679, 90.24304796930458, 110.69783474572355, 117.4360042923499, 127.51942273380666, 135.99476628036663, 167.34311361809677, 170.42141606157003, 185.23085110472923, 288.500938121602, 346.0325490345315, 365.1486636981235, 396.18653907993956, 705.4918162915076, 733.0875299404343, 740.7078499563772, 775.8770690546377, 980.1799451686725, 998.8057186975456, 1114.708105729742, 1126.2372684655231, 1146.7265499242949, 1199.4949966260908, 1683.4378832647112, 1688.5743598638642, 2330.471283771533, 2585.790257431537, 2594.1308533385836, 2619.5982048380056, 3478.5887871542645, 3525.4556964513463]]}, "dielectric": {"eps_electronic": [[2.5483266263841813, 0.0, 6.419927339548249e-24], [0.0, 2.405740307277356, -1.7107732183218546e-23], [6.419927339548248e-24, -1.7107732183218543e-23, 2.3739646971366586]], "eps_total": [[9.50796449301211, 0.0, 6.419927339548249e-24], [0.0, 6.8933339208033555, -1.7107732183218546e-23], [6.419927339548248e-24, -1.7107732183218543e-23, 5.096664665681219]], "becs": [[[1.2006620568536306, 0.0, 0.0], [-4.625929407134921e-18, 1.2530496282188146, -0.006188450684779575], [-2.1732209325113964e-18, 0.015832322530354034, 1.1974536399911913]], [[1.2006620568536315, 0.0, 0.0], [-4.625929407134921e-18, 1.253049628218816, 0.006188450684779575], [-2.1732209325113964e-18, -0.01583232253035404, 1.197453639991193]], [[0.2583576785170496, 0.0, 0.0], [-4.625929407134921e-18, 0.26736130023861704, -0.09261420294978735], [-2.1732209325113964e-18, -0.11437224184420786, 0.5921927093040514]], [[0.2583576785170496, 0.0, 0.0], [-4.625929407134921e-18, 0.26736130023861704, 0.09261420294978735], [-2.1732209325113964e-18, 0.11437224184420786, 0.5921927093040514]], [[1.3027851115840203, -0.6776443431564148, -0.2822029394703358], [-0.6216914900871098, 0.5712531065552953, 0.1217194717762787], [-0.23724787803996825, 0.11105579357884904, 0.31453422623966903]], [[1.3027851115840203, -0.6776443431564148, 0.2822029394703358], [-0.6216914900871102, 0.5712531065552955, -0.1217194717762787], [0.23724787803996822, -0.11105579357884901, 0.31453422623966903]], [[1.3027851115840203, 0.6776443431564148, -0.2822029394703358], [0.6216914900871102, 0.5712531065552955, -0.1217194717762787], [-0.23724787803996822, -0.11105579357884901, 0.3145342262396688]], [[1.3027851115840203, 0.6776443431564148, 0.2822029394703358], [0.6216914900871098, 0.5712531065552953, 0.1217194717762787], [0.23724787803996825, 0.11105579357884904, 0.31453422623966903]], [[-2.1355685625125007, 0.0, 0.0], [-4.625929407134921e-18, -1.2962170675201925, 0.12396291765571418], [-2.1732209325113964e-18, 0.09619025046697093, -1.1651104987551244]], [[-1.9290213960205893, 0.0, 0.0], [-4.625929407134921e-18, -1.3667000740547137, 0.06468352254976815], [2.3905429480421014e-17, 0.10670807800429688, -1.2536043030222304]], [[-2.1355685625125016, 0.0, 0.0], [-4.625929407134921e-18, -1.2962170675201925, -0.12396291765571418], [-2.1732209325113964e-18, -0.09619025046697093, -1.1651104987551244]], [[-1.9290213960205906, 0.0, 0.0], [-4.625929407134921e-18, -1.366700074054715, -0.06468352254976815], [-2.1732209325113964e-18, -0.10670807800429687, -1.2536043030222304]]]}, "metadata": {"formula": "RbH3O2", "nsites": 12, "structure": "# generated using pymatgen\ndata_RbH3O2\n_symmetry_space_group_name_H-M   'P 1'\n_cell_length_a   5.93431645\n_cell_length_b   5.93431645\n_cell_length_c   5.84630260\n_cell_angle_alpha   90.00000000\n_cell_angle_beta   90.00000000\n_cell_angle_gamma   138.86132289\n_symmetry_Int_Tables_number   1\n_chemical_formula_structural   RbH3O2\n_chemical_formula_sum   'Rb2 H6 O4'\n_cell_volume   135.447774931\n_cell_formula_units_Z   2\nloop_\n _symmetry_equiv_pos_site_id\n _symmetry_equiv_pos_as_xyz\n  1  'x, y, z'\nloop_\n _atom_site_type_symbol\n _atom_site_label\n _atom_site_symmetry_multiplicity\n _atom_site_fract_x\n _atom_site_fract_y\n _atom_site_fract_z\n _atom_site_occupancy\n  Rb  Rb1  1  0.344216  0.655784  0.273850  1\n  Rb  Rb2  1  0.655784  0.344216  0.773850  1\n  H  H3  1  0.989572  0.010428  0.013021  1\n  H  H4  1  0.010428  0.989572  0.513021  1\n  H  H5  1  0.408123  0.195334  0.300524  1\n  H  H6  1  0.591877  0.804666  0.800524  1\n  H  H7  1  0.195334  0.408123  0.800524  1\n  H  H8  1  0.804666  0.591877  0.300524  1\n  O  O9  1  0.340402  0.659598  0.766284  1\n  O  O10  1  0.969127  0.030873  0.849897  1\n  O  O11  1  0.659598  0.340402  0.266284  1\n  O  O12  1  0.030873  0.969127  0.349897  1\n"}}