{"phonon": {"ph_bandstructure": [[0.0, 0.0, 0.0, 101.44572471292412, 115.77094685453064, 146.4890228207291, 148.08199420829942, 148.57903248461076, 153.97108390283148, 179.98662386506925, 181.56853097527258, 192.10252764024037, 202.03704241911726, 217.12081400446206, 222.29662874225326, 229.41143115980827, 242.97563538138596, 266.3013812551098]]}, "dielectric": {"eps_electronic": [[18.324402265233978, 0.0, 0.0], [0.0, 22.425246540954113, 0.0], [0.0, 0.0, 20.85952422687354]], "eps_total": [[21.96043187161721, 0.0, 0.0], [0.0, 32.86815179803468, 0.0], [0.0, 0.0, 30.591301265336476]], "becs": [[[2.3176580361447163, 0.0, 0.0], [1.4738850610652162e-23, 3.1357753559153885, -0.3282644646563543], [0.0, -0.4678620335863586, 3.1974693540047636]], [[2.31765803614472, 0.0, 0.0], [-7.369425634765069e-24, 3.1357753559153885, -0.3282644646563542], [0.0, -0.4678620335863586, 3.1974693540047645]], [[2.3176580361447163, 0.0, 0.0], [1.4738850610652162e-23, 3.1357753559153885, 0.3282644646563542], [0.0, 0.4678620335863586, 3.1974693540047645]], [[2.31765803614472, 0.0, 0.0], [-7.369425634765069e-24, 3.1357753559153885, 0.3282644646563542], [0.0, 0.4678620335863586, 3.1974693540047645]], [[-4.635316072479143, 0.0, 0.0], [-7.369425634765069e-24, -6.271550711524772, -0.20920286102789618], [0.0, -0.8316070251988303, -6.394938708092333]], [[-4.635316072479143, 0.0, 0.0], [-7.369425634765069e-24, -6.271550711524772, 0.20920286102789623], [0.0, 0.8316070251988303, -6.394938708092333]]]}, "metadata": {"formula": "Te2Ru", "nsites": 6, "structure": "# generated using pymatgen\ndata_Te2Ru\n_symmetry_space_group_name_H-M   'P 1'\n_cell_length_a   4.02250158\n_cell_length_b   5.27740784\n_cell_length_c   6.39450156\n_cell_angle_alpha   90.00000000\n_cell_angle_beta   90.00000000\n_cell_angle_gamma   90.00000000\n_symmetry_Int_Tables_number   1\n_chemical_formula_structural   Te2Ru\n_chemical_formula_sum   'Te4 Ru2'\n_cell_volume   135.744917885\n_cell_formula_units_Z   2\nloop_\n _symmetry_equiv_pos_site_id\n _symmetry_equiv_pos_as_xyz\n  1  'x, y, z'\nloop_\n _atom_site_type_symbol\n _atom_site_label\n _atom_site_symmetry_multiplicity\n _atom_site_fract_x\n _atom_site_fract_y\n _atom_site_fract_z\n _atom_site_occupancy\n  Te  Te1  1  0.000000  0.221828  0.365887  1\n  Te  Te2  1  0.000000  0.778172  0.634113  1\n  Te  Te3  1  0.500000  0.721828  0.134113  1\n  Te  Te4  1  0.500000  0.278172  0.865887  1\n  Ru  Ru5  1  0.000000  0.000000  0.000000  1\n  Ru  Ru6  1  0.500000  0.500000  0.500000  1\n"}}