{"phonon": {"ph_bandstructure": [[0.0, 0.0, 0.0, 45.14054402549867, 45.434587250862634, 53.57605418340367, 58.202369327571674, 58.259608719960724, 72.787540819461, 93.22087035477637, 120.22650593853912, 126.51331176094402, 132.51301832789886, 135.92660468606832, 141.47916033564854, 149.11871051972392, 157.06900024368215, 161.03317161116306, 164.08601439469356, 173.10418500188786, 173.57937525572254]]}, "dielectric": {"eps_electronic": [[11.598409762411505, 2.3845148711811075e-16, 3.811728468483132e-15], [4.273079946673285e-17, 11.598409762411507, 2.4315708320396457e-15], [3.940800957731167e-15, 2.164444118330917e-15, 10.77392609194814]], "eps_total": [[14.491235757598822, -1.6222952679467117e-12, 7.733919630111638e-15], [-1.622648031320231e-12, 14.491235757744688, 1.5148301394413628e-15], [6.237715715339771e-15, 1.796823616839145e-15, 14.102733511025027]], "becs": [[[2.2376609120223523, -0.35930177530112567, -1.138661951273655e-16], [0.3593017753011258, 2.2376609120223523, -1.4739134925937512e-17], [-2.2838873876315617e-15, 2.030122113515906e-15, 2.1999479058612197]], [[2.631127641868145, 0.6091256648843302, -1.3989907898829011e-16], [-0.6091256648843313, 2.631127641868145, 1.8127258613816917e-16], [-3.172065807331687e-15, 2.537652741156556e-16, 2.8971058427344474]], [[2.703467033453505, -0.21744962577597687, -1.301367475404434e-16], [0.21744962577597654, 2.7034670334535043, -3.100968733901542e-17], [3.80647871468814e-16, 2.537652741156556e-16, 2.771563658647576]], [[-1.710283070387002, 0.40957332981894384, -0.4926762861156812], [0.42576046173343757, -2.075844721863682, -0.4629744535421437], [-0.508090138944381, -0.4119165591971077, -1.9671543514214642]], [[-2.075844721863682, -0.42576046173343746, 0.46297445354214506], [-0.4095733298189446, -1.7102830703870002, -0.4926762861156809], [0.41191655919711095, -0.5080901389443804, -1.9671543514214642]], [[-2.0758447218636786, -0.42576046173343834, -0.4629744535421435], [-0.4095733298189446, -1.7102830703870002, 0.49267628611567993], [-0.4119165591971066, 0.508090138944379, -1.9671543514214624]], [[-1.7102830703870002, 0.4095733298189456, 0.4926762861156801], [0.42576046173343934, -2.0758447218636804, 0.4629744535421445], [0.5080901389443819, 0.41191655919710635, -1.9671543514214642]]]}, "metadata": {"formula": "Cd(InTe2)2", "nsites": 7, "structure": "# generated using pymatgen\ndata_Cd(InTe2)2\n_symmetry_space_group_name_H-M   'P 1'\n_cell_length_a   7.62137676\n_cell_length_b   7.62137676\n_cell_length_c   7.62137676\n_cell_angle_alpha   131.69271485\n_cell_angle_beta   131.69271485\n_cell_angle_gamma   70.71478549\n_symmetry_Int_Tables_number   1\n_chemical_formula_structural   Cd(InTe2)2\n_chemical_formula_sum   'Cd1 In2 Te4'\n_cell_volume   241.79902517\n_cell_formula_units_Z   1\nloop_\n _symmetry_equiv_pos_site_id\n _symmetry_equiv_pos_as_xyz\n  1  'x, y, z'\nloop_\n _atom_site_type_symbol\n _atom_site_label\n _atom_site_symmetry_multiplicity\n _atom_site_fract_x\n _atom_site_fract_y\n _atom_site_fract_z\n _atom_site_occupancy\n  Cd  Cd1  1  0.000000  0.000000  0.000000  1\n  In  In2  1  0.500000  0.500000  0.000000  1\n  In  In3  1  0.250000  0.750000  0.500000  1\n  Te  Te4  1  0.859037  0.361402  0.942210  1\n  Te  Te5  1  0.638598  0.580808  0.497635  1\n  Te  Te6  1  0.083173  0.140963  0.502365  1\n  Te  Te7  1  0.419192  0.916827  0.057790  1\n"}}