{"phonon": {"ph_bandstructure": [[-0.004540783994668823, -0.003963230690340296, -0.0028217830350830042, 20.370351080057233, 20.370351085712716, 73.30404814111607, 85.67924593162815, 104.37941928939311, 105.20879470266277, 113.22158324727067, 120.55674008452252, 120.55674008520866, 121.32469568807078, 166.46430834783573, 176.72845538204072, 187.6460338583895, 198.9288908154488, 219.7297715205588, 240.3744344145766, 240.9187262939082, 332.9767846134699, 337.8867224195514, 364.2645696386239, 364.26456964017797, 397.31983661212206, 412.96851360393526, 543.4413167351139, 543.441316739856, 632.5641624642315, 762.1088089693138]]}, "dielectric": {"eps_electronic": [[5.55428171355624, 0.0, -0.04339005247550832], [0.0, 5.674703862347148, 0.0], [-0.04339005247550791, 0.0, 5.6590697230439]], "eps_total": [[99.86635908748579, 2.1728396859543864e-10, 11.650597143170824], [2.1726586830746997e-10, 67.53199064906636, 2.6148089893086884e-11], [11.650597143170822, 2.6149749032811087e-11, 71.72988967744661]], "becs": [[[2.635257422805334, -0.0025287999705672945, -0.06244104131283264], [0.0025287999705222754, 2.808552543317261, -0.007018279747322826], [-0.0624410413120627, 0.007018279747361687, 2.7860540238629032]], [[2.635257422805334, -0.0025287999705672945, -0.06244104131283264], [0.0025287999705222754, 2.808552543317261, -0.007018279747322826], [-0.0624410413120627, 0.007018279747361687, 2.7860540238629032]], [[7.893946983011935, 0.13403245570976818, 0.027893679929655676], [-0.13403245570737005, 7.816532536947317, 0.37198563759107317], [0.027893679929311965, -0.3719856375931391, 7.8265830820272235]], [[4.965912482299798, -0.13483644431443575, -0.20496258646895987], [0.13483644431202307, 5.534753350033288, -0.374216979336918], [-0.20496258646643162, 0.3742169793389962, 5.460902007356534]], [[-2.3836610437885035, 1.248403383809715, -0.8994511319135687], [1.1859881369005134, -3.875231722721769, 1.5035314256882613], [-0.7980536498448789, 1.5198940087948958, -3.0675003037447373]], [[-4.35683099439524, -0.08070642995693489, 1.9374748713935623], [-0.13504322584414213, -1.930142943393811, 0.07493947850565205], [1.8311197652545466, 0.08839126474500603, -3.039419132465959]], [[-2.3246951172653256, -1.1647661595797962, -0.8870482449017716], [-1.0538757053293026, -3.6788208206680224, -1.5703369535734386], [-0.8820906208333079, -1.6164192241604214, -3.322877132321661]], [[-2.3836610437885035, 1.248403383809715, -0.8994511319135687], [1.1859881369005134, -3.875231722721769, 1.5035314256882613], [-0.7980536498448789, 1.5198940087948958, -3.0675003037447373]], [[-2.3246951172653256, -1.1647661595797962, -0.8870482449017716], [-1.0538757053293026, -3.6788208206680224, -1.5703369535734386], [-0.8820906208333079, -1.6164192241604214, -3.322877132321661]], [[-4.35683099439524, -0.08070642995693489, 1.9374748713935623], [-0.13504322584414213, -1.930142943393811, 0.07493947850565205], [1.8311197652545466, 0.08839126474500603, -3.039419132465959]]]}, "metadata": {"formula": "Ba2TaBiO6", "nsites": 10, "structure": "# generated using pymatgen\ndata_Ba2TaBiO6\n_symmetry_space_group_name_H-M   'P 1'\n_cell_length_a   6.00020700\n_cell_length_b   6.00020700\n_cell_length_c   6.00020700\n_cell_angle_alpha   60.83741164\n_cell_angle_beta   60.83741164\n_cell_angle_gamma   60.83741164\n_symmetry_Int_Tables_number   1\n_chemical_formula_structural   Ba2TaBiO6\n_chemical_formula_sum   'Ba2 Ta1 Bi1 O6'\n_cell_volume   155.635305302\n_cell_formula_units_Z   1\nloop_\n _symmetry_equiv_pos_site_id\n _symmetry_equiv_pos_as_xyz\n  1  'x, y, z'\nloop_\n _atom_site_type_symbol\n _atom_site_label\n _atom_site_symmetry_multiplicity\n _atom_site_fract_x\n _atom_site_fract_y\n _atom_site_fract_z\n _atom_site_occupancy\n  Ba  Ba1  1  0.748341  0.748341  0.748341  1\n  Ba  Ba2  1  0.251659  0.251659  0.251659  1\n  Ta  Ta3  1  0.500000  0.500000  0.500000  1\n  Bi  Bi4  1  0.000000  0.000000  0.000000  1\n  O  O5  1  0.212626  0.723942  0.328819  1\n  O  O6  1  0.328819  0.212626  0.723942  1\n  O  O7  1  0.723942  0.328819  0.212626  1\n  O  O8  1  0.787374  0.276058  0.671181  1\n  O  O9  1  0.276058  0.671181  0.787374  1\n  O  O10  1  0.671181  0.787374  0.276058  1\n"}}