{"phonon": {"ph_bandstructure": [[-35.7841929583069, -31.299179040782175, -0.00245235564439775, 0.0, 0.003863842858437781, 13.777270550529614, 34.29208608181282, 35.46012553813286, 41.548234226988434, 45.3486400209219, 50.48469278691218, 52.91996604961011, 53.742341694713744, 54.9093974536233, 57.07505675545256, 59.97908671518883, 60.576147659353246, 63.53188390743948, 67.5096767219538, 73.00878710589, 73.82619498437093, 80.53261596101589, 98.06976206156668, 112.86347908660863, 133.2175964695085, 134.13201346958098, 136.4018299539301, 140.59586796383465, 144.35618824580527, 148.44756356203493, 159.22024694262672, 159.89578324485979, 172.24711002378243, 173.7219723002162, 184.01809887382296, 189.98641740463373]]}, "dielectric": {"eps_electronic": [[3.979435854974172, 0.0, 0.0], [-4.440892098500626e-16, 3.8906777486173647, 0.0], [0.0, 0.0, 4.2285038352875155]], "eps_total": null, "becs": [[[1.5057391693767843, 0.0, -1.5245208516754614e-18], [0.0, 1.437994576630984, -5.781410592869107e-19], [1.3303513858461e-19, 1.4456029397296628e-19, 1.4368301753705888]], [[1.5057391693767843, 0.0, -1.5254471092032656e-18], [0.0, 1.437994576630984, -5.79342458510559e-19], [1.3303513858461e-19, 1.4456029397296628e-19, 1.4368301753705888]], [[0.8446887694205799, 0.0, 4.572636115761538e-18], [0.0, 0.8087457233699595, -0.0750396072849005], [1.3303513858461e-19, 0.018940903776421922, 1.117798766881553]], [[0.8446887694205799, 0.0, 4.572636115761538e-18], [0.0, 0.8087457233699595, 0.0750396072849005], [-1.4633864768536386e-18, -0.018940903776421922, 1.117798766881553]], [[0.8446887694205799, 0.0, -1.5245208516754614e-18], [0.0, 0.8087457233699595, -0.0750396072849005], [1.3303513858461e-19, 0.018940903776421922, 1.117798766881553]], [[0.8446887694205799, 0.0, 4.572636115761538e-18], [0.0, 0.8087457233699595, 0.0750396072849005], [1.3303513858461e-19, -0.018940903776421922, 1.117798766881553]], [[-0.8460085958994944, 0.0, -1.5247524160574122e-18], [0.0, -1.052777724465371, -5.7904210870464685e-19], [1.3303513858461e-19, 1.4456029397296628e-19, -1.2460209000914708]], [[-0.8460085958994944, 0.0, -1.5242892872935103e-18], [0.0, -1.052777724465371, -5.784414090928228e-19], [1.3303513858461e-19, 1.4456029397296628e-19, -1.2460209000914708]], [[-1.1745540561879744, 0.3034333229758597, -1.5245208516754614e-18], [0.3082119024154921, -1.00135414951873, -5.781410592869107e-19], [1.3303513858461e-19, 1.4456029397296628e-19, -1.213203404529167]], [[-1.1745540561879744, 0.3034333229758597, -1.522668336619853e-18], [0.3082119024154921, -1.00135414951873, -5.805438577342071e-19], [1.3303513858461e-19, 1.4456029397296628e-19, -1.2132034045291653]], [[-1.1745540561879744, -0.3034333229758597, -1.5235945941476572e-18], [-0.3082119024154921, -1.00135414951873, -5.769396600632625e-19], [1.3303513858461e-19, 1.4456029397296628e-19, -1.2132034045291689]], [[-1.1745540561879744, -0.3034333229758597, -1.5235945941476572e-18], [-0.3082119024154921, -1.00135414951873, -5.769396600632625e-19], [1.3303513858461e-19, 1.4456029397296628e-19, -1.213203404529167]]]}, "metadata": {"formula": "CsCu2Br3", "nsites": 12, "structure": "# generated using pymatgen\ndata_CsCu2Br3\n_symmetry_space_group_name_H-M   'P 1'\n_cell_length_a   7.86233180\n_cell_length_b   7.86233180\n_cell_length_c   5.58951254\n_cell_angle_alpha   90.00000000\n_cell_angle_beta   90.00000000\n_cell_angle_gamma   104.73682615\n_symmetry_Int_Tables_number   1\n_chemical_formula_structural   CsCu2Br3\n_chemical_formula_sum   'Cs2 Cu4 Br6'\n_cell_volume   334.156607792\n_cell_formula_units_Z   2\nloop_\n _symmetry_equiv_pos_site_id\n _symmetry_equiv_pos_as_xyz\n  1  'x, y, z'\nloop_\n _atom_site_type_symbol\n _atom_site_label\n _atom_site_symmetry_multiplicity\n _atom_site_fract_x\n _atom_site_fract_y\n _atom_site_fract_z\n _atom_site_occupancy\n  Cs  Cs1  1  0.827879  0.172121  0.250000  1\n  Cs  Cs2  1  0.172121  0.827879  0.750000  1\n  Cu  Cu3  1  0.635007  0.635007  0.000000  1\n  Cu  Cu4  1  0.364993  0.364993  0.500000  1\n  Cu  Cu5  1  0.364993  0.364993  0.000000  1\n  Cu  Cu6  1  0.635007  0.635007  0.500000  1\n  Br  Br7  1  0.370592  0.629408  0.250000  1\n  Br  Br8  1  0.629408  0.370592  0.750000  1\n  Br  Br9  1  0.893581  0.662198  0.250000  1\n  Br  Br10  1  0.106419  0.337802  0.750000  1\n  Br  Br11  1  0.662198  0.893581  0.750000  1\n  Br  Br12  1  0.337802  0.106419  0.250000  1\n"}}