{"phonon": {"ph_bandstructure": [[0.0, 0.0, 0.0, 80.08446505006063, 89.69559926341823, 106.72476775138362, 106.72476775441018, 123.55948844835291, 199.20863958287873, 241.11510929022074, 368.2312983966199, 401.33933502564696]]}, "dielectric": {"eps_electronic": [[4.972676319605191, 0.0, -0.03725758853508223], [0.0, 5.214021492489924, 0.0], [-0.037257588535085574, 0.0, 5.208269863383853]], "eps_total": [[10.16879710083713, 4.440892098500626e-16, -1.1919362765530952], [-1.0263829421840974e-14, 17.88985683578285, 1.9196395360736053e-14], [-1.1919362765530985, 1.9539925233402755e-14, 17.705852031091048]], "becs": [[[2.0972156462147225, 0.0, -0.04169919813242262], [0.0, 2.3673324351688123, 0.0], [-0.0416991981324728, 0.0, 2.3608951339865274]], [[2.0972156462147225, 0.0, -0.04169919813242262], [0.0, 2.3673324351688123, 0.0], [-0.0416991981324728, 0.0, 2.3608951339865274]], [[-1.8263968032814484, 0.0, -0.09245663153977435], [0.0, -1.2274862834741598, 0.0], [-0.0924566315398894, 0.0, -1.2417592481875577]], [[-2.368034489147996, 0.0, 0.1758550278046196], [0.0, -3.507178586863465, 0.0], [0.17585502780483497, 0.0, -3.480031019785497]]]}, "metadata": {"formula": "Sr2BrN", "nsites": 4, "structure": "# generated using pymatgen\ndata_Sr2BrN\n_symmetry_space_group_name_H-M   'P 1'\n_cell_length_a   7.60317038\n_cell_length_b   7.60317038\n_cell_length_c   7.60317038\n_cell_angle_alpha   29.60462391\n_cell_angle_beta   29.60462391\n_cell_angle_gamma   29.60462391\n_symmetry_Int_Tables_number   1\n_chemical_formula_structural   Sr2BrN\n_chemical_formula_sum   'Sr2 Br1 N1'\n_cell_volume   94.9583341017\n_cell_formula_units_Z   1\nloop_\n _symmetry_equiv_pos_site_id\n _symmetry_equiv_pos_as_xyz\n  1  'x, y, z'\nloop_\n _atom_site_type_symbol\n _atom_site_label\n _atom_site_symmetry_multiplicity\n _atom_site_fract_x\n _atom_site_fract_y\n _atom_site_fract_z\n _atom_site_occupancy\n  Sr  Sr1  1  0.772466  0.772466  0.772466  1\n  Sr  Sr2  1  0.227534  0.227534  0.227534  1\n  Br  Br3  1  0.000000  0.000000  0.000000  1\n  N  N4  1  0.500000  0.500000  0.500000  1\n"}}