{"phonon": {"ph_bandstructure": [[0.0, 0.0, 0.0, 219.86185126474376, 219.8618512685731, 234.03728655491238, 234.03728655587204, 234.03728655851128, 370.3166577133, 377.3441885876166, 377.34418858876364, 377.344188589387, 801.309948700384, 801.3099487010339, 801.3099487021761, 876.8639077332148, 876.8639077349952, 885.2883439251714, 975.54803039113, 975.548030391565, 975.5480303918014, 1811.3045983356171, 1811.304598337867, 1844.3678563297594, 1891.7644550817847, 1891.7644550831328, 1922.2377794429506]]}, "dielectric": {"eps_electronic": [[5.62867423211386, -6.170202855914696e-16, -4.440892098500626e-16], [-6.170202855914696e-16, 5.62867423211386, -4.440892098500626e-16], [-4.398483662903697e-16, -4.398483662903697e-16, 5.628674232113861]], "eps_total": [[16.876022137857674, -9.254296767035132e-15, -1.7763568394002505e-15], [-7.71117512669714e-15, 16.876022138258577, -1.7763568394002505e-15], [-1.643105565097555e-15, -3.4194624044978057e-15, 16.876022138239733]], "becs": [[[2.0715892140295655, 3.0839528691582296e-17, -4.3175340168215215e-17], [0.0, 2.0715892140295655, 1.8503717214949378e-17], [-3.699150833082368e-17, 6.169498348223967e-17, 2.0715892140295655]], [[2.0715892140295655, 3.0839528691582296e-17, -4.3175340168215215e-17], [0.0, 2.0715892140295655, 1.8503717214949378e-17], [-3.699150833082368e-17, 6.169498348223967e-17, 2.0715892140295655]], [[-3.2256087801864823, 3.0839528691582296e-17, -4.3175340168215215e-17], [0.0, -3.2256087801864823, 1.8503717214949378e-17], [-3.6928245588449534e-17, 6.175824622461381e-17, -3.2256087801864823]], [[0.1313856713390637, 3.6390643607912926e-16, -3.4848667194013326e-16], [-5.551115123125783e-17, -0.7215561666122772, 7.40148684462072e-17], [-3.700928486575858e-16, 3.669718823149426e-16, 0.13138567133906376]], [[0.13138567133906354, -3.854941055428514e-16, 4.009138696818474e-16], [-4.718447854656915e-16, 0.1313856713390637, 4.62592927065012e-16], [-3.7025941270038816e-17, 6.166055054302453e-17, -0.7215561666122773]], [[0.13138567133906354, -3.854941055428514e-16, 4.009138696818474e-16], [-4.718447854656915e-16, 0.1313856713390637, 4.62592927065012e-16], [-3.7025941270038816e-17, 6.166055054302453e-17, -0.7215561666122773]], [[0.1313856713390637, 3.6390643607912926e-16, -3.4848667194013326e-16], [-5.551115123125783e-17, -0.7215561666122772, 7.40148684462072e-17], [-3.700928486575858e-16, 3.669718823149426e-16, 0.13138567133906376]], [[-0.7215561666122774, -2.467162253967553e-17, 1.2335811063042612e-17], [5.273559366969494e-16, 0.13138567133906343, -5.643633707132578e-16], [4.625744198112816e-16, -5.212065373851827e-16, 0.13138567133906348]], [[-0.7215561666122774, -2.467162253967553e-17, 1.2335811063042612e-17], [5.273559366969494e-16, 0.13138567133906343, -5.643633707132578e-16], [4.625744198112816e-16, -5.212065373851827e-16, 0.13138567133906348]]]}, "metadata": {"formula": "Mg2FeH6", "nsites": 9, "structure": "# generated using pymatgen\ndata_Mg2FeH6\n_symmetry_space_group_name_H-M   'P 1'\n_cell_length_a   4.48750070\n_cell_length_b   4.48750070\n_cell_length_c   4.48750070\n_cell_angle_alpha   60.00000000\n_cell_angle_beta   60.00000000\n_cell_angle_gamma   60.00000000\n_symmetry_Int_Tables_number   1\n_chemical_formula_structural   Mg2FeH6\n_chemical_formula_sum   'Mg2 Fe1 H6'\n_cell_volume   63.8996664386\n_cell_formula_units_Z   1\nloop_\n _symmetry_equiv_pos_site_id\n _symmetry_equiv_pos_as_xyz\n  1  'x, y, z'\nloop_\n _atom_site_type_symbol\n _atom_site_label\n _atom_site_symmetry_multiplicity\n _atom_site_fract_x\n _atom_site_fract_y\n _atom_site_fract_z\n _atom_site_occupancy\n  Mg  Mg1  1  0.250000  0.250000  0.250000  1\n  Mg  Mg2  1  0.750000  0.750000  0.750000  1\n  Fe  Fe3  1  0.000000  0.000000  0.000000  1\n  H  H4  1  0.755801  0.244199  0.755801  1\n  H  H5  1  0.244199  0.244199  0.755801  1\n  H  H6  1  0.755801  0.755801  0.244199  1\n  H  H7  1  0.244199  0.755801  0.244199  1\n  H  H8  1  0.244199  0.755801  0.755801  1\n  H  H9  1  0.755801  0.244199  0.244199  1\n"}}