{"phonon": {"ph_bandstructure": [[0.0, 0.0, 0.0, 63.74704470054237, 63.74704470782842, 83.71165047991622, 98.25507549836175, 104.02399899915238, 104.09358937371371, 105.88568379845603, 105.88568380287624, 111.86113279765343, 121.70374909856929, 124.27814701098221, 206.37883158870906, 228.37609120653914, 231.03863479730057, 233.76112966023078, 364.6854034962267, 399.39037676044825, 433.2217130528472]]}, "dielectric": {"eps_electronic": [[3.0829537281772397, 5.307448983723752e-16, -3.289842901844874e-15], [5.307448983723752e-16, 3.0829537281772397, -1.5134860624446235e-15], [-5.441285358506793e-16, -5.441285358506793e-16, 3.0655771400767833]], "eps_total": [[10.243352716907824, 2.2699162183951085e-15, -4.796234794867417e-16], [1.263422485063078e-15, 10.243352717710302, 4.886275108726883e-15], [-1.4822406429637438e-16, 2.960400404654064e-15, 6.745100373703645]], "becs": [[[1.131009074144588, 1.1102230146989892e-15, 9.523540049980448e-17], [8.881784296262926e-16, 1.1310090741445873, -9.508853523460253e-17], [-8.881784197001252e-16, -2.157004671164395e-15, 1.0475164725762314]], [[1.1204847891966394, 2.2204459499886396e-16, -1.5786901962711173e-17], [4.4408921977623e-16, 0.8619226655300596, 1.593376722791313e-17], [-2.6645352591003757e-15, -2.157004671164395e-15, 1.0372614335857664]], [[1.131009074144588, 1.1102230146989892e-15, 9.523540049980448e-17], [8.881784296262926e-16, 1.1310090741445873, -9.508853523460253e-17], [-8.881784197001252e-16, -2.157004671164395e-15, 1.0475164725762314]], [[0.8619226655300585, -1.3322676394763552e-15, -1.2680920442522683e-16], [-1.1102230146989892e-15, 1.1204847891966387, 1.2695606969042878e-16], [2.6645352591003757e-15, 3.1720658470363563e-15, 1.0372614335857677]], [[-1.17803672058153, -6.661338247012613e-16, 9.516625454681695e-17], [-1.1102230146989892e-15, -1.1780367205815299, -9.515768118759006e-17], [2.6645352591003757e-15, 2.283887427336231e-15, -1.1917084960168296]], [[-1.17803672058153, -6.661338247012613e-16, 9.516625454681695e-17], [-1.1102230146989892e-15, -1.1780367205815299, -9.515768118759006e-17], [2.6645352591003757e-15, 2.283887427336231e-15, -1.1917084960168296]], [[-1.8883521617777084, 2.2204459499886396e-16, -2.382072433869955e-16], [1.1102230345513239e-15, -1.8883521617777077, 2.3760263565369144e-16], [-3.552713678800501e-15, -1.2688262514642698e-15, -1.786138820261887]]]}, "metadata": {"formula": "Na4Br2O", "nsites": 7, "structure": "# generated using pymatgen\ndata_Na4Br2O\n_symmetry_space_group_name_H-M   'P 1'\n_cell_length_a   8.07209354\n_cell_length_b   8.07209354\n_cell_length_c   8.07209354\n_cell_angle_alpha   147.71082394\n_cell_angle_beta   147.71082394\n_cell_angle_gamma   46.31243176\n_symmetry_Int_Tables_number   1\n_chemical_formula_structural   Na4Br2O\n_chemical_formula_sum   'Na4 Br2 O1'\n_cell_volume   149.563006676\n_cell_formula_units_Z   1\nloop_\n _symmetry_equiv_pos_site_id\n _symmetry_equiv_pos_as_xyz\n  1  'x, y, z'\nloop_\n _atom_site_type_symbol\n _atom_site_label\n _atom_site_symmetry_multiplicity\n _atom_site_fract_x\n _atom_site_fract_y\n _atom_site_fract_z\n _atom_site_occupancy\n  Na  Na1  1  0.847592  0.847592  0.000000  1\n  Na  Na2  1  0.500000  1.000000  0.500000  1\n  Na  Na3  1  0.152408  0.152408  0.000000  1\n  Na  Na4  1  0.000000  0.500000  0.500000  1\n  Br  Br5  1  0.650801  0.650801  0.000000  1\n  Br  Br6  1  0.349199  0.349199  0.000000  1\n  O  O7  1  0.000000  0.000000  0.000000  1\n"}}