{"phonon": {"ph_bandstructure": [[0.0, 0.0, 0.0, 111.7152659383667, 111.71526594256189, 152.52305090847344, 188.87561568065684, 191.83908548420504, 198.50913100678176, 556.7234484287887, 604.9885804111035, 604.98858041217, 609.5303526810062, 622.7591803107226, 683.1100667724025, 687.3930141823228, 834.4982969950147, 960.1168647238131, 1021.2269776074784, 1191.778780383514, 1255.4653231658426]]}, "dielectric": {"eps_electronic": [[3.339370532291533, -5.360439774085904e-16, -1.1074591992715798e-16], [-5.360439774085904e-16, 3.339370532291533, -1.1074591992715798e-16], [1.4209298063478083e-15, 1.4209298063478083e-15, 3.2244625691078483]], "eps_total": [[8.228629039908283, -3.4878849534647624e-15, 4.9341251365597015e-17], [-3.8213745834356825e-15, 8.22862903993301, 1.2142185327006658e-15], [8.997331002500422e-16, 4.556438903999795e-16, 6.794662854132271]], "becs": [[[0.9644398255205673, 6.582036400328123e-16, 8.773430150936587e-17], [3.0927640797612057e-16, 0.9644398255205666, -9.465947933509424e-17], [9.516197779337085e-17, -7.612957826422974e-16, 0.9690315861898555]], [[0.9644398255205673, 6.582036400328123e-16, 8.773430150936587e-17], [3.0927640797612057e-16, 0.9644398255205666, -9.465947933509424e-17], [9.516197779337085e-17, -7.612957826422974e-16, 0.9690315861898555]], [[1.8435064804024672, -6.740639895173755e-16, -2.380903311542752e-17], [-5.789020117240047e-16, 1.8435064804024672, 1.5841790965143668e-17], [9.83340397493496e-16, 1.015061056757953e-15, 1.5714983613953222]], [[-0.8049613909486983, -2.299747796673129e-16, -7.903271832611832e-17], [-2.379049941142639e-17, -1.2242725936639567, 9.939598383259744e-17], [-1.2688262713166045e-16, -3.172065727922348e-16, -0.6901795362055101]], [[-1.2242725936639571, -3.965082333610864e-16, 2.990689319613794e-17], [-4.123685580302312e-16, -0.8049613909486981, -1.370900957017761e-17], [5.392511876434335e-16, 1.015061056757953e-15, -0.6901795362055101]], [[-0.8715760734156777, -7.930174742281588e-18, -5.126687606689772e-17], [1.9825410551360492e-16, -0.8715760734156774, 4.38950992449313e-17], [-7.930164419067544e-16, -9.51619678672035e-17, -1.0646012306866055]], [[-0.8715760734156777, -7.930174742281588e-18, -5.126687606689772e-17], [1.9825410551360492e-16, -0.8715760734156774, 4.38950992449313e-17], [-7.930164419067544e-16, -9.51619678672035e-17, -1.0646012306866055]]]}, "metadata": {"formula": "K2MgH4", "nsites": 7, "structure": "# generated using pymatgen\ndata_K2MgH4\n_symmetry_space_group_name_H-M   'P 1'\n_cell_length_a   7.27889056\n_cell_length_b   7.27889056\n_cell_length_c   7.27889056\n_cell_angle_alpha   148.17033654\n_cell_angle_beta   148.17033654\n_cell_angle_gamma   45.63397747\n_symmetry_Int_Tables_number   1\n_chemical_formula_structural   K2MgH4\n_chemical_formula_sum   'K2 Mg1 H4'\n_cell_volume   106.912537798\n_cell_formula_units_Z   1\nloop_\n _symmetry_equiv_pos_site_id\n _symmetry_equiv_pos_as_xyz\n  1  'x, y, z'\nloop_\n _atom_site_type_symbol\n _atom_site_label\n _atom_site_symmetry_multiplicity\n _atom_site_fract_x\n _atom_site_fract_y\n _atom_site_fract_z\n _atom_site_occupancy\n  K  K1  1  0.643838  0.643838  0.000000  1\n  K  K2  1  0.356162  0.356162  0.000000  1\n  Mg  Mg3  1  0.000000  0.000000  0.000000  1\n  H  H4  1  0.500000  0.000000  0.500000  1\n  H  H5  1  0.000000  0.500000  0.500000  1\n  H  H6  1  0.850994  0.850994  0.000000  1\n  H  H7  1  0.149006  0.149006  0.000000  1\n"}}