{"phonon": {"ph_bandstructure": [[0.0, 0.0, 0.0, 231.08336932484278, 231.0833693258356, 516.2585886800343]]}, "dielectric": {"eps_electronic": [[5.435627815750301, 2.7557064269175337e-15, 2.220446049250313e-15], [2.7557064269175337e-15, 5.435627815750301, 2.220446049250313e-15], [3.2191079997150827e-15, 3.2191079997150827e-15, 5.435627815750301]], "eps_total": [[27.12981983443877, 1.9954606921418804e-14, -1.2434497875801753e-14], [2.1927704250583665e-14, 27.129819834293155, -7.105427357601002e-15], [-8.653974033958252e-15, -6.877617194558002e-15, 27.129819834349597]], "becs": [[[2.418007709403991, 0.0, 0.0], [0.0, 2.418007709403991, 0.0], [1.7388925103604746e-19, 1.7388925103604746e-19, 2.418007709403991]], [[-2.418007709403991, 0.0, 0.0], [0.0, -2.418007709403991, 0.0], [-1.7388925103604746e-19, -1.7388925103604746e-19, -2.418007709403991]]]}, "metadata": {"formula": "ZnO", "nsites": 2, "structure": "# generated using pymatgen\ndata_ZnO\n_symmetry_space_group_name_H-M   'P 1'\n_cell_length_a   3.01190558\n_cell_length_b   3.01190558\n_cell_length_c   3.01190558\n_cell_angle_alpha   60.00000000\n_cell_angle_beta   60.00000000\n_cell_angle_gamma   60.00000000\n_symmetry_Int_Tables_number   1\n_chemical_formula_structural   ZnO\n_chemical_formula_sum   'Zn1 O1'\n_cell_volume   19.320086296\n_cell_formula_units_Z   1\nloop_\n _symmetry_equiv_pos_site_id\n _symmetry_equiv_pos_as_xyz\n  1  'x, y, z'\nloop_\n _atom_site_type_symbol\n _atom_site_label\n _atom_site_symmetry_multiplicity\n _atom_site_fract_x\n _atom_site_fract_y\n _atom_site_fract_z\n _atom_site_occupancy\n  Zn  Zn1  1  0.000000  0.000000  0.000000  1\n  O  O2  1  0.500000  0.500000  0.500000  1\n"}}