{"phonon": {"ph_bandstructure": [[0.0, 0.0, 0.0, 111.65362830314311, 111.65362830483268, 159.1763940397243]]}, "dielectric": {"eps_electronic": [[2.61882946629732, -7.803720354599123e-16, -2.220446049250313e-16], [-5.986078692675713e-16, 2.6188294662973197, -6.661338147750939e-16], [-4.516966891537844e-16, -6.737412940788157e-16, 2.6188294662973215]], "eps_total": [[5.322539116967373, 1.4720141561166236e-10, -4.440892098500626e-16], [1.472015139139242e-10, 5.322539116472038, -5.036016048620695e-10], [-8.429646176774117e-16, -5.036015596482675e-10, 5.322539116457238]], "becs": [[[1.1236590690527128, 0.0, 0.0], [0.0, 1.1236590690527128, 0.0], [-2.4346334732749463e-19, -2.4346334732749463e-19, 1.1236590690527128]], [[-1.1236590690527128, 0.0, 0.0], [0.0, -1.1236590690527128, 0.0], [2.4346334732749463e-19, 2.4346334732749463e-19, -1.1236590690527128]]]}, "metadata": {"formula": "KBr", "nsites": 2, "structure": "# generated using pymatgen\ndata_KBr\n_symmetry_space_group_name_H-M   'P 1'\n_cell_length_a   4.63066147\n_cell_length_b   4.63066147\n_cell_length_c   4.63066147\n_cell_angle_alpha   60.00000000\n_cell_angle_beta   60.00000000\n_cell_angle_gamma   60.00000000\n_symmetry_Int_Tables_number   1\n_chemical_formula_structural   KBr\n_chemical_formula_sum   'K1 Br1'\n_cell_volume   70.2124453552\n_cell_formula_units_Z   1\nloop_\n _symmetry_equiv_pos_site_id\n _symmetry_equiv_pos_as_xyz\n  1  'x, y, z'\nloop_\n _atom_site_type_symbol\n _atom_site_label\n _atom_site_symmetry_multiplicity\n _atom_site_fract_x\n _atom_site_fract_y\n _atom_site_fract_z\n _atom_site_occupancy\n  K  K1  1  0.000000  0.000000  0.000000  1\n  Br  Br2  1  0.500000  0.500000  0.500000  1\n"}}