{"phonon": {"ph_bandstructure": [[0.0, 0.0, 0.0, 23.692255077580626, 23.692255090157634, 23.692255094369575, 39.560368436759966, 39.56036844082462, 39.56036845297756, 46.361683873283596, 46.36168389042891, 55.907966025470394, 59.22166283874556, 59.2216628421217, 59.221662852190725, 74.42223870409597, 74.42223870655702, 74.42223870738164, 84.18824955848201, 84.18824956798241, 85.1658140067332, 128.5104083672017, 128.51040837098796, 148.55378470063542, 182.0967012998491, 182.09670130438454, 183.28102048293877]]}, "dielectric": {"eps_electronic": [[6.001420390631597, 8.427274596682949e-16, -4.440892098500626e-16], [-6.713595441615038e-16, 6.001420390631599, 4.440892098500626e-16], [-6.609080853886841e-16, 2.003627173711692e-15, 6.001420390631599]], "eps_total": [[9.047766523073738, -2.3744736115653103e-12, -1.7417178810319456e-12], [-2.3757563563576543e-12, 9.047766524676687, 1.234568003383174e-13], [-1.7419448525040552e-12, 1.223416504465078e-13, 9.047766525214502]], "becs": [[[1.3545762955955567, -9.868649181306335e-17, 9.868649181306335e-17], [-2.9605947543919004e-16, 1.354576295595557, 2.4671622953265837e-16], [-1.9716682803560023e-16, 1.482358933101215e-16, 1.354576295595557]], [[1.3545762955955567, -9.868649181306335e-17, 9.868649181306335e-17], [-2.9605947543919004e-16, 1.354576295595557, 2.4671622953265837e-16], [-1.9716682803560023e-16, 1.482358933101215e-16, 1.354576295595557]], [[0.2676549796193931, -9.868649181306335e-17, 9.868649181306335e-17], [-2.9605947543919004e-16, 0.2676549796193932, 2.4671622953265837e-16], [-1.9749114676250937e-16, 1.4791157458321235e-16, 0.2676549796193932]], [[-1.6076291987524627, -9.868649181306335e-17, 9.868649181306335e-17], [2.590520388586217e-15, 0.05961270668566, -2.4178190295677173e-15], [2.689178306822338e-15, -2.516534094957723e-15, 0.05961270668566]], [[0.05961270668566035, -1.6529987262882825e-15, 1.6529987262882825e-15], [-1.8503717099144092e-15, 0.059612706685660447, 1.8010284640078775e-15], [-1.9746291049553543e-16, 1.479398108501863e-16, -1.6076291987524625]], [[0.05961270668566035, 1.8997149525122184e-15, -1.8997149525122184e-15], [-2.9605947543919004e-16, -1.6076291987524625, 2.4671622953265837e-16], [-2.1958030015283507e-15, 2.1464026084679346e-15, 0.059612706685660447]], [[-1.6076291987524627, -9.868649181306335e-17, 9.868649181306335e-17], [2.590520388586217e-15, 0.05961270668566, -2.4178190295677173e-15], [2.689178306822338e-15, -2.516534094957723e-15, 0.05961270668566]], [[0.05961270668566035, 1.8997149525122184e-15, -1.8997149525122184e-15], [-2.9605947543919004e-16, -1.6076291987524625, 2.4671622953265837e-16], [-2.1958030015283507e-15, 2.1464026084679346e-15, 0.059612706685660447]], [[0.05961270668566035, -1.6529987262882825e-15, 1.6529987262882825e-15], [-1.8503717099144092e-15, 0.059612706685660447, 1.8010284640078775e-15], [-1.9746291049553543e-16, 1.479398108501863e-16, -1.6076291987524625]]]}, "metadata": {"formula": "Cs2PtI6", "nsites": 9, "structure": "# generated using pymatgen\ndata_Cs2PtI6\n_symmetry_space_group_name_H-M   'P 1'\n_cell_length_a   7.97288823\n_cell_length_b   7.97288823\n_cell_length_c   7.97288823\n_cell_angle_alpha   60.00000000\n_cell_angle_beta   60.00000000\n_cell_angle_gamma   60.00000000\n_symmetry_Int_Tables_number   1\n_chemical_formula_structural   Cs2PtI6\n_chemical_formula_sum   'Cs2 Pt1 I6'\n_cell_volume   358.370315995\n_cell_formula_units_Z   1\nloop_\n _symmetry_equiv_pos_site_id\n _symmetry_equiv_pos_as_xyz\n  1  'x, y, z'\nloop_\n _atom_site_type_symbol\n _atom_site_label\n _atom_site_symmetry_multiplicity\n _atom_site_fract_x\n _atom_site_fract_y\n _atom_site_fract_z\n _atom_site_occupancy\n  Cs  Cs1  1  0.750000  0.750000  0.750000  1\n  Cs  Cs2  1  0.250000  0.250000  0.250000  1\n  Pt  Pt3  1  0.000000  0.000000  0.000000  1\n  I  I4  1  0.762398  0.237602  0.237602  1\n  I  I5  1  0.237602  0.237602  0.762398  1\n  I  I6  1  0.237602  0.762398  0.237602  1\n  I  I7  1  0.237602  0.762398  0.762398  1\n  I  I8  1  0.762398  0.237602  0.762398  1\n  I  I9  1  0.762398  0.762398  0.237602  1\n"}}