{"phonon": {"ph_bandstructure": [[-0.005098599388126198, -0.004993860658539985, 0.0, 38.94009739194082, 39.12594082822899, 56.683098657199565, 58.46630721445962, 59.54989389678627, 65.7180107691902, 87.38294675004077, 111.23805209183578, 128.8024041928415, 160.228656784709, 162.46509490589324, 162.9985690803817, 165.0423341279715, 165.13858481347694, 174.82123021014874, 307.9391090500597, 308.3049698497745, 313.6592340846946, 319.8835811403183, 328.4202614231965, 329.26083290372804]]}, "dielectric": {"eps_electronic": [[7.241576539963147, -1.591696612306724e-15, -3.1964719998481373e-15], [-9.719095020585437e-16, 7.2415765399631455, -1.7973663853280905e-15], [-1.1251585520947862e-15, 1.5393767070055895e-15, 7.752822242993805]], "eps_total": [[9.576546419651438, 4.3991050954892183e-16, -4.664160241667822e-15], [4.510571312222114e-16, 9.576546419784945, -5.1907891517857904e-15], [-1.362321392159406e-15, -4.741429724592807e-16, 11.107025919835875]], "becs": [[[1.01288320731598, 0.23830140770373054, -8.350921108067467e-17], [-0.23830140770373037, 1.0128832073159797, 5.179922004551628e-17], [4.718447854656915e-16, 2.7755575615628914e-17, 0.8090184316768418]], [[1.01288320731598, -0.23830140770373032, 1.3183898417423734e-16], [0.2383014077037302, 1.0128832073159793, -2.0469737016526324e-16], [6.938893903907228e-16, 2.498001805406602e-16, 0.8090184316768418]], [[2.4976972425510806, -0.6482951266526562, 4.782987109020229e-16], [0.6482951266526578, 2.49769724255108, -3.023268532875403e-16], [6.938893903907228e-16, -6.38378239159465e-16, 2.9172155103091817]], [[2.4976972425510806, 0.648295126652658, -2.0122792321330962e-16], [-0.6482951266526564, 2.49769724255108, 3.5041414214731503e-16], [-1.0824674490095276e-15, 1.1379786002407855e-15, 2.9172155103091817]], [[-1.5879031401333152, 1.8041124150158794e-16, 6.591949208711867e-16], [-2.7131075164277263e-15, -1.9226773097337413, -0.3470414961517937], [6.938893903907228e-16, -0.27775250170969357, -1.8631169709930107]], [[-1.9226773097337462, -3.372302437298913e-15, -0.3470414961517945], [-4.85722573273506e-17, -1.5879031401333157, 1.3773704399255848e-15], [-0.2777525017096931, 3.802513859341161e-15, -1.8631169709930107]], [[-1.9226773097337426, 1.8041124150158794e-16, 0.3470414961517937], [8.396061623727746e-16, -1.5879031401333175, -6.765421556309548e-16], [0.2777525017096927, -1.5265566588595902e-15, -1.8631169709930124]], [[-1.587903140133317, 1.0685896612017132e-15, -1.457167719820518e-16], [8.396061623727746e-16, -1.9226773097337448, 0.34704149615179314], [-1.0824674490095276e-15, 0.27775250170969046, -1.8631169709930142]]]}, "metadata": {"formula": "LiInTe2", "nsites": 8, "structure": "# generated using pymatgen\ndata_LiInTe2\n_symmetry_space_group_name_H-M   'P 1'\n_cell_length_a   7.76496002\n_cell_length_b   7.76496002\n_cell_length_c   7.76496002\n_cell_angle_alpha   131.18399526\n_cell_angle_beta   131.18399526\n_cell_angle_gamma   71.52091179\n_symmetry_Int_Tables_number   1\n_chemical_formula_structural   LiInTe2\n_chemical_formula_sum   'Li2 In2 Te4'\n_cell_volume   259.499068331\n_cell_formula_units_Z   2\nloop_\n _symmetry_equiv_pos_site_id\n _symmetry_equiv_pos_as_xyz\n  1  'x, y, z'\nloop_\n _atom_site_type_symbol\n _atom_site_label\n _atom_site_symmetry_multiplicity\n _atom_site_fract_x\n _atom_site_fract_y\n _atom_site_fract_z\n _atom_site_occupancy\n  Li  Li1  1  0.500000  0.500000  0.000000  1\n  Li  Li2  1  0.250000  0.750000  0.500000  1\n  In  In3  1  0.000000  0.000000  0.000000  1\n  In  In4  1  0.750000  0.250000  0.500000  1\n  Te  Te5  1  0.375000  0.384296  0.509296  1\n  Te  Te6  1  0.134296  0.625000  0.009296  1\n  Te  Te7  1  0.615704  0.125000  0.990704  1\n  Te  Te8  1  0.875000  0.865704  0.490704  1\n"}}