{"phonon": {"ph_bandstructure": [[-0.006627662418962501, -0.0044663488525908445, -0.003994041391471961, 81.00784067380532, 103.07428903991321, 116.00150794414661, 141.7848773095847, 143.55859995072126, 146.92487261069712, 155.00089387243193, 188.17046096407884, 200.51163489798782, 206.33554013145732, 216.50908410520697, 224.87026527154495, 259.55403520712326, 266.0311107848855, 278.69637613225086, 287.2023117451703, 298.32744574735085, 310.71633835627347, 317.0115644025904, 324.3436872390967, 343.4882547539998, 353.13928432484204, 376.7286480990463, 377.5075129682426, 399.96088920412234, 421.0201437822846, 433.4454231508058, 443.7709025936908, 465.0463700355055, 479.37327642637996, 498.39609221159935, 609.61069353489, 613.4966957853384]]}, "dielectric": {"eps_electronic": [[5.64751461997738, 0.0, 0.0], [0.0, 5.142037295166501, -0.171979733704968], [0.0, -0.17197973370496827, 5.95648086861364]], "eps_total": [[29.279662350446195, 0.0, 0.0], [0.0, 27.5050602551519, 5.303144429516791], [0.0, 5.303144429516788, 35.30934389285233]], "becs": [[[1.266235839184133, 1.8503717628539684e-17, 2.6323725184317286e-17], [-3.700743194835692e-17, 1.085079635538829, -0.022857309992216746], [0.0, -0.04281623790611029, 1.0997558463497636]], [[1.2662358391841328, 1.8503717628539684e-17, -2.7755576442809526e-17], [7.401487051415874e-17, 1.085079635538829, -0.02285730999221669], [0.0, -0.04281623790611029, 1.0997558463497636]], [[0.9754632908709922, -2.0354088729649162e-16, 2.77555747884483e-17], [1.850371928290091e-17, 1.4290920692162203, 0.036350133259350936], [0.0, 0.12756953345693758, 1.100196982339697]], [[0.9754632908709919, 1.8503717628539684e-17, -2.7755576442809526e-17], [1.9500817664151986e-17, 1.4290920692162201, 0.03635013325935105], [6.14536757425209e-18, 0.12756953345693756, 1.100196982339697]], [[4.55411899410236, 1.8503717628539684e-17, 1.9428902848222178e-16], [-5.881305507359309e-16, 3.380885601547468, -0.09326865969727821], [2.458147029700836e-17, -0.2919452267237982, 4.852307592134244]], [[4.55411899410236, 1.8503717628539684e-17, -2.7755576442809526e-17], [7.600906727666089e-17, 3.380885601547467, -0.09326865969727777], [1.229073514850418e-17, -0.2919452267237982, 4.852307592134244]], [[-2.6098679115925663, -0.5828714590059225, 0.957269331395326], [-0.9160620295725284, -2.0131863560791166, 0.7420380748216786], [0.9078995572307966, 0.5449656245117751, -2.44504386611274]], [[-2.6098679115925663, 0.5828714590059225, -0.957269331395326], [0.9160620295725284, -2.0131863560791166, 0.7420380748216786], [-0.9078995572307966, 0.5449656245117751, -2.44504386611274]], [[-2.0929751063188933, -0.1528431513564361, -0.5870512152501032], [-0.02986856323023068, -1.940935475090575, -0.33113111918862675], [-0.4390738977000658, -0.16888684666529938, -2.3036082773954316]], [[-2.0929751063188933, 0.1528431513564361, 0.5870512152501032], [0.029868563230230825, -1.940935475090575, -0.3311311191886263], [0.4390738977000658, -0.16888684666529946, -2.3036082773954307]], [[-2.0929751063188933, -0.1528431513564361, -0.5870512152501032], [-0.02986856323023068, -1.940935475090575, -0.3311311191886263], [-0.4390738977000658, -0.16888684666529938, -2.3036082773954307]], [[-2.0929751063188933, 0.1528431513564361, 0.5870512152501032], [0.029868563230230825, -1.940935475090575, -0.3311311191886263], [0.4390738977000658, -0.1688868466652994, -2.3036082773954307]]]}, "metadata": {"formula": "Li2PbO3", "nsites": 12, "structure": "# generated using pymatgen\ndata_Li2PbO3\n_symmetry_space_group_name_H-M   'P 1'\n_cell_length_a   5.37856479\n_cell_length_b   5.37856479\n_cell_length_c   5.47338806\n_cell_angle_alpha   79.91245984\n_cell_angle_beta   79.91245984\n_cell_angle_gamma   119.78410526\n_symmetry_Int_Tables_number   1\n_chemical_formula_structural   Li2PbO3\n_chemical_formula_sum   'Li4 Pb2 O6'\n_cell_volume   128.773978704\n_cell_formula_units_Z   2\nloop_\n _symmetry_equiv_pos_site_id\n _symmetry_equiv_pos_as_xyz\n  1  'x, y, z'\nloop_\n _atom_site_type_symbol\n _atom_site_label\n _atom_site_symmetry_multiplicity\n _atom_site_fract_x\n _atom_site_fract_y\n _atom_site_fract_z\n _atom_site_occupancy\n  Li  Li1  1  0.743698  0.256302  0.250000  1\n  Li  Li2  1  0.256302  0.743698  0.750000  1\n  Li  Li3  1  0.418058  0.581942  0.250000  1\n  Li  Li4  1  0.581942  0.418058  0.750000  1\n  Pb  Pb5  1  0.911137  0.088863  0.750000  1\n  Pb  Pb6  1  0.088863  0.911137  0.250000  1\n  O  O7  1  0.500000  -0.000000  0.000000  1\n  O  O8  1  0.000000  0.500000  0.500000  1\n  O  O9  1  0.835413  0.675199  0.008933  1\n  O  O10  1  0.324801  0.164587  0.491067  1\n  O  O11  1  0.164587  0.324801  0.991067  1\n  O  O12  1  0.675199  0.835413  0.508933  1\n"}}