{"phonon": {"ph_bandstructure": [[-0.0034565600510462293, -0.0032780392198915272, 0.0, 115.36823700595913, 115.8498655618595, 156.35439061739626, 196.6517012941012, 200.37464791906484, 221.57385289206854, 232.89271209381758, 239.7343117960902, 246.39463775799834, 301.28001254942376, 318.70508134231255, 334.98728114979036, 425.7115076779181, 498.59170434375187, 508.37484587360336, 514.8284101325127, 561.4959331264745, 572.4033933239447, 804.6876465502713, 822.760293987348, 828.2438823547554, 898.3898921695901, 906.1814639779034, 919.749700839413]]}, "dielectric": {"eps_electronic": [[3.1685131109326075, 0.0, 0.0], [0.0, 3.1685131109265816, 0.0], [0.0, 0.0, 3.2926022774792165]], "eps_total": [[6.368015072975916, -2.6645352591003757e-15, 0.0], [-5.551115123125783e-15, 6.368015072993584, 0.0], [0.0, 0.0, 6.536477357549933]], "becs": [[[3.5565010970295274, 0.2862025252002316, 0.6649989093820878], [0.2862025251994363, 3.2260228870957786, 0.3839372993420225], [-0.4966829962590145, -0.2867600615924504, 3.6281040463179446]], [[3.0607837821289037, -1.727013573641384e-16, 0.0], [-8.388351671761487e-16, 3.721740201996403, -0.7678745986840452], [1.8503717214949378e-17, 0.5735201231849006, 3.6281040463179473]], [[3.5565010970295274, -0.2862025252002316, -0.6649989093820878], [-0.28620252519943795, 3.2260228870957786, 0.3839372993420226], [0.4966829962590146, -0.2867600615924504, 3.6281040463179473]], [[-1.2945683943640485, -0.5568365383592841, -0.3496428117347196], [-0.4640893991587384, -2.096693597699791, -0.7643789689736646], [-0.21266630911229156, -0.8247469026854324, -1.8140520231596269]], [[-2.3382361955023248, -0.13847248677253904, 0.8367930111180304], [-0.04572534757315289, -1.0530257965615142, 0.0793899272743658], [0.8205849239732703, 0.22819902512214185, -1.8140520231596269]], [[-1.4540883982293864, 0.5561883163329369, -0.48715019938331067], [0.6489354555303914, -1.9371735938344552, 0.6849890416992988], [-0.6079186148609788, 0.5965478775632906, -1.8140520231596269]], [[-2.3382361955023248, 0.1384724867725396, -0.8367930111180304], [0.045725347573154766, -1.0530257965615142, 0.07938992727436597], [-0.8205849239732703, 0.22819902512214182, -1.8140520231596269]], [[-1.2945683943640485, 0.5568365383592837, 0.3496428117347196], [0.46408939915873765, -2.0966935976997902, -0.7643789689736646], [0.21266630911229145, -0.8247469026854324, -1.8140520231596269]], [[-1.4540883982293855, -0.5561883163329369, 0.48715019938331067], [-0.6489354555303901, -1.937173593834453, 0.6849890416992988], [0.6079186148609788, 0.5965478775632906, -1.8140520231596269]]]}, "metadata": {"formula": "GeO2", "nsites": 9, "structure": "# generated using pymatgen\ndata_GeO2\n_symmetry_space_group_name_H-M   'P 1'\n_cell_length_a   4.98544957\n_cell_length_b   4.98544957\n_cell_length_c   5.68857848\n_cell_angle_alpha   90.00000000\n_cell_angle_beta   90.00000000\n_cell_angle_gamma   120.00000000\n_symmetry_Int_Tables_number   1\n_chemical_formula_structural   GeO2\n_chemical_formula_sum   'Ge3 O6'\n_cell_volume   122.445559789\n_cell_formula_units_Z   3\nloop_\n _symmetry_equiv_pos_site_id\n _symmetry_equiv_pos_as_xyz\n  1  'x, y, z'\nloop_\n _atom_site_type_symbol\n _atom_site_label\n _atom_site_symmetry_multiplicity\n _atom_site_fract_x\n _atom_site_fract_y\n _atom_site_fract_z\n _atom_site_occupancy\n  Ge  Ge1  1  0.548940  0.000000  0.666667  1\n  Ge  Ge2  1  0.451060  0.451060  0.000000  1\n  Ge  Ge3  1  0.000000  0.548940  0.333333  1\n  O  O4  1  0.394480  0.089656  0.912174  1\n  O  O5  1  0.910344  0.304824  0.578840  1\n  O  O6  1  0.695176  0.605520  0.245507  1\n  O  O7  1  0.304824  0.910344  0.421160  1\n  O  O8  1  0.089656  0.394480  0.087826  1\n  O  O9  1  0.605520  0.695176  0.754493  1\n"}}