{"phonon": {"ph_bandstructure": [[0.0, 0.0, 0.0, 289.04277392701965, 313.1009616430575, 357.52369334077525, 539.3171188236913, 547.887708101697, 547.8877081081338, 592.9353271458042, 658.3472282838694, 840.4486380711638, 848.9419754757666, 900.0297065840712, 992.9273165442619, 1036.5733088448196, 1042.0531514446754, 1042.0531514543982, 1541.0939305057225, 1541.0939305203817, 1695.9981798722201, 1732.1162910916348, 1868.142835470241, 1936.8485646597735]]}, "dielectric": {"eps_electronic": [[5.136595097871766, 0.0, 0.057151541885635176], [0.0, 4.957653032954235, 0.0], [0.05715154188563499, 0.0, 4.975906419937977]], "eps_total": [[13.868025544560316, -5.329070518200751e-15, 0.7948803184299694], [-3.0978384530077674e-15, 11.379247100965397, -1.5907162732606286e-15], [0.7948803184299686, -1.7763568394002505e-15, 11.633120531425968]], "becs": [[[2.7594517724747005, 0.15063610871238298, 0.05812062769776758], [-0.15063610870920294, 2.577475490005715, 0.47164320404374], [0.05812062769795055, -0.4716432040551809, 2.5960383890723495]], [[2.7594517724747005, -0.15063610871238298, 0.05812062769776758], [0.15063610870920294, 2.577475490005715, -0.47164320404374], [0.05812062769795055, 0.4716432040551809, 2.5960383890723495]], [[-0.803539994404339, -0.24245155739193142, -0.19878350844937354], [-0.2472510857922312, -0.968120265611325, -0.2770878652510439], [-0.20169241763980578, -0.2755549643775066, -0.8726616238352576]], [[-0.803539994404339, 0.24245155739193142, -0.19878350844937354], [0.2472510857922312, -0.968120265611325, 0.2770878652510439], [-0.20169241763980578, 0.2755549643775066, -0.8726616238352576]], [[-1.1523717836660228, 0.0, 0.33944638920097947], [0.0, -0.6412349587830648, 0.0], [0.345264207581661, 0.0, -0.8507151414018344]], [[-0.803539994404339, 0.24245155739193142, -0.19878350844937354], [0.2472510857922312, -0.968120265611325, 0.2770878652510439], [-0.20169241763980578, 0.2755549643775066, -0.8726616238352576]], [[-0.803539994404339, -0.24245155739193142, -0.19878350844937354], [-0.2472510857922312, -0.968120265611325, -0.2770878652510439], [-0.20169241763980578, -0.2755549643775066, -0.8726616238352576]], [[-1.1523717836660228, 0.0, 0.33944638920097947], [0.0, -0.6412349587830648, 0.0], [0.345264207581661, 0.0, -0.8507151414018344]]]}, "metadata": {"formula": "AlH3", "nsites": 8, "structure": "# generated using pymatgen\ndata_AlH3\n_symmetry_space_group_name_H-M   'P 1'\n_cell_length_a   4.65675899\n_cell_length_b   4.65675899\n_cell_length_c   4.65675899\n_cell_angle_alpha   55.57555487\n_cell_angle_beta   55.57555487\n_cell_angle_gamma   55.57555487\n_symmetry_Int_Tables_number   1\n_chemical_formula_structural   AlH3\n_chemical_formula_sum   'Al2 H6'\n_cell_volume   64.0732552524\n_cell_formula_units_Z   2\nloop_\n _symmetry_equiv_pos_site_id\n _symmetry_equiv_pos_as_xyz\n  1  'x, y, z'\nloop_\n _atom_site_type_symbol\n _atom_site_label\n _atom_site_symmetry_multiplicity\n _atom_site_fract_x\n _atom_site_fract_y\n _atom_site_fract_z\n _atom_site_occupancy\n  Al  Al1  1  0.500000  0.500000  0.500000  1\n  Al  Al2  1  0.000000  0.000000  0.000000  1\n  H  H3  1  0.250000  0.597038  0.902962  1\n  H  H4  1  0.902962  0.250000  0.597038  1\n  H  H5  1  0.402962  0.097038  0.750000  1\n  H  H6  1  0.097038  0.750000  0.402962  1\n  H  H7  1  0.750000  0.402962  0.097038  1\n  H  H8  1  0.597038  0.902962  0.250000  1\n"}}