{"phonon": {"ph_bandstructure": [[0.0, 0.0, 0.0, 43.6337860466798, 43.6337860535014, 52.33036165276835, 54.46674147305347, 54.82641336927051, 58.98790068213687, 66.4614266302394, 66.4614266376336, 71.83091240419503, 82.94188865976518, 91.99196290821094, 99.2196257764221, 100.72791125161227, 107.11082718108503, 123.0545366473847, 133.5002643598184, 133.50026436187892, 143.14193106746015, 158.06635081195023, 170.2769241196825, 182.57769247140317]]}, "dielectric": {"eps_electronic": [[6.648501166186922, 2.2210455916692656e-15, -3.7455859302695457e-16], [2.2210455916692656e-15, 6.648501166186922, -3.7455859302695457e-16], [-8.375914969237366e-16, -8.375914969237366e-16, 9.420634774504466]], "eps_total": [[9.372904250738852, 8.743533588310022e-15, 1.1484468849665954e-16], [8.155259768954415e-15, 9.37290425103428, -1.1606810161382403e-15], [-2.2885449310169926e-15, 1.2641687477835083e-15, 14.228805282426649]], "becs": [[[1.3774033381226656, 7.216449660063518e-16, -6.659280981385563e-16], [7.216449660063518e-16, 1.3774033381226651, 6.663395314116316e-16], [-5.551115123125783e-16, -4.440892098500626e-16, 1.0315498006446124]], [[1.3774033381226656, 7.216449660063518e-16, -6.659280981385563e-16], [7.216449660063518e-16, 1.3774033381226651, 6.663395314116316e-16], [-5.551115123125783e-16, -4.440892098500626e-16, 1.0315498006446124]], [[2.104415852802158, 9.43689570931383e-16, -6.642823650462552e-16], [9.43689570931383e-16, 2.1044158528021577, 6.679852645039325e-16], [-5.551115123125783e-16, -4.440892098500626e-16, 3.9318852137710807]], [[2.104415852802158, 9.43689570931383e-16, -6.642823650462552e-16], [9.43689570931383e-16, 2.1044158528021577, 6.679852645039325e-16], [-5.551115123125783e-16, -4.440892098500626e-16, 3.9318852137710807]], [[-1.740909595462413, 0.26917805696273606, -6.67162397957782e-16], [0.26917805696273694, -1.7409095954624116, 6.651052315924058e-16], [-9.992007221626409e-16, 4.440892098500626e-16, -2.4817175072078492]], [[-1.7409095954624112, -0.2691780569627377, 1.997372861142594e-15], [-0.2691780569627386, -1.7409095954624116, -1.99943002750797e-15], [2.1094237467877974e-15, 4.440892098500626e-16, -2.481717507207844]], [[-1.7409095954624112, -0.2691780569627377, 1.997372861142594e-15], [-0.2691780569627386, -1.7409095954624116, -1.99943002750797e-15], [2.1094237467877974e-15, 4.440892098500626e-16, -2.481717507207844]], [[-1.740909595462413, 0.26917805696273606, -6.67162397957782e-16], [0.26917805696273694, -1.7409095954624116, 6.651052315924058e-16], [-9.992007221626409e-16, 4.440892098500626e-16, -2.4817175072078492]]]}, "metadata": {"formula": "RbInTe2", "nsites": 8, "structure": "# generated using pymatgen\ndata_RbInTe2\n_symmetry_space_group_name_H-M   'P 1'\n_cell_length_a   7.20692019\n_cell_length_b   7.20692019\n_cell_length_c   7.20692019\n_cell_angle_alpha   105.08453428\n_cell_angle_beta   105.08453428\n_cell_angle_gamma   118.65354901\n_symmetry_Int_Tables_number   1\n_chemical_formula_structural   RbInTe2\n_chemical_formula_sum   'Rb2 In2 Te4'\n_cell_volume   282.525704422\n_cell_formula_units_Z   2\nloop_\n _symmetry_equiv_pos_site_id\n _symmetry_equiv_pos_as_xyz\n  1  'x, y, z'\nloop_\n _atom_site_type_symbol\n _atom_site_label\n _atom_site_symmetry_multiplicity\n _atom_site_fract_x\n _atom_site_fract_y\n _atom_site_fract_z\n _atom_site_occupancy\n  Rb  Rb1  1  0.750000  0.750000  0.000000  1\n  Rb  Rb2  1  0.250000  0.250000  0.000000  1\n  In  In3  1  0.750000  0.250000  0.500000  1\n  In  In4  1  0.250000  0.750000  0.500000  1\n  Te  Te5  1  0.326697  0.173303  0.500000  1\n  Te  Te6  1  0.173303  0.673303  0.846607  1\n  Te  Te7  1  0.826697  0.326697  0.153393  1\n  Te  Te8  1  0.673303  0.826697  0.500000  1\n"}}