{"phonon": {"ph_bandstructure": [[0.0, 0.0, 0.0, 65.23981450186194, 65.23981450898265, 68.80534145134416, 102.1570751858007, 134.06935065217255, 149.08026613767137, 152.44589105303493, 156.6221563301615, 176.21880030366538, 176.21880030637712, 184.47714539673262, 187.98604144537347, 244.6457177249473, 316.0188044302516, 471.7986129968417, 489.38485842964326, 562.5270937040445, 621.7675251585752]]}, "dielectric": {"eps_electronic": [[5.1442017499334876, 1.779918516773736e-15, -2.496625412479107e-15], [8.917400970736104e-16, 5.144201749933488, -2.496625412479107e-15], [1.2789367601566386e-15, -1.8296877087937997e-15, 5.243818084902123]], "eps_total": [[44.87316719278464, -2.934416267261046e-13, -1.033021060635029e-14], [-2.92065379356241e-13, 44.87316719861788, -8.125806649683257e-15], [-1.1124592642941234e-14, -7.571878964140733e-15, 15.193790500503798]], "becs": [[[2.4852631582087623, -9.83340397493496e-16, 6.33571862648179e-17], [-1.0467817060962426e-15, 2.485263158208762, -4.7665111234614074e-17], [2.4107700246893895e-15, 1.9032395161627477e-15, 3.081113161074888]], [[2.4852631582087623, -1.2053850024185274e-15, 6.33571862648179e-17], [-1.0467817060962426e-15, 2.485263158208762, -4.7665111234614074e-17], [2.4107700246893895e-15, 2.791417935862873e-15, 3.081113161074888]], [[4.904892092379873, 7.930164419067544e-16, -4.7801014142683006e-17], [9.516197382290391e-16, 4.904892092379873, 6.322129328291633e-17], [-2.537652344109862e-16, 1.268826767624972e-16, 3.39264319827367]], [[-2.095267521234835, -5.392511876434335e-16, 8.145964989067774e-17], [-3.806478913211487e-16, -3.70469172809763, -2.9562647608754236e-17], [1.5225916049892643e-15, 1.0150610964626224e-15, -1.6263296616454412]], [[-3.704691728097631, 3.4892723205669176e-16, -6.567698119356742e-17], [-3.806478913211487e-16, -2.095267521234835, -6.567697623048375e-17], [1.5225916049892643e-15, 1.0150610964626224e-15, -1.6263296616454421]], [[-2.0377295797458186, 7.930164419067544e-16, -4.734802099273218e-17], [9.516197382290391e-16, -2.0377295797458186, 6.367428643286715e-17], [-3.806478913211487e-15, -3.4258310020380037e-15, -3.151105098570249]], [[-2.0377295797458186, 7.930164419067544e-16, -4.734802099273218e-17], [9.516197382290391e-16, -2.0377295797458186, 6.367428643286715e-17], [-3.806478913211487e-15, -3.4258310020380037e-15, -3.151105098570249]]]}, "metadata": {"formula": "Ba2PbO4", "nsites": 7, "structure": "# generated using pymatgen\ndata_Ba2PbO4\n_symmetry_space_group_name_H-M   'P 1'\n_cell_length_a   7.26711776\n_cell_length_b   7.26711776\n_cell_length_c   7.26711776\n_cell_angle_alpha   145.36597164\n_cell_angle_beta   145.36597164\n_cell_angle_gamma   49.78947717\n_symmetry_Int_Tables_number   1\n_chemical_formula_structural   Ba2PbO4\n_chemical_formula_sum   'Ba2 Pb1 O4'\n_cell_volume   123.375715994\n_cell_formula_units_Z   1\nloop_\n _symmetry_equiv_pos_site_id\n _symmetry_equiv_pos_as_xyz\n  1  'x, y, z'\nloop_\n _atom_site_type_symbol\n _atom_site_label\n _atom_site_symmetry_multiplicity\n _atom_site_fract_x\n _atom_site_fract_y\n _atom_site_fract_z\n _atom_site_occupancy\n  Ba  Ba1  1  0.643957  0.643957  0.000000  1\n  Ba  Ba2  1  0.356043  0.356043  0.000000  1\n  Pb  Pb3  1  0.000000  0.000000  0.000000  1\n  O  O4  1  0.500000  1.000000  0.500000  1\n  O  O5  1  1.000000  0.500000  0.500000  1\n  O  O6  1  0.163994  0.163994  0.000000  1\n  O  O7  1  0.836006  0.836006  0.000000  1\n"}}