{"phonon": {"ph_bandstructure": [[0.0, 0.0, 0.0, 153.44956909991018, 153.4495691017857, 155.81298279623704, 206.7282326755856, 206.72823267707065, 211.35064110936761]]}, "dielectric": {"eps_electronic": [[20.261609587044457, -2.9485944245954122e-15, -3.552713678800501e-15], [-3.298917314066706e-15, 20.26160958704446, -5.329070518200751e-15], [-8.810000064307536e-15, -5.257286385507035e-15, 20.261609587044465]], "eps_total": [[21.835213104413437, -6.105931481754829e-11, -3.4303404561342177e-10], [-6.106334018735924e-11, 21.8352131043252, 6.267697472139844e-11], [-3.4303265249427584e-10, 6.268192055422318e-11, 21.83521310427537]], "becs": [[[1.4311853579292644, 0.0, 0.0], [0.0, 1.4311853579292644, 0.0], [6.516462653876775e-19, 6.516462653876775e-19, 1.4311853579292644]], [[0.6963675318510607, 0.0, 0.0], [0.0, 0.6963675318510607, 0.0], [1.3511391092800772e-19, 1.3511391092800772e-19, 0.6963675318510607]], [[-2.127552888473239, 0.0, 0.0], [0.0, -2.127552888473239, 0.0], [-7.867601256961413e-19, -7.867601256961413e-19, -2.127552888473239]]]}, "metadata": {"formula": "ScSnAu", "nsites": 3, "structure": "# generated using pymatgen\ndata_ScSnAu\n_symmetry_space_group_name_H-M   'P 1'\n_cell_length_a   4.54124196\n_cell_length_b   4.54124196\n_cell_length_c   4.54124196\n_cell_angle_alpha   60.00000000\n_cell_angle_beta   60.00000000\n_cell_angle_gamma   60.00000000\n_symmetry_Int_Tables_number   1\n_chemical_formula_structural   ScSnAu\n_chemical_formula_sum   'Sc1 Sn1 Au1'\n_cell_volume   66.2230116163\n_cell_formula_units_Z   1\nloop_\n _symmetry_equiv_pos_site_id\n _symmetry_equiv_pos_as_xyz\n  1  'x, y, z'\nloop_\n _atom_site_type_symbol\n _atom_site_label\n _atom_site_symmetry_multiplicity\n _atom_site_fract_x\n _atom_site_fract_y\n _atom_site_fract_z\n _atom_site_occupancy\n  Sc  Sc1  1  0.500000  0.500000  0.500000  1\n  Sn  Sn2  1  0.000000  0.000000  0.000000  1\n  Au  Au3  1  0.750000  0.750000  0.750000  1\n"}}