{"phonon": {"ph_bandstructure": [[0.0, 0.0, 0.0, 73.58821841693208, 73.58821842235514, 93.00502999666692, 93.51204776666856, 100.83096298231122, 106.54888997346227, 106.54888997723556, 111.00229074227339, 123.91917180588054, 199.13735580229417, 208.0763013842749, 235.11094922053644, 235.11094922234005, 262.97884552833114, 268.53030627251945]]}, "dielectric": {"eps_electronic": [[3.382924576419165, 0.0, 1.995714714509926e-24], [0.0, 3.382924576419165, 1.995714714509926e-24], [1.995714714509927e-24, 1.995714714509927e-24, 3.2978299643928772]], "eps_total": [[8.762428064275918, 3.225972413463049e-15, 1.995714714509926e-24], [3.225972413463049e-15, 8.762428064599426, 1.995714714509926e-24], [1.995714714509927e-24, 1.995714714509927e-24, 9.300615514867333]], "becs": [[[2.7206459362046553, 0.0, 0.0], [0.0, 2.7206459362046544, 0.0], [9.303595786092394e-24, -1.1629493900809233e-23, 2.73407204336381]], [[2.7206459362046553, 0.0, 0.0], [0.0, 2.7206459362046544, 0.0], [9.303595786092394e-24, -1.1629493900809233e-23, 2.7340720433638093]], [[-1.281432117373082, 0.0, 0.0], [0.0, -1.2814321173730825, 0.0], [-4.6517977266849454e-23, -1.1629493900809233e-23, -1.1270238155039345]], [[-1.281432117373082, 0.0, 0.0], [0.0, -1.2814321173730825, 0.0], [9.303595786092394e-24, -1.1629493900809233e-23, -1.1270238155039354]], [[-1.4392138188328434, 0.0, 0.0], [0.0, -1.439213818832842, 0.0], [9.303595786092394e-24, 2.3258989257279424e-23, -1.6070482278610094]], [[-1.4392138188328434, 0.0, 0.0], [0.0, -1.439213818832842, 0.0], [9.303595786092394e-24, 2.3258989257279424e-23, -1.6070482278610103]]]}, "metadata": {"formula": "BaBrF", "nsites": 6, "structure": "# generated using pymatgen\ndata_BaBrF\n_symmetry_space_group_name_H-M   'P 1'\n_cell_length_a   4.46820532\n_cell_length_b   4.46820532\n_cell_length_c   7.40073321\n_cell_angle_alpha   90.00000000\n_cell_angle_beta   90.00000000\n_cell_angle_gamma   90.00000000\n_symmetry_Int_Tables_number   1\n_chemical_formula_structural   BaBrF\n_chemical_formula_sum   'Ba2 Br2 F2'\n_cell_volume   147.754593528\n_cell_formula_units_Z   2\nloop_\n _symmetry_equiv_pos_site_id\n _symmetry_equiv_pos_as_xyz\n  1  'x, y, z'\nloop_\n _atom_site_type_symbol\n _atom_site_label\n _atom_site_symmetry_multiplicity\n _atom_site_fract_x\n _atom_site_fract_y\n _atom_site_fract_z\n _atom_site_occupancy\n  Ba  Ba1  1  0.000000  0.500000  0.807926  1\n  Ba  Ba2  1  0.500000  0.000000  0.192074  1\n  Br  Br3  1  0.500000  0.000000  0.648206  1\n  Br  Br4  1  0.000000  0.500000  0.351794  1\n  F  F5  1  0.500000  0.500000  0.000000  1\n  F  F6  1  0.000000  0.000000  0.000000  1\n"}}