{"phonon": {"ph_bandstructure": [[0.0, 0.0, 0.0, 65.5970789386731, 65.59707894474833, 70.12478944350562, 74.57640396503903, 82.98509635434439, 95.01768302639799, 100.95096315710542, 100.95096316108223, 111.30130791073529, 187.90208399882235, 199.41382227098666, 216.6442065233167, 216.64420652525473, 244.4614438995388, 247.4584634606562]]}, "dielectric": {"eps_electronic": [[3.941001491218978, 0.0, 0.0], [0.0, 3.941001491218978, 0.0], [0.0, 0.0, 3.753694860370115]], "eps_total": [[8.961004521436497, -2.0528758272291003e-15, 0.0], [-2.0528758272291003e-15, 8.961004521771429, 0.0], [0.0, 0.0, 11.13985259400267]], "becs": [[[2.766993460773201, 0.0, 0.0], [0.0, 2.7669934607732003, 0.0], [-8.413980883980908e-34, -9.115145957645983e-34, 2.860950586314149]], [[2.766993460773202, 0.0, 0.0], [0.0, 2.766993460773201, 0.0], [-8.413980883980908e-34, -9.115145957645983e-34, 2.8609505863141482]], [[-1.253280958140538, 0.0, 0.0], [0.0, -1.2532809581405362, 0.0], [4.206990291536756e-33, 4.557572815831486e-33, -1.0866785489940043]], [[-1.253280958140538, 0.0, 0.0], [0.0, -1.2532809581405362, 0.0], [-8.413980883980908e-34, -9.115145957645983e-34, -1.0866785489940043]], [[-1.5137125026327827, 0.0, 0.0], [0.0, -1.5137125026327836, 0.0], [-8.413980883980908e-34, -9.115145957645983e-34, -1.7742720373230638]], [[-1.5137125026327827, 0.0, 0.0], [0.0, -1.5137125026327836, 0.0], [-8.413980883980908e-34, -9.115145957645983e-34, -1.7742720373230638]]]}, "metadata": {"formula": "BaIF", "nsites": 6, "structure": "# generated using pymatgen\ndata_BaIF\n_symmetry_space_group_name_H-M   'P 1'\n_cell_length_a   4.60832712\n_cell_length_b   4.60832712\n_cell_length_c   7.90613468\n_cell_angle_alpha   90.00000000\n_cell_angle_beta   90.00000000\n_cell_angle_gamma   90.00000000\n_symmetry_Int_Tables_number   1\n_chemical_formula_structural   BaIF\n_chemical_formula_sum   'Ba2 I2 F2'\n_cell_volume   167.900043227\n_cell_formula_units_Z   2\nloop_\n _symmetry_equiv_pos_site_id\n _symmetry_equiv_pos_as_xyz\n  1  'x, y, z'\nloop_\n _atom_site_type_symbol\n _atom_site_label\n _atom_site_symmetry_multiplicity\n _atom_site_fract_x\n _atom_site_fract_y\n _atom_site_fract_z\n _atom_site_occupancy\n  Ba  Ba1  1  0.000000  0.500000  0.829270  1\n  Ba  Ba2  1  0.500000  0.000000  0.170730  1\n  I  I3  1  0.500000  0.000000  0.649175  1\n  I  I4  1  0.000000  0.500000  0.350825  1\n  F  F5  1  0.500000  0.500000  0.000000  1\n  F  F6  1  0.000000  0.000000  0.000000  1\n"}}