{"phonon": {"ph_bandstructure": [[0.0, 0.0, 0.0, 53.542367293898835, 53.6982563804705, 57.85093482714771, 59.79873749430756, 62.50243618961011, 62.828266637725974, 62.85612166535329, 72.87724664709563, 78.99408056116566, 89.46145132696797, 89.5999875218843, 120.91546830836961, 122.59642589207138, 153.67592633453845, 155.75013169054034, 158.50624901451786, 160.5695998952865, 191.5191022295745, 198.11111143827227, 201.74472051291087, 207.72275118831317, 216.82250568410765, 219.71233217303157, 230.86897512636884, 234.72327476028855, 329.3978171833053, 336.5387859960161, 459.1518670082031, 467.8923752248383, 476.7324225185152, 477.52199062924916, 500.3293133633274, 501.5100909917519]]}, "dielectric": {"eps_electronic": [[3.1243506192685704, 0.0, 0.0], [0.0, 3.1243506192685704, 0.0], [0.0, 0.0, 3.2921764834156537]], "eps_total": [[4.265438211683086, -1.5898984179299773e-15, 0.0], [-1.5898984179299773e-15, 4.265438211763141, 0.0], [0.0, 0.0, 5.408804615870093]], "becs": [[[1.824965877754524, 2.8912058794593256e-18, -2.3129647035674605e-18], [-4.625929407134921e-18, 2.913094382769158, 1.3877788221404763e-17], [1.0408341166053572e-17, 9.251858814269842e-18, 2.8198282751193284]], [[2.913094382769158, 2.8912058794593256e-18, -2.3129647035674605e-18], [-4.625929407134921e-18, 1.8249658777545241, 1.3877788221404763e-17], [1.0408341166053572e-17, 9.251858814269842e-18, 2.8198282751193284]], [[0.826433396871272, 0.050191970946672146, -2.3129635486807267e-18], [-0.05019197094667213, 0.8264333968712723, 1.3877789376291498e-17], [1.0408341166053572e-17, 9.251858814269842e-18, 0.9246789491319489]], [[0.826433396871272, -0.05019197094667213, -2.3129635486807267e-18], [0.05019197094667213, 0.8264333968712723, 1.3877789376291498e-17], [1.0408341166053572e-17, 9.251858814269842e-18, 0.9246789491319489]], [[-0.9805662471887664, 0.23049573658883032, -0.4547594687269295], [0.12082852067972571, -0.6171655163810688, 0.11060346609031504], [-0.471300794964474, 0.22780570740401163, -0.9361268060646031]], [[-0.9805662471887664, 0.23049573658883032, 0.4547594687269295], [0.12082852067972574, -0.6171655163810683, -0.11060346609031502], [0.47130079496447397, -0.22780570740401163, -0.9361268060646031]], [[-0.617165516381069, 0.12082852067972571, 0.11060346609031502], [0.23049573658883032, -0.9805662471887675, -0.4547594687269296], [0.22780570740401165, -0.471300794964474, -0.9361268060646031]], [[-0.9805662471887664, -0.23049573658883032, 0.4547594687269295], [-0.12082852067972569, -0.6171655163810688, 0.11060346609031504], [0.47130079496447397, 0.22780570740401163, -0.9361268060646031]], [[-0.9805662471887664, -0.23049573658883032, -0.4547594687269295], [-0.12082852067972571, -0.6171655163810683, -0.11060346609031502], [-0.471300794964474, -0.22780570740401163, -0.9361268060646031]], [[-0.617165516381069, -0.12082852067972574, -0.11060346609031502], [-0.23049573658883032, -0.9805662471887675, -0.4547594687269296], [-0.22780570740401163, -0.47130079496447397, -0.9361268060646031]], [[-0.617165516381069, -0.12082852067972574, 0.11060346609031502], [-0.23049573658883032, -0.9805662471887662, 0.4547594687269295], [0.22780570740401163, 0.471300794964474, -0.9361268060646031]], [[-0.6171655163810685, 0.12082852067972571, -0.11060346609031502], [0.23049573658883032, -0.9805662471887662, 0.4547594687269295], [-0.22780570740401163, 0.47130079496447397, -0.9361268060646013]]]}, "metadata": {"formula": "AlCuCl4", "nsites": 12, "structure": "# generated using pymatgen\ndata_AlCuCl4\n_symmetry_space_group_name_H-M   'P 1'\n_cell_length_a   5.41224418\n_cell_length_b   5.41224418\n_cell_length_c   9.87139319\n_cell_angle_alpha   90.00000000\n_cell_angle_beta   90.00000000\n_cell_angle_gamma   90.00000000\n_symmetry_Int_Tables_number   1\n_chemical_formula_structural   AlCuCl4\n_chemical_formula_sum   'Al2 Cu2 Cl8'\n_cell_volume   289.156669945\n_cell_formula_units_Z   2\nloop_\n _symmetry_equiv_pos_site_id\n _symmetry_equiv_pos_as_xyz\n  1  'x, y, z'\nloop_\n _atom_site_type_symbol\n _atom_site_label\n _atom_site_symmetry_multiplicity\n _atom_site_fract_x\n _atom_site_fract_y\n _atom_site_fract_z\n _atom_site_occupancy\n  Al  Al1  1  0.000000  0.500000  0.250000  1\n  Al  Al2  1  0.500000  0.000000  0.750000  1\n  Cu  Cu3  1  0.000000  0.000000  0.000000  1\n  Cu  Cu4  1  0.000000  0.000000  0.500000  1\n  Cl  Cl5  1  0.731191  0.766334  0.874006  1\n  Cl  Cl6  1  0.268809  0.233666  0.874006  1\n  Cl  Cl7  1  0.766334  0.731191  0.374006  1\n  Cl  Cl8  1  0.731191  0.233666  0.625994  1\n  Cl  Cl9  1  0.268809  0.766334  0.625994  1\n  Cl  Cl10  1  0.766334  0.268809  0.125994  1\n  Cl  Cl11  1  0.233666  0.731191  0.125994  1\n  Cl  Cl12  1  0.233666  0.268809  0.374006  1\n"}}