{"phonon": {"ph_bandstructure": [[0.0, 0.0, 0.0, 518.444250020087, 518.4442500209443, 891.0318824558948]]}, "dielectric": {"eps_electronic": [[3.2604849254474564, 1.6166161845079714e-17, -8.881784197001252e-16], [-2.058784430799516e-16, 3.2604849254474573, -4.440892098500626e-16], [-9.924129558658253e-16, -1.0423453616570005e-16, 3.2604849254474573]], "eps_total": [[9.630848704251758, -3.557901310158085e-17, 8.881784197001252e-16], [3.0229768289685603e-16, 9.630848704264395, 0.0], [1.919625025835392e-15, 1.432681864351415e-16, 9.63084870427285]], "becs": [[[0.961807369638048, 0.0, 0.0], [0.0, 0.961807369638048, 0.0], [-1.0127910878916169e-19, -1.0127910878916169e-19, 0.961807369638048]], [[-0.961807369638048, 0.0, 0.0], [0.0, -0.961807369638048, 0.0], [1.012791087891617e-19, 1.012791087891617e-19, -0.961807369638048]]]}, "metadata": {"formula": "NaH", "nsites": 2, "structure": "# generated using pymatgen\ndata_NaH\n_symmetry_space_group_name_H-M   'P 1'\n_cell_length_a   3.38933915\n_cell_length_b   3.38933915\n_cell_length_c   3.38933915\n_cell_angle_alpha   60.00000000\n_cell_angle_beta   60.00000000\n_cell_angle_gamma   60.00000000\n_symmetry_Int_Tables_number   1\n_chemical_formula_structural   NaH\n_chemical_formula_sum   'Na1 H1'\n_cell_volume   27.5315135325\n_cell_formula_units_Z   1\nloop_\n _symmetry_equiv_pos_site_id\n _symmetry_equiv_pos_as_xyz\n  1  'x, y, z'\nloop_\n _atom_site_type_symbol\n _atom_site_label\n _atom_site_symmetry_multiplicity\n _atom_site_fract_x\n _atom_site_fract_y\n _atom_site_fract_z\n _atom_site_occupancy\n  Na  Na1  1  0.000000  0.000000  0.000000  1\n  H  H2  1  0.500000  0.500000  0.500000  1\n"}}