{"phonon": {"ph_bandstructure": [[0.0, 0.0, 0.0, 157.57394102460313, 157.57394102560684, 157.57394102600352, 304.4208997545254, 304.4208997576894, 312.670264078168, 366.4856749151951, 366.4856749160695, 373.8907778590076, 373.89077785925963, 373.8907778599461, 388.03983936308, 558.7199144043484, 558.7199144059149, 646.9432570509806, 646.9432570527317, 655.8442369652832, 670.616174945938, 670.6161749461793, 670.6161749463207, 718.0922394007835, 718.0922394015892, 725.6760508302976, 736.720774293742, 736.7207742951044, 741.9173408117377, 741.9173408136605, 782.3386370907937, 792.2484888564005, 801.1736789720084, 801.1736789720961, 962.7902288284134, 991.7464152603043]]}, "dielectric": {"eps_electronic": [[3.468230144729981, -5.105751328266797e-16, -2.220446049250313e-16], [-3.101811369717832e-16, 3.468230144729981, -1.1102230246251565e-15], [-1.190004574828099e-15, -1.190004574828099e-15, 3.4682301447299815]], "eps_total": [[7.521849523165141, 8.538681735375757e-11, -1.3322676295501878e-15], [8.538941333894741e-11, 7.521849523196681, -1.5164314248750088e-11], [-8.460127565867983e-16, -1.5167380707555924e-11, 7.521849523191622]], "becs": [[[1.980194062893683, 0.21235806175338207, -0.212358061753382], [0.21235806175338245, 1.9801940628936827, 0.2123580617533824], [-0.212358061753382, 0.21235806175338207, 1.9801940628936832]], [[1.9801940628936823, 0.2123580617533824, 0.21235806175338245], [0.2123580617533819, 1.9801940628936827, -0.21235806175338184], [0.2123580617533819, -0.21235806175338184, 1.980194062893683]], [[1.9801940628936825, -0.21235806175338257, -0.21235806175338234], [-0.2123580617533825, 1.9801940628936827, -0.2123580617533824], [-0.2123580617533824, -0.21235806175338245, 1.980194062893683]], [[1.9801940628936827, -0.21235806175338173, 0.2123580617533818], [-0.21235806175338168, 1.9801940628936827, 0.21235806175338173], [0.21235806175338254, 0.21235806175338245, 1.9801940628936823]], [[4.891322954366663, -1.3877788221404763e-17, 6.47630116998889e-17], [4.163336466421429e-17, 4.891322954366663, -9.251858814269842e-18], [7.608010697953728e-17, -1.1812551756026218e-17, 4.891322954366663]], [[-1.7268490133179617, -1.3877788221404763e-17, 6.47630116998889e-17], [4.163336466421429e-17, -1.7268490133179615, -9.251858814269842e-18], [7.557286138337999e-17, -1.2319797352183516e-17, -1.7268490133179615]], [[-2.578094815496573, 2.0816681670362655e-16, -1.5728159322514241e-16], [-1.0685896599609423e-15, -1.482265140382411, -0.4876675856623385], [-1.7416707173879197e-15, -0.4876675856623379, -1.4822651403824114]], [[-1.4822651403824112, 6.522560265536892e-16, 0.48766758566233875], [-1.0685896599609423e-15, -2.5780948154965713, 1.1009711658108867e-15], [0.4876675856623379, 9.043608220159648e-16, -1.4822651403824105]], [[-1.4822651403824116, -1.7902346276216552e-15, -0.48766758566233753], [-6.245004501108796e-16, -2.578094815496573, 6.568819559608241e-16], [-0.4876675856623385, -9.691405320389868e-16, -1.482265140382411]], [[-2.5780948154965713, -1.3877788221404763e-17, 6.47630116998889e-17], [1.5959455991394334e-15, -1.4822651403824119, 0.48766758566233803], [1.6583872955266222e-15, 0.48766758566233803, -1.4822651403824119]], [[-1.4822651403824116, -0.4876675856623378, -1.7115938277003616e-15], [-0.4876675856623378, -1.4822651403824114, -1.7856086982145203e-15], [7.65423894011458e-17, -1.1350269334417704e-17, -2.578094815496574]], [[-1.4822651403824112, 0.4876675856623387, 5.088522215499515e-16], [0.4876675856623387, -1.482265140382411, 6.568819559608241e-16], [2.982413837758724e-16, -2.3374048480975366e-16, -2.578094815496572]]]}, "metadata": {"formula": "Be4TeO7", "nsites": 12, "structure": "# generated using pymatgen\ndata_Be4TeO7\n_symmetry_space_group_name_H-M   'P 1'\n_cell_length_a   5.38106655\n_cell_length_b   5.38106655\n_cell_length_c   5.38106655\n_cell_angle_alpha   60.00000000\n_cell_angle_beta   60.00000000\n_cell_angle_gamma   60.00000000\n_symmetry_Int_Tables_number   1\n_chemical_formula_structural   Be4TeO7\n_chemical_formula_sum   'Be4 Te1 O7'\n_cell_volume   110.17678431\n_cell_formula_units_Z   1\nloop_\n _symmetry_equiv_pos_site_id\n _symmetry_equiv_pos_as_xyz\n  1  'x, y, z'\nloop_\n _atom_site_type_symbol\n _atom_site_label\n _atom_site_symmetry_multiplicity\n _atom_site_fract_x\n _atom_site_fract_y\n _atom_site_fract_z\n _atom_site_occupancy\n  Be  Be1  1  0.372845  0.881464  0.372845  1\n  Be  Be2  1  0.881464  0.372845  0.372845  1\n  Be  Be3  1  0.372845  0.372845  0.372845  1\n  Be  Be4  1  0.372845  0.372845  0.881464  1\n  Te  Te5  1  0.000000  0.000000  0.000000  1\n  O  O6  1  0.250000  0.250000  0.250000  1\n  O  O7  1  0.745120  0.254880  0.254880  1\n  O  O8  1  0.745120  0.254880  0.745120  1\n  O  O9  1  0.254880  0.745120  0.254880  1\n  O  O10  1  0.254880  0.745120  0.745120  1\n  O  O11  1  0.254880  0.254880  0.745120  1\n  O  O12  1  0.745120  0.745120  0.254880  1\n"}}