{"phonon": {"ph_bandstructure": [[0.0, 0.0, 0.0, 286.42201168471513, 286.422011685924, 351.22424740673637, 351.2242474071002, 351.22424740784, 381.7901694700268]]}, "dielectric": {"eps_electronic": [[4.418542777015415, 1.8705646165268925e-15, 0.0], [1.5405490309685357e-15, 4.418542777015417, 1.7763568394002505e-15], [3.376761454066591e-16, 2.1140329848069093e-15, 4.418542777015417]], "eps_total": [[7.850833482986597, -5.805878260622389e-19, -4.440892098500626e-16], [-1.7051337470045992e-16, 7.8508334830066175, 1.7763568394002505e-15], [1.1831404314340667e-15, 2.5154080609842546e-15, 7.850833483015579]], "becs": [[[0.9419247926041282, 0.0, 0.0], [0.0, 0.9419247926041282, 0.0], [-2.1620773014969335e-19, -2.1620773014969335e-19, 0.9419247926041282]], [[0.9419247926041282, 0.0, 0.0], [0.0, 0.9419247926041282, 0.0], [-2.1620773014969335e-19, -2.1620773014969335e-19, 0.9419247926041282]], [[-1.8838495851412533, 0.0, 0.0], [0.0, -1.8838495851412533, 0.0], [4.3241544697012733e-19, 4.3241544697012733e-19, -1.8838495851412533]]]}, "metadata": {"formula": "Li2Se", "nsites": 3, "structure": "# generated using pymatgen\ndata_Li2Se\n_symmetry_space_group_name_H-M   'P 1'\n_cell_length_a   4.20377263\n_cell_length_b   4.20377263\n_cell_length_c   4.20377263\n_cell_angle_alpha   60.00000000\n_cell_angle_beta   60.00000000\n_cell_angle_gamma   60.00000000\n_symmetry_Int_Tables_number   1\n_chemical_formula_structural   Li2Se\n_chemical_formula_sum   'Li2 Se1'\n_cell_volume   52.5294263691\n_cell_formula_units_Z   1\nloop_\n _symmetry_equiv_pos_site_id\n _symmetry_equiv_pos_as_xyz\n  1  'x, y, z'\nloop_\n _atom_site_type_symbol\n _atom_site_label\n _atom_site_symmetry_multiplicity\n _atom_site_fract_x\n _atom_site_fract_y\n _atom_site_fract_z\n _atom_site_occupancy\n  Li  Li1  1  0.250000  0.250000  0.250000  1\n  Li  Li2  1  0.750000  0.750000  0.750000  1\n  Se  Se3  1  0.000000  0.000000  0.000000  1\n"}}