{"phonon": {"ph_bandstructure": [[0.0, 0.0, 0.0, 99.02678961837935, 99.02678962025728, 134.75206878691145]]}, "dielectric": {"eps_electronic": [[2.95601362448762, 1.7039902376248856e-15, 2.220446049250313e-15], [1.6764153023420525e-15, 2.9560136244876203, 2.220446049250313e-15], [2.3769825795365428e-15, 2.3769825795365428e-15, 2.956013624487622]], "eps_total": [[5.473585604938656, -2.081194413355473e-10, -2.0436141667801166e-10], [-2.0811941172649953e-10, 5.473585605641122, 6.819851350314821e-10], [-2.043613709798101e-10, 6.819847366404737e-10, 5.473585605641493]], "becs": [[[1.135572756339231, 0.0, 0.0], [0.0, 1.135572756339231, 0.0], [-4.1348220881612034e-19, -4.1348220881612034e-19, 1.135572756339231]], [[-1.135572756339231, 0.0, 0.0], [0.0, -1.135572756339231, 0.0], [4.1348220881612034e-19, 4.1348220881612034e-19, -1.135572756339231]]]}, "metadata": {"formula": "KI", "nsites": 2, "structure": "# generated using pymatgen\ndata_KI\n_symmetry_space_group_name_H-M   'P 1'\n_cell_length_a   4.95434950\n_cell_length_b   4.95434950\n_cell_length_c   4.95434950\n_cell_angle_alpha   60.00000000\n_cell_angle_beta   60.00000000\n_cell_angle_gamma   60.00000000\n_symmetry_Int_Tables_number   1\n_chemical_formula_structural   KI\n_chemical_formula_sum   'K1 I1'\n_cell_volume   85.9894007753\n_cell_formula_units_Z   1\nloop_\n _symmetry_equiv_pos_site_id\n _symmetry_equiv_pos_as_xyz\n  1  'x, y, z'\nloop_\n _atom_site_type_symbol\n _atom_site_label\n _atom_site_symmetry_multiplicity\n _atom_site_fract_x\n _atom_site_fract_y\n _atom_site_fract_z\n _atom_site_occupancy\n  K  K1  1  0.000000  0.000000  0.000000  1\n  I  I2  1  0.500000  0.500000  0.500000  1\n"}}