{"phonon": {"ph_bandstructure": [[0.0, 0.0, 0.0, 180.65414240576456, 238.178409665872, 297.7706827742499, 299.64008874310804, 488.6116993161853, 709.3386764194832, 738.3689166543492, 878.4541713242619, 988.5728744315417, 988.5728744315419, 1121.2027472638538, 1206.3356860192464, 1309.892304365065, 1396.7847502066732, 1472.6757326367035]]}, "dielectric": {"eps_electronic": [[4.169176759170814, 0.0, 0.0], [0.0, 4.169176759170814, 0.0], [0.0, 0.0, 4.224022178379536]], "eps_total": [[11.928571692810872, 5.344032508181052e-15, 0.0], [5.344032508181052e-15, 11.928571692835872, 0.0], [0.0, 0.0, 8.570092139406121]], "becs": [[[1.8554500518136385, -0.12446062057512676, 0.0], [-0.12446062057512677, 1.8554500518136385, 0.0], [1.7575265311725777e-33, 1.7575265311725777e-33, 1.9565462070553772]], [[1.8554500518136385, 0.12446062057512676, 0.0], [0.12446062057512677, 1.8554500518136385, 0.0], [-8.787632341592665e-33, -8.787632341592665e-33, 1.9565462070553772]], [[-0.9277250259195036, -0.2201221876320461, 0.0], [-0.2201221876320461, -0.9277250259195036, 0.0], [1.7575265311725777e-33, 1.7575265311725777e-33, -0.9782731035364158]], [[-0.9277250259195036, 0.2201221876320461, 0.0], [0.2201221876320461, -0.9277250259195036, 0.0], [1.7575265311725777e-33, 1.7575265311725777e-33, -0.9782731035364158]], [[-0.9277250259195036, -0.2201221876320461, 0.0], [-0.2201221876320461, -0.9277250259195036, 0.0], [1.7575265311725777e-33, 1.7575265311725777e-33, -0.9782731035364158]], [[-0.9277250259195036, 0.2201221876320461, 0.0], [0.2201221876320461, -0.9277250259195036, 0.0], [1.7575265311725777e-33, 1.7575265311725777e-33, -0.9782731035364158]]]}, "metadata": {"formula": "MgH2", "nsites": 6, "structure": "# generated using pymatgen\ndata_MgH2\n_symmetry_space_group_name_H-M   'P 1'\n_cell_length_a   4.47821419\n_cell_length_b   4.47821419\n_cell_length_c   3.00903619\n_cell_angle_alpha   90.00000000\n_cell_angle_beta   90.00000000\n_cell_angle_gamma   90.00000000\n_symmetry_Int_Tables_number   1\n_chemical_formula_structural   MgH2\n_chemical_formula_sum   'Mg2 H4'\n_cell_volume   60.3444222647\n_cell_formula_units_Z   2\nloop_\n _symmetry_equiv_pos_site_id\n _symmetry_equiv_pos_as_xyz\n  1  'x, y, z'\nloop_\n _atom_site_type_symbol\n _atom_site_label\n _atom_site_symmetry_multiplicity\n _atom_site_fract_x\n _atom_site_fract_y\n _atom_site_fract_z\n _atom_site_occupancy\n  Mg  Mg1  1  0.000000  0.000000  0.500000  1\n  Mg  Mg2  1  0.500000  0.500000  0.000000  1\n  H  H3  1  0.195550  0.195550  0.000000  1\n  H  H4  1  0.304450  0.695550  0.500000  1\n  H  H5  1  0.804450  0.804450  0.000000  1\n  H  H6  1  0.695550  0.304450  0.500000  1\n"}}