{"phonon": {"ph_bandstructure": [[-0.010194772719457987, -0.007485644342901763, -0.00564581719470461, 46.9879322566741, 47.74218990633039, 52.912294003603414, 66.96443931641274, 73.57781310575612, 80.92255022987146, 93.08201233379584, 96.82803020005643, 97.21463430430539, 102.58513525190813, 115.27742308707478, 122.63822293823549, 152.74493354220095, 154.05152655084058, 154.64013449395577, 272.0382479005847, 299.23690811035306, 319.715006440346, 338.23009889648216, 360.3070261542954, 367.7688362487987, 369.60836639387014, 389.42778398851146, 394.67659968659586, 394.89830589894495, 429.1829100764606, 431.88534933386165, 433.7136460183087, 435.65741373970945, 454.4693082648492, 475.5614129155951, 475.96925559894925, 498.96639943610705]]}, "dielectric": {"eps_electronic": [[8.650372488111035, -7.124760239201224e-16, 8.343139004076593e-16], [-7.058249202947771e-16, 7.616289041270206, 1.2418937526201753e-15], [1.5629956003062158e-15, 1.1753487693765655e-15, 8.3462967173057]], "eps_total": [[11.589258469341798, -1.6417290377482409e-15, 2.7080885750256763e-15], [-2.8596106830857105e-15, 10.615348489460626, 6.466593518581609e-16], [4.495849949491939e-15, -1.6514214577695304e-15, 10.635507520405563]], "becs": [[[1.0966371138175104, -6.01370707122254e-17, -6.739052465944777e-17], [4.857225910578892e-16, 1.250857635541142, 1.7655303811188432e-16], [-3.700743856580182e-17, -1.5728161638619957e-16, 1.23088612878294]], [[1.0966371138175104, 3.284409879065794e-16, 4.510281171956548e-17], [6.522560447516626e-16, 1.250857635541142, 1.1564823517837303e-17], [-2.5905204349083313e-16, -7.123931286987778e-16, 1.2308861287829398]], [[1.2740221633441053, -0.08259759710731152, 0.7699695900089782], [0.10312914993253013, 0.5145497540055503, 0.06472122897260389], [0.6686320310728451, -0.15151801991553332, 0.9453737044625194]], [[1.2740221633441053, 0.08259759710731485, 0.7699695900089787], [-0.10312914993252804, 0.5145497540055485, -0.06472122897260528], [0.6686320310728504, 0.15151801991552744, 0.945373704462523]], [[1.2740221633441053, 0.08259759710731751, -0.7699695900089768], [-0.10312914993252716, 0.5145497540055503, 0.06472122897260442], [-0.6686320310728517, -0.151518019915528, 0.9453737044625212]], [[0.6006087480666751, -1.447915851493671e-15, -1.0234868494821477e-15], [-1.1796119458798457e-15, 1.4106455169440084, -0.4960057611146347], [7.401486786718078e-16, -0.9201175930000545, 0.8740113982303397]], [[0.6006087480666751, -2.3360942711937963e-15, -6.487865786711574e-16], [-2.067790365579971e-15, 1.4106455169440084, 0.4960057611146347], [-1.0362081607284427e-15, 0.9201175930000585, 0.8740113982303361]], [[1.2740221633441018, -0.08259759710731818, -0.7699695900089794], [0.10312914993252746, 0.5145497540055503, -0.06472122897260292], [-0.6686320310728455, 0.15151801991553188, 0.9453737044625266]], [[-2.122645094092286, 1.0639638298154808e-16, -1.4918621758983691e-16], [-5.134781311047517e-16, -1.8453013302576788, -0.29617673825456403], [2.9605946882174514e-16, -0.21790998209488494, -1.9978224679799186]], [[-2.122645094092286, 1.2166194076067046e-15, 9.055256558040618e-16], [5.967448935204048e-16, -1.8453013302576788, 0.29617673825456364], [2.9605946882174514e-16, 0.2179099820948835, -1.9978224679799172]], [[-2.122645094092286, 1.0639638298154808e-16, -1.3530842978202246e-16], [-5.134781311047517e-16, -1.8453013302576788, -0.29617673825456403], [2.9605946882174514e-16, -0.21790998209488494, -1.9978224679799186]], [[-2.122645094092286, -5.597374317935458e-16, 2.3939184102896787e-16], [1.526556836703422e-16, -1.8453013302576788, 0.29617673825456403], [1.1842378885218704e-15, 0.21790998209488527, -1.9978224679799168]]]}, "metadata": {"formula": "LiAg3O2", "nsites": 12, "structure": "# generated using pymatgen\ndata_LiAg3O2\n_symmetry_space_group_name_H-M   'P 1'\n_cell_length_a   6.38259407\n_cell_length_b   6.38259407\n_cell_length_c   6.38259407\n_cell_angle_alpha   127.56886275\n_cell_angle_beta   124.70463777\n_cell_angle_gamma   79.68495422\n_symmetry_Int_Tables_number   1\n_chemical_formula_structural   LiAg3O2\n_chemical_formula_sum   'Li2 Ag6 O4'\n_cell_volume   163.69301282\n_cell_formula_units_Z   2\nloop_\n _symmetry_equiv_pos_site_id\n _symmetry_equiv_pos_as_xyz\n  1  'x, y, z'\nloop_\n _atom_site_type_symbol\n _atom_site_label\n _atom_site_symmetry_multiplicity\n _atom_site_fract_x\n _atom_site_fract_y\n _atom_site_fract_z\n _atom_site_occupancy\n  Li  Li1  1  0.500000  0.250000  0.750000  1\n  Li  Li2  1  0.500000  0.750000  0.250000  1\n  Ag  Ag3  1  0.500000  0.500000  0.500000  1\n  Ag  Ag4  1  -0.000000  -0.000000  0.500000  1\n  Ag  Ag5  1  0.500000  0.000000  0.000000  1\n  Ag  Ag6  1  0.000000  0.500000  0.500000  1\n  Ag  Ag7  1  0.000000  0.000000  0.000000  1\n  Ag  Ag8  1  0.000000  0.500000  0.000000  1\n  O  O9  1  0.414865  0.096067  0.318798  1\n  O  O10  1  0.777268  0.596067  0.181202  1\n  O  O11  1  0.585135  0.903933  0.681202  1\n  O  O12  1  0.222732  0.403933  0.818798  1\n"}}