{"phonon": {"ph_bandstructure": [[0.0, 0.0, 0.0, 137.49719790313912, 140.08350861743634, 168.80317356608694, 230.3560807319741, 267.4241501011171, 267.42415010852767, 287.4106303586268, 334.0028262842566, 410.40253628181944, 468.8419514166342, 544.3956602283367, 568.793493266943, 589.1675061218149, 589.1675061375341, 623.2407690462339]]}, "dielectric": {"eps_electronic": [[4.062659696744446, 0.0, -0.011152042837164353], [0.0, 4.13263305016162, 0.0], [-0.011152042837163957, 0.0, 4.130855686954118]], "eps_total": [[7.953037340060622, 3.3306690738754696e-15, -0.40420033510350317], [-4.381743712043258e-15, 10.489187282438499, 1.3719631741772855e-15], [-0.404200335103501, 1.3322676295501878e-15, 10.42476762463796]], "becs": [[[1.1162516386396057, 0.0, 0.01788609171917915], [0.0, 1.0040255801357814, 0.0], [0.017886091720563574, 0.0, 1.0068761861472255]], [[1.1162516386396057, 0.0, 0.01788609171917915], [0.0, 1.0040255801357814, 0.0], [0.017886091720563574, 0.0, 1.0068761861472255]], [[0.5095720246689803, 0.0, -0.056969657020594484], [0.0, 0.8670274242116596, 0.0], [-0.056969657025005276, 0.0, 0.8579478528149267]], [[0.5095720246689803, 0.0, -0.056969657020594484], [0.0, 0.8670274242116596, 0.0], [-0.056969657025005276, 0.0, 0.8579478528149267]], [[-1.7776281472240016, 0.0, 0.13159279423872045], [0.0, -2.6033054867336087, 0.0], [0.1315927942489084, 0.0, -2.5823328105218817]], [[-1.4740191793936448, 0.0, -0.053425663684493925], [0.0, -1.1388005216567816, 0.0], [-0.05342566368862914, 0.0, -1.1473152671056779]]]}, "metadata": {"formula": "Li4NCl", "nsites": 6, "structure": "# generated using pymatgen\ndata_Li4NCl\n_symmetry_space_group_name_H-M   'P 1'\n_cell_length_a   6.86733806\n_cell_length_b   6.86733806\n_cell_length_c   6.86733806\n_cell_angle_alpha   30.49731450\n_cell_angle_beta   30.49731450\n_cell_angle_gamma   30.49731450\n_symmetry_Int_Tables_number   1\n_chemical_formula_structural   Li4NCl\n_chemical_formula_sum   'Li4 N1 Cl1'\n_cell_volume   73.9406735915\n_cell_formula_units_Z   1\nloop_\n _symmetry_equiv_pos_site_id\n _symmetry_equiv_pos_as_xyz\n  1  'x, y, z'\nloop_\n _atom_site_type_symbol\n _atom_site_label\n _atom_site_symmetry_multiplicity\n _atom_site_fract_x\n _atom_site_fract_y\n _atom_site_fract_z\n _atom_site_occupancy\n  Li  Li1  1  0.096920  0.096920  0.096920  1\n  Li  Li2  1  0.903080  0.903080  0.903080  1\n  Li  Li3  1  0.345270  0.345270  0.345270  1\n  Li  Li4  1  0.654730  0.654730  0.654730  1\n  N  N5  1  0.000000  0.000000  0.000000  1\n  Cl  Cl6  1  0.500000  0.500000  0.500000  1\n"}}