{"phonon": {"ph_bandstructure": [[-0.0051858140624759155, -0.0033075464946764293, 0.0, 76.87256337904633, 87.49709964284864, 93.77595468976146, 101.16836984858428, 104.69303360792281, 112.69255724999442, 114.77441623898449, 119.56479314078148, 134.10530132153005, 136.12627415132104, 139.186027517287, 143.0255542278303, 143.16554372779888, 147.21108957361542, 150.282626799606, 158.30013443687528, 159.08308504264716, 162.84787010443773, 181.20630900525083, 181.96633599582668, 192.27258938241582, 274.3987118938163, 302.9576574317309, 307.6301732028007, 308.15854493163107, 314.99894334633683, 319.0921395865478, 334.92885867951577, 341.9428628868272, 353.62906498840454, 357.60812924050134, 364.63032922870576, 366.2494032652443]]}, "dielectric": {"eps_electronic": [[4.615024488438098, 0.0, -4.89386298343998e-27], [0.0, 4.697944017320919, 0.0], [-4.893862983439978e-27, 0.0, 4.704255831465655]], "eps_total": [[9.54778254341544, 0.0, -4.89386298343998e-27], [0.0, 9.87426652849516, 0.0], [-4.893862983439978e-27, 0.0, 10.805728903523148]], "becs": [[[1.1375856079712965, 0.0, 0.0], [0.0, 1.150916604344454, 0.0019967286425497037], [-6.817711426957928e-29, 0.04455300700833962, 1.0987686845846272]], [[1.1375856079712965, 0.0, 0.0], [0.0, 1.150916604344454, 0.0019967286425497037], [8.66823282133753e-28, 0.04455300700833962, 1.0987686845846272]], [[1.1375856079712965, 0.0, 0.0], [0.0, 1.150916604344454, -0.0019967286425496998], [8.66823282133753e-28, -0.04455300700833962, 1.0987686845846272]], [[1.1375856079712965, 0.0, 0.0], [0.0, 1.150916604344454, -0.0019967286425497], [-1.120052560223328e-27, -0.04455300700833962, 1.0987686845846272]], [[0.9143004481166407, 0.0, 0.0], [0.0, 0.8800743720398478, 0.06560115065688386], [-6.817711426957928e-29, 0.034025792663703015, 0.9576907770070596]], [[0.9143004481166407, 0.0, 0.0], [0.0, 0.8800743720398478, 0.06560115065688386], [3.6718244713437496e-27, 0.034025792663703015, 0.9576907770070596]], [[0.9143004481166407, 0.0, 0.0], [0.0, 0.8800743720398478, -0.06560115065688386], [-3.808178699882908e-27, -0.034025792663703015, 0.9576907770070596]], [[0.9143004481166407, 0.0, 0.0], [0.0, 0.8800743720398478, -0.06560115065688388], [-6.817711426957928e-29, -0.034025792663703015, 0.9576907770070596]], [[-2.0518860562410906, 0.0, 0.0], [0.0, -2.0309909764297607, 0.12040451440307431], [-6.817711426957928e-29, 0.16761832976514063, -2.05645946159676]], [[-2.0518860562410906, 0.0, 0.0], [0.0, -2.0309909764297607, 0.12040451440307431], [-6.817711426957928e-29, 0.16761832976514063, -2.05645946159676]], [[-2.0518860562410906, 0.0, 0.0], [0.0, -2.0309909764297607, -0.12040451440307431], [-6.817711426957928e-29, -0.16761832976514063, -2.05645946159676]], [[-2.0518860562410906, 0.0, 0.0], [0.0, -2.0309909764297607, -0.12040451440307431], [-6.817711426957928e-29, -0.16761832976514063, -2.05645946159676]]]}, "metadata": {"formula": "NaLiSe", "nsites": 12, "structure": "# generated using pymatgen\ndata_NaLiSe\n_symmetry_space_group_name_H-M   'P 1'\n_cell_length_a   4.22406210\n_cell_length_b   7.11770214\n_cell_length_c   7.68000629\n_cell_angle_alpha   90.00000000\n_cell_angle_beta   90.00000000\n_cell_angle_gamma   90.00000000\n_symmetry_Int_Tables_number   1\n_chemical_formula_structural   NaLiSe\n_chemical_formula_sum   'Na4 Li4 Se4'\n_cell_volume   230.904118543\n_cell_formula_units_Z   4\nloop_\n _symmetry_equiv_pos_site_id\n _symmetry_equiv_pos_as_xyz\n  1  'x, y, z'\nloop_\n _atom_site_type_symbol\n _atom_site_label\n _atom_site_symmetry_multiplicity\n _atom_site_fract_x\n _atom_site_fract_y\n _atom_site_fract_z\n _atom_site_occupancy\n  Na  Na1  1  0.750000  0.485874  0.317755  1\n  Na  Na2  1  0.250000  0.514126  0.682245  1\n  Na  Na3  1  0.750000  0.985874  0.182245  1\n  Na  Na4  1  0.250000  0.014126  0.817755  1\n  Li  Li5  1  0.750000  0.357033  0.928918  1\n  Li  Li6  1  0.250000  0.642967  0.071082  1\n  Li  Li7  1  0.750000  0.857033  0.571082  1\n  Li  Li8  1  0.250000  0.142967  0.428918  1\n  Se  Se9  1  0.750000  0.721185  0.891701  1\n  Se  Se10  1  0.250000  0.278815  0.108299  1\n  Se  Se11  1  0.750000  0.221185  0.608299  1\n  Se  Se12  1  0.250000  0.778815  0.391701  1\n"}}