{"phonon": {"ph_bandstructure": [[-0.013496393688369268, -0.012935206330812831, -0.007979034929529113, 80.05961275367049, 86.3753102986038, 109.5063721521377, 142.62278409323875, 167.19931983120216, 173.32813318859263, 243.5834813695671, 259.93785443687045, 307.3008295937743, 318.01797446496886, 331.721710315381, 400.1218280546191, 504.1156249457196, 541.0049963765472, 565.165486046042]]}, "dielectric": {"eps_electronic": [[5.8900664571421055, 7.324085200461352e-17, 4.379010545174655e-16], [1.1454563223007938e-15, 5.8900664571421055, -2.3325378150068306e-15], [-9.942581168313186e-16, 3.3800951271886934e-16, 6.253613046391978]], "eps_total": [[8.748523077500098, -3.0905288960230876e-11, 6.123070982749785e-16], [-3.0903506616067905e-11, 8.748523077593244, -1.3195468851669156e-15], [-1.976303201844643e-15, -1.9994636244439281e-16, 11.384352667163537]], "becs": [[[2.9245468237772245, -0.7460715715263673, 1.8966309907508686e-16], [0.7460715715263678, 2.924546823777224, -1.6653345203941226e-16], [5.366077847578712e-16, -3.8857807019933336e-16, 3.1460876285117045]], [[2.735141935933329, 1.2618478879969888, 1.1053759965854579e-16], [-1.2618478879969888, 2.7351419359333287, -7.912549776217985e-17], [-1.8503727554707035e-17, -7.216449775868803e-16, 3.137689773943141]], [[-1.7409308561057908, -0.2743758499274973, -0.6213264991016201], [-0.016487691690697664, -1.0889135237193017, -0.12321786268338669], [-0.7080691150619876, -0.1590428927517062, -1.570944350588872]], [[-1.7409308561057908, -0.2743758499274971, 0.6213264991016203], [-0.016487691690697887, -1.0889135237193026, 0.12321786268338636], [0.708069115061988, 0.1590428927517072, -1.5709443505888707]], [[-1.0889135237193028, 0.016487691690697054, -0.12321786268338726], [0.27437584992749803, -1.740930856105791, 0.6213264991016204], [-0.15904289275170838, 0.7080691150619876, -1.5709443505888725]], [[-1.0889135237193028, 0.016487691690696832, 0.12321786268338657], [0.27437584992749736, -1.740930856105791, -0.6213264991016199], [0.15904289275170722, -0.7080691150619876, -1.5709443505888716]]]}, "metadata": {"formula": "InPS4", "nsites": 6, "structure": "# generated using pymatgen\ndata_InPS4\n_symmetry_space_group_name_H-M   'P 1'\n_cell_length_a   6.00396600\n_cell_length_b   6.00396600\n_cell_length_c   6.00396600\n_cell_angle_alpha   123.78074561\n_cell_angle_beta   123.78074561\n_cell_angle_gamma   83.56749722\n_symmetry_Int_Tables_number   1\n_chemical_formula_structural   InPS4\n_chemical_formula_sum   'In1 P1 S4'\n_cell_volume   143.303051798\n_cell_formula_units_Z   1\nloop_\n _symmetry_equiv_pos_site_id\n _symmetry_equiv_pos_as_xyz\n  1  'x, y, z'\nloop_\n _atom_site_type_symbol\n _atom_site_label\n _atom_site_symmetry_multiplicity\n _atom_site_fract_x\n _atom_site_fract_y\n _atom_site_fract_z\n _atom_site_occupancy\n  In  In1  1  0.000000  0.000000  0.000000  1\n  P  P2  1  0.750000  0.250000  0.500000  1\n  S  S3  1  0.111545  0.563105  0.933518  1\n  S  S4  1  0.629587  0.178027  0.066482  1\n  S  S5  1  0.821973  0.888455  0.451560  1\n  S  S6  1  0.436895  0.370413  0.548440  1\n"}}