{"phonon": {"ph_bandstructure": [[-0.057482475325769646, -0.017728372382646285, -0.0022405393284623343, 23.082693609881257, 29.38807120290841, 49.62382849261744, 150.3582243068394, 155.0672577164745, 161.56634517892488, 164.66982961842209, 172.63619772682844, 212.0113103156937, 250.38089012287207, 299.0320530405036, 309.17982072856773, 380.25286118922287, 407.65647682034574, 425.1686766416937, 791.6708358700957, 801.5479367718444, 828.5691778294557, 830.3056733631211, 835.9979371167656, 863.7168216742664, 1726.4910311926528, 1732.3623107742121, 1765.9452530018648, 1767.3624842385448, 1772.8195441851822, 1787.6169962826739]]}, "dielectric": {"eps_electronic": [[2.5083330927222374, 0.0, 0.0], [0.0, 2.393500443850335, 0.09129755892340073], [0.0, 0.09129755892340072, 2.3897078433686536]], "eps_total": [[4.989330551036789, 0.0, 0.0], [0.0, 4.605921646896958, -0.05035796688828146], [0.0, -0.05035796688828143, 4.739005004485081]], "becs": [[[1.180691890111969, 0.0, 0.0], [-1.615202223967225e-34, 1.150220656225381, 0.025802461363445023], [-4.921002187905638e-34, 0.02250406483371314, 1.129971925357335]], [[1.180691890111969, 0.0, 0.0], [2.261283077451532e-33, 1.150220656225381, 0.025802461363445023], [6.889402953074923e-33, 0.022504064833713144, 1.129971925357335]], [[0.8439958283893281, 0.0, 0.0], [-1.615202223967225e-34, 0.6491942993783663, 0.17574271461421206], [-4.921002187905638e-34, 0.19899494031166415, 0.6602309438387828]], [[0.8439958283893281, 0.0, 0.0], [-9.852733421789741e-33, 0.6491942993783663, 0.17574271461421206], [-3.001811290625251e-32, 0.19899494031166415, 0.6602309438387828]], [[-0.7335640153394626, 0.0879308716344868, 0.07347516479273328], [0.09367691952586654, -0.5871368570665376, -0.02387497087843171], [0.05029890959428629, -0.03264623554905689, -0.5463960412116058]], [[-0.7335640153394626, -0.08793087163448679, -0.07347516479273328], [-0.09367691952586654, -0.5871368570665376, -0.02387497087843171], [-0.05029890959428629, -0.03264623554905689, -0.5463960412116058]], [[-0.7335640153394626, 0.08793087163448679, 0.07347516479273328], [0.09367691952586654, -0.5871368570665376, -0.02387497087843171], [0.05029890959428629, -0.03264623554905689, -0.5463960412116058]], [[-0.7335640153394626, -0.0879308716344868, -0.07347516479273328], [-0.09367691952586654, -0.5871368570665376, -0.02387497087843171], [-0.05029890959428629, -0.03264623554905689, -0.5463960412116058]], [[-0.5575596878255962, 0.0, 0.0], [6.460808775526958e-34, -0.625141241471648, -0.15379523421910252], [1.968400838497932e-33, -0.15620653404546725, -0.697410786775513]], [[-0.5575596878255962, 0.0, 0.0], [6.460808775526958e-34, -0.625141241471648, -0.15379523421910252], [1.968400838497932e-33, -0.15620653404546725, -0.697410786775513]]]}, "metadata": {"formula": "CsBeH3", "nsites": 10, "structure": "# generated using pymatgen\ndata_CsBeH3\n_symmetry_space_group_name_H-M   'P 1'\n_cell_length_a   5.75329446\n_cell_length_b   5.04381649\n_cell_length_c   7.59481175\n_cell_angle_alpha   71.82880495\n_cell_angle_beta   90.00000000\n_cell_angle_gamma   90.00000000\n_symmetry_Int_Tables_number   1\n_chemical_formula_structural   CsBeH3\n_chemical_formula_sum   'Cs2 Be2 H6'\n_cell_volume   209.399406728\n_cell_formula_units_Z   2\nloop_\n _symmetry_equiv_pos_site_id\n _symmetry_equiv_pos_as_xyz\n  1  'x, y, z'\nloop_\n _atom_site_type_symbol\n _atom_site_label\n _atom_site_symmetry_multiplicity\n _atom_site_fract_x\n _atom_site_fract_y\n _atom_site_fract_z\n _atom_site_occupancy\n  Cs  Cs1  1  0.250000  0.203463  0.733667  1\n  Cs  Cs2  1  0.750000  0.796537  0.266333  1\n  Be  Be3  1  0.750000  0.793911  0.726104  1\n  Be  Be4  1  0.250000  0.206089  0.273896  1\n  H  H5  1  0.037461  0.280336  0.337862  1\n  H  H6  1  0.537461  0.719664  0.662138  1\n  H  H7  1  0.962539  0.719664  0.662138  1\n  H  H8  1  0.462539  0.280336  0.337862  1\n  H  H9  1  0.250000  0.045132  0.151361  1\n  H  H10  1  0.750000  0.954868  0.848639  1\n"}}