{"phonon": {"ph_bandstructure": [[0.0, 0.0, 0.0, 38.58059599211632, 39.70451183815432, 49.13899756639989, 54.829373994397336, 55.072556272448864, 61.97687709356483, 76.74611934692025, 77.01545712096338, 86.58021195592305, 104.38776121225476, 144.07868719294248, 156.83185331004347, 161.0992214783738, 161.39760640307873, 183.07272956762438, 184.03857957840225, 187.5016967693787, 196.85672995231988, 219.01553822081232, 219.7418735445041, 229.4199988731834, 230.16646328661466, 241.0030350292709, 253.10484815871587, 260.2662323142795, 263.9740052063876, 282.2801261032313]]}, "dielectric": {"eps_electronic": [[7.699592629205618, -1.2849775004443136e-15, 6.219367379306062e-17], [-1.2849775004443136e-15, 7.699592629205618, 6.219367379306062e-17], [1.9075559738673043e-15, 1.9075559738673043e-15, 7.027623407010793]], "eps_total": [[10.954936249803445, -6.601699305420041e-18, 1.600045608609133e-15], [-1.856889773792615e-15, 10.95493625044527, 1.0052290316780836e-15], [2.4757074733346095e-15, 1.5875290536344843e-15, 8.768634051937969]], "becs": [[[3.3808923646661695, 1.3322675832280735e-16, 0.17967552216474858], [-2.2204460823375376e-16, 1.5102725410271678, -3.1363800520106927e-16], [0.6982396902414438, 4.440892164675075e-16, 2.117520268693749]], [[1.5102725410271671, -3.1086245152725526e-16, 4.96824804098784e-16], [-6.661338180838164e-16, 3.3808923646661695, 0.17967552216474786], [1.1546319495806297e-15, 0.698239690241444, 2.1175202686937507]], [[1.5102725410271671, 1.3322675832280735e-16, 6.661338205653582e-17], [-2.2204460823375376e-16, 3.3808923646661695, -0.17967552216474839], [1.1546319495806297e-15, -0.6982396902414436, 2.117520268693748]], [[3.3808923646661695, -7.549516613773179e-16, -0.17967552216474847], [-2.2204460823375376e-16, 1.510272541027167, 2.484124010154162e-16], [-0.6982396902414425, 1.7763568460176954e-15, 2.117520268693749]], [[-0.7509965878023954, -3.1086245152725526e-16, 3.885780644090691e-17], [-2.2204460823375376e-16, -2.1395332675816805, -4.9960036852594596e-17], [1.1546319495806297e-15, -1.332267622932743e-15, -0.883321892354122]], [[-2.139533267581677, -2.0872192909275057e-15, -8.038351401880757e-16], [6.661338114663715e-16, -0.750996587802393, 8.837038559186733e-16], [-6.217248898196207e-16, 4.440892164675075e-16, -0.8833218923541202]], [[-1.4509027248869475, -3.1086245152725526e-16, -0.5448082707823256], [1.5543122311664967e-15, -1.9949972527700914, -1.6098233931511025e-16], [-0.605121422264175, 2.220446055867758e-15, -1.6758593223405305]], [[-1.9949972527700903, 2.3536728075731204e-15, -9.048317644904762e-16], [6.661338114663715e-16, -1.450902724886945, -0.5448082707823249], [-2.398081729219871e-15, -0.6051214222641748, -1.6758593223405323]], [[-1.9949972527700939, 1.4654943878729952e-15, -7.938094620279605e-16], [-2.2204460823375376e-16, -1.4509027248869468, 0.5448082707823265], [-3.2862601489199964e-15, 0.6051214222641739, -1.6758593223405287]], [[-1.450902724886944, -3.1086245152725526e-16, 0.5448082707823275], [-1.110223027933879e-15, -1.9949972527700932, -1.7708057250215872e-15], [0.6051214222641763, -3.1086244623329934e-15, -1.675859322340527]]]}, "metadata": {"formula": "Ga2TeSe2", "nsites": 10, "structure": "# generated using pymatgen\ndata_Ga2TeSe2\n_symmetry_space_group_name_H-M   'P 1'\n_cell_length_a   7.41865663\n_cell_length_b   7.41865663\n_cell_length_c   7.41865663\n_cell_angle_alpha   121.36466426\n_cell_angle_beta   121.36466426\n_cell_angle_gamma   87.65214957\n_symmetry_Int_Tables_number   1\n_chemical_formula_structural   Ga2TeSe2\n_chemical_formula_sum   'Ga4 Te2 Se4'\n_cell_volume   282.496471875\n_cell_formula_units_Z   2\nloop_\n _symmetry_equiv_pos_site_id\n _symmetry_equiv_pos_as_xyz\n  1  'x, y, z'\nloop_\n _atom_site_type_symbol\n _atom_site_label\n _atom_site_symmetry_multiplicity\n _atom_site_fract_x\n _atom_site_fract_y\n _atom_site_fract_z\n _atom_site_occupancy\n  Ga  Ga1  1  0.926131  0.651373  0.725242  1\n  Ga  Ga2  1  0.401373  0.176131  0.225242  1\n  Ga  Ga3  1  0.950889  0.176131  0.774758  1\n  Ga  Ga4  1  0.926131  0.200889  0.274758  1\n  Te  Te5  1  0.525156  0.025156  0.500000  1\n  Te  Te6  1  0.775156  0.775156  0.000000  1\n  Se  Se7  1  0.151791  0.899767  0.747977  1\n  Se  Se8  1  0.649767  0.401791  0.247977  1\n  Se  Se9  1  0.153814  0.401791  0.752023  1\n  Se  Se10  1  0.151791  0.403814  0.252023  1\n"}}