{"phonon": {"ph_bandstructure": [[0.0, 0.0, 0.0, 58.68218664882765, 79.1211009229835, 80.55936860297467, 85.18250699649519, 86.50531061409367, 102.51240429658417, 112.71580816716866, 118.3677666738928, 140.84186646623405, 152.30315242339773, 155.99478530374188, 200.05316448512062, 246.56002077975583, 265.69004090902206, 324.14929468963265, 353.76828362467216, 375.001450997076, 464.7002207985231, 501.8769895114821, 504.22212001685455, 527.2822299089099]]}, "dielectric": {"eps_electronic": [[3.687715697208052, 0.0, 0.0], [0.0, 4.056875206452347, 0.666851885894796], [0.0, 0.6668518858947957, 4.655432454923982]], "eps_total": [[6.70467432601367, 0.0, 0.0], [0.0, 10.443874271070205, 6.095440839299925], [0.0, 6.0954408392999255, 18.34729559123218]], "becs": [[[1.2788295415395416, 1.3877787807814457e-16, -8.326672684688674e-17], [3.4244128076405514e-18, 1.3144852677349768, -0.19445254753030222], [-1.2134263759248569e-17, -0.18165396454978497, 1.3153128329398605]], [[1.2788295415395416, 1.3877787807814457e-16, -8.326672684688674e-17], [6.938893903907228e-18, 1.3144852677349768, -0.19445254753030222], [6.938893903907228e-18, -0.18165396454978494, 1.3153128329398605]], [[1.8009023032699507, -1.6375789613221059e-15, 1.2490009027033011e-15], [-4.652661647162888e-16, 2.861796774417451, 1.390431446887856], [-3.4624064938823495e-17, 1.4529563964179233, 4.125010307365642]], [[1.8009023032699498, 1.3877787807814457e-16, -8.326672684688674e-17], [6.938893903907228e-18, 2.861796774417451, 1.390431446887856], [6.938893903907228e-18, 1.4529563964179228, 4.125010307365642]], [[-1.5398659224047466, 0.48084471025481645, 0.10554693883456753], [0.9835321612100159, -2.088141021076214, -0.5979894496787759], [0.7417731388261251, -0.635651215934069, -2.720161570152751]], [[-1.5398659224047453, -0.48084471025481557, -0.10554693883456837], [-0.9835321612100152, -2.088141021076213, -0.5979894496787772], [-0.7417731388261251, -0.635651215934069, -2.720161570152751]], [[-1.5398659224047466, -0.4808447102548149, -0.10554693883456859], [-0.9835321612100147, -2.088141021076214, -0.5979894496787772], [-0.7417731388261251, -0.635651215934069, -2.720161570152751]], [[-1.5398659224047466, 0.4808447102548151, 0.10554693883456842], [0.983532161210015, -2.088141021076214, -0.5979894496787772], [0.7417731388261251, -0.635651215934069, -2.720161570152751]]]}, "metadata": {"formula": "RbBiO2", "nsites": 8, "structure": "# generated using pymatgen\ndata_RbBiO2\n_symmetry_space_group_name_H-M   'P 1'\n_cell_length_a   5.80793802\n_cell_length_b   5.80793802\n_cell_length_c   6.01114140\n_cell_angle_alpha   67.17559317\n_cell_angle_beta   67.17559317\n_cell_angle_gamma   92.37265254\n_symmetry_Int_Tables_number   1\n_chemical_formula_structural   RbBiO2\n_chemical_formula_sum   'Rb2 Bi2 O4'\n_cell_volume   167.806464306\n_cell_formula_units_Z   2\nloop_\n _symmetry_equiv_pos_site_id\n _symmetry_equiv_pos_as_xyz\n  1  'x, y, z'\nloop_\n _atom_site_type_symbol\n _atom_site_label\n _atom_site_symmetry_multiplicity\n _atom_site_fract_x\n _atom_site_fract_y\n _atom_site_fract_z\n _atom_site_occupancy\n  Rb  Rb1  1  0.633847  0.366153  0.250000  1\n  Rb  Rb2  1  0.366153  0.633847  0.750000  1\n  Bi  Bi3  1  0.902308  0.097692  0.750000  1\n  Bi  Bi4  1  0.097692  0.902308  0.250000  1\n  O  O5  1  0.876381  0.752070  0.714939  1\n  O  O6  1  0.247930  0.123619  0.785061  1\n  O  O7  1  0.752070  0.876381  0.214939  1\n  O  O8  1  0.123619  0.247930  0.285061  1\n"}}