{"phonon": {"ph_bandstructure": [[0.0, 0.0, 0.0, 209.0670647442396, 254.36486139159965, 259.0497961831718, 268.9044600437183, 282.4347880661118, 289.5037745486281, 329.04794421790723, 335.00881734116933, 412.8763006455159, 427.29641997769727, 438.0410876586119, 441.508133740366, 467.367479762639, 482.52006869032436, 494.9483706817007]]}, "dielectric": {"eps_electronic": [[19.08318955059946, 0.0, 0.0], [0.0, 21.935221844750814, 0.0], [0.0, 0.0, 26.427847150332664]], "eps_total": [[41.55917139887939, 0.0, 0.0], [0.0, 32.97658045884009, 0.0], [0.0, 0.0, 37.04985745760856]], "becs": [[[-7.039902752173436, 0.0, 0.0], [0.0, -6.2079318658323555, -0.06843237995503353], [-2.8053667464249073e-27, -1.0876269144560196, -5.734010695666565]], [[-7.039902752173436, 0.0, 0.0], [0.0, -6.207931865832364, 0.06843237995503355], [-2.8053667464249073e-27, 1.0876269144560196, -5.734010695666565]], [[3.5199513762146117, 0.0, 0.0], [0.0, 3.1039659328882587, -0.44175743168766596], [1.3358889915170711e-27, -0.255930681654213, 2.86700534795466]], [[3.5199513762146117, 0.0, 0.0], [0.0, 3.1039659328882587, -0.44175743168766596], [1.603066781061715e-27, -0.255930681654213, 2.86700534795466]], [[3.5199513762146113, 0.0, 0.0], [0.0, 3.1039659328882583, 0.44175743168766585], [1.4694778862893931e-27, 0.255930681654213, 2.86700534795466]], [[3.5199513762146117, 0.0, 0.0], [0.0, 3.1039659328882583, 0.44175743168766596], [1.2023000967447493e-27, 0.25593068165421307, 2.86700534795466]]]}, "metadata": {"formula": "FeP2", "nsites": 6, "structure": "# generated using pymatgen\ndata_FeP2\n_symmetry_space_group_name_H-M   'P 1'\n_cell_length_a   2.68455174\n_cell_length_b   4.91861966\n_cell_length_c   5.57893894\n_cell_angle_alpha   90.00000000\n_cell_angle_beta   90.00000000\n_cell_angle_gamma   90.00000000\n_symmetry_Int_Tables_number   1\n_chemical_formula_structural   FeP2\n_chemical_formula_sum   'Fe2 P4'\n_cell_volume   73.665921757\n_cell_formula_units_Z   2\nloop_\n _symmetry_equiv_pos_site_id\n _symmetry_equiv_pos_as_xyz\n  1  'x, y, z'\nloop_\n _atom_site_type_symbol\n _atom_site_label\n _atom_site_symmetry_multiplicity\n _atom_site_fract_x\n _atom_site_fract_y\n _atom_site_fract_z\n _atom_site_occupancy\n  Fe  Fe1  1  0.500000  0.000000  0.500000  1\n  Fe  Fe2  1  0.000000  0.500000  0.000000  1\n  P  P3  1  0.500000  0.828506  0.866686  1\n  P  P4  1  0.500000  0.171494  0.133314  1\n  P  P5  1  0.000000  0.671494  0.366686  1\n  P  P6  1  0.000000  0.328506  0.633314  1\n"}}