{"phonon": {"ph_bandstructure": [[-19.134579803359685, -19.13457978767677, -19.1345797823523, 0.0, 0.0, 0.0, 68.96224344775699, 68.96224345932114, 70.38200532552781, 70.38200532835124, 70.38200533675038, 99.98228660628489, 125.391270229879, 125.39127023152224, 125.39127023632635, 150.87994519594722, 150.87994519789638, 150.87994519855832, 176.18311668509102, 176.18311668976665, 176.56556018939696, 289.07428798103683, 289.0742879828577, 319.9283448480523, 349.45278851879516, 349.4527885214131, 358.1029177269729]]}, "dielectric": {"eps_electronic": [[3.9809285323338197, -1.5838541840648712e-15, -1.1102230246251565e-15], [-1.8058987889899025e-15, 3.9809285323338184, -2.6645352591003757e-15], [-1.8488588428154604e-15, -2.5149926575905543e-15, 3.9809285323338184]], "eps_total": null, "becs": [[[1.2509404617407651, 2.9605947543919004e-16, -1.973729836261267e-16], [1.973729836261267e-16, 1.2509404617407647, 0.0], [9.876830301888465e-17, 8.181120582129958e-20, 1.2509404617407647]], [[1.2509404617407651, 2.9605947543919004e-16, -1.973729836261267e-16], [1.973729836261267e-16, 1.2509404617407647, 0.0], [9.876830301888465e-17, 8.181120582129958e-20, 1.2509404617407647]], [[1.1405749579324849, 2.9605947543919004e-16, -1.973729836261267e-16], [1.973729836261267e-16, 1.1405749579324844, 0.0], [9.816454050493781e-17, -5.219513081255398e-19, 1.1405749579324844]], [[-1.4167779595106231, 2.9605947543919004e-16, -1.973729836261267e-16], [8.635067984012206e-16, -0.20222499059586593, -8.881784197001252e-16], [7.651663434396154e-16, -8.878323828486671e-16, -0.20222499059586593]], [[-0.20222499059586563, -8.141635491859665e-16, 4.687608311489672e-16], [-6.908054360739985e-16, -0.20222499059586593, 2.220446049250313e-16], [-1.2387102235504093e-16, 2.2153169568195833e-16, -1.4167779595106236]], [[-0.20222499059586563, -8.141635491859665e-16, 4.687608311489672e-16], [-6.908054360739985e-16, -0.20222499059586593, 2.220446049250313e-16], [-1.2387102235504093e-16, 2.2153169568195833e-16, -1.4167779595106236]], [[-1.4167779595106231, 2.9605947543919004e-16, -1.973729836261267e-16], [8.635067984012206e-16, -0.20222499059586593, -8.881784197001252e-16], [7.651663434396154e-16, -8.878323828486671e-16, -0.20222499059586593]], [[-0.20222499059586696, 7.401487051415874e-17, 2.4671621298904612e-17], [-4.687608311489672e-16, -1.4167779595106236, 6.661338147750939e-16], [-7.891458910356037e-16, 6.664798516265521e-16, -0.20222499059586593]], [[-0.20222499059586696, 7.401487051415874e-17, 2.4671621298904612e-17], [-4.687608311489672e-16, -1.4167779595106236, 6.661338147750939e-16], [-7.891458910356037e-16, 6.664798516265521e-16, -0.20222499059586593]]]}, "metadata": {"formula": "K2PdCl6", "nsites": 9, "structure": "# generated using pymatgen\ndata_K2PdCl6\n_symmetry_space_group_name_H-M   'P 1'\n_cell_length_a   6.83636098\n_cell_length_b   6.83636098\n_cell_length_c   6.83636098\n_cell_angle_alpha   60.00000000\n_cell_angle_beta   60.00000000\n_cell_angle_gamma   60.00000000\n_symmetry_Int_Tables_number   1\n_chemical_formula_structural   K2PdCl6\n_chemical_formula_sum   'K2 Pd1 Cl6'\n_cell_volume   225.922747786\n_cell_formula_units_Z   1\nloop_\n _symmetry_equiv_pos_site_id\n _symmetry_equiv_pos_as_xyz\n  1  'x, y, z'\nloop_\n _atom_site_type_symbol\n _atom_site_label\n _atom_site_symmetry_multiplicity\n _atom_site_fract_x\n _atom_site_fract_y\n _atom_site_fract_z\n _atom_site_occupancy\n  K  K1  1  0.250000  0.250000  0.250000  1\n  K  K2  1  0.750000  0.750000  0.750000  1\n  Pd  Pd3  1  0.000000  0.000000  0.000000  1\n  Cl  Cl4  1  0.239145  0.760855  0.760855  1\n  Cl  Cl5  1  0.239145  0.239145  0.760855  1\n  Cl  Cl6  1  0.760855  0.760855  0.239145  1\n  Cl  Cl7  1  0.760855  0.239145  0.239145  1\n  Cl  Cl8  1  0.239145  0.760855  0.239145  1\n  Cl  Cl9  1  0.760855  0.239145  0.760855  1\n"}}