{"phonon": {"ph_bandstructure": [[0.0, 0.0, 0.0, 42.97004831812771, 42.97004832227006, 100.94973347959561]]}, "dielectric": {"eps_electronic": [[73.45651878055874, 7.39807125845673e-14, 7.105427357601002e-14], [6.159018366413616e-14, 73.45651878055874, 6.394884621840902e-14], [6.577988130823459e-14, 6.577988130823459e-14, 73.45651878055874]], "eps_total": [[405.4235870727002, -3.0113960032726327e-09, -7.125322554202285e-10], [-3.011377837557334e-09, 405.4235871151283, 3.177262897224864e-10], [-7.125539064027633e-10, 3.1773306044938193e-10, 405.42358713002875]], "becs": [[[5.57800624182842, 0.0, 0.0], [0.0, 5.57800624182842, 0.0], [6.629899826086314e-20, 6.629899826086314e-20, 5.57800624182842]], [[-5.57800624182842, 0.0, 0.0], [0.0, -5.57800624182842, 0.0], [-6.629899826086314e-20, -6.629899826086314e-20, -5.57800624182842]]]}, "metadata": {"formula": "SnSe", "nsites": 2, "structure": "# generated using pymatgen\ndata_SnSe\n_symmetry_space_group_name_H-M   'P 1'\n_cell_length_a   4.20763562\n_cell_length_b   4.20763562\n_cell_length_c   4.20763562\n_cell_angle_alpha   60.00000000\n_cell_angle_beta   60.00000000\n_cell_angle_gamma   60.00000000\n_symmetry_Int_Tables_number   1\n_chemical_formula_structural   SnSe\n_chemical_formula_sum   'Sn1 Se1'\n_cell_volume   52.6743725087\n_cell_formula_units_Z   1\nloop_\n _symmetry_equiv_pos_site_id\n _symmetry_equiv_pos_as_xyz\n  1  'x, y, z'\nloop_\n _atom_site_type_symbol\n _atom_site_label\n _atom_site_symmetry_multiplicity\n _atom_site_fract_x\n _atom_site_fract_y\n _atom_site_fract_z\n _atom_site_occupancy\n  Sn  Sn1  1  0.000000  0.000000  0.000000  1\n  Se  Se2  1  0.500000  0.500000  0.500000  1\n"}}