{"phonon": {"ph_bandstructure": [[0.0, 0.0, 0.0, 62.79720640830102, 62.797206414644045, 71.20608809477058, 71.20803687835576, 87.30894269447168, 94.07583496662137, 101.45772117006281, 101.4577211740194, 103.77857567371632, 701.9700980885833, 719.0036868491169, 719.4681990869889, 719.4681990879001, 798.7168032354388, 811.4602498989569]]}, "dielectric": {"eps_electronic": [[4.8091405589901495, 0.0, 0.0], [0.0, 4.8091405589901495, 0.0], [0.0, 0.0, 4.840973723070931]], "eps_total": [[9.079516025129067, -1.1564235897001949e-15, 0.0], [-1.1564235897001949e-15, 9.07951602541287, 0.0], [0.0, 0.0, 11.240476898799574]], "becs": [[[2.466361906762579, 0.0, 0.0], [0.0, 2.466361906762578, 0.0], [-3.5591903035956785e-22, -3.730031447552855e-22, 2.437543324695871]], [[2.466361906762578, 0.0, 0.0], [0.0, 2.466361906762578, 0.0], [-7.932723458557955e-22, -8.103564602515131e-22, 2.437543324695871]], [[-1.1487689323492152, 0.0, 0.0], [0.0, -1.1487689323492143, 0.0], [2.7619318344357364e-22, 3.1036141070757017e-22, -1.0342890704913188]], [[-1.148768932349215, 0.0, 0.0], [0.0, -1.148768932349214, 0.0], [3.001109428847736e-22, 3.3086234737145584e-22, -1.0342890704913188]], [[-1.3175929744146928, 0.0, 0.0], [0.0, -1.3175929744146935, 0.0], [3.001109428847736e-22, 2.8302682848905597e-22, -1.403254254223122]], [[-1.3175929744146928, 0.0, 0.0], [0.0, -1.3175929744146935, 0.0], [2.7277636066625933e-22, 2.59109069047856e-22, -1.403254254223122]]]}, "metadata": {"formula": "BaHI", "nsites": 6, "structure": "# generated using pymatgen\ndata_BaHI\n_symmetry_space_group_name_H-M   'P 1'\n_cell_length_a   4.67462991\n_cell_length_b   4.67462991\n_cell_length_c   7.58279344\n_cell_angle_alpha   90.00000000\n_cell_angle_beta   90.00000000\n_cell_angle_gamma   90.00000000\n_symmetry_Int_Tables_number   1\n_chemical_formula_structural   BaHI\n_chemical_formula_sum   'Ba2 H2 I2'\n_cell_volume   165.700451772\n_cell_formula_units_Z   2\nloop_\n _symmetry_equiv_pos_site_id\n _symmetry_equiv_pos_as_xyz\n  1  'x, y, z'\nloop_\n _atom_site_type_symbol\n _atom_site_label\n _atom_site_symmetry_multiplicity\n _atom_site_fract_x\n _atom_site_fract_y\n _atom_site_fract_z\n _atom_site_occupancy\n  Ba  Ba1  1  0.000000  0.500000  0.826679  1\n  Ba  Ba2  1  0.500000  0.000000  0.173321  1\n  H  H3  1  0.000000  0.000000  0.000000  1\n  H  H4  1  0.500000  0.500000  0.000000  1\n  I  I5  1  0.500000  0.000000  0.659776  1\n  I  I6  1  0.000000  0.500000  0.340224  1\n"}}