{"phonon": {"ph_bandstructure": [[-0.00676198257492726, -0.004181188570474218, 0.0, 75.26420367564073, 110.25109954620582, 133.4138030305239, 151.57976812698755, 165.6725177669894, 172.47837179815065, 172.5566746205964, 177.11481953499688, 181.04000475569003, 195.17244494831874, 200.85775762354837, 216.55989716775798, 231.69617290914644, 253.1914897913932, 281.25800029300683, 328.3659535935183, 357.02077313166495, 387.418308297174, 411.3582982370058, 432.3693059905263, 504.39296327554973]]}, "dielectric": {"eps_electronic": [[5.608145468115229, 0.0, 0.0], [0.0, 6.278427476181754, 0.5434948768663156], [0.0, 0.5434948768663141, 5.534149557937196]], "eps_total": [[12.234435616731986, 0.0, 0.0], [0.0, 19.860310944837288, 11.082845389620449], [0.0, 11.082845389620449, 26.89355906157566]], "becs": [[[1.1577514467684797, 5.551115123125783e-17, 2.8102520310824275e-16], [2.914335439641036e-16, 1.1103292143159247, -0.07372035284211409], [2.0816681711721685e-17, -0.06442588539272812, 1.2265160762727378]], [[1.1577514467684797, 5.551115123125783e-17, 2.8102520310824275e-16], [2.914335439641036e-16, 1.1103292143159247, -0.07372035284211409], [2.0816681711721685e-17, -0.06442588539272812, 1.2265160762727378]], [[3.306401290892574, -1.0547118733938987e-15, 2.5638674080582177e-16], [-1.2921466408774828e-15, 3.8923333306924706, 1.1201876450229382], [-7.450491118565373e-17, 1.1537546697302181, 3.9311671864052595]], [[3.3064012908925733, 2.7755575615628914e-16, -1.6306400674181987e-16], [4.842101985227676e-16, 3.8923333306924706, 1.1201876450229378], [-7.450491118565373e-17, 1.1537546697302181, 3.9311671864052595]], [[-2.2320763688305263, 1.0970120816418794, 0.1404156394640032], [1.5647742134459528, -2.5013312725041965, -0.5232336460904118], [0.5362812625245351, -0.544664392168745, -2.5788416313389986]], [[-2.232076368830527, -1.097012081641879, -0.14041563946400354], [-1.5647742134459537, -2.5013312725041974, -0.5232336460904122], [-0.5362812625245351, -0.544664392168745, -2.5788416313389995]], [[-2.232076368830527, -1.097012081641879, -0.14041563946400354], [-1.5647742134459537, -2.5013312725041974, -0.5232336460904113], [-0.5362812625245351, -0.544664392168745, -2.5788416313389986]], [[-2.232076368830527, 1.0970120816418798, 0.1404156394640032], [1.5647742134459546, -2.5013312725041974, -0.5232336460904122], [0.5362812625245351, -0.544664392168745, -2.5788416313389995]]]}, "metadata": {"formula": "NaBiO2", "nsites": 8, "structure": "# generated using pymatgen\ndata_NaBiO2\n_symmetry_space_group_name_H-M   'P 1'\n_cell_length_a   5.04088477\n_cell_length_b   5.04088477\n_cell_length_c   5.91912785\n_cell_angle_alpha   65.01441286\n_cell_angle_beta   65.01441286\n_cell_angle_gamma   89.02510107\n_symmetry_Int_Tables_number   1\n_chemical_formula_structural   NaBiO2\n_chemical_formula_sum   'Na2 Bi2 O4'\n_cell_volume   121.165345992\n_cell_formula_units_Z   2\nloop_\n _symmetry_equiv_pos_site_id\n _symmetry_equiv_pos_as_xyz\n  1  'x, y, z'\nloop_\n _atom_site_type_symbol\n _atom_site_label\n _atom_site_symmetry_multiplicity\n _atom_site_fract_x\n _atom_site_fract_y\n _atom_site_fract_z\n _atom_site_occupancy\n  Na  Na1  1  0.627526  0.372474  0.750000  1\n  Na  Na2  1  0.372474  0.627526  0.250000  1\n  Bi  Bi3  1  0.879586  0.120414  0.250000  1\n  Bi  Bi4  1  0.120414  0.879586  0.750000  1\n  O  O5  1  0.868381  0.699405  0.242647  1\n  O  O6  1  0.300595  0.131619  0.257353  1\n  O  O7  1  0.699405  0.868381  0.742647  1\n  O  O8  1  0.131619  0.300595  0.757353  1\n"}}