{"phonon": {"ph_bandstructure": [[0.0, 0.0, 0.0, 50.96690879838145, 50.96690880495822, 76.78998314833079, 82.19083745360874, 84.0633394940921, 92.98430762155988, 189.30371454085477, 199.66404292200812, 206.20547530373813, 206.2054753057421, 208.6273611519653, 223.04986857832802]]}, "dielectric": {"eps_electronic": [[15.004786299608117, -3.552713678800501e-15, -1.4122505289046305e-24], [-4.440892098500626e-15, 15.004786299588819, -2.446089669077154e-24], [1.4693679385278594e-39, 3.913743470523447e-23, 12.918337501686445]], "eps_total": [[20.87813681066919, -7.105427357601002e-15, -1.4122505289046305e-24], [-8.881784197001252e-15, 20.87813681101298, -2.446089669077154e-24], [1.4693679385278594e-39, 3.913743470523447e-23, 20.69422118273069]], "becs": [[[2.5079310847846643, -4.440892164675075e-16, 2.6688529589773854e-24], [-1.3322676494025225e-15, 2.5079310847846656, -2.311294185910365e-23], [-2.6481454410792465e-23, -4.9143455894311965e-24, 3.3728533976610664]], [[1.8957965437025917, -6.617444900424222e-24, 1.6013115566569218e-23], [-1.9852334701272664e-23, 1.895796543702592, -1.3867764598847706e-22], [-2.1752623311307073e-23, -1.856530513064143e-23, 1.6594084360551782]], [[1.8957965437025925, -4.440892164675075e-16, -2.4019672256206276e-23], [-1.3322676494025225e-15, 1.895796543702593, -6.933882351085301e-23], [-9.93054556259359e-24, -6.2794415435522194e-24, 1.6594084360551782]], [[-3.1497620845716727, 4.440892032326177e-16, 4.270164078175288e-23], [1.3322676096978531e-15, -3.149762084571674, 2.3112940722551785e-22], [1.844244103431876e-23, 7.371517997658008e-24, -3.345835135135452]], [[-3.1497620845716727, 4.440892032326177e-16, -3.7363934863798106e-23], [1.3322676096978531e-15, -3.149762084571674, -1.0332289685809335e-30], [3.9722180982003034e-23, 2.2387573492989268e-23, -3.345835135135452]]]}, "metadata": {"formula": "Ba(MgBi)2", "nsites": 5, "structure": "# generated using pymatgen\ndata_Ba(MgBi)2\n_symmetry_space_group_name_H-M   'P 1'\n_cell_length_a   4.86069023\n_cell_length_b   4.86069023\n_cell_length_c   8.18413056\n_cell_angle_alpha   90.00000000\n_cell_angle_beta   90.00000000\n_cell_angle_gamma   120.00000000\n_symmetry_Int_Tables_number   1\n_chemical_formula_structural   Ba(MgBi)2\n_chemical_formula_sum   'Ba1 Mg2 Bi2'\n_cell_volume   167.455366014\n_cell_formula_units_Z   1\nloop_\n _symmetry_equiv_pos_site_id\n _symmetry_equiv_pos_as_xyz\n  1  'x, y, z'\nloop_\n _atom_site_type_symbol\n _atom_site_label\n _atom_site_symmetry_multiplicity\n _atom_site_fract_x\n _atom_site_fract_y\n _atom_site_fract_z\n _atom_site_occupancy\n  Ba  Ba1  1  0.000000  0.000000  0.000000  1\n  Mg  Mg2  1  0.333333  0.666667  0.623727  1\n  Mg  Mg3  1  0.666667  0.333333  0.376273  1\n  Bi  Bi4  1  0.666667  0.333333  0.738388  1\n  Bi  Bi5  1  0.333333  0.666667  0.261612  1\n"}}