{"phonon": {"ph_bandstructure": [[-0.005857989699733194, -0.005347968058731878, 0.0, 59.81249394169916, 59.81249394444661, 67.78897055997977, 67.91108253145525, 83.78666011483361, 88.9848246213084, 95.81676243014313, 109.6457195272296, 110.09327820924263, 110.75097290062796, 128.41700633069965, 130.61650460851314, 170.2537634106198, 170.2537634124298, 188.13284356497147, 192.58602275184626, 202.90422349918245, 226.73380418044334]]}, "dielectric": {"eps_electronic": [[19.236327232814777, 1.0000589834233953e-16, 3.714153066314728e-15], [1.2689422881122843e-16, 19.236327232814773, -3.653516243304602e-15], [7.292609440777984e-16, -1.0470958953224522e-15, 13.10520572732593]], "eps_total": [[29.156915820404347, 8.433209672075617e-11, -2.001592302799021e-15], [8.433385373650655e-11, 29.15691582098478, -4.1129595894422735e-16], [-7.376391153478778e-15, 3.2817498829227247e-15, 16.756480050372915]], "becs": [[[2.577137334268801, -1.1963260004106613, 1.879174525314935e-17], [1.1963260004106613, 2.5771373342687998, 1.879174525314935e-17], [2.537652939679903e-16, 1.0785023951392016e-15, 3.517455431703083]], [[2.577137334268801, -1.1963260004106613, 1.879174525314935e-17], [1.1963260004106613, 2.5771373342687998, 1.879174525314935e-17], [2.537652939679903e-16, 1.0785023951392016e-15, 3.517455431703083]], [[-3.677251934760841, 0.5099077280449889, -1.1275046563850106e-16], [-0.10970598381173641, -1.477147587375921, -1.1275046563850106e-16], [2.537652939679903e-16, 1.903239754390764e-16, -1.4438666491298577]], [[-3.677251934760841, 0.5099077280449889, -1.1275046563850106e-16], [-0.10970598381173641, -1.477147587375921, -1.1275046563850106e-16], [2.537652939679903e-16, 1.903239754390764e-16, -1.4438666491298577]], [[-1.4771475873759203, 0.10970598381173698, 8.456285069897455e-17], [-0.5099077280449884, -3.6772519347608377, 8.456285069897455e-17], [-1.0785023355821975e-15, -1.1419436541111114e-15, -1.4438666491298577]], [[-1.4771475873759203, 0.10970598381173698, 8.456285069897455e-17], [-0.5099077280449884, -3.6772519347608377, 8.456285069897455e-17], [-1.0785023355821975e-15, -1.1419436541111114e-15, -1.4438666491298577]], [[5.154524375245529, 1.1534245771155271, 1.879174525314935e-17], [-1.1534245771155298, 5.154524375245527, 1.879174525314935e-17], [1.1419437136681155e-15, -2.537652344109862e-16, -1.2594442666005219]]]}, "metadata": {"formula": "Ga2Te5", "nsites": 7, "structure": "# generated using pymatgen\ndata_Ga2Te5\n_symmetry_space_group_name_H-M   'P 1'\n_cell_length_a   6.53170393\n_cell_length_b   6.53170393\n_cell_length_c   6.53170393\n_cell_angle_alpha   105.81150635\n_cell_angle_beta   105.81150635\n_cell_angle_gamma   117.06834725\n_symmetry_Int_Tables_number   1\n_chemical_formula_structural   Ga2Te5\n_chemical_formula_sum   'Ga2 Te5'\n_cell_volume   211.651044669\n_cell_formula_units_Z   1\nloop_\n _symmetry_equiv_pos_site_id\n _symmetry_equiv_pos_as_xyz\n  1  'x, y, z'\nloop_\n _atom_site_type_symbol\n _atom_site_label\n _atom_site_symmetry_multiplicity\n _atom_site_fract_x\n _atom_site_fract_y\n _atom_site_fract_z\n _atom_site_occupancy\n  Ga  Ga1  1  0.750000  0.250000  0.500000  1\n  Ga  Ga2  1  0.250000  0.750000  0.500000  1\n  Te  Te3  1  0.806126  0.670167  0.476293  1\n  Te  Te4  1  0.193874  0.329833  0.523707  1\n  Te  Te5  1  0.329833  0.806126  0.135960  1\n  Te  Te6  1  0.670167  0.193874  0.864040  1\n  Te  Te7  1  0.000000  0.000000  0.000000  1\n"}}