{"phonon": {"ph_bandstructure": [[-0.11107542763383757, -0.08453748915074354, -0.02815561230401326, 274.59638923783996, 283.94721204166916, 287.48283160573766, 299.2540475273707, 322.6094589766458, 328.4823867716975, 355.13073184532954, 375.4816805111068, 406.47056690998096, 424.4537383401374, 424.58753733019296, 425.2192639599064, 453.50272368870395, 472.91451475859094, 500.41350398101247, 519.3658770208457, 558.6478158362331, 561.2585438461498, 565.603041865033, 592.438887119695, 606.7599483343507, 613.7255256915864, 629.8151552971698, 682.5153040360763, 697.6974992830154, 715.2072674593803, 810.5680800823343, 833.2074328346138, 888.143394611656, 900.9085403043208, 1020.9255361016137, 1021.5974908072266, 1081.4857545946418]]}, "dielectric": {"eps_electronic": [[4.575897159658423, 0.0, 0.0], [0.0, 4.301464964432824, 0.31076269298502684], [0.0, 0.31076269298502657, 4.65638116290976]], "eps_total": [[9.62359024989539, 0.0, 0.0], [0.0, 8.428997534376363, 1.6185473566262747], [0.0, 1.6185473566262745, 10.343055151866169]], "becs": [[[0.9274873361958939, -0.029224376184026457, -0.07273080652197503], [-0.010570012758156035, 0.9746114047689751, -0.04657428830558093], [-0.03478245860563489, -0.04123233291611613, 0.9636112550149953]], [[0.9274873361958943, 0.029224376184026447, 0.07273080652197503], [0.010570012758156012, 0.9746114047689751, -0.04657428830558093], [0.034782458605634906, -0.04123233291611613, 0.9636112550149953]], [[0.9274873361958939, -0.029224376184026457, -0.07273080652197503], [-0.010570012758156038, 0.9746114047689751, -0.04657428830558093], [-0.034782458605634906, -0.04123233291611613, 0.9636112550149953]], [[0.9274873361958939, 0.02922437618402645, 0.07273080652197503], [0.010570012758156012, 0.9746114047689751, -0.04657428830558093], [0.034782458605634906, -0.04123233291611614, 0.9636112550149953]], [[1.6486436279370795, -0.5267397512153363, 0.005514122729195416], [-0.43863012603876816, 1.1229628049993652, 0.5927182270855106], [0.2162512470757357, 0.5490181402420861, 1.6661443907369629]], [[1.64864362793708, 0.5267397512153364, -0.00551412272919544], [0.4386301260387683, 1.1229628049993652, 0.5927182270855107], [-0.21625124707573573, 0.5490181402420861, 1.6661443907369629]], [[1.6486436279370795, -0.5267397512153364, 0.005514122729195443], [-0.43863012603876816, 1.1229628049993652, 0.5927182270855107], [0.2162512470757357, 0.5490181402420862, 1.6661443907369629]], [[1.6486436279370795, 0.5267397512153364, -0.00551412272919544], [0.43863012603876816, 1.1229628049993652, 0.5927182270855107], [-0.2162512470757357, 0.5490181402420861, 1.6661443907369629]], [[-2.5761309641334087, -0.02035188208153496, 0.4239623648287455], [0.06998593104319274, -2.097574209783994, -0.5461439387967038], [0.4850510183181822, -0.5077858073410693, -2.629755645781413]], [[-2.5761309641334087, 0.020351882081534954, -0.4239623648287455], [-0.06998593104319277, -2.097574209783994, -0.5461439387967038], [-0.4850510183181822, -0.5077858073410693, -2.629755645781413]], [[-2.5761309641334065, -0.02035188208153496, 0.4239623648287455], [0.06998593104319274, -2.097574209783994, -0.5461439387967051], [0.4850510183181822, -0.5077858073410693, -2.6297556457814153]], [[-2.5761309641334087, 0.020351882081534954, -0.4239623648287455], [-0.06998593104319277, -2.097574209783994, -0.5461439387967038], [-0.4850510183181822, -0.5077858073410693, -2.629755645781413]]]}, "metadata": {"formula": "LiBeN", "nsites": 12, "structure": "# generated using pymatgen\ndata_LiBeN\n_symmetry_space_group_name_H-M   'P 1'\n_cell_length_a   4.71084572\n_cell_length_b   4.51224945\n_cell_length_c   5.79191414\n_cell_angle_alpha   54.69780727\n_cell_angle_beta   90.00000000\n_cell_angle_gamma   90.00000000\n_symmetry_Int_Tables_number   1\n_chemical_formula_structural   LiBeN\n_chemical_formula_sum   'Li4 Be4 N4'\n_cell_volume   100.476780217\n_cell_formula_units_Z   4\nloop_\n _symmetry_equiv_pos_site_id\n _symmetry_equiv_pos_as_xyz\n  1  'x, y, z'\nloop_\n _atom_site_type_symbol\n _atom_site_label\n _atom_site_symmetry_multiplicity\n _atom_site_fract_x\n _atom_site_fract_y\n _atom_site_fract_z\n _atom_site_occupancy\n  Li  Li1  1  0.544439  0.323628  0.411417  1\n  Li  Li2  1  0.044439  0.676372  0.088583  1\n  Li  Li3  1  0.455561  0.676372  0.588583  1\n  Li  Li4  1  0.955561  0.323628  0.911417  1\n  Be  Be5  1  0.393765  0.083933  0.106288  1\n  Be  Be6  1  0.893765  0.916067  0.393712  1\n  Be  Be7  1  0.606235  0.916067  0.893712  1\n  Be  Be8  1  0.106235  0.083933  0.606288  1\n  N  N9  1  0.197061  0.152931  0.300527  1\n  N  N10  1  0.697061  0.847069  0.199473  1\n  N  N11  1  0.802939  0.847069  0.699473  1\n  N  N12  1  0.302939  0.152931  0.800527  1\n"}}