{"phonon": {"ph_bandstructure": [[0.0, 0.0, 0.0, 86.61929536207197, 86.61929536669155, 93.97684161375794, 98.66664801646614, 112.65600625431338, 131.96666537119597, 131.96666537426563, 141.2763209529029, 141.66099392894512, 769.2461408748101, 834.966620703193, 853.1381231720202, 853.138123172912, 886.4506883544026, 909.8364480879894]]}, "dielectric": {"eps_electronic": [[4.100359996136032, 0.0, 1.9882329294609127e-33], [0.0, 4.100359996136032, 9.941164647304563e-34], [1.9882329294609127e-33, 9.941164647304563e-34, 4.157206711987006]], "eps_total": [[8.609786171998444, 4.626529956803247e-15, 1.9882329294609127e-33], [4.626529956803247e-15, 8.609786172203405, 9.941164647304563e-34], [1.9882329294609127e-33, 9.941164647304563e-34, 10.92842372088576]], "becs": [[[2.2975696928419227, 0.0, 0.0], [0.0, 2.2975696928419223, 0.0], [-8.797805759388322e-33, -6.716416304167757e-33, 2.2641197632365033]], [[2.2975696928419227, 0.0, 0.0], [0.0, 2.297569692841921, 0.0], [-9.270054029417336e-34, 0.0, 2.2641197632365033]], [[-0.9863717183230398, 0.0, 0.0], [0.0, -0.9863717183230392, 0.0], [7.5209867310020535e-34, -1.679104076041939e-33, -0.9652223832671094]], [[-0.9863717183230398, 0.0, 0.0], [0.0, -0.9863717183230387, 0.0], [-2.6061094789836727e-33, 1.679104076041939e-33, -0.9652223832671096]], [[-1.3111979745206939, 0.0, 0.0], [0.0, -1.3111979745206932, 0.0], [5.7894109012260224e-33, 0.0, -1.298897379974088]], [[-1.3111979745206939, 0.0, 0.0], [0.0, -1.3111979745206932, 0.0], [5.7894109012260224e-33, 6.716416304167757e-33, -1.298897379974088]]]}, "metadata": {"formula": "SrHBr", "nsites": 6, "structure": "# generated using pymatgen\ndata_SrHBr\n_symmetry_space_group_name_H-M   'P 1'\n_cell_length_a   4.17699974\n_cell_length_b   4.17699974\n_cell_length_c   7.15041863\n_cell_angle_alpha   90.00000000\n_cell_angle_beta   90.00000000\n_cell_angle_gamma   90.00000000\n_symmetry_Int_Tables_number   1\n_chemical_formula_structural   SrHBr\n_chemical_formula_sum   'Sr2 H2 Br2'\n_cell_volume   124.75569105\n_cell_formula_units_Z   2\nloop_\n _symmetry_equiv_pos_site_id\n _symmetry_equiv_pos_as_xyz\n  1  'x, y, z'\nloop_\n _atom_site_type_symbol\n _atom_site_label\n _atom_site_symmetry_multiplicity\n _atom_site_fract_x\n _atom_site_fract_y\n _atom_site_fract_z\n _atom_site_occupancy\n  Sr  Sr1  1  0.500000  0.000000  0.812350  1\n  Sr  Sr2  1  0.000000  0.500000  0.187650  1\n  H  H3  1  0.500000  0.500000  0.000000  1\n  H  H4  1  0.000000  0.000000  0.000000  1\n  Br  Br5  1  0.000000  0.500000  0.652781  1\n  Br  Br6  1  0.500000  0.000000  0.347219  1\n"}}