{"phonon": {"ph_bandstructure": [[0.0, 0.0, 0.0, 74.7219329636116, 74.72193296604402, 120.80637755800704]]}, "dielectric": {"eps_electronic": [[3.001097514477855, 0.0, 0.0], [0.0, 3.001097514477855, 0.0], [0.0, 0.0, 3.001097514477855]], "eps_total": [[7.844470516375011, 5.688628010436762e-16, 0.0], [5.688628010436762e-16, 7.844470516595075, -1.3817817875148852e-16], [0.0, -1.3817817875148852e-16, 7.844470516676333]], "becs": [[[1.2383222091619568, 0.0, 0.0], [0.0, 1.2383222091619568, 0.0], [0.0, 0.0, 1.2383222091619568]], [[-1.2383222091619568, 0.0, 0.0], [0.0, -1.2383222091619568, 0.0], [0.0, 0.0, -1.2383222091619568]]]}, "metadata": {"formula": "RbBr", "nsites": 2, "structure": "# generated using pymatgen\ndata_RbBr\n_symmetry_space_group_name_H-M   'P 1'\n_cell_length_a   4.07297542\n_cell_length_b   4.07297542\n_cell_length_c   4.07297542\n_cell_angle_alpha   90.00000000\n_cell_angle_beta   90.00000000\n_cell_angle_gamma   90.00000000\n_symmetry_Int_Tables_number   1\n_chemical_formula_structural   RbBr\n_chemical_formula_sum   'Rb1 Br1'\n_cell_volume   67.5671137504\n_cell_formula_units_Z   1\nloop_\n _symmetry_equiv_pos_site_id\n _symmetry_equiv_pos_as_xyz\n  1  'x, y, z'\nloop_\n _atom_site_type_symbol\n _atom_site_label\n _atom_site_symmetry_multiplicity\n _atom_site_fract_x\n _atom_site_fract_y\n _atom_site_fract_z\n _atom_site_occupancy\n  Rb  Rb1  1  0.000000  0.000000  0.000000  1\n  Br  Br2  1  0.500000  0.500000  0.500000  1\n"}}