{"phonon": {"ph_bandstructure": [[0.0, 0.0, 0.0, 136.27978775365085, 136.27978775507958, 203.52129893135506]]}, "dielectric": {"eps_electronic": [[2.9447480208974235, 1.6342385376884377e-15, 1.7763568394002505e-15], [1.6342385376884377e-15, 2.9447480208974235, 1.7763568394002505e-15], [2.009617813076303e-15, 2.009617813076303e-15, 2.944748020897424]], "eps_total": [[6.567573972648653, 2.5431094780661056e-15, 1.7645795935550268e-10], [2.5640077207191446e-15, 6.567573972703813, 8.848788368709393e-11], [1.76459118798282e-10, 8.848948721908309e-11, 6.567573972732282]], "becs": [[[1.1276516307995874, 0.0, 0.0], [0.0, 1.1276516307995874, 0.0], [-8.658039417417804e-20, -8.658039417417804e-20, 1.1276516307995874]], [[-1.1276516307995874, 0.0, 0.0], [0.0, -1.1276516307995874, 0.0], [8.658039417417804e-20, 8.658039417417804e-20, -1.1276516307995874]]]}, "metadata": {"formula": "NaBr", "nsites": 2, "structure": "# generated using pymatgen\ndata_NaBr\n_symmetry_space_group_name_H-M   'P 1'\n_cell_length_a   4.19199493\n_cell_length_b   4.19199493\n_cell_length_c   4.19199493\n_cell_angle_alpha   60.00000000\n_cell_angle_beta   60.00000000\n_cell_angle_gamma   60.00000000\n_symmetry_Int_Tables_number   1\n_chemical_formula_structural   NaBr\n_chemical_formula_sum   'Na1 Br1'\n_cell_volume   52.0891473129\n_cell_formula_units_Z   1\nloop_\n _symmetry_equiv_pos_site_id\n _symmetry_equiv_pos_as_xyz\n  1  'x, y, z'\nloop_\n _atom_site_type_symbol\n _atom_site_label\n _atom_site_symmetry_multiplicity\n _atom_site_fract_x\n _atom_site_fract_y\n _atom_site_fract_z\n _atom_site_occupancy\n  Na  Na1  1  0.000000  0.000000  0.000000  1\n  Br  Br2  1  0.500000  0.500000  0.500000  1\n"}}