{"phonon": {"ph_bandstructure": [[0.0, 0.0, 0.0, 62.145208493442375, 67.32372494386745, 95.63197837604426, 158.63679832203016, 158.63679832378654, 182.95109476717437, 192.6402160860673, 231.28915842537472, 250.10656880027565]]}, "dielectric": {"eps_electronic": [[6.188029834647768, 0.0, -0.11231694374408498], [0.0, 6.84814166032354, 0.0], [-0.11231694374408403, 0.0, 6.829031116744826]], "eps_total": [[11.40312628352355, 1.0436096431476471e-14, -0.3845052881464569], [6.581244059121638e-15, 13.66294995124482, 1.6409085497711248e-15], [-0.3845052881464539, 8.881784197001252e-16, 13.597527007760918]], "becs": [[[2.0462219298553475, 0.0, -0.05109902010707579], [0.0, 2.3465423117448294, 0.0], [-0.051099020110717736, 0.0, 2.337847897334254]], [[2.0462219298553475, 0.0, -0.05109902010707579], [0.0, 2.3465423117448294, 0.0], [-0.051099020110717736, 0.0, 2.337847897334254]], [[-2.3712015659807504, 0.0, 0.16229897844645258], [0.0, -3.32506899993888, 0.0], [0.16229897845801913, 0.0, -3.2974540951115543]], [[-1.7212422937299439, 0.0, -0.060100938232301004], [0.0, -1.3680156235507794, 0.0], [-0.06010093823658365, 0.0, -1.378241699556954]]]}, "metadata": {"formula": "Ca2AsI", "nsites": 4, "structure": "# generated using pymatgen\ndata_Ca2AsI\n_symmetry_space_group_name_H-M   'P 1'\n_cell_length_a   7.75632344\n_cell_length_b   7.75632344\n_cell_length_c   7.75632344\n_cell_angle_alpha   32.40034446\n_cell_angle_beta   32.40034446\n_cell_angle_gamma   32.40034446\n_symmetry_Int_Tables_number   1\n_chemical_formula_structural   Ca2AsI\n_chemical_formula_sum   'Ca2 As1 I1'\n_cell_volume   119.111726654\n_cell_formula_units_Z   1\nloop_\n _symmetry_equiv_pos_site_id\n _symmetry_equiv_pos_as_xyz\n  1  'x, y, z'\nloop_\n _atom_site_type_symbol\n _atom_site_label\n _atom_site_symmetry_multiplicity\n _atom_site_fract_x\n _atom_site_fract_y\n _atom_site_fract_z\n _atom_site_occupancy\n  Ca  Ca1  1  0.231901  0.231901  0.231901  1\n  Ca  Ca2  1  0.768099  0.768099  0.768099  1\n  As  As3  1  0.500000  0.500000  0.500000  1\n  I  I4  1  0.000000  0.000000  0.000000  1\n"}}