{"phonon": {"ph_bandstructure": [[0.0, 0.0, 0.0, 46.340217128243474, 58.311417939983116, 61.23061606071667, 67.13022397349822, 67.30984646651942, 78.1760891827348, 94.39725306093466, 116.29220322325732, 132.91852274405122, 137.25186543818717, 143.0261426054528, 180.76232801880806, 232.1079518579111, 256.32797523680824, 328.98349597292537, 353.0978661679506, 374.80047773972854, 473.92986533599174, 512.9183455680632, 515.871127089396, 542.5460230989179]]}, "dielectric": {"eps_electronic": [[3.561389192392394, 0.0, 0.0], [0.0, 3.8846409184604838, 0.5522460189182565], [0.0, 0.5522460189182561, 4.61232534236767]], "eps_total": [[6.962942134316418, 0.0, 0.0], [0.0, 10.796779643856164, 4.946494264048203], [0.0, 4.946494264048205, 18.2599622990963]], "becs": [[[1.3690028874095574, -5.273559366969494e-16, 5.932729019455684e-16], [-5.898059818321144e-16, 1.415319987032306, -0.3189117978372736], [-1.3877787807814457e-17, -0.29148576672643434, 1.4414714296553437]], [[1.369002887409557, -8.326672684688674e-17, 1.3747683547116196e-16], [-1.3885064154882368e-16, 1.4153199870323052, -0.3189117978372736], [1.047322199404179e-17, -0.2914857667264344, 1.4414714296553437]], [[1.58819236845975, -8.326672684688674e-17, 1.3747683547116196e-16], [-1.457167719820518e-16, 2.7063862728099854, 1.3805997096117686], [-1.3877787807814457e-17, 1.4167053588665564, 4.251852164686595]], [[1.58819236845975, -8.326672684688674e-17, 1.3747683547116196e-16], [-1.457167719820518e-16, 2.7063862728099854, 1.3805997096117686], [-1.3877787807814457e-17, 1.4167053588665564, 4.251852164686595]], [[-1.4785976279346542, -0.3424387971928412, -0.06003590650221288], [-0.8408102618587188, -2.0608531299211466, -0.5308439558872475], [-0.723059796083092, -0.5626097960700609, -2.8466617971709702]], [[-1.4785976279346538, 0.3424387971928421, 0.060035906502211606], [0.8408102618587199, -2.0608531299211466, -0.5308439558872471], [0.723059796083092, -0.5626097960700609, -2.8466617971709702]], [[-1.4785976279346533, 0.3424387971928412, 0.06003590650221227], [0.840810261858719, -2.0608531299211457, -0.530843955887248], [0.723059796083092, -0.5626097960700609, -2.8466617971709702]], [[-1.4785976279346533, -0.3424387971928414, -0.060035906502211994], [-0.8408102618587193, -2.0608531299211457, -0.5308439558872471], [-0.723059796083092, -0.5626097960700608, -2.8466617971709685]]]}, "metadata": {"formula": "CsBiO2", "nsites": 8, "structure": "# generated using pymatgen\ndata_CsBiO2\n_symmetry_space_group_name_H-M   'P 1'\n_cell_length_a   6.18399061\n_cell_length_b   6.18399061\n_cell_length_c   6.00078779\n_cell_angle_alpha   68.46645151\n_cell_angle_beta   68.46645151\n_cell_angle_gamma   95.94889547\n_symmetry_Int_Tables_number   1\n_chemical_formula_structural   CsBiO2\n_chemical_formula_sum   'Cs2 Bi2 O4'\n_cell_volume   190.881392308\n_cell_formula_units_Z   2\nloop_\n _symmetry_equiv_pos_site_id\n _symmetry_equiv_pos_as_xyz\n  1  'x, y, z'\nloop_\n _atom_site_type_symbol\n _atom_site_label\n _atom_site_symmetry_multiplicity\n _atom_site_fract_x\n _atom_site_fract_y\n _atom_site_fract_z\n _atom_site_occupancy\n  Cs  Cs1  1  0.641100  0.358900  0.250000  1\n  Cs  Cs2  1  0.358900  0.641100  0.750000  1\n  Bi  Bi3  1  0.911616  0.088384  0.750000  1\n  Bi  Bi4  1  0.088384  0.911616  0.250000  1\n  O  O5  1  0.234537  0.125066  0.790618  1\n  O  O6  1  0.874934  0.765463  0.709382  1\n  O  O7  1  0.125066  0.234537  0.290618  1\n  O  O8  1  0.765463  0.874934  0.209382  1\n"}}