{"phonon": {"ph_bandstructure": [[0.0, 0.0, 0.0, 63.87888810921683, 63.878888118596734, 84.12645552796162, 84.1264555357343, 105.92133399372013, 127.32559180248957, 132.70753334725055, 132.7075333537153, 157.94698804431457, 170.94749415586637, 171.3784116146465, 172.08099225891684, 174.67872994107677, 178.1518222292297, 178.15182223566535, 221.75923826614542, 221.75923827296774, 222.75501379110705, 269.65365316665776, 428.9914698983527, 440.89634851729846]]}, "dielectric": {"eps_electronic": [[3.768628893601704, 0.0, 0.0], [-2.220446049250313e-16, 3.7686288935569787, 0.0], [0.0, 0.0, 5.56413106237378]], "eps_total": [[6.501754152640532, 7.993605777301127e-15, 0.0], [6.439293542825908e-15, 6.501754152639858, 0.0], [0.0, 0.0, 10.858900370133584]], "becs": [[[1.1552481280374698, -1.1102230246251565e-16, -4.683957078755687e-23], [-1.6653345369377348e-16, 1.155248128037469, -5.309740110431266e-23], [0.0, 0.0, 1.219106586650338]], [[1.1552481280374711, 3.3306690738754696e-16, -1.3227121318745283e-23], [1.609823385706477e-15, 1.1552481280374702, 5.687082047213181e-23], [0.0, 0.0, 1.2191065866503372]], [[1.0557507933868995, 5.551115123125783e-16, -4.310485417991114e-23], [2.0539125955565396e-15, 1.0557507933868986, -4.662868218805122e-23], [0.0, 0.0, 0.782934455506922]], [[1.0557507933869, 1.1102230246251565e-16, -1.227788084763534e-22], [7.216449660063518e-16, 1.0557507933868995, -1.846280190682952e-22], [0.0, 0.0, 0.782934455506922]], [[-1.1054994607121849, -3.3306690738754696e-16, -2.821267170692379e-22], [-1.0547118733938987e-15, -1.1054994607121849, -1.012624040349759e-21], [0.0, 0.0, -1.00102052107863]], [[-1.1054994607121849, -3.3306690738754696e-16, 5.9428678019162685e-22], [-1.4988010832439613e-15, -1.1054994607121844, 1.3333646866143888e-21], [0.0, 0.0, -1.00102052107863]], [[-1.1054994607121849, -3.3306690738754696e-16, -5.211485799585647e-22], [-1.942890293094024e-15, -1.1054994607121844, -1.426622050990491e-21], [0.0, 0.0, -1.00102052107863]], [[-1.1054994607121844, 1.1102230246251565e-16, 4.349388715987424e-22], [2.7755575615628914e-16, -1.1054994607121844, 1.3333646866143884e-21], [0.0, 0.0, -1.0010205210786287]]]}, "metadata": {"formula": "NaS", "nsites": 8, "structure": "# generated using pymatgen\ndata_NaS\n_symmetry_space_group_name_H-M   'P 1'\n_cell_length_a   4.46095160\n_cell_length_b   4.46095160\n_cell_length_c   10.06399265\n_cell_angle_alpha   90.00000000\n_cell_angle_beta   90.00000000\n_cell_angle_gamma   120.00000000\n_symmetry_Int_Tables_number   1\n_chemical_formula_structural   NaS\n_chemical_formula_sum   'Na4 S4'\n_cell_volume   173.442675755\n_cell_formula_units_Z   4\nloop_\n _symmetry_equiv_pos_site_id\n _symmetry_equiv_pos_as_xyz\n  1  'x, y, z'\nloop_\n _atom_site_type_symbol\n _atom_site_label\n _atom_site_symmetry_multiplicity\n _atom_site_fract_x\n _atom_site_fract_y\n _atom_site_fract_z\n _atom_site_occupancy\n  Na  Na1  1  0.000000  0.000000  -0.000000  1\n  Na  Na2  1  0.000000  0.000000  0.500000  1\n  Na  Na3  1  0.333333  0.666667  0.750000  1\n  Na  Na4  1  0.666667  0.333333  0.250000  1\n  S  S5  1  0.333333  0.666667  0.357409  1\n  S  S6  1  0.666667  0.333333  0.857409  1\n  S  S7  1  0.666667  0.333333  0.642591  1\n  S  S8  1  0.333333  0.666667  0.142591  1\n"}}