{"phonon": {"ph_bandstructure": [[0.0, 0.0, 0.0, 81.52080062662796, 82.85262430494605, 97.64958625812501, 131.59143090345705, 170.15359119734913, 173.08400037164603, 267.00514017762424, 275.22486520144696, 322.58965923505843, 653.4818153072632, 683.3509596499579, 742.5579838811733]]}, "dielectric": {"eps_electronic": [[3.9720293993739944, 0.0, -0.3165981851577951], [0.0, 4.425716229560669, 0.0], [-0.31659818515779514, 0.0, 4.204783189102324]], "eps_total": [[8.378535507546864, 1.1546319456101628e-14, -0.8161462890183139], [1.0743098708483624e-14, 9.548077344102392, 6.826329951742134e-15], [-0.8161462890183137, 6.827871601444713e-15, 8.978542553582379]], "becs": [[[1.2628997670706397, 0.0, -0.022406010983174407], [0.0, 1.2950076962306298, 0.0], [-0.02240601098320519, 0.0, 1.2793720155339008]], [[3.6659048756779153, 0.0, -0.5947863265198129], [0.0, 4.518236745530619, 0.0], [-0.594786326520631, 0.0, 4.103174506597142]], [[-1.9354231632469683, 0.8810211488997101, -0.022139157504004373], [1.3763917654983642, -2.399194779489897, -0.014122867892633442], [0.3266163649584438, -0.35980942467495375, -1.0402472593779075]], [[-1.0579583161501958, 0.0, 0.6614706525187154], [0.0, -1.014854882688095, 0.0], [-0.03604039240533191, 0.0, -3.3020520032764806]], [[-1.9354231632469683, -0.8810211488997101, -0.022139157504004373], [-1.3763917654983642, -2.399194779489897, 0.014122867892633442], [0.3266163649584438, 0.35980942467495375, -1.0402472593779075]]]}, "metadata": {"formula": "RbIO3", "nsites": 5, "structure": "# generated using pymatgen\ndata_RbIO3\n_symmetry_space_group_name_H-M   'P 1'\n_cell_length_a   4.47206369\n_cell_length_b   4.47206369\n_cell_length_c   4.47206369\n_cell_angle_alpha   89.49358588\n_cell_angle_beta   89.49358588\n_cell_angle_gamma   89.49358588\n_symmetry_Int_Tables_number   1\n_chemical_formula_structural   RbIO3\n_chemical_formula_sum   'Rb1 I1 O3'\n_cell_volume   89.4279642164\n_cell_formula_units_Z   1\nloop_\n _symmetry_equiv_pos_site_id\n _symmetry_equiv_pos_as_xyz\n  1  'x, y, z'\nloop_\n _atom_site_type_symbol\n _atom_site_label\n _atom_site_symmetry_multiplicity\n _atom_site_fract_x\n _atom_site_fract_y\n _atom_site_fract_z\n _atom_site_occupancy\n  Rb  Rb1  1  0.484435  0.484435  0.484435  1\n  I  I2  1  0.996545  0.996545  0.996545  1\n  O  O3  1  0.408327  0.959496  0.959496  1\n  O  O4  1  0.959496  0.959496  0.408327  1\n  O  O5  1  0.959496  0.408327  0.959496  1\n"}}