{"phonon": {"ph_bandstructure": [[-27.42731340947401, -27.42731339968925, -27.427313396328163, 0.0, 0.0, 0.0, 100.10450374192702, 100.10450374373656, 100.10450374906584, 144.7881572699157, 144.7881572749266, 182.81424226566872, 182.8142422671365, 182.81424226764076, 189.98814754221192, 242.80378980516616, 242.80378980831108, 262.5591263952457, 428.2807814840115, 428.28078148529664, 490.21452048408486, 490.21452048601196, 559.9338068980006, 567.3416741117786]]}, "dielectric": {"eps_electronic": [[2.094947946318932, -4.309746397511344e-16, -4.440892098500626e-16], [-4.309746397511344e-16, 2.094947946318932, -4.440892098500626e-16], [-3.722045237519548e-16, -3.722045237519548e-16, 2.094947946318932]], "eps_total": null, "becs": [[[2.763417042056826, -1.6653345369377348e-16, 1.1102230246251565e-16], [-2.220446049250313e-16, 2.763417042056826, 0.0], [5.547551711850732e-17, -1.66569087806524e-16, 2.763417042056826]], [[3.5633119548087144, -1.6653345369377348e-16, 1.1102230246251565e-16], [-2.220446049250313e-16, 3.5633119548087144, 0.0], [5.551122243921695e-17, -1.6653338248581436e-16, 3.5633119548087144]], [[-1.9462885424399463, -3.885780586188048e-16, 3.3306690738754696e-16], [1.5543122344752192e-15, -0.6085379779964124, -1.3322676295501878e-15], [1.3877744823834999e-15, -1.7208499865669384e-15, -0.6085379779964122]], [[-0.6085379779964123, 2.4980018054066022e-15, -2.3314683517128287e-15], [2.220446049250313e-16, -1.9462885424399454, -4.440892098500626e-16], [-1.9428945914919697e-15, 2.4979975070086564e-15, -0.6085379779964131]], [[-1.9462885424399463, -3.885780586188048e-16, 3.3306690738754696e-16], [1.5543122344752192e-15, -0.6085379779964124, -1.3322676295501878e-15], [1.3877744823834999e-15, -1.7208499865669384e-15, -0.6085379779964122]], [[-0.6085379779964118, -1.942890293094024e-15, 1.887379141862766e-15], [-1.5543122344752192e-15, -0.6085379779964124, 1.7763568394002505e-15], [4.9962673932960785e-16, -6.105962852955487e-16, -1.9462885424399452]], [[-0.6085379779964118, -1.942890293094024e-15, 1.887379141862766e-15], [-1.5543122344752192e-15, -0.6085379779964124, 1.7763568394002505e-15], [4.9962673932960785e-16, -6.105962852955487e-16, -1.9462885424399452]], [[-0.6085379779964123, 2.4980018054066022e-15, -2.3314683517128287e-15], [2.220446049250313e-16, -1.9462885424399454, -4.440892098500626e-16], [-1.9428945914919697e-15, 2.4979975070086564e-15, -0.6085379779964131]]]}, "metadata": {"formula": "CaPbF6", "nsites": 8, "structure": "# generated using pymatgen\ndata_CaPbF6\n_symmetry_space_group_name_H-M   'P 1'\n_cell_length_a   6.09883325\n_cell_length_b   6.09883325\n_cell_length_c   6.09883325\n_cell_angle_alpha   60.00000000\n_cell_angle_beta   60.00000000\n_cell_angle_gamma   60.00000000\n_symmetry_Int_Tables_number   1\n_chemical_formula_structural   CaPbF6\n_chemical_formula_sum   'Ca1 Pb1 F6'\n_cell_volume   160.407725527\n_cell_formula_units_Z   1\nloop_\n _symmetry_equiv_pos_site_id\n _symmetry_equiv_pos_as_xyz\n  1  'x, y, z'\nloop_\n _atom_site_type_symbol\n _atom_site_label\n _atom_site_symmetry_multiplicity\n _atom_site_fract_x\n _atom_site_fract_y\n _atom_site_fract_z\n _atom_site_occupancy\n  Ca  Ca1  1  0.000000  0.000000  1.000000  1\n  Pb  Pb2  1  0.500000  0.500000  0.500000  1\n  F  F3  1  0.258945  0.741055  0.741055  1\n  F  F4  1  0.741055  0.258945  0.741055  1\n  F  F5  1  0.741055  0.258945  0.258945  1\n  F  F6  1  0.741055  0.741055  0.258945  1\n  F  F7  1  0.258945  0.258945  0.741055  1\n  F  F8  1  0.258945  0.741055  0.258945  1\n"}}