{"phonon": {"ph_bandstructure": [[-0.002412328479171523, 0.0, 0.0, 113.64541954691902, 174.19208405606182, 199.9516341173193, 235.79195540022465, 431.1775904359093, 627.8869948008789, 645.0238264525642, 1376.9863540942251, 2228.82804308784]]}, "dielectric": {"eps_electronic": [[2.2172829859580396, 6.661338147750939e-16, 0.0], [5.551115123125783e-16, 2.4296294075775804, -0.46078443156005466], [0.0, -0.4607844315600545, 4.13810740577634]], "eps_total": [[7.945586002032817, 0.0, 0.0], [8.881784197001252e-16, 6.753165476343238, -0.25609584748875275], [0.0, -0.2560958474887523, 13.621302997369359]], "becs": [[[1.0852688863990583, 1.3877787807814457e-16, -1.3877787807814457e-17], [2.1686391507741435e-16, 1.0932105757796684, -0.2389170014597733], [-1.955160228451337e-17, -0.008341137681499718, 1.8047860969070821]], [[-0.5686404220706882, -4.163336342344337e-16, 4.163336342344337e-17], [-6.713145046227109e-16, -0.7283728255661959, 0.4619790745353281], [-1.955160228451337e-17, 0.4640160200502056, -2.243681144832796]], [[-0.5686404220706887, 1.3877787807814457e-16, -1.3877787807814457e-17], [2.1686391507741435e-16, -0.7283728255661963, 0.4619790745353282], [-1.955160228451337e-17, 0.4640160200502056, -2.243681144832796]], [[0.05201195774231876, 1.3877787807814457e-16, -1.3877787807814457e-17], [2.3758667446788225e-16, 0.3635350753527239, -0.6850411476108831], [5.865480685354011e-17, -0.9196909024189115, 2.6825761927585097]]]}, "metadata": {"formula": "LiN3", "nsites": 4, "structure": "# generated using pymatgen\ndata_LiN3\n_symmetry_space_group_name_H-M   'P 1'\n_cell_length_a   3.21010178\n_cell_length_b   3.21010178\n_cell_length_c   4.84593955\n_cell_angle_alpha   77.30168895\n_cell_angle_beta   77.30168895\n_cell_angle_gamma   61.76839642\n_symmetry_Int_Tables_number   1\n_chemical_formula_structural   LiN3\n_chemical_formula_sum   'Li1 N3'\n_cell_volume   42.5282643217\n_cell_formula_units_Z   1\nloop_\n _symmetry_equiv_pos_site_id\n _symmetry_equiv_pos_as_xyz\n  1  'x, y, z'\nloop_\n _atom_site_type_symbol\n _atom_site_label\n _atom_site_symmetry_multiplicity\n _atom_site_fract_x\n _atom_site_fract_y\n _atom_site_fract_z\n _atom_site_occupancy\n  Li  Li1  1  0.000000  0.000000  0.000000  1\n  N  N2  1  0.384096  0.384096  0.741335  1\n  N  N3  1  0.615904  0.615904  0.258665  1\n  N  N4  1  0.500000  0.500000  0.500000  1\n"}}