{"phonon": {"ph_bandstructure": [[0.0, 0.0, 0.0, 52.141393312721995, 52.14139331499883, 72.16257697143777, 75.83708403867087, 81.07533331899464, 84.01232625015659, 111.65076827438644, 116.73045119023601, 116.73591870445611, 119.85349984765723, 119.85349984844548, 120.12630257865565, 145.81836205875015, 145.81836205958953, 152.3597152049513, 187.0501831799447, 318.1483866072574, 345.603361380733]]}, "dielectric": {"eps_electronic": [[6.153419989138755, -3.3306690738754696e-16, 0.32163098330599865], [0.0, 4.381637750790334, 0.0], [0.3216309833060008, 0.0, 4.44002330586844]], "eps_total": [[11.004651203731173, 0.0, 0.6883111026385601], [4.0679125796070544e-16, 7.212922643003324, -7.984744944936862e-16], [0.6883111026385594, -2.220446049250313e-16, 7.3378715063879]], "becs": [[[0.7253948080322972, 0.0, -0.06069674304815392], [0.0, 1.0597575306512983, 0.0], [-0.06069674304812822, 0.0, 1.0487392730303664]], [[1.3365663167051594, 0.0, 0.08018452883774768], [0.0, 0.8948504020169515, 0.0], [0.08018452883771204, 0.0, 0.9094062702823436]], [[1.3365663167051594, 0.0, 0.08018452883774768], [0.0, 0.8948504020169515, 0.0], [0.08018452883771204, 0.0, 0.9094062702823436]], [[0.7253948080322972, 0.0, -0.06069674304815392], [0.0, 1.0597575306512983, 0.0], [-0.06069674304812822, 0.0, 1.0487392730303664]], [[1.9959534343110517, 0.0, 0.4681999812883121], [0.0, -0.5832396592874517, 0.0], [0.46819998128810486, 0.0, -0.4982474875022682]], [[-3.059937841895495, 0.0, -0.2535877764503295], [0.0, -1.6629881029357025, 0.0], [-0.253587776450216, 0.0, -1.7090217994757644]], [[-3.059937841895495, 0.0, -0.2535877764503295], [0.0, -1.6629881029357025, 0.0], [-0.253587776450216, 0.0, -1.7090217994757644]]]}, "metadata": {"formula": "K4CdP2", "nsites": 7, "structure": "# generated using pymatgen\ndata_K4CdP2\n_symmetry_space_group_name_H-M   'P 1'\n_cell_length_a   9.51958916\n_cell_length_b   9.51958916\n_cell_length_c   9.51958916\n_cell_angle_alpha   34.38022878\n_cell_angle_beta   34.38022878\n_cell_angle_gamma   34.38022878\n_symmetry_Int_Tables_number   1\n_chemical_formula_structural   K4CdP2\n_chemical_formula_sum   'K4 Cd1 P2'\n_cell_volume   245.35793272\n_cell_formula_units_Z   1\nloop_\n _symmetry_equiv_pos_site_id\n _symmetry_equiv_pos_as_xyz\n  1  'x, y, z'\nloop_\n _atom_site_type_symbol\n _atom_site_label\n _atom_site_symmetry_multiplicity\n _atom_site_fract_x\n _atom_site_fract_y\n _atom_site_fract_z\n _atom_site_occupancy\n  K  K1  1  0.892928  0.892928  0.892928  1\n  K  K2  1  0.707862  0.707862  0.707862  1\n  K  K3  1  0.292138  0.292138  0.292138  1\n  K  K4  1  0.107072  0.107072  0.107072  1\n  Cd  Cd5  1  0.500000  0.500000  0.500000  1\n  P  P6  1  0.411163  0.411163  0.411163  1\n  P  P7  1  0.588837  0.588837  0.588837  1\n"}}