{"phonon": {"ph_bandstructure": [[0.0, 0.0, 0.0, 99.06396586455644, 142.83923828299666, 154.22068234011047, 154.22068234275758, 167.28836582061615, 193.41402468735197, 193.414024689498, 211.91767842475005, 253.09763517287968, 374.88068722785573, 375.9867835961366, 501.8566250049341, 520.8249031074855, 520.824903108507, 539.6529130879601]]}, "dielectric": {"eps_electronic": [[4.5014968209056665, 0.0, 4.301712990468445e-33], [0.0, 4.5014968209056665, 4.301712990468445e-33], [4.301712990468445e-33, 4.301712990468445e-33, 4.24007032152022]], "eps_total": [[19.39382601161396, -1.5699572718241856e-14, 4.301712990468445e-33], [-1.5699572718241856e-14, 19.39382601249855, 4.301712990468445e-33], [4.301712990468445e-33, 4.301712990468445e-33, 11.379078299871697]], "becs": [[[4.126059319681582, 0.0, 0.0], [0.0, 4.126059319681582, 0.0], [-3.0650527874043576e-33, -6.408746687475098e-33, 3.5131119252946967]], [[4.126059319681582, 0.0, 0.0], [0.0, 4.126059319681584, 0.0], [1.6997110314070565e-32, 1.5325263339122734e-32, 3.5131119252946967]], [[-1.3527699340724189, 0.0, 0.0], [0.0, -1.3527699340724193, 0.0], [3.6223349130872844e-33, 1.9504879381394534e-33, -1.3892617235032005]], [[-1.3527699340724189, 0.0, 0.0], [0.0, -1.3527699340724193, 0.0], [-3.0650527874043576e-33, -4.736899762352188e-33, -1.3892617235032005]], [[-2.773289385612048, 0.0, 0.0], [0.0, -2.773289385612047, 0.0], [-3.0650527874043576e-33, -1.3932059121063674e-33, -2.1238502017885796]], [[-2.773289385612048, 0.0, 0.0], [0.0, -2.7732893856120486, 0.0], [-1.1424287413018909e-32, -4.736899762352188e-33, -2.1238502017885796]]]}, "metadata": {"formula": "YClO", "nsites": 6, "structure": "# generated using pymatgen\ndata_YClO\n_symmetry_space_group_name_H-M   'P 1'\n_cell_length_a   3.86118202\n_cell_length_b   3.86118202\n_cell_length_c   6.58121670\n_cell_angle_alpha   90.00000000\n_cell_angle_beta   90.00000000\n_cell_angle_gamma   90.00000000\n_symmetry_Int_Tables_number   1\n_chemical_formula_structural   YClO\n_chemical_formula_sum   'Y2 Cl2 O2'\n_cell_volume   98.1175606217\n_cell_formula_units_Z   2\nloop_\n _symmetry_equiv_pos_site_id\n _symmetry_equiv_pos_as_xyz\n  1  'x, y, z'\nloop_\n _atom_site_type_symbol\n _atom_site_label\n _atom_site_symmetry_multiplicity\n _atom_site_fract_x\n _atom_site_fract_y\n _atom_site_fract_z\n _atom_site_occupancy\n  Y  Y1  1  0.000000  0.500000  0.168580  1\n  Y  Y2  1  0.500000  0.000000  0.831420  1\n  Cl  Cl3  1  0.000000  0.500000  0.627223  1\n  Cl  Cl4  1  0.500000  0.000000  0.372777  1\n  O  O5  1  0.500000  0.500000  0.000000  1\n  O  O6  1  0.000000  0.000000  0.000000  1\n"}}