{"phonon": {"ph_bandstructure": [[0.0, 0.0, 0.0, 312.4686227241094, 312.46862272498583, 328.5438807373476]]}, "dielectric": {"eps_electronic": [[12.569458007323265, -7.890930401613708e-17, 0.0], [-7.890930401613708e-17, 12.569458007323261, -2.6645352591003757e-15], [1.376261561877136e-15, -1.2882736972232396e-15, 12.569458007323266]], "eps_total": [[13.89602191816093, 1.5522224751517312e-15, 0.0], [-9.779002763494723e-17, 13.896021918165843, -1.7763568394002505e-15], [-1.8959030397106105e-16, -1.8959030397106105e-16, 13.89602191816837]], "becs": [[[1.8419445313742642, 0.0, 0.0], [0.0, 1.8419445313742642, 0.0], [-6.622155741116325e-19, -6.622155741116325e-19, 1.8419445313742642]], [[-1.8419445313742642, 0.0, 0.0], [0.0, -1.8419445313742642, 0.0], [6.622155741116325e-19, 6.622155741116325e-19, -1.8419445313742642]]]}, "metadata": {"formula": "AlSb", "nsites": 2, "structure": "# generated using pymatgen\ndata_AlSb\n_symmetry_space_group_name_H-M   'P 1'\n_cell_length_a   4.35382959\n_cell_length_b   4.35382959\n_cell_length_c   4.35382959\n_cell_angle_alpha   60.00000000\n_cell_angle_beta   60.00000000\n_cell_angle_gamma   60.00000000\n_symmetry_Int_Tables_number   1\n_chemical_formula_structural   AlSb\n_chemical_formula_sum   'Al1 Sb1'\n_cell_volume   58.3578498398\n_cell_formula_units_Z   1\nloop_\n _symmetry_equiv_pos_site_id\n _symmetry_equiv_pos_as_xyz\n  1  'x, y, z'\nloop_\n _atom_site_type_symbol\n _atom_site_label\n _atom_site_symmetry_multiplicity\n _atom_site_fract_x\n _atom_site_fract_y\n _atom_site_fract_z\n _atom_site_occupancy\n  Al  Al1  1  0.000000  0.000000  0.000000  1\n  Sb  Sb2  1  0.250000  0.250000  0.250000  1\n"}}