{"phonon": {"ph_bandstructure": [[-117.63041567459086, -117.63041567170333, -117.63041567068514, 0.0, 0.0, 0.0, 68.72115825706689, 68.72115826995467, 75.30888577671422, 75.30888577958049, 75.30888578809143, 116.1342226095785, 160.10032741549335, 160.10032741694894, 160.10032742115513, 203.7841244001396, 203.78412440466545, 243.90466464593774, 246.630781067125, 246.63078107094273, 303.39085536004194, 303.3908553610838, 303.39085536145154, 332.49974549563774, 555.32060442694, 555.3206044282712, 576.8795365226081, 576.8795365247122, 669.9072358529875, 710.178529120463]]}, "dielectric": {"eps_electronic": [[4.822250396568919, -8.114547445146815e-16, -2.220446049250313e-15], [-1.7317852153372605e-15, 4.8222503965689185, -2.6645352591003757e-15], [-1.9816887190755093e-15, -3.7580455584757594e-15, 4.8222503965689185]], "eps_total": null, "becs": [[[2.734023936359119, 4.440892164675075e-17, -8.88178432935015e-17], [8.88178432935015e-17, 2.734023936359119, -8.88178432935015e-17], [-4.450407080342216e-17, 4.4313772490079345e-17, 2.734023936359119]], [[2.734023936359119, 4.440892164675075e-17, -8.88178432935015e-17], [8.88178432935015e-17, 2.734023936359119, -8.88178432935015e-17], [-4.450407080342216e-17, 4.4313772490079345e-17, 2.734023936359119]], [[4.544331963481822, 4.440892164675075e-17, -8.88178432935015e-17], [8.88178432935015e-17, 4.544331963481822, -8.88178432935015e-17], [-4.418005750424232e-17, 4.463778578925918e-17, 4.544331963481822]], [[4.8495956737517725, 4.440892164675075e-17, -8.88178432935015e-17], [8.88178432935015e-17, 4.849595673751773, -8.88178432935015e-17], [-4.431838191962201e-17, 4.4499461373879494e-17, 4.849595673751773]], [[-1.9322068434664585, -3.9968028820331186e-16, 7.993605764066237e-16], [8.88178432935015e-17, -3.566574068026477, -8.88178432935015e-17], [8.43819559303113e-16, -8.437194368036359e-16, -1.9322068434664583]], [[-1.9322068434664585, 2.6645352657178206e-16, -5.329070531435641e-16], [5.329070531435641e-16, -1.9322068434664588, -5.329070531435641e-16], [1.7747100800438634e-16, -1.7780035855217477e-16, -3.566574068026477]], [[-1.9322068434664585, 2.6645352657178206e-16, -5.329070531435641e-16], [5.329070531435641e-16, -1.9322068434664588, -5.329070531435641e-16], [1.7747100800438634e-16, -1.7780035855217477e-16, -3.566574068026477]], [[-3.5665740680264775, 4.440892164675075e-17, -8.88178432935015e-17], [-7.993605764066237e-16, -1.9322068434664583, 7.993605764066237e-16], [-9.325372800971374e-16, 9.326374025966145e-16, -1.9322068434664583]], [[-1.9322068434664585, -3.9968028820331186e-16, 7.993605764066237e-16], [8.88178432935015e-17, -3.566574068026477, -8.88178432935015e-17], [8.43819559303113e-16, -8.437194368036359e-16, -1.9322068434664583]], [[-3.5665740680264775, 4.440892164675075e-17, -8.88178432935015e-17], [-7.993605764066237e-16, -1.9322068434664583, 7.993605764066237e-16], [-9.325372800971374e-16, 9.326374025966145e-16, -1.9322068434664583]]]}, "metadata": {"formula": "Ba2YBiO6", "nsites": 10, "structure": "# generated using pymatgen\ndata_Ba2YBiO6\n_symmetry_space_group_name_H-M   'P 1'\n_cell_length_a   6.06641040\n_cell_length_b   6.06641040\n_cell_length_c   6.06641040\n_cell_angle_alpha   60.00000000\n_cell_angle_beta   60.00000000\n_cell_angle_gamma   60.00000000\n_symmetry_Int_Tables_number   1\n_chemical_formula_structural   Ba2YBiO6\n_chemical_formula_sum   'Ba2 Y1 Bi1 O6'\n_cell_volume   157.86300465\n_cell_formula_units_Z   1\nloop_\n _symmetry_equiv_pos_site_id\n _symmetry_equiv_pos_as_xyz\n  1  'x, y, z'\nloop_\n _atom_site_type_symbol\n _atom_site_label\n _atom_site_symmetry_multiplicity\n _atom_site_fract_x\n _atom_site_fract_y\n _atom_site_fract_z\n _atom_site_occupancy\n  Ba  Ba1  1  0.250000  0.250000  0.250000  1\n  Ba  Ba2  1  0.750000  0.750000  0.750000  1\n  Y  Y3  1  0.500000  0.500000  0.500000  1\n  Bi  Bi4  1  0.000000  0.000000  1.000000  1\n  O  O5  1  0.755585  0.244415  0.755585  1\n  O  O6  1  0.755585  0.755585  0.244415  1\n  O  O7  1  0.244415  0.244415  0.755585  1\n  O  O8  1  0.244415  0.755585  0.755585  1\n  O  O9  1  0.244415  0.755585  0.244415  1\n  O  O10  1  0.755585  0.244415  0.244415  1\n"}}