{"phonon": {"ph_bandstructure": [[0.0, 0.0, 0.0, 47.879182409335485, 47.87918241342339, 47.879182425636365, 59.293792804399814, 59.293792809466886, 59.29379281119155, 61.701196484739704, 61.70119649764917, 75.87718825121145, 111.64980751935612, 111.64980752118699, 111.64980752656807, 146.71995365615405, 146.71995366170387, 146.74070928154788, 148.64309959917728, 148.64309960112402, 148.6430996017869, 232.02836706375749, 232.0283670659572, 267.56094252228075, 267.5609425255111, 275.37341317107285, 311.4676584553028]]}, "dielectric": {"eps_electronic": [[3.483664577182462, 7.278413822616186e-17, 0.0], [3.5745621978970466e-16, 3.4836645771824633, 8.881784197001252e-16], [8.663299006035796e-17, 5.307221999104206e-16, 3.4836645771824633]], "eps_total": [[7.141263439034774, 7.631838605977015e-12, -8.566480858007708e-13], [7.631948064402858e-12, 7.1412634398305785, -5.896172439179281e-12], [-8.563301987370333e-13, -5.896298641325394e-12, 7.141263440090215]], "becs": [[[1.3416771215061347, 2.9605947543919004e-16, -3.947459672522534e-16], [-2.4671622953265837e-17, 1.3416771215061352, -2.2204460657939253e-16], [-2.6903925512096114e-16, 2.7020220318228908e-17, 1.3416771215061347]], [[1.3416771215061347, 2.9605947543919004e-16, -3.947459672522534e-16], [-2.4671622953265837e-17, 1.3416771215061352, -2.2204460657939253e-16], [-2.6903925512096114e-16, 2.7020220318228908e-17, 1.3416771215061347]], [[3.896013482307068, 2.9605947543919004e-16, -3.947459672522534e-16], [-2.4671622953265837e-17, 3.8960134823070685, -2.2204460657939253e-16], [-2.6896811763842197e-16, 2.709135780076805e-17, 3.896013482307068]], [[-2.18370998688321, -5.921189442609352e-16, 4.934324524478718e-16], [6.414621918218281e-16, -0.5529869378856983, -2.2204460657939253e-16], [1.0634306050330991e-15, -6.389113638529926e-16, -0.5529869378856977]], [[-0.5529869378856975, 2.9605947543919004e-16, -1.7270136232722208e-16], [-2.4671622787829715e-16, -2.1837099868832097, -1.6543612251060553e-24], [-2.9174974807621556e-16, 4.483989372130372e-16, -0.5529869378856973]], [[-0.5529869378856975, 2.9605947543919004e-16, -1.7270136232722208e-16], [1.9737298197176547e-16, -2.1837099868832106, -4.440892115044238e-16], [1.5233946177384715e-16, 4.3097273629745795e-18, -0.5529869378856977]], [[-2.18370998688321, -5.921189442609352e-16, 4.934324524478718e-16], [4.194175868967968e-16, -0.5529869378856979, -1.6543612251060553e-24], [8.642987236671946e-16, -3.9395403536883447e-16, -0.5529869378856977]], [[-0.5529869378856971, -3.700743393359039e-16, 4.934324524478718e-16], [-4.687608328033285e-16, -0.552986937885697, 6.661338131207327e-16], [-4.90636216272254e-16, 2.495124690169987e-16, -2.1837099868832093]], [[-0.5529869378856975, 7.401487051415874e-17, 4.9343242597809224e-17], [-4.687608328033285e-16, -0.552986937885697, 6.661338131207327e-16], [-4.90636216272254e-16, 2.495124690169987e-16, -2.1837099868832093]]]}, "metadata": {"formula": "Cs2SeCl6", "nsites": 9, "structure": "# generated using pymatgen\ndata_Cs2SeCl6\n_symmetry_space_group_name_H-M   'P 1'\n_cell_length_a   7.25236479\n_cell_length_b   7.25236479\n_cell_length_c   7.25236479\n_cell_angle_alpha   60.00000000\n_cell_angle_beta   60.00000000\n_cell_angle_gamma   60.00000000\n_symmetry_Int_Tables_number   1\n_chemical_formula_structural   Cs2SeCl6\n_chemical_formula_sum   'Cs2 Se1 Cl6'\n_cell_volume   269.726690812\n_cell_formula_units_Z   1\nloop_\n _symmetry_equiv_pos_site_id\n _symmetry_equiv_pos_as_xyz\n  1  'x, y, z'\nloop_\n _atom_site_type_symbol\n _atom_site_label\n _atom_site_symmetry_multiplicity\n _atom_site_fract_x\n _atom_site_fract_y\n _atom_site_fract_z\n _atom_site_occupancy\n  Cs  Cs1  1  0.250000  0.250000  0.250000  1\n  Cs  Cs2  1  0.750000  0.750000  0.750000  1\n  Se  Se3  1  0.000000  0.000000  0.000000  1\n  Cl  Cl4  1  0.765119  0.234881  0.234881  1\n  Cl  Cl5  1  0.765119  0.234881  0.765119  1\n  Cl  Cl6  1  0.234881  0.765119  0.234881  1\n  Cl  Cl7  1  0.234881  0.765119  0.765119  1\n  Cl  Cl8  1  0.765119  0.765119  0.234881  1\n  Cl  Cl9  1  0.234881  0.234881  0.765119  1\n"}}