{"phonon": {"ph_bandstructure": [[0.0, 0.0, 0.0, 262.79991730921216, 262.7999173101455, 270.88541597579456]]}, "dielectric": {"eps_electronic": [[35.12059207557881, -5.783022960991974e-15, -7.105427357601002e-15], [-5.783022960991974e-15, 35.12059207557881, -7.105427357601002e-15], [-8.863519451514985e-15, -8.863519451514985e-15, 35.12059207557881]], "eps_total": [[37.314929741361794, -3.6126544455456764e-15, -1.0658141036401503e-14], [-3.293267314310253e-15, 37.31492974137238, -1.0658141036401503e-14], [-6.351928396515816e-15, -6.351928396515816e-15, 37.314929741377384]], "becs": [[[2.2456529907792246, 0.0, 0.0], [0.0, 2.2456529907792246, 0.0], [1.549236869298277e-18, 1.549236869298277e-18, 2.2456529907792246]], [[-2.2456529907792246, 0.0, 0.0], [0.0, -2.2456529907792246, 0.0], [-1.549236869298277e-18, -1.549236869298277e-18, -2.2456529907792246]]]}, "metadata": {"formula": "GaAs", "nsites": 2, "structure": "# generated using pymatgen\ndata_GaAs\n_symmetry_space_group_name_H-M   'P 1'\n_cell_length_a   4.00247929\n_cell_length_b   4.00247929\n_cell_length_c   4.00247929\n_cell_angle_alpha   60.00000000\n_cell_angle_beta   60.00000000\n_cell_angle_gamma   60.00000000\n_symmetry_Int_Tables_number   1\n_chemical_formula_structural   GaAs\n_chemical_formula_sum   'Ga1 As1'\n_cell_volume   45.3390359817\n_cell_formula_units_Z   1\nloop_\n _symmetry_equiv_pos_site_id\n _symmetry_equiv_pos_as_xyz\n  1  'x, y, z'\nloop_\n _atom_site_type_symbol\n _atom_site_label\n _atom_site_symmetry_multiplicity\n _atom_site_fract_x\n _atom_site_fract_y\n _atom_site_fract_z\n _atom_site_occupancy\n  Ga  Ga1  1  0.000000  0.000000  0.000000  1\n  As  As2  1  0.250000  0.250000  0.250000  1\n"}}