{"phonon": {"ph_bandstructure": [[0.0, 0.0, 0.0, 46.51258118552679, 46.71782619225343, 52.85180936662191, 53.94468580679094, 56.03756663506198, 65.15274203488812, 71.01932433957063, 75.88401857685078, 79.99271930644773, 86.83080146823458, 89.20078877831331, 89.58437836181679, 94.11689619084588, 98.22251748745786, 107.82465362593884, 108.24539033037907, 114.60984286528891, 126.94591044690367, 131.59199688255697, 149.14863644515194, 174.79649910709156]]}, "dielectric": {"eps_electronic": [[10.055185486898958, 0.0, 0.0], [0.0, 6.2949169358230455, 0.0], [0.0, 0.0, 9.961948640540864]], "eps_total": [[17.630654276189023, 0.0, 0.0], [0.0, 9.831363281549221, 0.0], [0.0, 0.0, 13.530415021801618]], "becs": [[[1.120591325565441, -0.23134597266311413, -6.938893903907228e-18], [-0.006326439391321714, 1.1517209163916058, -1.779672402880512e-23], [-1.3877787807814457e-17, -6.546130338941332e-18, 0.9773359324469617]], [[1.120591325565441, -0.23134597266311413, -6.939005776269439e-18], [-0.006326439391321714, 1.1517209163916058, -4.627148247489332e-23], [-1.3877787807814457e-17, -6.546130338941332e-18, 0.9773359324469617]], [[1.120591325565441, 0.23134597266311402, -6.938849154962344e-18], [0.006326439391321048, 1.1517209163916053, 3.9152792863371266e-23], [-1.3877787807814457e-17, -6.546130338941332e-18, 0.9773359324469617]], [[1.120591325565441, 0.23134597266311402, -6.938804406017459e-18], [0.006326439391321048, 1.1517209163916053, 9.610230975554766e-23], [-1.3877787807814457e-17, -6.546130338941332e-18, 0.9773359324469617]], [[0.6737753787717122, 5.551115123125783e-17, -0.6727372124463304], [3.3306690738754696e-16, -0.7246692096452197, -1.779672402880512e-23], [-1.4527160631631229, -6.546130338941332e-18, 0.37848849744966917]], [[0.6737753787717158, 5.551115123125783e-17, 0.6727372124463304], [3.3306690738754696e-16, -0.724669209645218, -1.779672402880512e-23], [1.452716063163123, 4.582291237258932e-17, 0.3784884974496745]], [[-2.914958029902596, 5.551115123125783e-17, -6.938893903907228e-18], [3.3306690738754696e-16, -1.5787726231379926, -1.779672402880512e-23], [-1.3877787807814457e-17, -6.546130338941332e-18, -2.3331603623435955]], [[-2.914958029902596, 5.551115123125783e-17, -6.938893903907228e-18], [3.3306690738754696e-16, -1.5787726231379926, -1.779672402880512e-23], [-1.3877787807814457e-17, -6.546130338941332e-18, -2.3331603623435955]]]}, "metadata": {"formula": "K2AgBi", "nsites": 8, "structure": "# generated using pymatgen\ndata_K2AgBi\n_symmetry_space_group_name_H-M   'P 1'\n_cell_length_a   6.74089134\n_cell_length_b   6.74089134\n_cell_length_c   6.27343493\n_cell_angle_alpha   90.00000000\n_cell_angle_beta   90.00000000\n_cell_angle_gamma   103.68194409\n_symmetry_Int_Tables_number   1\n_chemical_formula_structural   K2AgBi\n_chemical_formula_sum   'K4 Ag2 Bi2'\n_cell_volume   276.973458683\n_cell_formula_units_Z   2\nloop_\n _symmetry_equiv_pos_site_id\n _symmetry_equiv_pos_as_xyz\n  1  'x, y, z'\nloop_\n _atom_site_type_symbol\n _atom_site_label\n _atom_site_symmetry_multiplicity\n _atom_site_fract_x\n _atom_site_fract_y\n _atom_site_fract_z\n _atom_site_occupancy\n  K  K1  1  0.479980  0.827442  0.750000  1\n  K  K2  1  0.520020  0.172558  0.250000  1\n  K  K3  1  0.827442  0.479980  0.750000  1\n  K  K4  1  0.172558  0.520020  0.250000  1\n  Ag  Ag5  1  0.000000  0.000000  0.000000  1\n  Ag  Ag6  1  0.000000  0.000000  0.500000  1\n  Bi  Bi7  1  0.273401  0.273401  0.750000  1\n  Bi  Bi8  1  0.726599  0.726599  0.250000  1\n"}}