{"phonon": {"ph_bandstructure": [[0.0, 0.0, 0.0, 324.9190363707701, 324.91903637612944, 691.0824878801088, 696.1491759704086, 696.1491759807907, 707.0577158235733, 733.2069347424368, 873.5895175011282, 1087.6739984575245]]}, "dielectric": {"eps_electronic": [[3.0950386110740338, 8.881784197001252e-16, -5.101565045813952e-24], [-2.220446049250313e-16, 3.095038611051692, 8.836169857420096e-24], [0.0, 0.0, 3.1599853869434997]], "eps_total": [[6.8109930418034015, 1.7763568394002505e-15, -5.101565045813952e-24], [2.886579864025407e-15, 6.810993041748798, 8.836169857420096e-24], [0.0, 0.0, 7.6361270023393315]], "becs": [[[1.790803446902034, -2.220446049250313e-16, -1.7297646196380655e-22], [-7.771561172376096e-16, 1.7908034469020337, -8.388912577730182e-23], [1.778426793435392e-22, 2.6327568921267754e-24, 1.8525415828084328]], [[1.790803446902034, 2.220446049250313e-16, -1.453002280495975e-22], [7.771561172376096e-16, 1.7908034469020337, -1.3182576907861715e-22], [-2.280034350558195e-23, -5.002238095040869e-23, 1.8525415828084337]], [[-1.790803446902034, -2.220446049250313e-16, 1.5913834500670207e-22], [0.0, -1.7908034469020337, 1.0785744742795945e-22], [-6.840103051674584e-23, 8.161546365592997e-23, -1.8525415828084333]], [[-1.790803446902034, 2.220446049250313e-16, 1.5913834500670207e-22], [0.0, -1.7908034469020337, 1.0785744742795945e-22], [-8.664130532121141e-23, -3.4225839597648066e-23, -1.8525415828084333]]]}, "metadata": {"formula": "BeO", "nsites": 4, "structure": "# generated using pymatgen\ndata_BeO\n_symmetry_space_group_name_H-M   'P 1'\n_cell_length_a   2.69113979\n_cell_length_b   2.69113979\n_cell_length_c   4.36946682\n_cell_angle_alpha   90.00000000\n_cell_angle_beta   90.00000000\n_cell_angle_gamma   120.00000000\n_symmetry_Int_Tables_number   1\n_chemical_formula_structural   BeO\n_chemical_formula_sum   'Be2 O2'\n_cell_volume   27.4051126833\n_cell_formula_units_Z   2\nloop_\n _symmetry_equiv_pos_site_id\n _symmetry_equiv_pos_as_xyz\n  1  'x, y, z'\nloop_\n _atom_site_type_symbol\n _atom_site_label\n _atom_site_symmetry_multiplicity\n _atom_site_fract_x\n _atom_site_fract_y\n _atom_site_fract_z\n _atom_site_occupancy\n  Be  Be1  1  0.333333  0.666667  0.000139  1\n  Be  Be2  1  0.666667  0.333333  0.500139  1\n  O  O3  1  0.333333  0.666667  0.622361  1\n  O  O4  1  0.666667  0.333333  0.122361  1\n"}}