{"phonon": {"ph_bandstructure": [[0.0, 0.0, 0.0, 130.19255764834483, 142.16621364531403, 152.2434064459592, 153.55877453244025, 159.2190198306217, 162.38427310563944, 185.19221382548426, 191.69061997251478, 251.88510664918988, 254.15297310350772, 258.68517090740045, 262.27690771517814, 269.58540944021723, 281.10186766369594, 322.0316461162041]]}, "dielectric": {"eps_electronic": [[16.60986583756917, 0.0, 0.0], [0.0, 20.098284778115858, 0.0], [0.0, 0.0, 25.1136884085303]], "eps_total": [[34.18862776183928, 0.0, 0.0], [0.0, 31.93023035291992, 0.0], [0.0, 0.0, 35.26235028328774]], "becs": [[[3.5027697404096383, 0.0, 0.0], [0.0, 3.41562965573202, -0.2785230870013195], [4.512921513246934e-25, -0.140927042754014, 3.163577538464441]], [[3.5027697404096383, 0.0, 0.0], [0.0, 3.41562965573202, -0.27852308700131945], [-9.025843349283171e-26, -0.140927042754014, 3.163577538464442]], [[3.502769740409641, 0.0, 0.0], [0.0, 3.41562965573202, 0.27852308700131945], [-9.025843349283171e-26, 0.14092704275401388, 3.163577538464441]], [[3.5027697404096365, 0.0, 0.0], [0.0, 3.41562965573202, 0.27852308700131945], [-9.025843349283171e-26, 0.14092704275401388, 3.163577538464441]], [[-7.0055394806769336, 0.0, 0.0], [0.0, -6.831259311285152, -0.29062932445612316], [-9.025843349283171e-26, -1.1598388003918503, -6.327155076482967]], [[-7.0055394806769336, 0.0, 0.0], [0.0, -6.831259311285152, 0.29062932445612316], [-9.025843349283171e-26, 1.1598388003918507, -6.327155076482967]]]}, "metadata": {"formula": "As2Os", "nsites": 6, "structure": "# generated using pymatgen\ndata_As2Os\n_symmetry_space_group_name_H-M   'P 1'\n_cell_length_a   3.00713441\n_cell_length_b   5.42139996\n_cell_length_c   6.18502408\n_cell_angle_alpha   90.00000000\n_cell_angle_beta   90.00000000\n_cell_angle_gamma   90.00000000\n_symmetry_Int_Tables_number   1\n_chemical_formula_structural   As2Os\n_chemical_formula_sum   'As4 Os2'\n_cell_volume   100.833695229\n_cell_formula_units_Z   2\nloop_\n _symmetry_equiv_pos_site_id\n _symmetry_equiv_pos_as_xyz\n  1  'x, y, z'\nloop_\n _atom_site_type_symbol\n _atom_site_label\n _atom_site_symmetry_multiplicity\n _atom_site_fract_x\n _atom_site_fract_y\n _atom_site_fract_z\n _atom_site_occupancy\n  As  As1  1  0.500000  0.329632  0.864992  1\n  As  As2  1  0.500000  0.670368  0.135008  1\n  As  As3  1  0.000000  0.170368  0.364992  1\n  As  As4  1  0.000000  0.829632  0.635008  1\n  Os  Os5  1  0.500000  0.500000  0.500000  1\n  Os  Os6  1  0.000000  0.000000  0.000000  1\n"}}