{"phonon": {"ph_bandstructure": [[-0.0074821586104580114, -0.007262220401093081, 0.0, 44.104815058265594, 44.35992128660096, 76.13080516514003, 76.66111220183333, 77.97260599835795, 78.9509847164195, 79.0700617100579, 84.29890630000648, 93.52442675983451, 94.22250562016248, 97.30070236596644, 100.34675006842481, 106.7957206618838, 112.48120086286075, 119.4156199520069, 120.84835207742611, 121.47773023379573, 121.53570726822973, 135.4292670635034, 135.71589802128074, 141.07368090975197, 143.32035414870847, 143.79591118661324, 148.4275348196021, 205.24617748175132, 210.33654783852074, 217.94289470929576, 230.74574546440206, 255.53455352364006, 272.957854297092, 289.56094967058385, 290.79287101617274, 306.13409060394656, 778.892713257495, 779.059791700261, 1177.0425051458674, 1202.2593446265184, 1214.9749878136288, 1215.896657294405]]}, "dielectric": {"eps_electronic": [[7.1876345741944245, 5.774214053075989e-16, -3.9620562651550295e-16], [-1.1036232932726701e-15, 7.1876345741944245, -1.3864714826943276e-16], [2.43826921742234e-15, -1.1144444613781607e-15, 6.782231831526576]], "eps_total": [[14.636371244884842, 3.5782729574538875e-15, -3.072443365448956e-16], [1.6746756086906668e-15, 14.636371245251297, 1.6387584897016075e-15], [-8.326395029895338e-16, -8.326395029895338e-16, 12.334683558401014]], "becs": [[[1.1156744714391928, 0.065476218297264, -0.035986529617949015], [0.06547621829726408, 1.1156744714391928, 0.035986529617949015], [-0.03226108811045193, 0.03226108811045189, 1.1029834962993008]], [[1.1156744714391937, -0.06547621829726427, 0.03598652961794887], [-0.06547621829726419, 1.1156744714391933, 0.035986529617949535], [0.032261088110451905, 0.03226108811045278, 1.1029834962993017]], [[1.1156744714391937, -0.06547621829726383, -0.035986529617948876], [-0.06547621829726397, 1.1156744714391937, -0.03598652961794954], [-0.032261088110451044, -0.03226108811045106, 1.1029834962993021]], [[1.1156744714391924, 0.06547621829726422, 0.03598652961794946], [0.06547621829726386, 1.115674471439192, -0.03598652961794946], [0.032261088110451905, -0.03226108811045239, 1.1029834962993004]], [[1.1826846950860133, 0.12348172876028127, -1.219610919252463e-16], [-0.12348172876028213, 1.1826846950860133, 1.0008352292595237e-16], [-1.5860329632228476e-17, -3.172065926445695e-17, 1.2819374348811805]], [[1.1826846950860137, -0.12348172876028199, -9.215335810983813e-17], [0.12348172876028157, 1.1826846950860137, 1.2989125674136053e-16], [-4.599495394822911e-16, -3.172065926445695e-17, 1.281937434881181]], [[1.7759783081801506, -1.3875714187508623, -1.078214573836979e-16], [-1.3875714187508623, 1.7759783081801501, 1.1422315746750076e-16], [4.2822888021783414e-16, 1.9032394566057436e-16, -0.38847659638637455]], [[1.7759783081801506, 1.3875714187508623, -1.0705722501754221e-16], [1.3875714187508623, 1.7759783081801506, 1.1498738983365645e-16], [-2.379049345572598e-16, -2.5376526418948826e-16, -0.38847659638637455]], [[-1.3433242921646809, -0.5780359204084368, -0.41571883642640495], [-0.578035920408436, -1.3433242921646809, -0.4157188364264043], [0.4878660651100173, 0.4878660651100182, -0.36375851713416174]], [[-1.3433242921646817, -0.578035920408439, 0.41571883642640495], [-0.5780359204084395, -1.3433242921646826, 0.4157188364264043], [-0.48786606511001684, -0.4878660651100173, -0.3637585171341613]], [[-2.503363361820493, -0.2928523326897671, -9.960529156369016e-17], [0.2928523326897678, -2.503363361820491, 1.224393232875085e-16], [-4.599495394822911e-16, -4.758098691145196e-16, -2.371910796827586]], [[-2.503363361820493, 0.29285233268976724, 8.517964609208094e-17], [-0.29285233268976746, -2.503363361820492, -1.3686494890678296e-16], [-1.5860329632228476e-17, 4.1236855058560566e-16, -2.371910796827585]], [[-1.3433242921646817, 0.5780359204084372, -0.4157188364264047], [0.5780359204084375, -1.3433242921646813, 0.4157188364264047], [0.48786606511001906, -0.4878660651100182, -0.3637585171341613]], [[-1.3433242921646809, 0.5780359204084392, 0.4157188364264047], [0.5780359204084384, -1.3433242921646817, -0.4157188364264047], [-0.4878660651100195, 0.4878660651100164, -0.36375851713416174]]]}, "metadata": {"formula": "K3NO3", "nsites": 14, "structure": "# generated using pymatgen\ndata_K3NO3\n_symmetry_space_group_name_H-M   'P 1'\n_cell_length_a   7.21980105\n_cell_length_b   7.21980105\n_cell_length_c   7.21980105\n_cell_angle_alpha   120.71619134\n_cell_angle_beta   120.71619134\n_cell_angle_gamma   88.76393274\n_symmetry_Int_Tables_number   1\n_chemical_formula_structural   K3NO3\n_chemical_formula_sum   'K6 N2 O6'\n_cell_volume   263.162564141\n_cell_formula_units_Z   2\nloop_\n _symmetry_equiv_pos_site_id\n _symmetry_equiv_pos_as_xyz\n  1  'x, y, z'\nloop_\n _atom_site_type_symbol\n _atom_site_label\n _atom_site_symmetry_multiplicity\n _atom_site_fract_x\n _atom_site_fract_y\n _atom_site_fract_z\n _atom_site_occupancy\n  K  K1  1  0.799243  0.675023  0.500000  1\n  K  K2  1  0.299243  0.799243  0.124220  1\n  K  K3  1  0.675023  0.175023  0.875780  1\n  K  K4  1  0.175023  0.299243  0.500000  1\n  K  K5  1  0.245241  0.245241  0.000000  1\n  K  K6  1  0.745241  0.745241  0.000000  1\n  N  N7  1  0.214354  0.714354  0.500000  1\n  N  N8  1  0.714354  0.214354  0.500000  1\n  O  O9  1  0.886797  0.386797  0.712230  1\n  O  O10  1  0.674566  0.174566  0.287770  1\n  O  O11  1  0.498775  0.498775  0.000000  1\n  O  O12  1  0.998775  0.998775  0.000000  1\n  O  O13  1  0.174566  0.886797  0.500000  1\n  O  O14  1  0.386797  0.674566  0.500000  1\n"}}