{"phonon": {"ph_bandstructure": [[-0.00616916244712816, -0.00608199707268369, -0.0028591423169825178, 38.348851977784854, 38.87788060324267, 51.23004304864525, 51.819535049366145, 53.28037596645692, 57.09645677062662, 84.18699284395937, 115.2133905671057, 121.55893816276966, 122.75163978848896, 123.66448961172993, 125.13729952128168, 139.491744215185, 141.27756752568988, 141.35484661737823, 144.98154522181093, 148.80137796632582, 151.0885724602502]]}, "dielectric": {"eps_electronic": [[8.527955713086671, -9.98692796803433e-16, -2.0582421548801986e-15], [7.776640425968175e-16, 8.52795571308667, -2.0582421548801986e-15], [-2.5434227547076463e-15, 1.2111250439272923e-16, 8.540649871121712]], "eps_total": [[10.895095028832277, -3.70375479103448e-15, 1.716689681874959e-17], [-3.396656844913801e-15, 10.895095029172971, -3.332851179595691e-15], [-1.005676507347126e-15, 7.706803320531243e-16, 11.546456671137127]], "becs": [[[1.1762480823358272, -0.10705722270622589, -2.174585101491573e-17], [0.10705722270622883, 1.1762480823358272, 4.025179467948613e-16], [-2.2838873876315617e-15, -4.18712686408964e-15, 0.8924013534553643]], [[1.1762480823358272, 0.10705722270622628, 3.786032478877217e-16], [-0.10705722270622867, 1.1762480823358272, -8.531137400262648e-17], [1.2688262911689392e-15, 2.918300493511362e-15, 0.8924013534553608]], [[2.505986905804561, -6.978544641133835e-16, -4.3882188105426695e-17], [-7.930164419067544e-16, 2.505986905804561, -6.370760014571229e-17], [3.0451831305691897e-15, 2.918300493511362e-15, 3.0424677393428134]], [[-1.2146207673215406, 0.11368985405881535, 0.3491373737704915], [0.11368985405881502, -1.2146207673215406, -0.34913737377049153], [0.4313881900535938, -0.4313881900535941, -1.206817611343315]], [[-1.2146207673215397, -0.11368985405881452, 0.34913737377049114], [-0.11368985405881418, -1.2146207673215397, 0.34913737377049125], [0.4313881900535929, 0.43138819005359275, -1.206817611343316]], [[-1.2146207673215397, 0.11368985405881579, -0.34913737377049125], [0.11368985405881568, -1.2146207673215397, 0.3491373737704912], [-0.4313881900535939, 0.43138819005359363, -1.2068176113433142]], [[-1.2146207673215397, -0.11368985405881629, -0.34913737377049153], [-0.11368985405881596, -1.2146207673215397, -0.34913737377049114], [-0.4313881900535948, -0.4313881900535941, -1.2068176113433133]]]}, "metadata": {"formula": "Cu2HgI4", "nsites": 7, "structure": "# generated using pymatgen\ndata_Cu2HgI4\n_symmetry_space_group_name_H-M   'P 1'\n_cell_length_a   7.51529896\n_cell_length_b   7.51529896\n_cell_length_c   7.51529896\n_cell_angle_alpha   133.04281178\n_cell_angle_beta   133.04281178\n_cell_angle_gamma   68.58692251\n_symmetry_Int_Tables_number   1\n_chemical_formula_structural   Cu2HgI4\n_chemical_formula_sum   'Cu2 Hg1 I4'\n_cell_volume   222.647063721\n_cell_formula_units_Z   1\nloop_\n _symmetry_equiv_pos_site_id\n _symmetry_equiv_pos_as_xyz\n  1  'x, y, z'\nloop_\n _atom_site_type_symbol\n _atom_site_label\n _atom_site_symmetry_multiplicity\n _atom_site_fract_x\n _atom_site_fract_y\n _atom_site_fract_z\n _atom_site_occupancy\n  Cu  Cu1  1  0.750000  0.250000  0.500000  1\n  Cu  Cu2  1  0.250000  0.750000  0.500000  1\n  Hg  Hg3  1  0.500000  0.500000  0.000000  1\n  I  I4  1  0.904063  0.360300  0.000000  1\n  I  I5  1  0.639700  0.639700  0.543764  1\n  I  I6  1  0.360300  0.904063  0.000000  1\n  I  I7  1  0.095937  0.095937  0.456236  1\n"}}