{"phonon": {"ph_bandstructure": [[0.0, 0.0, 0.0, 259.12093578076116, 259.1209357820402, 305.88213066602304, 305.882130666392, 305.88213066719294, 332.2327268583486]]}, "dielectric": {"eps_electronic": [[5.069786688920417, -2.8125796619409427e-15, -2.6645352591003757e-15], [-2.639947908790891e-15, 5.069786688920416, -1.7763568394002505e-15], [-2.529000683234742e-15, -1.1967330536845542e-15, 5.069786688920416]], "eps_total": [[8.334307144758975, -1.7375395282630264e-15, -2.6645352591003757e-15], [-1.632091571628443e-15, 8.334307144895563, -2.6645352591003757e-15], [-2.980999999223262e-15, -2.980999999223262e-15, 8.334307144791055]], "becs": [[[0.9660146140851136, 0.0, 0.0], [0.0, 0.9660146140851136, 0.0], [-7.694754554395409e-20, -7.694754554395409e-20, 0.9660146140851136]], [[0.9660146140851136, 0.0, 0.0], [0.0, 0.9660146140851136, 0.0], [-7.694754554395409e-20, -7.694754554395409e-20, 0.9660146140851136]], [[-1.9320292280458418, 0.0, 0.0], [0.0, -1.9320292280458418, 0.0], [1.5389508332493641e-19, 1.5389508332493641e-19, -1.9320292280458418]]]}, "metadata": {"formula": "Li2Te", "nsites": 3, "structure": "# generated using pymatgen\ndata_Li2Te\n_symmetry_space_group_name_H-M   'P 1'\n_cell_length_a   4.55735369\n_cell_length_b   4.55735369\n_cell_length_c   4.55735369\n_cell_angle_alpha   60.00000000\n_cell_angle_beta   60.00000000\n_cell_angle_gamma   60.00000000\n_symmetry_Int_Tables_number   1\n_chemical_formula_structural   Li2Te\n_chemical_formula_sum   'Li2 Te1'\n_cell_volume   66.9303672195\n_cell_formula_units_Z   1\nloop_\n _symmetry_equiv_pos_site_id\n _symmetry_equiv_pos_as_xyz\n  1  'x, y, z'\nloop_\n _atom_site_type_symbol\n _atom_site_label\n _atom_site_symmetry_multiplicity\n _atom_site_fract_x\n _atom_site_fract_y\n _atom_site_fract_z\n _atom_site_occupancy\n  Li  Li1  1  0.750000  0.750000  0.750000  1\n  Li  Li2  1  0.250000  0.250000  0.250000  1\n  Te  Te3  1  0.000000  0.000000  0.000000  1\n"}}