{"phonon": {"ph_bandstructure": [[0.0, 0.0, 0.0, 37.30942611078219, 37.30942611885942, 37.30942612162412, 53.66430922683154, 53.66430923053071, 53.66430924157338, 62.26499253880635, 62.26499255160031, 79.12048510246989, 98.90214243414101, 98.90214243619438, 98.90214244225547, 176.4606856006642, 176.4606856023521, 176.46068560293, 177.59320208528368, 177.59320208992511, 185.70014300875107, 234.78017669629716, 234.78017669849456, 320.3032896722303, 329.24539251814593, 329.24539252088346, 382.1831867193448]]}, "dielectric": {"eps_electronic": [[3.410008533604069, 1.9486326953245967e-15, 1.9984014443252818e-15], [2.6676171708548316e-15, 3.410008533604067, 4.440892098500626e-16], [3.295661276407612e-15, 1.7413490419323928e-15, 3.410008533604068]], "eps_total": [[8.111870714276238, -6.0395990908067976e-12, 6.275691077917145e-11], [-6.039269049444069e-12, 8.111870715173328, -7.121414569155604e-12], [6.275612467482542e-11, -7.122200673501629e-12, 8.111870715574783]], "becs": [[[1.2835531702191436, 1.4802973771959502e-16, -9.868649181306335e-17], [-9.868649181306335e-17, 1.2835531702191443, 1.973729836261267e-16], [-1.4785565384756887e-16, 2.468903134046845e-16, 1.283553170219144]], [[1.2835531702191436, 1.4802973771959502e-16, -9.868649181306335e-17], [-9.868649181306335e-17, 1.2835531702191443, 1.973729836261267e-16], [-1.4785565384756887e-16, 2.468903134046845e-16, 1.283553170219144]], [[4.376062757041257, 1.4802973771959502e-16, -9.868649181306335e-17], [-9.868649181306335e-17, 4.376062757041257, 1.973729836261267e-16], [-1.4817455035461708e-16, 2.465714168976363e-16, 4.376062757041257]], [[-0.7416503507853958, -9.621932869055615e-16, 7.894919278870619e-16], [-7.648203065881573e-16, -0.741650350785396, 6.414621934761893e-16], [-1.4818633682239285e-16, 2.4655963042986054e-16, -1.988283847165357]], [[-1.9882838471653566, -7.401486819805302e-16, 7.894919278870619e-16], [3.4540271803699927e-16, -0.741650350785396, -4.687608311489672e-16], [1.1842653526051945e-15, -1.3075685441679591e-15, -0.7416503507853953]], [[-1.9882838471653566, -7.401486819805302e-16, 7.894919278870619e-16], [3.4540271803699927e-16, -0.741650350785396, -4.687608311489672e-16], [1.1842653526051945e-15, -1.3075685441679591e-15, -0.7416503507853953]], [[-0.7416503507853958, -9.621932869055615e-16, 7.894919278870619e-16], [-7.648203065881573e-16, -0.741650350785396, 6.414621934761893e-16], [-1.4818633682239285e-16, 2.4655963042986054e-16, -1.988283847165357]], [[-0.7416503507853971, 1.4802973672697829e-15, -1.4309541213632512e-15], [5.674473229620306e-16, -1.9882838471653586, -4.687608311489672e-16], [-8.141360917200873e-16, 6.908329001573226e-16, -0.7416503507853975]], [[-0.7416503507853971, 1.4802973672697829e-15, -1.4309541213632512e-15], [5.674473229620306e-16, -1.9882838471653586, -4.687608311489672e-16], [-8.141360917200873e-16, 6.908329001573226e-16, -0.7416503507853975]]]}, "metadata": {"formula": "Rb2TiCl6", "nsites": 9, "structure": "# generated using pymatgen\ndata_Rb2TiCl6\n_symmetry_space_group_name_H-M   'P 1'\n_cell_length_a   7.00328861\n_cell_length_b   7.00328861\n_cell_length_c   7.00328861\n_cell_angle_alpha   60.00000000\n_cell_angle_beta   60.00000000\n_cell_angle_gamma   60.00000000\n_symmetry_Int_Tables_number   1\n_chemical_formula_structural   Rb2TiCl6\n_chemical_formula_sum   'Rb2 Ti1 Cl6'\n_cell_volume   242.879619782\n_cell_formula_units_Z   1\nloop_\n _symmetry_equiv_pos_site_id\n _symmetry_equiv_pos_as_xyz\n  1  'x, y, z'\nloop_\n _atom_site_type_symbol\n _atom_site_label\n _atom_site_symmetry_multiplicity\n _atom_site_fract_x\n _atom_site_fract_y\n _atom_site_fract_z\n _atom_site_occupancy\n  Rb  Rb1  1  0.750000  0.750000  0.750000  1\n  Rb  Rb2  1  0.250000  0.250000  0.250000  1\n  Ti  Ti3  1  0.000000  0.000000  0.000000  1\n  Cl  Cl4  1  0.235928  0.235928  0.764072  1\n  Cl  Cl5  1  0.764072  0.235928  0.235928  1\n  Cl  Cl6  1  0.235928  0.764072  0.764072  1\n  Cl  Cl7  1  0.764072  0.764072  0.235928  1\n  Cl  Cl8  1  0.235928  0.764072  0.235928  1\n  Cl  Cl9  1  0.764072  0.235928  0.764072  1\n"}}