{"phonon": {"ph_bandstructure": [[0.0, 0.0, 0.0, 54.22404921787533, 54.22404922117838, 138.86034278967114]]}, "dielectric": {"eps_electronic": [[21.71844296079811, -5.876128214715368e-16, -1.7763568394002505e-15], [2.1224083105864763e-15, 21.718442960798114, -1.7763568394002505e-15], [2.785315934243031e-15, 2.785315934243031e-15, 21.71844296079812]], "eps_total": [[142.42993011108453, 3.189882612875038e-09, 1.5253789342750679e-09], [3.189881478178752e-09, 142.42993012245358, 1.9109336335532134e-10], [1.525387437388446e-09, 1.9110186646869945e-10, 142.42993012588227]], "becs": [[[4.840308496228258, 0.0, 0.0], [0.0, 4.840308496228258, 0.0], [7.894908927120177e-20, 7.894908927120177e-20, 4.840308496228258]], [[-4.840308496228258, 0.0, 0.0], [0.0, -4.840308496228258, 0.0], [-7.894908927120177e-20, -7.894908927120177e-20, -4.840308496228258]]]}, "metadata": {"formula": "PbSe", "nsites": 2, "structure": "# generated using pymatgen\ndata_PbSe\n_symmetry_space_group_name_H-M   'P 1'\n_cell_length_a   4.31506616\n_cell_length_b   4.31506616\n_cell_length_c   4.31506616\n_cell_angle_alpha   60.00000000\n_cell_angle_beta   60.00000000\n_cell_angle_gamma   60.00000000\n_symmetry_Int_Tables_number   1\n_chemical_formula_structural   PbSe\n_chemical_formula_sum   'Pb1 Se1'\n_cell_volume   56.8129548363\n_cell_formula_units_Z   1\nloop_\n _symmetry_equiv_pos_site_id\n _symmetry_equiv_pos_as_xyz\n  1  'x, y, z'\nloop_\n _atom_site_type_symbol\n _atom_site_label\n _atom_site_symmetry_multiplicity\n _atom_site_fract_x\n _atom_site_fract_y\n _atom_site_fract_z\n _atom_site_occupancy\n  Pb  Pb1  1  0.000000  0.000000  0.000000  1\n  Se  Se2  1  0.500000  0.500000  0.500000  1\n"}}