{"phonon": {"ph_bandstructure": [[-0.0023312598531293875, 0.0, 0.0, 181.23102771221133, 222.57986156641783, 223.08639818668115, 231.0718864818289, 253.8294703119515, 273.8948638757478, 288.9570959471868, 305.5558989249666, 312.2057378908535, 324.6200999038966, 326.5920089017415, 337.09514391093927, 343.77854461773705, 357.13672135403954, 377.9830679783883, 379.039711276226, 381.2601431296514, 409.4669592191939, 431.61990803603624, 459.09084964332936, 464.9917970292819, 475.4104486670955, 484.3134736291731, 529.6130785871125, 549.4795725038739, 557.5523562628292, 614.7705475484073, 670.861721552097, 674.5128639214013, 749.9143583219142]]}, "dielectric": {"eps_electronic": [[3.4257259826798547, 0.0, 0.0], [-8.881784197001252e-16, 3.281038578179943, -0.007580770979558247], [0.0, -0.0075807709795581366, 3.245351906837243]], "eps_total": [[11.895323924019351, 0.0, 0.0], [-3.552713678800501e-15, 14.377349399286572, -0.7765708450573294], [0.0, -0.7765708450573298, 10.40376585971208]], "becs": [[[1.009499172751812, -1.9176579674169003e-16, 7.259688934824126e-17], [-9.883923081397802e-16, 1.0216579473548042, -0.06554760652683296], [2.082467276789477e-18, -0.07124149653579133, 1.2366895362089285]], [[0.6672160342660486, -5.298791866354546e-17, 2.1348424696579975e-17], [-3.2225849336468637e-16, 0.9986903657895435, 0.17146654276516538], [2.082467276789477e-18, 0.13145672513454196, 1.3681749757150738]], [[1.0681728410180922, 2.523232567712368e-18, 2.11822224014414e-18], [3.4387532141040755e-16, 1.1488912020933748, 0.007995054865114804], [2.082467276789477e-18, 0.053473570241994714, 0.7374115791548947]], [[1.0681728410180924, -5.298791866354546e-17, 2.1348424696579975e-17], [-3.2225849336468637e-16, 1.148891202093375, 0.007995054865114638], [2.082467276789477e-18, 0.053473570241994714, 0.7374115791548947]], [[1.0094991727518114, -5.298791866354546e-17, 2.1348424696579975e-17], [-3.2225849336468637e-16, 1.021657947354804, -0.06554760652683285], [2.082467276789477e-18, -0.07124149653579133, 1.2366895362089285]], [[5.390098481206282, -5.298791866354546e-17, 2.1348424696579975e-17], [-3.2225849336468637e-16, 4.1210697707395845, -0.1517341214169361], [2.082467276789477e-18, -0.11591704487748719, 3.732377974011245]], [[-1.5936713083645784, 2.800789887240015e-16, -1.174294533815646e-16], [1.4540983460355641e-15, -2.221987948502391, -0.29806005883873143], [2.082467276789477e-18, -0.30683554196358614, -1.6591968825361985]], [[-3.805353803341674, -5.298791866354546e-17, 2.1348424696579975e-17], [-3.2225849336468637e-16, -1.5120558221721687, 0.10621038532008863], [2.082467276789477e-18, 0.07701176392839469, -1.1479543498022782]], [[-1.609981061471586, -5.298791866354546e-17, 3.2053253993822735e-17], [-3.2225849336468637e-16, -1.7524133581286145, 0.2926412071636513], [2.082467276789477e-18, 0.27832774616313916, -2.2912035327931437]], [[-1.609981061471586, -5.298791866354546e-17, 2.1348424696579975e-17], [-3.2225849336468637e-16, -1.7524133581286145, 0.2926412071636513], [2.082467276789477e-18, 0.27832774616313916, -2.2912035327931437]], [[-1.5936713083645784, 2.800789887240015e-16, -1.174294533815646e-16], [1.4462279886020497e-15, -2.221987948502391, -0.29806005883873166], [-2.0824672085208815e-17, -0.30683554196358614, -1.6591968825361998]]]}, "metadata": {"formula": "Li5SbO5", "nsites": 11, "structure": "# generated using pymatgen\ndata_Li5SbO5\n_symmetry_space_group_name_H-M   'P 1'\n_cell_length_a   5.23958514\n_cell_length_b   5.23958514\n_cell_length_c   5.80311580\n_cell_angle_alpha   72.54928752\n_cell_angle_beta   72.54928752\n_cell_angle_gamma   45.28829245\n_symmetry_Int_Tables_number   1\n_chemical_formula_structural   Li5SbO5\n_chemical_formula_sum   'Li5 Sb1 O5'\n_cell_volume   107.074161665\n_cell_formula_units_Z   1\nloop_\n _symmetry_equiv_pos_site_id\n _symmetry_equiv_pos_as_xyz\n  1  'x, y, z'\nloop_\n _atom_site_type_symbol\n _atom_site_label\n _atom_site_symmetry_multiplicity\n _atom_site_fract_x\n _atom_site_fract_y\n _atom_site_fract_z\n _atom_site_occupancy\n  Li  Li1  1  0.288373  0.288373  0.342928  1\n  Li  Li2  1  -0.000000  -0.000000  0.500000  1\n  Li  Li3  1  0.688520  0.688520  0.140013  1\n  Li  Li4  1  0.311480  0.311480  0.859987  1\n  Li  Li5  1  0.711627  0.711627  0.657072  1\n  Sb  Sb6  1  0.000000  0.000000  0.000000  1\n  O  O7  1  0.145339  0.145339  0.174426  1\n  O  O8  1  0.500000  0.500000  0.000000  1\n  O  O9  1  0.841763  0.841763  0.319044  1\n  O  O10  1  0.158237  0.158237  0.680956  1\n  O  O11  1  0.854661  0.854661  0.825574  1\n"}}