{"phonon": {"ph_bandstructure": [[0.0, 0.0, 0.0, 353.93758390423494, 353.9375839050865, 388.1140674474175]]}, "dielectric": {"eps_electronic": [[9.810302491987372, 8.212655134588096e-16, 2.6645352591003757e-15], [-9.550913259414409e-16, 9.810302491987372, 8.881784197001252e-16], [-1.1930501336485755e-15, 1.4714851254518002e-15, 9.810302491987372]], "eps_total": [[11.796354176821337, -1.4986968191569793e-15, 0.0], [-2.413829766069446e-15, 11.796354176827512, -2.6645352591003757e-15], [-2.693929175326722e-15, -2.939391622634616e-17, 11.796354176830892]], "becs": [[[2.140427623808904, 0.0, 0.0], [0.0, 2.140427623808904, 0.0], [-1.0314142289599427e-19, -1.0314142289599427e-19, 2.140427623808904]], [[-2.140427623808904, 0.0, 0.0], [0.0, -2.140427623808904, 0.0], [1.0314142289599426e-19, 1.0314142289599426e-19, -2.140427623808904]]]}, "metadata": {"formula": "AlAs", "nsites": 2, "structure": "# generated using pymatgen\ndata_AlAs\n_symmetry_space_group_name_H-M   'P 1'\n_cell_length_a   4.01238485\n_cell_length_b   4.01238485\n_cell_length_c   4.01238485\n_cell_angle_alpha   60.00000000\n_cell_angle_beta   60.00000000\n_cell_angle_gamma   60.00000000\n_symmetry_Int_Tables_number   1\n_chemical_formula_structural   AlAs\n_chemical_formula_sum   'Al1 As1'\n_cell_volume   45.6764927096\n_cell_formula_units_Z   1\nloop_\n _symmetry_equiv_pos_site_id\n _symmetry_equiv_pos_as_xyz\n  1  'x, y, z'\nloop_\n _atom_site_type_symbol\n _atom_site_label\n _atom_site_symmetry_multiplicity\n _atom_site_fract_x\n _atom_site_fract_y\n _atom_site_fract_z\n _atom_site_occupancy\n  Al  Al1  1  0.000000  0.000000  0.000000  1\n  As  As2  1  0.250000  0.250000  0.250000  1\n"}}