{"phonon": {"ph_bandstructure": [[-26.954682912907515, -26.95468290184096, -26.95468289812658, 0.0, 0.0, 0.0, 53.59792479581671, 53.59792481066058, 56.7328126459019, 56.73281264933149, 56.73281265956382, 76.76785558982876, 76.76785559244887, 76.76785560023202, 82.17862720800878, 94.91514096915938, 94.91514097213658, 94.91514097313595, 112.47906912633495, 112.47906913349522, 113.18517810975733, 190.22325231590548, 190.22325231852395, 211.72954218206164, 239.1456047250343, 239.14560472858827, 243.07474641213744]]}, "dielectric": {"eps_electronic": [[4.383827645935609, -5.474876878141715e-16, 4.440892098500626e-16], [-9.915768976642341e-16, 4.383827645935611, 1.7763568394002505e-15], [5.82588506638695e-16, 1.4707669263388202e-15, 4.383827645935612]], "eps_total": null, "becs": [[[1.288159329850799, 1.973729836261267e-16, -4.9343245906531674e-17], [9.868649181306335e-17, 1.288159329850799, -4.9343245906531674e-17], [-4.419281824163784e-17, 5.449367357142551e-17, 1.288159329850799]], [[1.288159329850799, 1.973729836261267e-16, -4.9343245906531674e-17], [9.868649181306335e-17, 1.288159329850799, -4.9343245906531674e-17], [-4.419281824163784e-17, 5.449367357142551e-17, 1.288159329850799]], [[0.8210060164316181, 1.973729836261267e-16, -4.9343245906531674e-17], [9.868649181306335e-17, 0.8210060164316182, -4.9343245906531674e-17], [-4.3900900949966585e-17, 5.4785590863096763e-17, 0.821006016431618]], [[-1.4560747052334242, -4.687608311489672e-16, 6.1679056886856225e-16], [-1.0115365328120932e-15, -0.12129381641206505, 1.0608797787186249e-15], [-2.892729971744745e-16, 4.755473094136828e-16, -0.12129381641206435]], [[-0.12129381641206505, 1.5296406131763145e-15, -1.6036554803817508e-15], [1.4309541213632512e-15, -0.12129381641206505, -1.6036554803817508e-15], [-4.4382487691309975e-17, 5.430400412175337e-17, -1.456074705233425]], [[-0.12129381641206505, -1.3569392508490925e-15, 1.0608797787186249e-15], [-5.674473229620306e-16, -1.4560747052334242, 6.1679056886856225e-16], [3.997987520974524e-16, -6.117377807146408e-16, -0.12129381641206435]], [[-0.12129381641206505, 1.5296406131763145e-15, -1.6036554803817508e-15], [1.4309541213632512e-15, -0.12129381641206505, -1.6036554803817508e-15], [-4.4382487691309975e-17, 5.430400412175337e-17, -1.456074705233425]], [[-0.12129381641206505, -1.3569392508490925e-15, 1.0608797787186249e-15], [-5.674473229620306e-16, -1.4560747052334242, 6.1679056886856225e-16], [3.997987520974524e-16, -6.117377807146408e-16, -0.12129381641206435]], [[-1.4560747052334242, -4.687608311489672e-16, 6.1679056886856225e-16], [-1.0115365328120932e-15, -0.12129381641206505, 1.0608797787186249e-15], [-2.892729971744745e-16, 4.755473094136828e-16, -0.12129381641206435]]]}, "metadata": {"formula": "K2PtBr6", "nsites": 9, "structure": "# generated using pymatgen\ndata_K2PtBr6\n_symmetry_space_group_name_H-M   'P 1'\n_cell_length_a   7.24439376\n_cell_length_b   7.24439376\n_cell_length_c   7.24439376\n_cell_angle_alpha   60.00000000\n_cell_angle_beta   60.00000000\n_cell_angle_gamma   60.00000000\n_symmetry_Int_Tables_number   1\n_chemical_formula_structural   K2PtBr6\n_chemical_formula_sum   'K2 Pt1 Br6'\n_cell_volume   268.838303285\n_cell_formula_units_Z   1\nloop_\n _symmetry_equiv_pos_site_id\n _symmetry_equiv_pos_as_xyz\n  1  'x, y, z'\nloop_\n _atom_site_type_symbol\n _atom_site_label\n _atom_site_symmetry_multiplicity\n _atom_site_fract_x\n _atom_site_fract_y\n _atom_site_fract_z\n _atom_site_occupancy\n  K  K1  1  0.250000  0.250000  0.250000  1\n  K  K2  1  0.750000  0.750000  0.750000  1\n  Pt  Pt3  1  0.000000  0.000000  0.000000  1\n  Br  Br4  1  0.240810  0.759190  0.759190  1\n  Br  Br5  1  0.759190  0.759190  0.240810  1\n  Br  Br6  1  0.240810  0.759190  0.240810  1\n  Br  Br7  1  0.240810  0.240810  0.759190  1\n  Br  Br8  1  0.759190  0.240810  0.759190  1\n  Br  Br9  1  0.759190  0.240810  0.240810  1\n"}}