{"phonon": {"ph_bandstructure": [[0.0, 0.0, 0.0, 32.92872936576086, 32.92872937114351, 84.16576609193925]]}, "dielectric": {"eps_electronic": [[7.632177731746155, 0.0, 0.0], [0.0, 7.632177731746155, 0.0], [0.0, 0.0, 7.632177731746155]], "eps_total": [[49.86197668518499, 0.0, 0.0], [0.0, 49.86197669551868, 0.0], [0.0, 0.0, 49.86197669899143]], "becs": [[[2.27089779949426, 0.0, 0.0], [0.0, 2.27089779949426, 0.0], [0.0, 0.0, 2.27089779949426]], [[-2.27089779949426, 0.0, 0.0], [0.0, -2.27089779949426, 0.0], [0.0, 0.0, -2.27089779949426]]]}, "metadata": {"formula": "TlI", "nsites": 2, "structure": "# generated using pymatgen\ndata_TlI\n_symmetry_space_group_name_H-M   'P 1'\n_cell_length_a   4.13660147\n_cell_length_b   4.13660147\n_cell_length_c   4.13660147\n_cell_angle_alpha   90.00000000\n_cell_angle_beta   90.00000000\n_cell_angle_gamma   90.00000000\n_symmetry_Int_Tables_number   1\n_chemical_formula_structural   TlI\n_chemical_formula_sum   'Tl1 I1'\n_cell_volume   70.7833389045\n_cell_formula_units_Z   1\nloop_\n _symmetry_equiv_pos_site_id\n _symmetry_equiv_pos_as_xyz\n  1  'x, y, z'\nloop_\n _atom_site_type_symbol\n _atom_site_label\n _atom_site_symmetry_multiplicity\n _atom_site_fract_x\n _atom_site_fract_y\n _atom_site_fract_z\n _atom_site_occupancy\n  Tl  Tl1  1  0.000000  0.000000  0.000000  1\n  I  I2  1  0.500000  0.500000  0.500000  1\n"}}