{"phonon": {"ph_bandstructure": [[0.0, 0.0, 0.0, 59.59703215205531, 59.59703215507089, 74.69362673186946]]}, "dielectric": {"eps_electronic": [[6.327754515343194, 0.0, 0.0], [0.0, 6.327754515343194, 0.0], [0.0, 0.0, 6.327754515343194]], "eps_total": [[9.939566653013632, -1.5898511958431678e-16, 0.0], [-1.5898511958431678e-16, 9.939566653285949, 0.0], [0.0, 0.0, 9.939566653380362]], "becs": [[[1.2192417264142128, 0.0, 0.0], [0.0, 1.2192417264142128, 0.0], [0.0, 0.0, 1.2192417264142128]], [[-1.2192417264142128, 0.0, 0.0], [0.0, -1.2192417264142128, 0.0], [0.0, 0.0, -1.2192417264142128]]]}, "metadata": {"formula": "CsAu", "nsites": 2, "structure": "# generated using pymatgen\ndata_CsAu\n_symmetry_space_group_name_H-M   'P 1'\n_cell_length_a   4.15730989\n_cell_length_b   4.15730989\n_cell_length_c   4.15730989\n_cell_angle_alpha   90.00000000\n_cell_angle_beta   90.00000000\n_cell_angle_gamma   90.00000000\n_symmetry_Int_Tables_number   1\n_chemical_formula_structural   CsAu\n_chemical_formula_sum   'Cs1 Au1'\n_cell_volume   71.8517246507\n_cell_formula_units_Z   1\nloop_\n _symmetry_equiv_pos_site_id\n _symmetry_equiv_pos_as_xyz\n  1  'x, y, z'\nloop_\n _atom_site_type_symbol\n _atom_site_label\n _atom_site_symmetry_multiplicity\n _atom_site_fract_x\n _atom_site_fract_y\n _atom_site_fract_z\n _atom_site_occupancy\n  Cs  Cs1  1  0.000000  0.000000  0.000000  1\n  Au  Au2  1  0.500000  0.500000  0.500000  1\n"}}