{"phonon": {"ph_bandstructure": [[0.0, 0.0, 0.0, 43.91355747254483, 43.913557479369274, 43.91355748168055, 44.01866337309554, 44.01866337757912, 44.0186633909847, 50.04833924809764, 50.04833926398711, 60.01814052553005, 91.15545895510168, 91.15545895732147, 91.15545896388946, 123.62995127261696, 123.62995127915283, 131.91546786229713, 131.91546786452744, 131.91546786528286, 139.25322059075418, 214.77439729332008, 214.7743972956769, 255.72705467317635, 255.72705467653208, 261.8855296245794, 271.8090870841769]]}, "dielectric": {"eps_electronic": [[3.3454283185750664, 5.787990359098815e-16, 0.0], [5.113886492517683e-16, 3.345428318575067, 8.881784197001252e-16], [-3.567544309848502e-16, 3.093793837902437e-16, 3.345428318575067]], "eps_total": [[6.89564933387142, -1.5015783884847237e-13, -1.8425172498837128e-10], [-1.5068456964843086e-13, 6.895649335001004, 8.837375276016246e-13], [-1.842519924997309e-10, 8.843581946617002e-13, 6.895649335495869]], "becs": [[[1.3407772955952777, 2.4671622953265837e-16, -4.9343245906531674e-17], [4.9343245906531674e-17, 1.3407772955952777, 1.4802973771959502e-16], [-9.888742094838234e-17, 2.9585854630387107e-16, 1.3407772955952777]], [[1.3407772955952777, 2.4671622953265837e-16, -4.9343245906531674e-17], [4.9343245906531674e-17, 1.3407772955952777, 1.4802973771959502e-16], [-9.888742094838234e-17, 2.9585854630387107e-16, 1.3407772955952777]], [[3.2809904581584806, -1.0855514000175295e-15, 1.2829243836436562e-15], [4.934324557565943e-16, 3.2809904581584792, -2.960594721304676e-16], [1.6777429274621658e-15, -1.4802247840860817e-15, 3.2809904581584806]], [[-0.7647996346872867, 2.4671622953265837e-16, -4.934324557565943e-16], [4.9343245906531674e-17, -1.4516732552928429, 1.4802973771959502e-16], [-5.427003708321854e-16, 2.961348062701306e-16, -0.7647996346872868]], [[-1.4516732552928429, 2.4671622953265837e-16, -4.9343245906531674e-17], [4.9343245906531674e-17, -0.7647996346872866, -2.960594721304676e-16], [-9.861116098212276e-17, -1.4795440357993198e-16, -0.7647996346872868]], [[-1.4516732552928429, 2.4671622953265837e-16, -4.9343245906531674e-17], [4.9343245906531674e-17, -0.7647996346872866, -2.960594721304676e-16], [-9.861116098212276e-17, -1.4795440357993198e-16, -0.7647996346872868]], [[-0.7647996346872867, 2.4671622953265837e-16, -4.934324557565943e-16], [4.9343245906531674e-17, -1.4516732552928429, 1.4802973771959502e-16], [-5.427003708321854e-16, 2.961348062701306e-16, -0.7647996346872868]], [[-0.7647996346872867, -1.9737298031740425e-16, -4.9343245906531674e-17], [-3.9474596394353094e-16, -0.7647996346872866, 1.4802973771959502e-16], [-9.867251427458926e-17, 2.960734529776641e-16, -1.4516732552928429]], [[-0.7647996346872867, -1.9737298031740425e-16, -4.9343245906531674e-17], [-3.9474596394353094e-16, -0.7647996346872866, 1.4802973771959502e-16], [-9.867251427458926e-17, 2.960734529776641e-16, -1.4516732552928429]]]}, "metadata": {"formula": "Cs2PbCl6", "nsites": 9, "structure": "# generated using pymatgen\ndata_Cs2PbCl6\n_symmetry_space_group_name_H-M   'P 1'\n_cell_length_a   7.37421519\n_cell_length_b   7.37421519\n_cell_length_c   7.37421519\n_cell_angle_alpha   60.00000000\n_cell_angle_beta   60.00000000\n_cell_angle_gamma   60.00000000\n_symmetry_Int_Tables_number   1\n_chemical_formula_structural   Cs2PbCl6\n_chemical_formula_sum   'Cs2 Pb1 Cl6'\n_cell_volume   283.551809465\n_cell_formula_units_Z   1\nloop_\n _symmetry_equiv_pos_site_id\n _symmetry_equiv_pos_as_xyz\n  1  'x, y, z'\nloop_\n _atom_site_type_symbol\n _atom_site_label\n _atom_site_symmetry_multiplicity\n _atom_site_fract_x\n _atom_site_fract_y\n _atom_site_fract_z\n _atom_site_occupancy\n  Cs  Cs1  1  0.250000  0.250000  0.250000  1\n  Cs  Cs2  1  0.750000  0.750000  0.750000  1\n  Pb  Pb3  1  0.000000  0.000000  0.000000  1\n  Cl  Cl4  1  0.755910  0.244090  0.755910  1\n  Cl  Cl5  1  0.244090  0.755910  0.755910  1\n  Cl  Cl6  1  0.755910  0.244090  0.244090  1\n  Cl  Cl7  1  0.244090  0.755910  0.244090  1\n  Cl  Cl8  1  0.755910  0.755910  0.244090  1\n  Cl  Cl9  1  0.244090  0.244090  0.755910  1\n"}}