{"phonon": {"ph_bandstructure": [[0.0, 0.0, 0.0, 89.13671323183206, 89.13671323381381, 252.35002670634873, 370.46147749668194, 390.43982499264473, 421.6518481213133, 421.65184813247345, 532.677194290867, 534.6603492021402]]}, "dielectric": {"eps_electronic": [[5.525290274813813, 0.0, -1.701929283874347e-23], [2.220446049250313e-16, 5.525290274909384, -1.4739139952954063e-23], [-4.254823209685869e-24, -7.369569976477031e-24, 4.846268904863634]], "eps_total": [[10.361027715511163, 3.552713678800501e-15, -1.701929283874347e-23], [5.329070518200751e-15, 10.36102771573046, -1.4739139952954063e-23], [-4.254823209685869e-24, -7.369569976477031e-24, 10.330694480629663]], "becs": [[[2.126170099738956, 1.6653345369377348e-15, -6.439563254297108e-23], [6.439293542825908e-15, 2.1261700997389554, 4.913635323847497e-22], [0.0, 0.0, 2.148429805927656]], [[2.126170099738954, -1.4432899320127035e-15, 2.610633751742071e-23], [-5.10702591327572e-15, 2.1261700997389537, -4.129865272190841e-22], [0.0, 0.0, 2.148429805927656]], [[-2.126170099738955, -5.551115123125783e-16, 1.9144647512775187e-23], [-1.1102230246251565e-15, -2.1261700997389545, -3.918850258283281e-23], [0.0, 0.0, -2.148429805927656]], [[-2.126170099738955, 3.3306690738754696e-16, 1.9144647512775187e-23], [-2.220446049250313e-16, -2.1261700997389545, -3.918850258283281e-23], [0.0, 0.0, -2.148429805927656]]]}, "metadata": {"formula": "ZnO", "nsites": 4, "structure": "# generated using pymatgen\ndata_ZnO\n_symmetry_space_group_name_H-M   'P 1'\n_cell_length_a   3.22669686\n_cell_length_b   3.22669686\n_cell_length_c   5.20694121\n_cell_angle_alpha   90.00000000\n_cell_angle_beta   90.00000000\n_cell_angle_gamma   120.00000000\n_symmetry_Int_Tables_number   1\n_chemical_formula_structural   ZnO\n_chemical_formula_sum   'Zn2 O2'\n_cell_volume   46.9493559206\n_cell_formula_units_Z   2\nloop_\n _symmetry_equiv_pos_site_id\n _symmetry_equiv_pos_as_xyz\n  1  'x, y, z'\nloop_\n _atom_site_type_symbol\n _atom_site_label\n _atom_site_symmetry_multiplicity\n _atom_site_fract_x\n _atom_site_fract_y\n _atom_site_fract_z\n _atom_site_occupancy\n  Zn  Zn1  1  0.666667  0.333333  0.499369  1\n  Zn  Zn2  1  0.333333  0.666667  0.999369  1\n  O  O3  1  0.666667  0.333333  0.120321  1\n  O  O4  1  0.333333  0.666667  0.620321  1\n"}}