{"phonon": {"ph_bandstructure": [[-18.32133404541854, -18.32133402730442, -18.321334021208287, 0.0, 0.0, 0.0, 37.18194362260051, 37.18194362853027, 37.181943646282605, 43.18045684866024, 43.18045686910184, 58.72291962230803, 66.05805039356608, 66.0580503969329, 66.05805040696646, 102.62905027495984, 102.62905028364487, 113.86024200380659, 113.86024200671034, 113.86024200768759, 126.79105900571072, 183.46394020880902, 183.4639402137937, 185.7842927170245, 226.3813146924526, 226.3813146949411, 266.3452460644719, 266.34524606804524, 285.07712708922173, 303.69389812223017]]}, "dielectric": {"eps_electronic": [[2.8515598713919283, -5.846279651281382e-16, -6.661338147750939e-16], [-8.066725700531695e-16, 2.8515598713919292, 0.0], [-1.4867775996470022e-15, 6.753463482821695e-17, 2.8515598713919292]], "eps_total": null, "becs": [[[1.3370506217623617, -4.440892164675075e-17, 1.3322676494025225e-16], [4.440892164675075e-17, 1.3370506217623617, 4.440892164675075e-17], [1.3773501335841424e-16, -3.990067322858876e-17, 1.3370506217623617]], [[1.3370506217623617, -4.440892164675075e-17, 1.3322676494025225e-16], [4.440892164675075e-17, 1.3370506217623617, 4.440892164675075e-17], [1.3773501335841424e-16, -3.990067322858876e-17, 1.3370506217623617]], [[1.27805810514353, -4.440892164675075e-17, 1.3322676494025225e-16], [4.440892164675075e-17, 1.27805810514353, 4.440892164675075e-17], [1.3742630339273761e-16, -4.0209383194265394e-17, 1.27805810514353]], [[3.364210861352615, -4.440892164675075e-17, 1.3322676494025225e-16], [4.440892164675075e-17, 3.364210861352615, 4.440892164675075e-17], [1.3776072194762851e-16, -3.9874964639374494e-17, 3.364210861352615]], [[-0.8910085338411212, -7.105427364218447e-16, 5.773159747903149e-16], [-8.437694980533745e-16, -0.8910085338411208, 7.105427364218447e-16], [-3.0649114560458035e-16, 4.040515875085419e-16, -1.8761680373150558]], [[-0.8910085338411212, 3.9968028820331186e-16, -5.329070498348417e-16], [4.440892164675075e-17, -1.8761680373150567, 4.440892164675075e-17], [-5.285050738833784e-16, 4.040822641547751e-16, -0.8910085338411212]], [[-0.8910085338411212, -7.105427364218447e-16, 5.773159747903149e-16], [-8.437694980533745e-16, -0.8910085338411208, 7.105427364218447e-16], [-3.0649114560458035e-16, 4.040515875085419e-16, -1.8761680373150558]], [[-0.8910085338411212, 3.9968028820331186e-16, -5.329070498348417e-16], [4.440892164675075e-17, -1.8761680373150567, 4.440892164675075e-17], [-5.726055679399317e-16, 3.599817700982218e-16, -0.8910085338411212]], [[-1.8761680373150558, 3.9968028820331186e-16, -3.1086244490981036e-16], [7.105427364218447e-16, -0.8910085338411208, -8.437694980533745e-16], [5.817179507417782e-16, -7.061407604703813e-16, -0.8910085338411212]], [[-1.8761680373150558, 3.9968028820331186e-16, -3.1086244490981036e-16], [7.105427364218447e-16, -0.8910085338411208, -8.437694980533745e-16], [5.817179507417782e-16, -7.061407604703813e-16, -0.8910085338411212]]]}, "metadata": {"formula": "Cs2NaYCl6", "nsites": 10, "structure": "# generated using pymatgen\ndata_Cs2NaYCl6\n_symmetry_space_group_name_H-M   'P 1'\n_cell_length_a   7.53603483\n_cell_length_b   7.53603483\n_cell_length_c   7.53603483\n_cell_angle_alpha   60.00000000\n_cell_angle_beta   60.00000000\n_cell_angle_gamma   60.00000000\n_symmetry_Int_Tables_number   1\n_chemical_formula_structural   Cs2NaYCl6\n_chemical_formula_sum   'Cs2 Na1 Y1 Cl6'\n_cell_volume   302.631194988\n_cell_formula_units_Z   1\nloop_\n _symmetry_equiv_pos_site_id\n _symmetry_equiv_pos_as_xyz\n  1  'x, y, z'\nloop_\n _atom_site_type_symbol\n _atom_site_label\n _atom_site_symmetry_multiplicity\n _atom_site_fract_x\n _atom_site_fract_y\n _atom_site_fract_z\n _atom_site_occupancy\n  Cs  Cs1  1  0.750000  0.750000  0.750000  1\n  Cs  Cs2  1  0.250000  0.250000  0.250000  1\n  Na  Na3  1  0.500000  0.500000  0.500000  1\n  Y  Y4  1  0.000000  0.000000  0.000000  1\n  Cl  Cl5  1  0.755668  0.755668  0.244332  1\n  Cl  Cl6  1  0.244332  0.755668  0.244332  1\n  Cl  Cl7  1  0.244332  0.244332  0.755668  1\n  Cl  Cl8  1  0.755668  0.244332  0.755668  1\n  Cl  Cl9  1  0.755668  0.244332  0.244332  1\n  Cl  Cl10  1  0.244332  0.755668  0.755668  1\n"}}