{"phonon": {"ph_bandstructure": [[0.0, 0.0, 0.0, 48.51571304474409, 48.51571304474421, 52.72321560501389, 69.10019809478985, 72.14205575696447, 84.59452198225037, 87.26956441031825, 94.87855656904262, 97.44184597984336, 103.8597856340343, 118.25172078046994, 118.80485456740287, 123.16818740763931, 130.29588428432814, 190.94570525028354, 207.99890773989105, 234.8980267975285, 238.39845639916084]]}, "dielectric": {"eps_electronic": [[3.3780121637702942, 0.0, 9.755441584775863e-24], [0.0, 3.3780121637702942, 9.755441584775863e-24], [9.755441584775861e-24, 9.755441584775861e-24, 2.684164758338551]], "eps_total": [[6.473305030321901, 4.18422544537305e-15, 9.755441584775863e-24], [4.18422544537305e-15, 6.473305030723236, 9.755441584775863e-24], [9.755441584775861e-24, 9.755441584775861e-24, 4.791825465322361]], "becs": [[[0.6425263469168219, 0.0, 2.0325972589293297e-22], [1.5860329632228476e-17, 1.6359408269816837, -1.3821661543901627e-22], [0.0, 0.0, 1.3017900395057298]], [[1.635940826981685, 0.0, -1.3821661543901627e-22], [1.5860329632228476e-17, 0.6425263469168203, 2.0325972589293297e-22], [0.0, 0.0, 1.3017900395057285]], [[0.664149242963352, 0.0, -2.439116832836652e-23], [1.5860329632228476e-17, 0.6641492429633504, -2.439116832836652e-23], [0.0, 0.0, -0.42940119253417475]], [[-0.7356541042179001, -0.3335005924101512, -2.439116832836652e-23], [-0.3335005924101512, -0.735654104217899, -2.439116832836652e-23], [0.0, 0.0, -0.5435447216192832]], [[-0.7356541042179001, -0.3335005924101512, -2.439116832836652e-23], [-0.3335005924101513, -0.735654104217899, -2.439116832836652e-23], [0.0, 0.0, -0.5435447216192832]], [[-0.7356541042179001, 0.3335005924101512, -2.439116832836652e-23], [0.3335005924101512, -0.735654104217899, 3.252155522695836e-23], [0.0, 0.0, -0.5435447216192824]], [[-0.7356541042179001, 0.3335005924101512, 3.252155522695836e-23], [0.3335005924101512, -0.735654104217899, -2.439116832836652e-23], [0.0, 0.0, -0.5435447216192824]]]}, "metadata": {"formula": "K2PtBr4", "nsites": 7, "structure": "# generated using pymatgen\ndata_K2PtBr4\n_symmetry_space_group_name_H-M   'P 1'\n_cell_length_a   7.31264743\n_cell_length_b   7.31264743\n_cell_length_c   4.33037702\n_cell_angle_alpha   90.00000000\n_cell_angle_beta   90.00000000\n_cell_angle_gamma   90.00000000\n_symmetry_Int_Tables_number   1\n_chemical_formula_structural   K2PtBr4\n_chemical_formula_sum   'K2 Pt1 Br4'\n_cell_volume   231.566099371\n_cell_formula_units_Z   1\nloop_\n _symmetry_equiv_pos_site_id\n _symmetry_equiv_pos_as_xyz\n  1  'x, y, z'\nloop_\n _atom_site_type_symbol\n _atom_site_label\n _atom_site_symmetry_multiplicity\n _atom_site_fract_x\n _atom_site_fract_y\n _atom_site_fract_z\n _atom_site_occupancy\n  K  K1  1  0.000000  0.500000  0.500000  1\n  K  K2  1  0.500000  0.000000  0.500000  1\n  Pt  Pt3  1  0.000000  0.000000  0.000000  1\n  Br  Br4  1  0.764854  0.764854  0.000000  1\n  Br  Br5  1  0.235146  0.235146  0.000000  1\n  Br  Br6  1  0.764854  0.235146  0.000000  1\n  Br  Br7  1  0.235146  0.764854  0.000000  1\n"}}