{"phonon": {"ph_bandstructure": [[0.0, 0.0, 0.0, 94.95735409475661, 155.80320324370888, 156.4735797895044, 169.37750175740618, 171.01496467359908, 171.01496467488718, 176.47138651308904, 182.00457267838758, 182.00457267855413, 211.37619327713972, 211.37619327751497, 234.65399710588804, 247.60908853942271, 248.1669707310027, 295.12633213029255, 400.7237845546465, 400.72378455630826, 416.2019774022609, 456.6395520816841, 468.4845796213186, 474.28110605931005, 483.53994259615894, 539.2296620971584, 539.2296620998551, 540.3694534134042, 540.9914633707598, 550.936354750346]]}, "dielectric": {"eps_electronic": [[3.5062023957855804, 2.220446049250313e-16, -0.48158115064961865], [2.313572910449309e-16, 5.092554901758583, 2.5831745678999924e-16], [-0.4815811506496166, 0.0, 4.946357632395901]], "eps_total": [[7.621958535672527, 2.148947686464453e-12, -1.3556895056947142], [2.14965313949319e-12, 12.087667880464865, 7.956177669131977e-13], [-1.3556895056947138, 7.953637748414621e-13, 11.676110859289725]], "becs": [[[1.41648915723465, -0.014320566812803456, 0.09836962133751961], [0.01432056681258157, 1.0924546822256573, -0.04717266658040291], [0.09836962133647623, 0.047172666580634154, 1.1223174997598584]], [[1.41648915723465, -0.014320566812803456, 0.09836962133751961], [0.01432056681258157, 1.0924546822256573, -0.04717266658040291], [0.09836962133647623, 0.047172666580634154, 1.1223174997598584]], [[2.471262017928076, -0.005233910953789755, -0.8176233575709504], [0.005233910953708098, 5.164554437104478, -0.01724076564580271], [-0.8176233575622829, 0.017240765645887016, 4.916342267464563]], [[2.471262017928076, -0.005233910953789755, -0.8176233575709504], [0.005233910953708098, 5.164554437104478, -0.01724076564580271], [-0.8176233575622829, 0.017240765645887016, 4.916342267464563]], [[-1.3308398414872613, -0.031220940579872503, 0.31300192741414135], [-0.22520338285639693, -2.3745427844013056, 0.6022432522299728], [0.1832407820355917, 0.6142321613780806, -1.6890907279992742]], [[-1.3497079301817037, -0.18944238389488016, 0.47295047723699657], [-0.004474985517727148, -1.4049436324143803, -0.040043397016768456], [0.3740653572154372, -0.14309518633428725, -2.6398217912917588]], [[-1.207203403508292, 0.24021780224131428, -0.06669866843319736], [0.210123890607866, -2.4775227024779536, -0.49778642298710274], [0.16194759695928743, -0.5355504072702105, -1.709747247901597]], [[-1.3308398414872613, -0.031220940579872503, 0.31300192741414135], [-0.22520338285639693, -2.3745427844013056, 0.6022432522299728], [0.1832407820355917, 0.6142321613780806, -1.6890907279992742]], [[-1.207203403508292, 0.24021780224131428, -0.06669866843319736], [0.210123890607866, -2.4775227024779536, -0.49778642298710274], [0.16194759695928743, -0.5355504072702105, -1.709747247901597]], [[-1.3497079301817037, -0.18944238389488016, 0.47295047723699657], [-0.004474985517727148, -1.4049436324143803, -0.040043397016768456], [0.3740653572154372, -0.14309518633428725, -2.6398217912917588]]]}, "metadata": {"formula": "NaBiO3", "nsites": 10, "structure": "# generated using pymatgen\ndata_NaBiO3\n_symmetry_space_group_name_H-M   'P 1'\n_cell_length_a   6.24697432\n_cell_length_b   6.24697432\n_cell_length_c   6.24697432\n_cell_angle_alpha   53.41744128\n_cell_angle_beta   53.41744128\n_cell_angle_gamma   53.41744128\n_symmetry_Int_Tables_number   1\n_chemical_formula_structural   NaBiO3\n_chemical_formula_sum   'Na2 Bi2 O6'\n_cell_volume   145.823638827\n_cell_formula_units_Z   2\nloop_\n _symmetry_equiv_pos_site_id\n _symmetry_equiv_pos_as_xyz\n  1  'x, y, z'\nloop_\n _atom_site_type_symbol\n _atom_site_label\n _atom_site_symmetry_multiplicity\n _atom_site_fract_x\n _atom_site_fract_y\n _atom_site_fract_z\n _atom_site_occupancy\n  Na  Na1  1  0.862093  0.862093  0.862093  1\n  Na  Na2  1  0.137907  0.137907  0.137907  1\n  Bi  Bi3  1  0.656866  0.656866  0.656866  1\n  Bi  Bi4  1  0.343134  0.343134  0.343134  1\n  O  O5  1  0.295686  0.942312  0.536976  1\n  O  O6  1  0.536976  0.295686  0.942312  1\n  O  O7  1  0.942312  0.536976  0.295686  1\n  O  O8  1  0.704314  0.057688  0.463024  1\n  O  O9  1  0.057688  0.463024  0.704314  1\n  O  O10  1  0.463024  0.704314  0.057688  1\n"}}