{"phonon": {"ph_bandstructure": [[-85.60505209181044, 0.0, 0.0, 0.0, 317.94244257062104, 343.52775861507104, 424.22919277487154, 491.40608319551154, 573.1314987920242, 626.2331157677506, 626.2331157717127, 681.555536362653]]}, "dielectric": {"eps_electronic": [[6.222350322156136, 0.0, -3.0439222207106117e-23], [0.0, 6.222350322184435, -5.2722279405729496e-23], [-3.0439222207106105e-23, -5.2722279405729473e-23, 5.634049456466177]], "eps_total": null, "becs": [[[0.9065774502263174, 0.0, 0.0], [0.0, 0.9065774502263174, 0.0], [-3.7194579463679355e-22, -3.132568981413826e-22, 1.0707941940965597]], [[0.9247668192330948, 0.0, 0.0], [0.0, 0.9247668192330946, 0.0], [-2.8812702401441755e-22, -1.1277248333089774e-22, 0.4080641447875934]], [[0.9247668192330948, 0.0, 0.0], [0.0, 0.9247668192330946, 0.0], [-1.6539239560308123e-22, -1.1795742509323789e-22, 0.4080641447875934]], [[-2.7561110886925073, 0.0, 0.0], [0.0, -2.7561110886925064, 0.0], [8.254652142542924e-22, 5.439868065655183e-22, -1.8869224836717464]]]}, "metadata": {"formula": "Li3N", "nsites": 4, "structure": "# generated using pymatgen\ndata_Li3N\n_symmetry_space_group_name_H-M   'P 1'\n_cell_length_a   3.60824586\n_cell_length_b   3.60824586\n_cell_length_c   3.84591941\n_cell_angle_alpha   90.00000000\n_cell_angle_beta   90.00000000\n_cell_angle_gamma   120.00000000\n_symmetry_Int_Tables_number   1\n_chemical_formula_structural   Li3N\n_chemical_formula_sum   'Li3 N1'\n_cell_volume   43.3633728547\n_cell_formula_units_Z   1\nloop_\n _symmetry_equiv_pos_site_id\n _symmetry_equiv_pos_as_xyz\n  1  'x, y, z'\nloop_\n _atom_site_type_symbol\n _atom_site_label\n _atom_site_symmetry_multiplicity\n _atom_site_fract_x\n _atom_site_fract_y\n _atom_site_fract_z\n _atom_site_occupancy\n  Li  Li1  1  0.000000  0.000000  0.500000  1\n  Li  Li2  1  0.666667  0.333333  0.000000  1\n  Li  Li3  1  0.333333  0.666667  0.000000  1\n  N  N4  1  0.000000  0.000000  0.000000  1\n"}}