{"phonon": {"ph_bandstructure": [[-0.0037542245123323294, -0.003701451414050151, 0.0, 75.81710072801391, 88.78271500907101, 109.67362992083378, 121.03384899809917, 156.30769254932812, 162.34942867286594, 333.59596199522093, 341.22656488996495, 405.38781532463923, 739.2645367298378, 769.4139067698221, 798.4779594266438]]}, "dielectric": {"eps_electronic": [[2.789670010185735, 0.0, -0.22179295764736257], [0.0, 3.1285699560973663, 0.0], [-0.2217929576473626, 0.0, 2.983417628217173]], "eps_total": [[6.254850662534363, 1.2434497875801753e-14, -0.4333770326829234], [1.2475917208931806e-14, 6.9170513678949055, 1.2728285041173556e-14], [-0.43337703268292344, 1.2712053631958042e-14, 6.63342791207928]], "becs": [[[1.2289016900936027, 0.0, -0.05632518853393995], [0.0, 1.314966656041539, 0.0], [-0.05632518853355155, 0.0, 1.2781046550122102]], [[2.0387145765219694, 0.0, -0.7635565446997055], [0.0, 3.2054300324197573, 0.0], [-0.763556544694441, 0.0, 2.7057207039776308]], [[-1.193204862367323, 0.4044575040065752, 0.07299003552695764], [0.8186566525113284, -1.8210458123526334, -0.11472253587340361], [0.3587878852149173, -0.38579503178281427, -0.9096954299691533]], [[-1.193204862367323, -0.4044575040065752, 0.07299003552695764], [-0.8186566525113284, -1.8210458123526334, 0.11472253587340361], [0.3587878852149173, 0.38579503178281427, -0.9096954299691533]], [[-0.8812065418808879, 0.0, 0.673901662180036], [0.0, -0.8783050637564584, 0.0], [0.1023059627984639, 0.0, -2.1644344990517634]]]}, "metadata": {"formula": "RbBrO3", "nsites": 5, "structure": "# generated using pymatgen\ndata_RbBrO3\n_symmetry_space_group_name_H-M   'P 1'\n_cell_length_a   4.46413796\n_cell_length_b   4.46413796\n_cell_length_c   4.46413796\n_cell_angle_alpha   86.97055494\n_cell_angle_beta   86.97055494\n_cell_angle_gamma   86.97055494\n_symmetry_Int_Tables_number   1\n_chemical_formula_structural   RbBrO3\n_chemical_formula_sum   'Rb1 Br1 O3'\n_cell_volume   88.6033813541\n_cell_formula_units_Z   1\nloop_\n _symmetry_equiv_pos_site_id\n _symmetry_equiv_pos_as_xyz\n  1  'x, y, z'\nloop_\n _atom_site_type_symbol\n _atom_site_label\n _atom_site_symmetry_multiplicity\n _atom_site_fract_x\n _atom_site_fract_y\n _atom_site_fract_z\n _atom_site_occupancy\n  Rb  Rb1  1  0.002644  0.002644  0.002644  1\n  Br  Br2  1  0.526474  0.526474  0.526474  1\n  O  O3  1  0.898161  0.468380  0.468380  1\n  O  O4  1  0.468380  0.898161  0.468380  1\n  O  O5  1  0.468380  0.468380  0.898161  1\n"}}