{"phonon": {"ph_bandstructure": [[-0.005082909882991078, -0.004344188674499668, 0.0, 24.797259149882603, 40.96670492860712, 63.03657515222023, 63.356588953112585, 86.4654587284539, 90.12398090011678, 90.12952106159739, 92.18714757018628, 92.97811668656351, 93.2164182430076, 93.44820476007314, 95.01316915391908, 95.09169052669056, 103.52955260045417, 118.19353559179106, 118.21426236286003, 125.65975417955498, 129.69413631753466, 137.3598936119715, 153.69455094178096, 153.83076910682757, 163.95228638323908, 167.9628488304677, 182.74828499851128, 186.07625114765355, 282.8124591459809, 283.5878018102874, 355.2208306144529, 357.7290652687772, 369.4347624528848, 381.2059219147677, 428.2553548118703, 430.5914695838258]]}, "dielectric": {"eps_electronic": [[5.637225314439144, 0.0, 0.0], [0.0, 3.3789694977515934, 0.0], [0.0, 0.0, 3.101146317189466]], "eps_total": [[7.588989421721988, 0.0, 0.0], [0.0, 6.151602046446367, 0.0], [0.0, 0.0, 5.438212898257398]], "becs": [[[1.0241826706407338, -4.625929407134921e-18, 0.0], [4.625989951256785e-18, 1.2031069384528208, -0.041603834309869116], [-2.3129647035674605e-18, 0.11268655188841722, 1.166845310663284]], [[1.0241826706407333, -4.625929407134921e-18, 0.0], [4.62582850026675e-18, 1.20310693845282, 0.04160383430986912], [-2.3129647035674605e-18, -0.11268655188841725, 1.1668453106632843]], [[1.0241826706407338, -4.625929407134921e-18, 0.0], [4.626065631408363e-18, 1.20310693845282, 0.04160383430986912], [-2.3129647035674605e-18, -0.11268655188841722, 1.1668453106632843]], [[1.0241826706407355, -4.625929407134921e-18, 0.0], [4.62589913507489e-18, 1.2031069384528208, -0.041603834309869116], [-2.3129647035674605e-18, 0.11268655188841724, 1.166845310663284]], [[0.6224933220552047, 0.5295482798202464, 0.3383479513913211], [0.3337872322178131, 0.038068456528270005, 0.296961138427829], [0.21785789238030911, 0.2843117846593437, -0.16343712978618924]], [[0.6224933220552029, -0.5295482798202464, 0.3383479513913211], [-0.3337872322178131, 0.03806845652827178, -0.296961138427829], [0.21785789238030911, -0.2843117846593437, -0.16343712978618924]], [[0.6224933220552029, 0.5295482798202464, -0.3383479513913211], [0.3337872322178131, 0.03806845652827178, -0.296961138427829], [-0.21785789238030911, -0.2843117846593437, -0.16343712978618746]], [[0.6224933220552029, -0.5295482798202464, -0.3383479513913211], [-0.33378723221781315, 0.038068456528270005, 0.296961138427829], [-0.21785789238030911, 0.2843117846593437, -0.16343712978618746]], [[-1.6466759931505197, -4.625929407134921e-18, 0.0], [4.625727593397979e-18, -1.2411753949860134, -0.16466519808661575], [-2.3129647035674605e-18, -0.25880028851811654, -1.0034081808856978]], [[-1.6466759931505175, -4.625929407134921e-18, 0.0], [4.625949588509276e-18, -1.2411753949860134, 0.16466519808661575], [-2.3129647035674605e-18, 0.2588002885181165, -1.0034081808856978]], [[-1.6466759931505197, -4.625929407134921e-18, 0.0], [4.625788137519242e-18, -1.2411753949860134, -0.16466519808661573], [-2.3129647035674605e-18, -0.25880028851811654, -1.0034081808856992]], [[-1.6466759931505202, -4.625929407134921e-18, 0.0], [4.626090858125556e-18, -1.2411753949860134, 0.16466519808661575], [-2.3129647035674605e-18, 0.25880028851811654, -1.0034081808856965]]]}, "metadata": {"formula": "KCuS", "nsites": 12, "structure": "# generated using pymatgen\ndata_KCuS\n_symmetry_space_group_name_H-M   'P 1'\n_cell_length_a   5.18833842\n_cell_length_b   6.21367556\n_cell_length_c   10.67487438\n_cell_angle_alpha   90.00000000\n_cell_angle_beta   90.00000000\n_cell_angle_gamma   90.00000000\n_symmetry_Int_Tables_number   1\n_chemical_formula_structural   KCuS\n_chemical_formula_sum   'K4 Cu4 S4'\n_cell_volume   344.143556005\n_cell_formula_units_Z   4\nloop_\n _symmetry_equiv_pos_site_id\n _symmetry_equiv_pos_as_xyz\n  1  'x, y, z'\nloop_\n _atom_site_type_symbol\n _atom_site_label\n _atom_site_symmetry_multiplicity\n _atom_site_fract_x\n _atom_site_fract_y\n _atom_site_fract_z\n _atom_site_occupancy\n  K  K1  1  0.750000  0.517603  0.846370  1\n  K  K2  1  0.250000  0.017603  0.653630  1\n  K  K3  1  0.750000  0.982397  0.346370  1\n  K  K4  1  0.250000  0.482397  0.153630  1\n  Cu  Cu5  1  0.500000  0.000000  0.000000  1\n  Cu  Cu6  1  0.500000  0.500000  0.500000  1\n  Cu  Cu7  1  0.000000  0.500000  0.500000  1\n  Cu  Cu8  1  0.000000  0.000000  0.000000  1\n  S  S9  1  0.750000  0.224693  0.089375  1\n  S  S10  1  0.750000  0.275307  0.589375  1\n  S  S11  1  0.250000  0.775307  0.910625  1\n  S  S12  1  0.250000  0.724693  0.410625  1\n"}}