{"phonon": {"ph_bandstructure": [[0.0, 0.0, 0.0, 21.656984642230547, 21.656984647622718, 88.28213507895431, 92.35897904111245, 111.36029246216478, 113.82099523831702, 117.43466840138349, 117.43466840375686, 140.01860262871912, 146.57002153253012, 174.2615561411925, 189.69487482955617, 199.46300595756267, 216.3398890342542, 256.16376936921915, 282.0901805252938, 296.4892994152594, 303.7438240687615, 334.145951271463, 334.1459512736432, 362.4486885247281, 496.32422855490086, 504.38680488767886, 514.9216147098105, 514.9216147111307, 629.3630853366841, 655.4759430479578]]}, "dielectric": {"eps_electronic": [[5.394431723023363, 0.0, -0.07960698702365147], [0.0, 5.615836514625527, 0.0], [-0.07960698702365222, 0.0, 5.5872135008718296]], "eps_total": [[35.94044516664988, 7.3770323183453e-11, 3.0199107168130634], [7.376903969390906e-11, 27.54139971057987, 2.4772923522534254e-10], [3.0199107168130648, 2.4772894846591953e-10, 28.62722080594727]], "becs": [[[2.635332333825411, -0.001936034238835612, -0.0596334783426885], [0.0019360342388502969, 2.801186341576365, -0.005384543155645705], [-0.05963347834248589, 0.005384543155586826, 2.779744883588954]], [[2.635332333825411, -0.001936034238835612, -0.0596334783426885], [0.0019360342388502969, 2.801186341576365, -0.005384543155645705], [-0.05963347834248589, 0.005384543155586826, 2.779744883588954]], [[4.576075577029115, -0.0882951862429614, -0.1492175164357522], [0.08829518624362981, 4.991082781292724, -0.24556861197193788], [-0.14921751643524728, 0.24556861196925106, 4.937431020594527]], [[5.914809812321681, 0.2199467547771482, 0.05342171219146053], [-0.21994675477880837, 5.766232112108456, 0.6117209960884019], [0.053421712191279114, -0.6117209960817094, 5.785440104487945]], [[-2.252168741060471, 0.706803573710106, -0.5303267826750889], [0.7768763030274581, -3.196461021000378, 0.8419807284086437], [-0.47445647241490313, 0.9505614399392004, -2.6186366589128873]], [[-3.4252460429234217, -0.08948352355849296, 1.138268244422107], [-0.10616154489450397, -1.9786492935073827, 0.012573109506010854], [1.1356226388663224, 0.1523454038119279, -2.6633710845429315]], [[-2.2033602445365155, -0.681209800179891, -0.5004100812909372], [-0.6068250081041952, -3.0047334737644475, -1.0322454868172968], [-0.5536347859957029, -0.92521519485043, -2.8591727026727716]], [[-2.252168741060471, 0.706803573710106, -0.5303267826750889], [0.7768763030274581, -3.196461021000378, 0.8419807284086437], [-0.47445647241490313, 0.9505614399392004, -2.6186366589128873]], [[-2.2033602445365155, -0.681209800179891, -0.5004100812909372], [-0.6068250081041952, -3.0047334737644475, -1.0322454868172968], [-0.5536347859957029, -0.92521519485043, -2.8591727026727716]], [[-3.4252460429234217, -0.08948352355849296, 1.138268244422107], [-0.10616154489450397, -1.9786492935073827, 0.012573109506010854], [1.1356226388663224, 0.1523454038119279, -2.6633710845429315]]]}, "metadata": {"formula": "Ba2BiSbO6", "nsites": 10, "structure": "# generated using pymatgen\ndata_Ba2BiSbO6\n_symmetry_space_group_name_H-M   'P 1'\n_cell_length_a   6.01474317\n_cell_length_b   6.01474317\n_cell_length_c   6.01474317\n_cell_angle_alpha   60.74365963\n_cell_angle_beta   60.74365963\n_cell_angle_gamma   60.74365963\n_symmetry_Int_Tables_number   1\n_chemical_formula_structural   Ba2BiSbO6\n_chemical_formula_sum   'Ba2 Bi1 Sb1 O6'\n_cell_volume   156.445515219\n_cell_formula_units_Z   1\nloop_\n _symmetry_equiv_pos_site_id\n _symmetry_equiv_pos_as_xyz\n  1  'x, y, z'\nloop_\n _atom_site_type_symbol\n _atom_site_label\n _atom_site_symmetry_multiplicity\n _atom_site_fract_x\n _atom_site_fract_y\n _atom_site_fract_z\n _atom_site_occupancy\n  Ba  Ba1  1  0.251564  0.251564  0.251564  1\n  Ba  Ba2  1  0.748436  0.748436  0.748436  1\n  Bi  Bi3  1  0.000000  0.000000  0.000000  1\n  Sb  Sb4  1  0.500000  0.500000  0.500000  1\n  O  O5  1  0.213720  0.727572  0.321788  1\n  O  O6  1  0.321788  0.213720  0.727572  1\n  O  O7  1  0.727572  0.321788  0.213720  1\n  O  O8  1  0.786280  0.272428  0.678212  1\n  O  O9  1  0.272428  0.678212  0.786280  1\n  O  O10  1  0.678212  0.786280  0.272428  1\n"}}