{"phonon": {"ph_bandstructure": [[0.0, 0.0, 0.0, 34.9135819898615, 49.07208013314723, 55.93432204293927, 70.14323478570789, 75.91429695842868, 81.19337076643149, 89.49222936591582, 114.20527209049887, 118.2345996064588, 126.11086975181868, 129.82318339164868, 135.3765329436892, 153.44952674807055, 159.27696207821208, 160.90409235507218]]}, "dielectric": {"eps_electronic": [[24.608490583342725, 0.0, 0.0], [-3.552713678800501e-15, 17.289271647789473, 0.6458589985913306], [0.0, 0.6458589985913306, 8.128882458283389]], "eps_total": [[28.793131219953068, 0.0, 0.0], [-7.549516567451064e-15, 25.40495923267375, 5.44332076218123], [0.0, 5.443320762181231, 15.52330292193963]], "becs": [[[1.0726263797976405, -3.700743525707937e-17, -1.0319002435066383e-17], [2.9651576722978724e-16, 1.3167014187010722, -0.025857914007769787], [4.5208952214490225e-17, -0.013339295098622804, 1.6998373501524031]], [[1.0726263797976405, -3.700743525707937e-17, -9.267866273650953e-18], [2.9661716393123877e-16, 1.3167014187010722, -0.025857914007769787], [4.7031511471972476e-17, -0.013339295098622805, 1.6998373501524031]], [[0.9734867802142837, 1.8503716966795194e-16, -4.39717756326724e-19], [-1.4797396754690116e-15, -0.7860263641152319, 1.0943982731520525], [4.7031511471972476e-17, 0.4766892149694223, -0.7118198911557134]], [[0.9734867802142837, -3.700743525707937e-17, -1.0319002435066383e-17], [2.99861858377689e-16, -0.7860263641152319, 1.0943982731520525], [1.0535340771140442e-16, 0.4766892149694223, -0.7118198911557134]], [[-2.046113163382369, -3.700743525707937e-17, 4.066458948999546e-17], [2.933724694847886e-16, -0.5306750544359593, -1.0685403591428102], [-1.2231268722997512e-16, -0.4633499198718102, -0.9880174590629598]], [[-2.046113163382369, -3.700743525707937e-17, -1.0319002435066383e-17], [2.933724694847886e-16, -0.5306750544359593, -1.0685403591428102], [-1.2231268722997512e-16, -0.4633499198718102, -0.9880174590629598]]]}, "metadata": {"formula": "KSb2", "nsites": 6, "structure": "# generated using pymatgen\ndata_KSb2\n_symmetry_space_group_name_H-M   'P 1'\n_cell_length_a   7.31448988\n_cell_length_b   7.31448988\n_cell_length_c   6.99734791\n_cell_angle_alpha   86.95230481\n_cell_angle_beta   86.95230481\n_cell_angle_gamma   33.67326247\n_symmetry_Int_Tables_number   1\n_chemical_formula_structural   KSb2\n_chemical_formula_sum   'K2 Sb4'\n_cell_volume   207.251495838\n_cell_formula_units_Z   2\nloop_\n _symmetry_equiv_pos_site_id\n _symmetry_equiv_pos_as_xyz\n  1  'x, y, z'\nloop_\n _atom_site_type_symbol\n _atom_site_label\n _atom_site_symmetry_multiplicity\n _atom_site_fract_x\n _atom_site_fract_y\n _atom_site_fract_z\n _atom_site_occupancy\n  K  K1  1  0.368937  0.368937  0.127386  1\n  K  K2  1  0.631063  0.631063  0.872614  1\n  Sb  Sb3  1  0.690660  0.690660  0.372971  1\n  Sb  Sb4  1  0.309340  0.309340  0.627029  1\n  Sb  Sb5  1  0.946127  0.946127  0.681115  1\n  Sb  Sb6  1  0.053873  0.053873  0.318885  1\n"}}