{"phonon": {"ph_bandstructure": [[-0.003042182103033317, -0.0029797535673365353, 0.0, 72.1846677775789, 81.44118924260741, 98.37687664174707, 121.74674266294856, 140.23048447641952, 149.73021002467436, 333.2093300515988, 340.4824194240458, 402.9568896187428, 746.7070792267966, 774.004569303853, 795.4945782843256]]}, "dielectric": {"eps_electronic": [[2.787955670755185, -2.220446049250313e-16, -0.21226772857863418], [-2.20688005441424e-16, 3.101944977298402, 3.200941722288802e-17], [-0.2122677285786343, 0.0, 2.9584445852443686]], "eps_total": [[5.927915324931757, -2.6645352591003757e-15, -0.5650677674297171], [-2.198740457512596e-15, 6.7637712399797465, 5.121506755662083e-16], [-0.5650677674297172, 5.551115123125783e-16, 6.38176571006175]], "becs": [[[1.3198763998053873, 0.0, -0.0692378928893587], [0.0, 1.422294031161236, 0.0], [-0.06923789289066382, 0.0, 1.3754867993556845]], [[1.8991422706439796, 0.0, -0.816843157307932], [0.0, 3.1074277609952894, 0.0], [-0.8168431573233288, 0.0, 2.555213281071867]], [[-1.1405689870880074, -0.3335797879254544, 0.08748866659577903], [-0.7248440970556396, -1.8018077253417497, 0.12025939550650735], [0.36016210660830406, 0.3847677225268589, -0.9507701352499021]], [[-1.1405689870880074, 0.3335797879254544, 0.08748866659577903], [0.7248440970556396, -1.8018077253417497, -0.12025939550650735], [0.36016210660830406, -0.3847677225268589, -0.9507701352499021]], [[-0.9378806962752334, 0.0, 0.7111037170056844], [0.0, -0.9261063414748365, 0.0], [0.16575683699733618, 0.0, -2.0291598099295904]]]}, "metadata": {"formula": "CsBrO3", "nsites": 5, "structure": "# generated using pymatgen\ndata_CsBrO3\n_symmetry_space_group_name_H-M   'P 1'\n_cell_length_a   4.61718423\n_cell_length_b   4.61718423\n_cell_length_c   4.61718423\n_cell_angle_alpha   88.25835306\n_cell_angle_beta   88.25835306\n_cell_angle_gamma   88.25835306\n_symmetry_Int_Tables_number   1\n_chemical_formula_structural   CsBrO3\n_chemical_formula_sum   'Cs1 Br1 O3'\n_cell_volume   98.2972236389\n_cell_formula_units_Z   1\nloop_\n _symmetry_equiv_pos_site_id\n _symmetry_equiv_pos_as_xyz\n  1  'x, y, z'\nloop_\n _atom_site_type_symbol\n _atom_site_label\n _atom_site_symmetry_multiplicity\n _atom_site_fract_x\n _atom_site_fract_y\n _atom_site_fract_z\n _atom_site_occupancy\n  Cs  Cs1  1  0.001307  0.001307  0.001307  1\n  Br  Br2  1  0.469323  0.469323  0.469323  1\n  O  O3  1  0.523226  0.111989  0.523226  1\n  O  O4  1  0.111989  0.523226  0.523226  1\n  O  O5  1  0.523226  0.523226  0.111989  1\n"}}