{"phonon": {"ph_bandstructure": [[0.0, 0.0, 0.0, 36.90870592666716, 36.90870593128756, 51.94419419163336, 56.89782956812968, 57.42093372741317, 78.50904472726026, 83.65797676596968, 84.51227703542563, 87.10504586453561, 90.78476598648682, 96.60443236900797, 106.25676025684791, 106.25676025979622, 110.76176709042257, 120.2005673524923, 130.8447595901483, 130.84475959322427, 132.74872729074812, 137.41397672049933, 141.92822081755315, 246.52444203452183]]}, "dielectric": {"eps_electronic": [[8.379271528115531, 1.7763568394002505e-15, 0.4426059877670597], [0.0, 5.962210979083256, 0.0], [0.44260598776705895, 2.220446049250313e-16, 6.043259863166799]], "eps_total": [[21.23674633721543, -1.3766765505351941e-14, 1.7990901074687529], [-6.390324546101821e-15, 11.4119589617492, -1.6709059301365227e-15], [1.799090107468754, -1.7763568394002505e-15, 11.741403772224508]], "becs": [[[1.4334505029590383, 0.0, 0.039390980912269], [0.0, 1.2183373129498207, 0.0], [0.03939098091126077, 0.0, 1.2255504893111784]], [[0.778083718391924, 0.0, -0.06761535462964186], [0.0, 1.1473295277405602, 0.0], [-0.06761535462791367, 0.0, 1.1349479757612944]], [[0.778083718391924, 0.0, -0.06761535462964186], [0.0, 1.1473295277405602, 0.0], [-0.06761535462791367, 0.0, 1.1349479757612944]], [[1.0659716266526977, 0.0, 0.05054265316816253], [0.0, 0.7899594253127975, 0.0], [0.050542653166870614, 0.0, 0.7992146675695195]], [[1.0659716266526977, 0.0, 0.05054265316816253], [0.0, 0.7899594253127975, 0.0], [0.050542653166870614, 0.0, 0.7992146675695195]], [[1.4262511014443413, 0.0, 0.4545439765483412], [0.0, -1.0560025142389287, 0.0], [0.4545439765367135, 0.0, -0.9727675759128467]], [[-3.2739061472463113, 0.0, -0.2298947772688258], [0.0, -2.0184563524088035, 0.0], [-0.2298947772629441, 0.0, -2.0605541000299796]], [[-3.2739061472463113, 0.0, -0.2298947772688258], [0.0, -2.0184563524088035, 0.0], [-0.2298947772629441, 0.0, -2.0605541000299796]]]}, "metadata": {"formula": "K5CuSb2", "nsites": 8, "structure": "# generated using pymatgen\ndata_K5CuSb2\n_symmetry_space_group_name_H-M   'P 1'\n_cell_length_a   9.88695392\n_cell_length_b   9.88695392\n_cell_length_c   9.88695392\n_cell_angle_alpha   34.65387984\n_cell_angle_beta   34.65387984\n_cell_angle_gamma   34.65387984\n_symmetry_Int_Tables_number   1\n_chemical_formula_structural   K5CuSb2\n_chemical_formula_sum   'K5 Cu1 Sb2'\n_cell_volume   278.846886798\n_cell_formula_units_Z   1\nloop_\n _symmetry_equiv_pos_site_id\n _symmetry_equiv_pos_as_xyz\n  1  'x, y, z'\nloop_\n _atom_site_type_symbol\n _atom_site_label\n _atom_site_symmetry_multiplicity\n _atom_site_fract_x\n _atom_site_fract_y\n _atom_site_fract_z\n _atom_site_occupancy\n  K  K1  1  0.500000  0.500000  0.500000  1\n  K  K2  1  0.364715  0.364715  0.364715  1\n  K  K3  1  0.635285  0.635285  0.635285  1\n  K  K4  1  0.217079  0.217079  0.217079  1\n  K  K5  1  0.782921  0.782921  0.782921  1\n  Cu  Cu6  1  0.000000  0.000000  0.000000  1\n  Sb  Sb7  1  0.088694  0.088694  0.088694  1\n  Sb  Sb8  1  0.911306  0.911306  0.911306  1\n"}}