{"phonon": {"ph_bandstructure": [[0.0, 0.0, 0.0, 48.97206473950605, 48.972064743472686, 48.9720647553199, 58.78891760731258, 58.788917620855685, 65.07501410116808, 65.07501410578914, 65.07501410736445, 75.64986082116458, 144.0679548553978, 144.06795485684555, 144.0679548610446, 153.45143600074857, 153.45143600260548, 153.45143600323902, 175.81625024402484, 175.81625024870962, 176.3184465509659, 310.2311042751023, 310.2311042768198, 324.9528569268391, 324.9528569296038, 333.2351216982725, 333.60129900824677]]}, "dielectric": {"eps_electronic": [[3.24131227847632, -6.171797985872216e-16, -6.661338147750939e-16], [1.1002542254021334e-16, 3.241312278476321, 4.440892098500626e-16], [-2.3216823524489546e-16, -1.0123630319864157e-17, 3.2413122784763218]], "eps_total": [[5.676550400959824, -2.4852935861854448e-11, -5.771694233658309e-11], [-2.4851896646570352e-11, 5.6765504016974875, 2.2000623545181952e-11], [-5.7717184663241395e-11, 2.2000825307733496e-11, 5.67655040209684]], "becs": [[[1.3386297100637548, 1.4802973771959502e-16, -9.868649181306335e-17], [9.868649181306335e-17, 1.338629710063755, -4.9343245906531674e-17], [-8.864538015755844e-17, 2.0741409528163158e-16, 1.3386297100637548]], [[1.3386297100637548, 1.4802973771959502e-16, -9.868649181306335e-17], [9.868649181306335e-17, 1.338629710063755, -4.9343245906531674e-17], [-8.864538015755844e-17, 2.0741409528163158e-16, 1.3386297100637548]], [[1.2684380212894497, 1.4802973771959502e-16, -9.868649181306335e-17], [9.868649181306335e-17, 1.26843802128945, -4.9343245906531674e-17], [-8.869840685820486e-17, 2.0736106858098516e-16, 1.2684380212894497]], [[-0.3619892186447029, 2.8125649968199707e-15, -2.763221750913439e-15], [2.9852663558384704e-15, -0.36198921864470324, -2.9359231099319387e-15], [3.5576033040572026e-16, -2.3635861385521493e-16, -1.2488702834128003]], [[-0.3619892186447029, -2.738550126305812e-15, 2.5658487672873123e-15], [-3.4540271803699927e-16, -1.2488702834128, 3.9474596394353094e-16], [2.3541464364078852e-15, -2.456820001428645e-15, -0.3619892186447029]], [[-0.3619892186447029, -2.738550126305812e-15, 2.5658487672873123e-15], [-3.4540271803699927e-16, -1.2488702834128, 3.9474596394353094e-16], [2.3541464364078852e-15, -2.456820001428645e-15, -0.3619892186447029]], [[-0.3619892186447029, 2.8125649968199707e-15, -2.763221750913439e-15], [2.9852663558384704e-15, -0.36198921864470324, -2.9359231099319387e-15], [3.5576033040572026e-16, -2.3635861385521493e-16, -1.2488702834128003]], [[-1.2488702834128003, -2.960594721304676e-16, 3.4540271803699927e-16], [-2.7878933722123437e-15, -0.3619892186447028, 2.615192013193844e-15], [-2.5769121861889154e-15, 2.382083992675932e-15, -0.3619892186447029]], [[-1.2488702834128003, -2.960594721304676e-16, 3.4540271803699927e-16], [-2.7878933722123437e-15, -0.3619892186447028, 2.615192013193844e-15], [-2.5769121861889154e-15, 2.382083992675932e-15, -0.3619892186447029]]]}, "metadata": {"formula": "Cs2PtCl6", "nsites": 9, "structure": "# generated using pymatgen\ndata_Cs2PtCl6\n_symmetry_space_group_name_H-M   'P 1'\n_cell_length_a   7.21272202\n_cell_length_b   7.21272202\n_cell_length_c   7.21272202\n_cell_angle_alpha   60.00000000\n_cell_angle_beta   60.00000000\n_cell_angle_gamma   60.00000000\n_symmetry_Int_Tables_number   1\n_chemical_formula_structural   Cs2PtCl6\n_chemical_formula_sum   'Cs2 Pt1 Cl6'\n_cell_volume   265.327696353\n_cell_formula_units_Z   1\nloop_\n _symmetry_equiv_pos_site_id\n _symmetry_equiv_pos_as_xyz\n  1  'x, y, z'\nloop_\n _atom_site_type_symbol\n _atom_site_label\n _atom_site_symmetry_multiplicity\n _atom_site_fract_x\n _atom_site_fract_y\n _atom_site_fract_z\n _atom_site_occupancy\n  Cs  Cs1  1  0.750000  0.750000  0.750000  1\n  Cs  Cs2  1  0.250000  0.250000  0.250000  1\n  Pt  Pt3  1  0.000000  0.000000  0.000000  1\n  Cl  Cl4  1  0.772248  0.772248  0.227752  1\n  Cl  Cl5  1  0.227752  0.772248  0.227752  1\n  Cl  Cl6  1  0.772248  0.227752  0.772248  1\n  Cl  Cl7  1  0.227752  0.227752  0.772248  1\n  Cl  Cl8  1  0.772248  0.227752  0.227752  1\n  Cl  Cl9  1  0.227752  0.772248  0.772248  1\n"}}