{"phonon": {"ph_bandstructure": [[0.0, 0.0, 0.0, 113.69027544120637, 113.69027544286948, 199.62192454286128]]}, "dielectric": {"eps_electronic": [[2.6848300958602014, 0.0, 0.0], [0.0, 2.6848300958602014, 0.0], [0.0, 0.0, 2.6848300958602014]], "eps_total": [[8.277260942811894, 0.0, 0.0], [0.0, 8.277260942931825, 0.0], [0.0, 0.0, 8.27726094297553]], "becs": [[[1.193912779758021, 0.0, 0.0], [0.0, 1.193912779758021, 0.0], [0.0, 0.0, 1.193912779758021]], [[-1.193912779758021, 0.0, 0.0], [0.0, -1.193912779758021, 0.0], [0.0, 0.0, -1.193912779758021]]]}, "metadata": {"formula": "KCl", "nsites": 2, "structure": "# generated using pymatgen\ndata_KCl\n_symmetry_space_group_name_H-M   'P 1'\n_cell_length_a   3.73699048\n_cell_length_b   3.73699048\n_cell_length_c   3.73699048\n_cell_angle_alpha   90.00000000\n_cell_angle_beta   90.00000000\n_cell_angle_gamma   90.00000000\n_symmetry_Int_Tables_number   1\n_chemical_formula_structural   KCl\n_chemical_formula_sum   'K1 Cl1'\n_cell_volume   52.1874375948\n_cell_formula_units_Z   1\nloop_\n _symmetry_equiv_pos_site_id\n _symmetry_equiv_pos_as_xyz\n  1  'x, y, z'\nloop_\n _atom_site_type_symbol\n _atom_site_label\n _atom_site_symmetry_multiplicity\n _atom_site_fract_x\n _atom_site_fract_y\n _atom_site_fract_z\n _atom_site_occupancy\n  K  K1  1  0.000000  0.000000  0.000000  1\n  Cl  Cl2  1  0.500000  0.500000  0.500000  1\n"}}