{"phonon": {"ph_bandstructure": [[0.0, 0.0, 0.0, 115.43662425764383, 119.19405626726166, 119.19405627064663, 144.716486963888, 152.0896731067778, 167.1765038157112, 167.17650381816577, 181.78005065755497, 207.7934054187195, 306.22415731251965, 320.87367755804297, 423.94174732947147, 423.94174733061834, 461.4004972259725, 479.5596620397899]]}, "dielectric": {"eps_electronic": [[4.538472518199361, 0.0, 1.0701445517792152e-27], [0.0, 4.538472518199361, 1.0701445517792152e-27], [1.070144551779215e-27, 1.070144551779215e-27, 4.328586929978216]], "eps_total": [[17.49302396376359, 2.5229066916382464e-15, 1.0701445517792152e-27], [2.5229066916382464e-15, 17.49302396424264, 1.0701445517792152e-27], [1.070144551779215e-27, 1.070144551779215e-27, 11.735263074831618]], "becs": [[[4.367544233662506, 0.0, 0.0], [0.0, 4.367544233662507, 0.0], [1.5339831841952177e-26, 1.5565591456308062e-26, 3.7262080187205924]], [[4.367544233662506, 0.0, 0.0], [0.0, 4.367544233662505, 0.0], [1.4907454314385034e-26, 1.5565591456308062e-26, 3.7262080187205924]], [[-1.3721534549927135, 0.0, 0.0], [0.0, -1.372153454992715, 0.0], [-1.2166810400073447e-26, -1.2106570307989362e-26, -1.4941463714737957]], [[-1.3721534549927135, 0.0, 0.0], [0.0, -1.372153454992715, 0.0], [-1.1899952394778096e-26, -1.2106570307989362e-26, -1.4941463714737957]], [[-2.9953907786715424, 0.0, 0.0], [0.0, -2.9953907786715406, 0.0], [-2.5519844513143237e-26, 1.902461167684524e-26, -2.232061647246922]], [[-2.9953907786715424, 0.0, 0.0], [0.0, -2.9953907786715415, 0.0], [1.9339323971948293e-26, -2.594265119013807e-26, -2.232061647246922]]]}, "metadata": {"formula": "LaClO", "nsites": 6, "structure": "# generated using pymatgen\ndata_LaClO\n_symmetry_space_group_name_H-M   'P 1'\n_cell_length_a   4.06873293\n_cell_length_b   4.06873293\n_cell_length_c   6.84182214\n_cell_angle_alpha   90.00000000\n_cell_angle_beta   90.00000000\n_cell_angle_gamma   90.00000000\n_symmetry_Int_Tables_number   1\n_chemical_formula_structural   LaClO\n_chemical_formula_sum   'La2 Cl2 O2'\n_cell_volume   113.263544335\n_cell_formula_units_Z   2\nloop_\n _symmetry_equiv_pos_site_id\n _symmetry_equiv_pos_as_xyz\n  1  'x, y, z'\nloop_\n _atom_site_type_symbol\n _atom_site_label\n _atom_site_symmetry_multiplicity\n _atom_site_fract_x\n _atom_site_fract_y\n _atom_site_fract_z\n _atom_site_occupancy\n  La  La1  1  0.000000  0.500000  0.823738  1\n  La  La2  1  0.500000  0.000000  0.176262  1\n  Cl  Cl3  1  0.500000  0.000000  0.630620  1\n  Cl  Cl4  1  0.000000  0.500000  0.369380  1\n  O  O5  1  0.000000  0.000000  0.000000  1\n  O  O6  1  0.500000  0.500000  0.000000  1\n"}}