{"phonon": {"ph_bandstructure": [[0.0, 0.0, 0.0, 58.98072448246639, 111.28210028137997, 114.1360888164769, 118.77590694325228, 121.53881952470914, 127.3469033694919, 127.73539326232252, 129.29888023484932, 141.0187964095183, 172.26899184336682, 175.69504159484532, 183.4100372574392, 189.9242698537368, 191.82828379834254, 200.38798824583074, 204.5403821354091, 207.51583501712037, 215.77017808170584, 243.70413032448948, 266.11483494563316, 271.2886379486412, 276.0035538352431, 280.30635450313935, 294.96237772518117, 308.34858474722256, 403.4220519288719, 404.57229583839836, 416.94539981422776, 428.0954502003143, 463.59169706481146, 482.3947569594247, 501.64793123534577, 502.20463161398663]]}, "dielectric": {"eps_electronic": [[6.567388644410039, -2.6645352591003757e-15, 1.0764262268735378e-39], [-6.661338147750939e-16, 5.158783770392362, 1.2163573028742191e-23], [0.0, 1.216357302874219e-23, 6.575672782978833]], "eps_total": [[16.860344581444558, -7.105427357601002e-15, 1.0764262268735378e-39], [-3.9968028886505635e-15, 13.039973648801453, 1.2163573028742191e-23], [0.0, 1.216357302874219e-23, 17.182306867434058]], "becs": [[[4.277277166246354, 1.110223057712381e-16, 0.28472808493468404], [3.330669173137143e-16, 4.045008353597769, 7.768413208776957e-17], [-0.13239305919334465, -8.42833745803698e-18, 4.284898140260296]], [[4.277277166246354, 2.2204460823375376e-16, -0.28472808493468404], [1.6653345468639022e-15, 4.045008353597768, -5.802393210744616e-17], [0.13239305919334465, -3.6359275014278364e-18, 4.284898140260296]], [[4.277277166246355, -2.2204460161630886e-16, 0.28472808493468404], [-5.551115023864109e-16, 4.045008353597769, 9.830099990161707e-18], [-0.13239305919334465, -3.6359275014278364e-18, 4.284898140260296]], [[4.277277166246354, 1.110223057712381e-16, -0.28472808493468404], [3.330669173137143e-16, 4.045008353597769, -5.802393210744616e-17], [0.13239305919334465, -3.6359275014278364e-18, 4.284898140260296]], [[-1.2855987742615573, -4.4408920654134017e-16, -0.6447410202811771], [-2.3314683417866614e-15, -1.4247340562386859, 9.830099990161707e-18], [-0.6530189773819113, 4.625929407134921e-18, -1.293887736470262]], [[-1.2855987742615582, -2.2204460161630886e-16, 0.6447410202811771], [-5.551115023864109e-16, -1.4247340562386868, 9.830099990161707e-18], [0.6530189773819113, 4.625929407134921e-18, -1.2938877364702632]], [[-1.2855987742615582, 1.110223057712381e-16, 0.6447410202811771], [3.330669173137143e-16, -1.4247340562386872, 9.830099990161707e-18], [0.6530189773819115, -3.3713350245738225e-17, -1.2938877364702632]], [[-1.2855987742615573, -4.4408920654134017e-16, -0.6447410202811771], [-2.3314683417866614e-15, -1.4247340562386859, 9.830099990161707e-18], [-0.6530189773819113, 4.625929407134921e-18, -1.293887736470262]], [[-2.9916783919699936, 1.110223057712381e-16, 9.605265241977215e-18], [-5.551115023864109e-16, -2.6202742973592716, 0.12209694477134626], [-8.369883451547909e-18, 0.12393850000713252, -2.991010403796915]], [[-2.9916783919699945, 1.110223057712381e-16, 9.605265241977215e-18], [3.330669173137143e-16, -2.6202742973592716, -0.12209694477134626], [-3.4478417181891713e-17, -0.12393850000713252, -2.991010403796915]], [[-2.9916783919699954, 4.440892131587851e-16, 5.364388235876725e-18], [2.99760217641409e-15, -2.6202742973592725, 0.12209694477134628], [-4.835620498970617e-17, 0.12393850000713254, -2.991010403796915]], [[-2.9916783919699945, 1.110223057712381e-16, 9.605265241977215e-18], [3.330669173137143e-16, -2.6202742973592716, -0.12209694477134626], [-8.369883451547909e-18, -0.12393850000713252, -2.991010403796915]]]}, "metadata": {"formula": "LaSO", "nsites": 12, "structure": "# generated using pymatgen\ndata_LaSO\n_symmetry_space_group_name_H-M   'P 1'\n_cell_length_a   7.19997849\n_cell_length_b   7.19997849\n_cell_length_c   5.86062183\n_cell_angle_alpha   90.00000000\n_cell_angle_beta   90.00000000\n_cell_angle_gamma   131.93111400\n_symmetry_Int_Tables_number   1\n_chemical_formula_structural   LaSO\n_chemical_formula_sum   'La4 S4 O4'\n_cell_volume   226.021175509\n_cell_formula_units_Z   4\nloop_\n _symmetry_equiv_pos_site_id\n _symmetry_equiv_pos_as_xyz\n  1  'x, y, z'\nloop_\n _atom_site_type_symbol\n _atom_site_label\n _atom_site_symmetry_multiplicity\n _atom_site_fract_x\n _atom_site_fract_y\n _atom_site_fract_z\n _atom_site_occupancy\n  La  La1  1  0.160548  0.839452  0.500000  1\n  La  La2  1  0.339452  0.660548  1.000000  1\n  La  La3  1  0.839452  0.160548  0.500000  1\n  La  La4  1  0.660548  0.339452  0.000000  1\n  S  S5  1  0.373078  0.373078  0.627209  1\n  S  S6  1  0.126922  0.126922  0.127209  1\n  S  S7  1  0.873078  0.873078  0.872791  1\n  S  S8  1  0.626922  0.626922  0.372791  1\n  O  O9  1  0.495395  0.995395  0.750000  1\n  O  O10  1  0.004605  0.504605  0.250000  1\n  O  O11  1  0.504605  0.004605  0.250000  1\n  O  O12  1  0.995395  0.495395  0.750000  1\n"}}