{"phonon": {"ph_bandstructure": [[0.0, 0.0, 0.0, 108.22545210118325, 108.22545210371297, 111.69437119920465, 127.73873214495042, 164.11478171014528, 203.39708587773967, 249.73294357271757, 384.10049863092166, 420.78423840023214]]}, "dielectric": {"eps_electronic": [[4.525334854810549, 0.0, -0.0704129826352238], [0.0, 4.967541768152269, 0.0], [-0.07041298263522337, 0.0, 4.956329849171741]], "eps_total": [[9.990660447641512, 1.7763568394002505e-15, -1.330584425109722], [7.57859651809595e-16, 18.34698352955506, 1.8258964971502447e-14], [-1.3305844251097203, 1.865174681370263e-14, 18.135113441282282]], "becs": [[[2.0330625104828375, 0.0, -0.05754088280598513], [0.0, 2.3944301907491985, 0.0], [-0.05754088280188895, 0.0, 2.3852679070844953]], [[2.0330625104828375, 0.0, -0.05754088280598513], [0.0, 2.3944301907491985, 0.0], [-0.05754088280188895, 0.0, 2.3852679070844953]], [[-2.215843366081453, 0.0, 0.2044156618629449], [0.0, -3.499612573908802, 0.0], [0.2044156618483946, 0.0, -3.4670632943676525]], [[-1.8502816548842218, 0.0, -0.08933389625097465], [0.0, -1.2892478075895955, 0.0], [-0.08933389624461671, 0.0, -1.3034725198013382]]]}, "metadata": {"formula": "Sr2NCl", "nsites": 4, "structure": "# generated using pymatgen\ndata_Sr2NCl\n_symmetry_space_group_name_H-M   'P 1'\n_cell_length_a   7.31746280\n_cell_length_b   7.31746280\n_cell_length_c   7.31746280\n_cell_angle_alpha   30.47156293\n_cell_angle_beta   30.47156293\n_cell_angle_gamma   30.47156293\n_symmetry_Int_Tables_number   1\n_chemical_formula_structural   Sr2NCl\n_chemical_formula_sum   'Sr2 N1 Cl1'\n_cell_volume   89.3140337643\n_cell_formula_units_Z   1\nloop_\n _symmetry_equiv_pos_site_id\n _symmetry_equiv_pos_as_xyz\n  1  'x, y, z'\nloop_\n _atom_site_type_symbol\n _atom_site_label\n _atom_site_symmetry_multiplicity\n _atom_site_fract_x\n _atom_site_fract_y\n _atom_site_fract_z\n _atom_site_occupancy\n  Sr  Sr1  1  0.769487  0.769487  0.769487  1\n  Sr  Sr2  1  0.230513  0.230513  0.230513  1\n  N  N3  1  0.500000  0.500000  0.500000  1\n  Cl  Cl4  1  0.000000  0.000000  0.000000  1\n"}}