{"phonon": {"ph_bandstructure": [[-0.03933697670589027, -0.007535378415762735, 0.0, 125.64240072039203, 153.9932571431478, 188.210175060705, 206.44617023461495, 211.19270035140437, 279.5470101583611, 819.6921610110071, 1225.9834655882607, 1334.2211960882682]]}, "dielectric": {"eps_electronic": [[1.8655170583927831, -6.282597382631485e-16, 3.968659898372637e-16], [-3.7601838942617275e-17, 2.78925363875806, -6.626518814373009e-17], [3.7998894250378356e-16, -9.855589343788454e-16, 2.1757421270237813]], "eps_total": [[4.683331854711037, -8.688392781528201e-16, 8.958095936870695e-17], [-1.019768468476788e-15, 6.867910994509162, 9.824806537797689e-16], [1.240206715281841e-16, 1.884110211112266e-16, 3.8628254076516897]], "becs": [[[1.0403236426367335, 4.996003610813204e-16, 1.97043888923147e-16], [0.0, 1.2270150311284063, -3.970531852597673e-16], [-4.440892098500626e-16, -5.551115123125783e-17, 1.074117116368631]], [[-0.13643621162125807, 5.551115123125783e-17, -1.9422003615000815e-17], [0.0, 2.599330238711251, -1.6653345369377348e-16], [-4.440892098500626e-16, 1.6653345369377348e-16, 0.16659340423986924]], [[-0.45194371550773793, -1.6653345369377348e-16, -1.9422003615000815e-17], [-4.440892098500626e-16, -1.9131726349198281, -0.8974616433309004], [4.440892098500626e-16, 0.013029255659264105, -0.6203552603042498]], [[-0.4519437155077375, -3.885780586188048e-16, -1.5819988169314538e-16], [4.440892098500626e-16, -1.913172634919829, 0.8974616433309008], [4.440892098500626e-16, -0.013029255659264216, -0.6203552603042503]]]}, "metadata": {"formula": "NaNO2", "nsites": 4, "structure": "# generated using pymatgen\ndata_NaNO2\n_symmetry_space_group_name_H-M   'P 1'\n_cell_length_a   4.25890232\n_cell_length_b   4.25890232\n_cell_length_c   4.25890232\n_cell_angle_alpha   130.52741015\n_cell_angle_beta   101.05706952\n_cell_angle_gamma   99.11413145\n_symmetry_Int_Tables_number   1\n_chemical_formula_structural   NaNO2\n_chemical_formula_sum   'Na1 N1 O2'\n_cell_volume   53.3180530132\n_cell_formula_units_Z   1\nloop_\n _symmetry_equiv_pos_site_id\n _symmetry_equiv_pos_as_xyz\n  1  'x, y, z'\nloop_\n _atom_site_type_symbol\n _atom_site_label\n _atom_site_symmetry_multiplicity\n _atom_site_fract_x\n _atom_site_fract_y\n _atom_site_fract_z\n _atom_site_occupancy\n  Na  Na1  1  0.914377  0.414377  0.500000  1\n  N  N2  1  0.375713  0.875713  0.500000  1\n  O  O3  1  0.695098  0.999405  0.695693  1\n  O  O4  1  0.303712  0.999405  0.304307  1\n"}}