{"phonon": {"ph_bandstructure": [[0.0, 0.0, 0.0, 37.61542915177478, 37.61542916690757, 107.01059870619335, 107.01059871453843, 124.02998434451054, 131.26138067042697, 190.9372042437942, 214.16626226135858, 244.1167720336042, 299.4859237381003, 299.4859237505397, 326.7552831222704, 371.20106631490376, 371.20106632970345, 390.9464352534207, 390.9464352688898, 471.28004071431013, 628.1645774277022, 669.078794381382, 678.0649126379791, 733.3412928893891]]}, "dielectric": {"eps_electronic": [[5.277144196529312, -1.7763568394002505e-15, 6.251016722641512e-23], [-1.9984014443252818e-15, 5.277144196411324, 5.413539281214223e-23], [6.251016722641513e-23, 5.413539281214227e-23, 4.698080183711165]], "eps_total": [[12.295108846411177, -5.329070518200751e-15, 6.251016722641512e-23], [-4.440892098500626e-15, 12.295108846260346, 5.413539281214223e-23], [6.251016722641513e-23, 5.413539281214227e-23, 8.68651018888588]], "becs": [[[4.2586143485126, 5.551115123125783e-17, -3.158568233355533e-23], [3.885780586188048e-16, 4.2586143485126, -2.0971402527199353e-22], [0.0, 0.0, 3.458583899224206]], [[4.2586143485126, -1.6653345369377348e-16, 3.509520259283914e-24], [-4.996003610813204e-16, 4.2586143485126, 4.5590005493911637e-23], [0.0, 0.0, 3.4585838992242053]], [[-0.056413534298718426, 5.551115123125783e-17, 3.509520259283917e-24], [3.885780586188048e-16, -0.056413534298719314, -2.735400329634698e-23], [0.0, 0.0, 1.3137951786637752]], [[-0.05641353429871665, -3.885780586188048e-16, 1.0528560777851769e-23], [-1.3877787807814457e-15, -0.05641353429871754, -3.9511338094723425e-23], [0.0, 0.0, 1.313795178663777]], [[-2.101100407106942, -3.885780586188048e-16, 1.4038081037135692e-23], [-9.43689570931383e-16, -2.1011004071069417, 6.382600769147629e-23], [0.0, 0.0, -2.3861895389439907]], [[-2.1011004071069412, 1.1657341758564144e-15, -2.807616207427141e-23], [2.609024107869118e-15, -2.10110040710694, -2.0363535787280533e-22], [0.0, 0.0, -2.3861895389439907]], [[-2.1011004071069412, 9.43689570931383e-16, 1.2634272933422131e-22], [2.1649348980190553e-15, -2.10110040710694, 4.042313820460166e-22], [0.0, 0.0, -2.3861895389439907]], [[-2.101100407106942, -1.27675647831893e-15, -9.826656725994988e-23], [-2.7200464103316335e-15, -2.1011004071069417, -3.3432670695535206e-23], [0.0, 0.0, -2.3861895389439916]]]}, "metadata": {"formula": "YCuO2", "nsites": 8, "structure": "# generated using pymatgen\ndata_YCuO2\n_symmetry_space_group_name_H-M   'P 1'\n_cell_length_a   3.51405867\n_cell_length_b   3.51405867\n_cell_length_c   11.24865101\n_cell_angle_alpha   90.00000000\n_cell_angle_beta   90.00000000\n_cell_angle_gamma   120.00000000\n_symmetry_Int_Tables_number   1\n_chemical_formula_structural   YCuO2\n_chemical_formula_sum   'Y2 Cu2 O4'\n_cell_volume   120.295419335\n_cell_formula_units_Z   2\nloop_\n _symmetry_equiv_pos_site_id\n _symmetry_equiv_pos_as_xyz\n  1  'x, y, z'\nloop_\n _atom_site_type_symbol\n _atom_site_label\n _atom_site_symmetry_multiplicity\n _atom_site_fract_x\n _atom_site_fract_y\n _atom_site_fract_z\n _atom_site_occupancy\n  Y  Y1  1  0.000000  0.000000  0.000000  1\n  Y  Y2  1  0.000000  0.000000  0.500000  1\n  Cu  Cu3  1  0.666667  0.333333  0.750000  1\n  Cu  Cu4  1  0.333333  0.666667  0.250000  1\n  O  O5  1  0.333333  0.666667  0.409984  1\n  O  O6  1  0.666667  0.333333  0.909984  1\n  O  O7  1  0.333333  0.666667  0.090016  1\n  O  O8  1  0.666667  0.333333  0.590016  1\n"}}