{"phonon": {"ph_bandstructure": [[0.0, 0.0, 0.0, 102.94055069691242, 102.94055070129262, 115.86968727516881, 363.00837948689565, 363.00837948738086, 363.00837948847226, 419.3841794302559, 419.3841794317256, 646.8812941223391, 1134.2851248266975, 1134.2851248282213, 1229.1612515048494]]}, "dielectric": {"eps_electronic": [[3.311577386985934, 0.0, 0.0], [0.0, 3.311577386985934, 0.0], [0.0, 0.0, 3.311577386985934]], "eps_total": [[11.721952327768355, 5.702103010818632e-10, 7.087504815416481e-15], [5.702103010818632e-10, 11.721952328240567, 5.57143564681832e-13], [7.087504815416481e-15, 5.57143564681832e-13, 11.721952328025825]], "becs": [[[1.099591451022341, 0.0, 0.0], [0.0, 1.099591451022341, 0.0], [0.0, 0.0, 1.099591451022341]], [[1.7556147888547597, 0.0, 0.0], [0.0, 1.7556147888547597, 0.0], [0.0, 0.0, 1.7556147888547597]], [[-0.8727935914012579, 0.0, 0.0], [0.0, -1.1096190570760829, 0.0], [0.0, 0.0, -0.8727935914012579]], [[-0.8727935914012579, 0.0, 0.0], [0.0, -0.8727935914012579, 0.0], [0.0, 0.0, -1.1096190570760829]], [[-1.1096190570760829, 0.0, 0.0], [0.0, -0.8727935914012579, 0.0], [0.0, 0.0, -0.8727935914012579]]]}, "metadata": {"formula": "RbCaH3", "nsites": 5, "structure": "# generated using pymatgen\ndata_RbCaH3\n_symmetry_space_group_name_H-M   'P 1'\n_cell_length_a   4.47065023\n_cell_length_b   4.47065023\n_cell_length_c   4.47065023\n_cell_angle_alpha   90.00000000\n_cell_angle_beta   90.00000000\n_cell_angle_gamma   90.00000000\n_symmetry_Int_Tables_number   1\n_chemical_formula_structural   RbCaH3\n_chemical_formula_sum   'Rb1 Ca1 H3'\n_cell_volume   89.3536053605\n_cell_formula_units_Z   1\nloop_\n _symmetry_equiv_pos_site_id\n _symmetry_equiv_pos_as_xyz\n  1  'x, y, z'\nloop_\n _atom_site_type_symbol\n _atom_site_label\n _atom_site_symmetry_multiplicity\n _atom_site_fract_x\n _atom_site_fract_y\n _atom_site_fract_z\n _atom_site_occupancy\n  Rb  Rb1  1  0.000000  0.000000  0.000000  1\n  Ca  Ca2  1  0.500000  0.500000  0.500000  1\n  H  H3  1  0.500000  0.000000  0.500000  1\n  H  H4  1  0.500000  0.500000  0.000000  1\n  H  H5  1  0.000000  0.500000  0.500000  1\n"}}