{"phonon": {"ph_bandstructure": [[0.0, 0.0, 0.0, 52.73964752646929, 62.27501044423278, 64.76420863000784, 64.76420863820043, 75.27001636444828, 78.50359096884073, 78.50359097561204, 103.93336999544239, 109.38618606239774, 142.3199405991885, 148.58629455129073, 148.78556578692854, 158.69906968316906, 158.69906968657858, 176.2423884548744, 268.60667424197976, 348.5665898753178, 357.4096681845207, 397.4970746370033, 421.43185414759705, 421.43185414906196]]}, "dielectric": {"eps_electronic": [[15.561964003472509, 0.0, 1.8291224551730523e-23], [0.0, 15.561964003472509, 1.8291224551730523e-23], [1.8291224551730523e-23, 1.8291224551730523e-23, 13.99691507197575]], "eps_total": [[72.03408781692184, 1.3620175950621036e-13, 1.8291224551730523e-23], [1.3620175950621036e-13, 72.03408782846802, 1.8291224551730523e-23], [1.8291224551730523e-23, 1.8291224551730523e-23, 39.47276347257213]], "becs": [[[1.2219780995073453, 0.0, 0.0], [0.0, 1.2219780995073466, 0.0], [3.6036639804162295e-24, 3.6036639804162295e-24, 0.996308540982467]], [[1.2219780995073453, 0.0, 0.0], [0.0, 1.2219780995073466, 0.0], [3.6036639804162295e-24, 3.6036639804162295e-24, 0.9963085409824652]], [[6.25863869216276, 0.0, 0.0], [0.0, 6.2586386921627595, 0.0], [-6.006106634027048e-24, -6.006106634027048e-24, 6.087228778265128]], [[6.25863869216276, 0.0, 0.0], [0.0, 6.2586386921627595, 0.0], [2.282320520930278e-23, 2.282320520930278e-23, 6.087228778265128]], [[-3.3595630675882964, 0.0, 0.0], [0.0, -3.3595630675882955, 0.0], [-1.0810991941248687e-23, -1.0810991941248687e-23, -2.6160260734914527]], [[-3.3595630675882964, 0.0, 0.0], [0.0, -3.3595630675882973, 0.0], [-1.0810991941248687e-23, -1.0810991941248687e-23, -2.6160260734914544]], [[-4.1210537240818095, 0.0, 0.0], [0.0, -4.12105372408181, 0.0], [-1.2012213268054093e-24, -1.2012213268054093e-24, -4.467511245756141]], [[-4.1210537240818095, 0.0, 0.0], [0.0, -4.12105372408181, 0.0], [-1.2012213268054093e-24, -1.2012213268054093e-24, -4.467511245756141]]]}, "metadata": {"formula": "CuBiSeO", "nsites": 8, "structure": "# generated using pymatgen\ndata_CuBiSeO\n_symmetry_space_group_name_H-M   'P 1'\n_cell_length_a   3.90012734\n_cell_length_b   3.90012734\n_cell_length_c   8.89654441\n_cell_angle_alpha   90.00000000\n_cell_angle_beta   90.00000000\n_cell_angle_gamma   90.00000000\n_symmetry_Int_Tables_number   1\n_chemical_formula_structural   CuBiSeO\n_chemical_formula_sum   'Cu2 Bi2 Se2 O2'\n_cell_volume   135.325276768\n_cell_formula_units_Z   2\nloop_\n _symmetry_equiv_pos_site_id\n _symmetry_equiv_pos_as_xyz\n  1  'x, y, z'\nloop_\n _atom_site_type_symbol\n _atom_site_label\n _atom_site_symmetry_multiplicity\n _atom_site_fract_x\n _atom_site_fract_y\n _atom_site_fract_z\n _atom_site_occupancy\n  Cu  Cu1  1  0.000000  0.000000  0.500000  1\n  Cu  Cu2  1  0.500000  0.500000  0.500000  1\n  Bi  Bi3  1  0.000000  0.500000  0.857709  1\n  Bi  Bi4  1  0.500000  0.000000  0.142291  1\n  Se  Se5  1  0.500000  0.000000  0.672420  1\n  Se  Se6  1  0.000000  0.500000  0.327580  1\n  O  O7  1  0.500000  0.500000  0.000000  1\n  O  O8  1  0.000000  0.000000  0.000000  1\n"}}