{"phonon": {"ph_bandstructure": [[0.0, 0.0, 0.0, 40.30279502213589, 40.302795026547166, 108.2215175511768]]}, "dielectric": {"eps_electronic": [[6.59342650847624, 0.0, 0.0], [0.0, 6.59342650847624, 0.0], [0.0, 0.0, 6.59342650847624]], "eps_total": [[47.54097424955352, 0.0, 0.0], [0.0, 47.54097425625587, 0.0], [0.0, 0.0, 47.54097425851732]], "becs": [[[2.157296798865184, 0.0, 0.0], [0.0, 2.157296798865184, 0.0], [0.0, 0.0, 2.157296798865184]], [[-2.157296798865184, 0.0, 0.0], [0.0, -2.157296798865184, 0.0], [0.0, 0.0, -2.157296798865184]]]}, "metadata": {"formula": "TlBr", "nsites": 2, "structure": "# generated using pymatgen\ndata_TlBr\n_symmetry_space_group_name_H-M   'P 1'\n_cell_length_a   3.91347247\n_cell_length_b   3.91347247\n_cell_length_c   3.91347247\n_cell_angle_alpha   90.00000000\n_cell_angle_beta   90.00000000\n_cell_angle_gamma   90.00000000\n_symmetry_Int_Tables_number   1\n_chemical_formula_structural   TlBr\n_chemical_formula_sum   'Tl1 Br1'\n_cell_volume   59.935874752\n_cell_formula_units_Z   1\nloop_\n _symmetry_equiv_pos_site_id\n _symmetry_equiv_pos_as_xyz\n  1  'x, y, z'\nloop_\n _atom_site_type_symbol\n _atom_site_label\n _atom_site_symmetry_multiplicity\n _atom_site_fract_x\n _atom_site_fract_y\n _atom_site_fract_z\n _atom_site_occupancy\n  Tl  Tl1  1  0.000000  0.000000  0.000000  1\n  Br  Br2  1  0.500000  0.500000  0.500000  1\n"}}