{"phonon": {"ph_bandstructure": [[0.0, 0.0, 0.0, 47.81771518533486, 47.817715185335175, 54.161672466555125, 63.633482984360214, 76.46560629929755, 89.07847673113777, 92.86996957918808, 94.15058266837782, 98.96022206857721, 106.33518246070904, 117.83237964793712, 119.6878528616952, 121.73566473603964, 129.3708410811202, 169.56735563221085, 189.93431275438542, 258.03047703802054, 261.28511092236323]]}, "dielectric": {"eps_electronic": [[3.4751542280832908, 0.0, 9.717237242787384e-24], [0.0, 3.4751542280832908, 9.717237242787384e-24], [9.717237242787384e-24, 9.717237242787384e-24, 2.6380849586805004]], "eps_total": [[6.3058620834512435, -1.5190201832113947e-15, 9.717237242787384e-24], [-1.5190201832113947e-15, 6.3058620837586155, 9.717237242787384e-24], [9.717237242787384e-24, 9.717237242787384e-24, 4.70721862076935]], "becs": [[[0.621269713234285, -1.5860329632228476e-17, -1.297066153470779e-22], [1.5860329632228476e-17, 1.6402841015188283, 7.998574220608272e-22], [0.0, 0.0, 1.2945555840600904]], [[1.640284101518826, -1.5860329632228476e-17, 7.998574220608272e-22], [1.5860329632228476e-17, 0.6212697132342869, -1.297066153470779e-22], [0.0, 0.0, 1.2945555840600873]], [[0.7231883804325199, -1.5860329632228476e-17, -1.22500692576474e-22], [1.5860329632228476e-17, 0.7231883804325218, -1.22500692576474e-22], [0.0, 0.0, -0.15462849422250002]], [[-0.746185548797915, -0.3549215102285795, -1.22500692576474e-22], [-0.3549215102285795, -0.7461855487979171, -1.22500692576474e-22], [0.0, 0.0, -0.60862066847585]], [[-0.746185548797915, -0.3549215102285794, -1.5132438365888965e-22], [-0.35492151022857954, -0.7461855487979171, -1.5132438365888965e-22], [0.0, 0.0, -0.60862066847585]], [[-0.7461855487979159, 0.3549215102285795, -1.5132438365888965e-22], [0.3549215102285795, -0.7461855487979171, -1.22500692576474e-22], [0.0, 0.0, -0.6086206684758513]], [[-0.746185548797915, 0.3549215102285795, -1.22500692576474e-22], [0.3549215102285795, -0.7461855487979158, -1.5132438365888965e-22], [0.0, 0.0, -0.6086206684758513]]]}, "metadata": {"formula": "K2PdBr4", "nsites": 7, "structure": "# generated using pymatgen\ndata_K2PdBr4\n_symmetry_space_group_name_H-M   'P 1'\n_cell_length_a   7.34139788\n_cell_length_b   7.34139788\n_cell_length_c   4.29199903\n_cell_angle_alpha   90.00000000\n_cell_angle_beta   90.00000000\n_cell_angle_gamma   90.00000000\n_symmetry_Int_Tables_number   1\n_chemical_formula_structural   K2PdBr4\n_chemical_formula_sum   'K2 Pd1 Br4'\n_cell_volume   231.322106973\n_cell_formula_units_Z   1\nloop_\n _symmetry_equiv_pos_site_id\n _symmetry_equiv_pos_as_xyz\n  1  'x, y, z'\nloop_\n _atom_site_type_symbol\n _atom_site_label\n _atom_site_symmetry_multiplicity\n _atom_site_fract_x\n _atom_site_fract_y\n _atom_site_fract_z\n _atom_site_occupancy\n  K  K1  1  0.000000  0.500000  0.500000  1\n  K  K2  1  0.500000  0.000000  0.500000  1\n  Pd  Pd3  1  0.000000  0.000000  0.000000  1\n  Br  Br4  1  0.765648  0.765648  0.000000  1\n  Br  Br5  1  0.234352  0.234352  0.000000  1\n  Br  Br6  1  0.765648  0.234352  0.000000  1\n  Br  Br7  1  0.234352  0.765648  0.000000  1\n"}}