{"phonon": {"ph_bandstructure": [[0.0, 0.0, 0.0, 70.48506497143762, 77.62900514782521, 106.89160790781477, 163.65715511972732, 163.6571551241726, 242.2148693711701, 251.552468519737, 254.5835394121183, 327.8292754487432]]}, "dielectric": {"eps_electronic": [[5.98433441504135, 0.0, -0.08287119695246821], [0.0, 6.479820901077569, 0.0], [-0.08287119695246566, 0.0, 6.465960512288843]], "eps_total": [[11.140230260458654, -6.8833827526759706e-15, -0.33847413512414726], [-4.541718662127128e-15, 13.163965478706672, -2.413885764335108e-15], [-0.33847413512414265, -2.6645352591003757e-15, 13.107354940237398]], "becs": [[[2.0814322708326354, 0.0, -0.04604093911879947], [0.0, 2.3567108233003506, 0.0], [-0.0460409391177177, 0.0, 2.3490103756777927]], [[2.0814322708326354, 0.0, -0.04604093911879947], [0.0, 2.3567108233003506, 0.0], [-0.0460409391177177, 0.0, 2.3490103756777927]], [[-2.464506769129336, 0.0, 0.15619214295527573], [0.0, -3.398378836956074, 0.0], [0.15619214295160372, 0.0, -3.372255359917981]], [[-1.698357772535935, 0.0, -0.06411026471767678], [0.0, -1.3150428096446274, 0.0], [-0.06411026471616832, 0.0, -1.3257653914376042]]]}, "metadata": {"formula": "Ca2PI", "nsites": 4, "structure": "# generated using pymatgen\ndata_Ca2PI\n_symmetry_space_group_name_H-M   'P 1'\n_cell_length_a   7.72119692\n_cell_length_b   7.72119692\n_cell_length_c   7.72119692\n_cell_angle_alpha   31.89145767\n_cell_angle_beta   31.89145767\n_cell_angle_gamma   31.89145767\n_symmetry_Int_Tables_number   1\n_chemical_formula_structural   Ca2PI\n_chemical_formula_sum   'Ca2 P1 I1'\n_cell_volume   114.133927873\n_cell_formula_units_Z   1\nloop_\n _symmetry_equiv_pos_site_id\n _symmetry_equiv_pos_as_xyz\n  1  'x, y, z'\nloop_\n _atom_site_type_symbol\n _atom_site_label\n _atom_site_symmetry_multiplicity\n _atom_site_fract_x\n _atom_site_fract_y\n _atom_site_fract_z\n _atom_site_occupancy\n  Ca  Ca1  1  0.230362  0.230362  0.230362  1\n  Ca  Ca2  1  0.769638  0.769638  0.769638  1\n  P  P3  1  0.500000  0.500000  0.500000  1\n  I  I4  1  0.000000  0.000000  0.000000  1\n"}}