{"phonon": {"ph_bandstructure": [[0.0, 0.0, 0.0, 62.444246512570025, 62.444246515453514, 221.46674261671322]]}, "dielectric": {"eps_electronic": [[4.729543049754449, -2.5833915952128197e-15, 0.0], [-3.0274808050628824e-15, 4.729543049754446, -3.1086244689504383e-15], [-1.6780325041868644e-15, -3.454389343587115e-15, 4.729543049754448]], "eps_total": [[59.49101241447045, -5.339724699359499e-10, -6.928750906354253e-10], [-5.339725585252224e-10, 59.491012418187445, 6.618634529331757e-10], [-6.928786879441597e-10, 6.618527501970837e-10, 59.49101241982794]], "becs": [[[1.7830320142319103, 0.0, 0.0], [0.0, 1.7830320142319103, 0.0], [1.0586288928396394e-20, 1.0586288928396394e-20, 1.7830320142319103]], [[-1.7830320142319103, 0.0, 0.0], [0.0, -1.7830320142319103, 0.0], [-1.0586288928396418e-20, -1.0586288928396418e-20, -1.7830320142319103]]]}, "metadata": {"formula": "TlF", "nsites": 2, "structure": "# generated using pymatgen\ndata_TlF\n_symmetry_space_group_name_H-M   'P 1'\n_cell_length_a   3.90625019\n_cell_length_b   3.90625019\n_cell_length_c   3.90625019\n_cell_angle_alpha   60.00000000\n_cell_angle_beta   60.00000000\n_cell_angle_gamma   60.00000000\n_symmetry_Int_Tables_number   1\n_chemical_formula_structural   TlF\n_chemical_formula_sum   'Tl1 F1'\n_cell_volume   42.1468546205\n_cell_formula_units_Z   1\nloop_\n _symmetry_equiv_pos_site_id\n _symmetry_equiv_pos_as_xyz\n  1  'x, y, z'\nloop_\n _atom_site_type_symbol\n _atom_site_label\n _atom_site_symmetry_multiplicity\n _atom_site_fract_x\n _atom_site_fract_y\n _atom_site_fract_z\n _atom_site_occupancy\n  Tl  Tl1  1  0.000000  0.000000  0.000000  1\n  F  F2  1  0.500000  0.500000  0.500000  1\n"}}