{"phonon": {"ph_bandstructure": [[0.0, 0.0, 0.0, 48.591726337541715, 48.59172634844231, 77.38430654095492, 77.50136334286384, 97.78645910257607, 109.22910305800887, 113.46486824637822, 113.46486825109271, 130.09881541922502, 147.78334140284974, 153.36537756769658, 159.88423974822297, 170.0794530005456, 170.0794530037379, 189.90059917525087, 226.49057502992275, 229.0843743144543, 271.4287270846195, 288.8732510601717, 302.1511045563263, 302.1511045582264]]}, "dielectric": {"eps_electronic": [[6.658569738461842, 0.0, 4.4446376289497316e-24], [0.0, 6.658569738461842, 4.4446376289497316e-24], [4.44463762894973e-24, 4.44463762894973e-24, 4.625688393578536]], "eps_total": [[13.029342620310187, -9.83282431984891e-16, 4.4446376289497316e-24], [-9.83282431984891e-16, 13.029342620627151, 4.4446376289497316e-24], [4.44463762894973e-24, 4.44463762894973e-24, 12.485487900010764]], "becs": [[[2.646745964198148, 0.0, 0.0], [0.0, 2.6467459641981494, 0.0], [5.946023669974579e-23, 5.0312507976707974e-23, 3.3001712520809514]], [[2.646745964198148, 0.0, 0.0], [0.0, 2.6467459641981503, 0.0], [1.326420664840483e-22, 1.234943377610105e-22, 3.3001712520809514]], [[1.020152879135119, 0.0, 0.0], [0.0, 1.0201528791351184, 0.0], [-5.031250797670797e-23, -2.286932180759453e-23, 0.3171275643220234]], [[1.020152879135119, 0.0, 0.0], [0.0, 1.0201528791351184, 0.0], [-5.031250797670797e-23, -2.286932180759453e-23, 0.31712756432202693]], [[-2.27399739612824, 0.0, 0.0], [0.0, -2.2739973961282405, 0.0], [-1.3721593084556718e-23, -2.286932180759453e-23, -1.2369989221307676]], [[-2.27399739612824, 0.0, 0.0], [0.0, -2.2739973961282405, 0.0], [2.2869321807594534e-23, 1.372159308455672e-23, -1.2369989221307676]], [[-1.3929014472050276, 0.0, 0.0], [0.0, -1.3929014472050283, 0.0], [-1.3721593084556718e-23, -9.605115159189704e-23, -2.380299894272209]], [[-1.3929014472050276, 0.0, 0.0], [0.0, -1.3929014472050283, 0.0], [-8.690342286885923e-23, -2.286932180759453e-23, -2.380299894272209]]]}, "metadata": {"formula": "SrCuSeF", "nsites": 8, "structure": "# generated using pymatgen\ndata_SrCuSeF\n_symmetry_space_group_name_H-M   'P 1'\n_cell_length_a   4.01259399\n_cell_length_b   4.01259399\n_cell_length_c   8.71300650\n_cell_angle_alpha   90.00000000\n_cell_angle_beta   90.00000000\n_cell_angle_gamma   90.00000000\n_symmetry_Int_Tables_number   1\n_chemical_formula_structural   SrCuSeF\n_chemical_formula_sum   'Sr2 Cu2 Se2 F2'\n_cell_volume   140.287337803\n_cell_formula_units_Z   2\nloop_\n _symmetry_equiv_pos_site_id\n _symmetry_equiv_pos_as_xyz\n  1  'x, y, z'\nloop_\n _atom_site_type_symbol\n _atom_site_label\n _atom_site_symmetry_multiplicity\n _atom_site_fract_x\n _atom_site_fract_y\n _atom_site_fract_z\n _atom_site_occupancy\n  Sr  Sr1  1  0.000000  0.500000  0.662396  1\n  Sr  Sr2  1  0.500000  0.000000  0.337604  1\n  Cu  Cu3  1  0.500000  0.500000  0.000000  1\n  Cu  Cu4  1  0.000000  0.000000  0.000000  1\n  Se  Se5  1  0.500000  0.000000  0.831444  1\n  Se  Se6  1  0.000000  0.500000  0.168556  1\n  F  F7  1  0.000000  0.000000  0.500000  1\n  F  F8  1  0.500000  0.500000  0.500000  1\n"}}