{"phonon": {"ph_bandstructure": [[0.0, 0.0, 0.0, 45.37032770082638, 45.37032770649273, 54.083263287920616, 59.724130684018164, 60.45755179963606, 60.61741027417668, 61.13596905973085, 73.48792049796327, 73.48792050517915, 84.56670516114413, 94.49426960401283, 99.02270208113056, 120.05607628809288, 124.8410146234301, 128.21378315540656, 137.56346068304904, 137.56346068506798, 140.61131607916343, 160.08011915362488, 175.93353562758367, 187.548142940568]]}, "dielectric": {"eps_electronic": [[9.09759576629314, -8.204883919516023e-15, -3.881633998488349e-15], [-9.117562896563643e-15, 9.09759576629314, 1.794839574878252e-15], [-6.220957087405912e-16, -6.220957087405912e-16, 13.135849965829554]], "eps_total": [[17.83198392250165, -1.0559992461185369e-14, -9.673552772076742e-16], [-1.1641288105259448e-14, 17.83198392345987, 2.833093806267989e-15], [-1.3212753103180063e-15, 2.231438368482495e-15, 26.713753224294123]], "becs": [[[1.5992442599148877, -2.7755575615628914e-16, -4.430943273743094e-16], [0.0, 1.5992442599148877, 4.450840923258158e-16], [-1.6653345369377348e-16, 1.1102230246251565e-16, 1.224411442749712]], [[1.5992442599148877, -2.7755575615628914e-16, -4.430943273743094e-16], [0.0, 1.5992442599148877, 4.450840923258158e-16], [-1.6653345369377348e-16, 1.1102230246251565e-16, 1.224411442749712]], [[2.610284406194838, 3.885780586188048e-16, 4.447657299335749e-16], [0.0, 2.610284406194838, -4.4341268976655047e-16], [-3.885780586188048e-16, -7.771561172376096e-16, 3.8600422675072688]], [[2.610284406194838, 3.885780586188048e-16, 4.447657299335749e-16], [0.0, 2.610284406194838, -4.4341268976655047e-16], [-3.885780586188048e-16, -7.771561172376096e-16, 3.8600422675072688]], [[-2.104764333054865, 0.2718618317527594, -1.8703790544160735e-18], [0.27186183175276035, -2.104764333054863, -1.870379054416098e-18], [-6.106226635438361e-16, -1.1102230246251565e-16, -2.542226855128492]], [[-2.1047643330548613, -0.2718618317527595, 1.9897649515061334e-19], [-0.27186183175276035, -2.104764333054863, 1.9897649515060101e-19], [1.1657341758564144e-15, 7.771561172376096e-16, -2.5422268551284883]], [[-2.1047643330548613, -0.2718618317527595, 1.9897649515061334e-19], [-0.27186183175276035, -2.104764333054863, 1.9897649515060101e-19], [1.1657341758564144e-15, 7.771561172376096e-16, -2.5422268551284883]], [[-2.104764333054865, 0.2718618317527594, -1.8703790544160735e-18], [0.27186183175276035, -2.104764333054863, -1.870379054416098e-18], [-6.106226635438361e-16, -1.1102230246251565e-16, -2.542226855128492]]]}, "metadata": {"formula": "NaInTe2", "nsites": 8, "structure": "# generated using pymatgen\ndata_NaInTe2\n_symmetry_space_group_name_H-M   'P 1'\n_cell_length_a   6.81879167\n_cell_length_b   6.81879167\n_cell_length_c   6.81879167\n_cell_angle_alpha   105.85917253\n_cell_angle_beta   105.85917253\n_cell_angle_gamma   116.96539822\n_symmetry_Int_Tables_number   1\n_chemical_formula_structural   NaInTe2\n_chemical_formula_sum   'Na2 In2 Te4'\n_cell_volume   240.891837191\n_cell_formula_units_Z   2\nloop_\n _symmetry_equiv_pos_site_id\n _symmetry_equiv_pos_as_xyz\n  1  'x, y, z'\nloop_\n _atom_site_type_symbol\n _atom_site_label\n _atom_site_symmetry_multiplicity\n _atom_site_fract_x\n _atom_site_fract_y\n _atom_site_fract_z\n _atom_site_occupancy\n  Na  Na1  1  0.250000  0.250000  0.000000  1\n  Na  Na2  1  0.750000  0.750000  0.000000  1\n  In  In3  1  0.250000  0.750000  0.500000  1\n  In  In4  1  0.750000  0.250000  0.500000  1\n  Te  Te5  1  0.811623  0.688377  0.500000  1\n  Te  Te6  1  0.688377  0.188377  0.876754  1\n  Te  Te7  1  0.311623  0.811623  0.123246  1\n  Te  Te8  1  0.188377  0.311623  0.500000  1\n"}}