{"phonon": {"ph_bandstructure": [[0.0, 0.0, 0.0, 90.56188694063796, 90.56188694505994, 98.59109890203098, 103.39919211199411, 109.25780022102873, 122.58240309644363, 126.95440014222866, 126.9544001454142, 159.91219310097597, 215.99432028045896, 229.56829282524308, 274.2973232946582, 274.29732329624045, 288.2093822718659, 293.22149143203603]]}, "dielectric": {"eps_electronic": [[3.380050303751728, 0.0, 9.948643009595988e-34], [0.0, 3.380050303751728, 9.948643009595988e-34], [9.948643009595986e-34, 9.948643009595986e-34, 3.229395748947467]], "eps_total": [[8.75491772352871, 4.189987386996746e-15, 9.948643009595988e-34], [4.189987386996746e-15, 8.754917723789406, 9.948643009595988e-34], [9.948643009595986e-34, 9.948643009595986e-34, 10.047146197800854]], "becs": [[[2.586971370665995, 0.0, 0.0], [0.0, 2.586971370665994, 0.0], [1.3426048096145297e-32, 1.296184961767175e-32, 2.6308913313753095]], [[2.5869713706659963, 0.0, 0.0], [0.0, 2.586971370665994, 0.0], [1.3426048096145297e-32, 1.296184961767175e-32, 2.6308913313753095]], [[-1.2453653280800094, 0.0, 0.0], [0.0, -1.2453653280800099, 0.0], [6.570193849164054e-33, 1.0605149720271949e-32, -1.0003735434658454]], [[-1.2453653280800094, 0.0, 0.0], [0.0, -1.2453653280800099, 0.0], [8.284157410909366e-33, 6.1059953706905074e-33, -1.0003735434658454]], [[-1.341606042588945, 0.0, 0.0], [0.0, -1.3416060425889427, 0.0], [-3.45649316327234e-32, -7.605713123271978e-33, -1.630517787912261]], [[-1.341606042588945, 0.0, 0.0], [0.0, -1.3416060425889427, 0.0], [-7.14151464479843e-33, -3.5029130111196956e-32, -1.6305177879122619]]]}, "metadata": {"formula": "SrBrF", "nsites": 6, "structure": "# generated using pymatgen\ndata_SrBrF\n_symmetry_space_group_name_H-M   'P 1'\n_cell_length_a   4.17385991\n_cell_length_b   4.17385991\n_cell_length_c   7.29338026\n_cell_angle_alpha   90.00000000\n_cell_angle_beta   90.00000000\n_cell_angle_gamma   90.00000000\n_symmetry_Int_Tables_number   1\n_chemical_formula_structural   SrBrF\n_chemical_formula_sum   'Sr2 Br2 F2'\n_cell_volume   127.058754425\n_cell_formula_units_Z   2\nloop_\n _symmetry_equiv_pos_site_id\n _symmetry_equiv_pos_as_xyz\n  1  'x, y, z'\nloop_\n _atom_site_type_symbol\n _atom_site_label\n _atom_site_symmetry_multiplicity\n _atom_site_fract_x\n _atom_site_fract_y\n _atom_site_fract_z\n _atom_site_occupancy\n  Sr  Sr1  1  0.000000  0.500000  0.814453  1\n  Sr  Sr2  1  0.500000  0.000000  0.185547  1\n  Br  Br3  1  0.500000  0.000000  0.646448  1\n  Br  Br4  1  0.000000  0.500000  0.353552  1\n  F  F5  1  0.500000  0.500000  0.000000  1\n  F  F6  1  0.000000  0.000000  0.000000  1\n"}}