{"phonon": {"ph_bandstructure": [[0.0, 0.0, 0.0, 43.93222096946413, 53.01996903944384, 59.09463225187642, 74.92812756621035, 81.61362993096661, 89.11956310096775, 91.20252769199276, 92.59501677629007, 103.8308597778448, 109.91966874376706, 109.93039243204474, 114.8689004712507, 133.6145980211113, 153.7257724986942, 163.24186251076517, 200.9717940363926, 202.40516316421872, 203.14888898197853, 240.22083657652283, 245.01367767695268, 272.5093033605858, 530.4214241349393, 533.8620739437449, 614.0800284398249, 617.8204502037389, 3637.3440539870376, 3638.8066347146096]]}, "dielectric": {"eps_electronic": [[2.6163035501178413, 0.0, 0.0], [0.0, 2.5440939159281215, 0.010178101186879885], [0.0, 0.010178101186879885, 2.565052028416586]], "eps_total": [[7.519830849981514, 0.0, 0.0], [0.0, 6.013355205161019, -0.05369769509813963], [0.0, -0.05369769509813922, 5.950716810150992]], "becs": [[[1.0854445276737463, 0.0, 0.0], [1.7147410961439335e-32, 1.1726649777387972, -0.03909242237331843], [0.0, -0.04089330926013002, 1.1697280112258845]], [[1.0854445276737463, 0.0, 0.0], [1.7147410961439335e-32, 1.1726649777387972, -0.0390924223733191], [0.0, -0.04089330926013002, 1.1697280112258837]], [[1.1190295287708611, 0.0, 0.0], [-4.67656677366646e-33, 1.1120194273743351, 0.028373170000662206], [0.0, 0.03540222144416055, 1.1420520581982065]], [[1.1190295287708598, 0.0, 0.0], [-7.794277878681573e-33, 1.1120194273743351, 0.028373170000662206], [0.0, 0.03540222144416055, 1.1420520581982065]], [[0.46158264533309284, 0.0, 0.0], [-1.5588556686513462e-33, 0.14968113404075395, 0.02115362537962163], [0.0, 0.03426974971819813, 0.223715624786624]], [[0.46158264533309284, 0.0, 0.0], [-7.794277878681573e-33, 0.14968113404075395, 0.02115362537962163], [0.0, 0.03426974971819813, 0.223715624786624]], [[-1.102636588041423, 0.0, 0.0], [-7.794277878681573e-33, -1.1182276642753455, -0.00610923173223864], [0.0, -0.013039401073901735, -1.1208321325047168]], [[-1.102636588041423, 0.0, 0.0], [2.96182553814998e-32, -1.1182276642753455, -0.00610923173223864], [0.0, -0.013039401073901735, -1.120832132504716]], [[-1.5634201137380725, 0.0, 0.0], [-7.794277878681573e-33, -1.3161378748787058, -0.004325141275070654], [0.0, -0.01573926082876735, -1.414663561706276]], [[-1.5634201137380725, 0.0, 0.0], [-2.6500544508772256e-32, -1.3161378748787058, -0.004325141275070654], [0.0, -0.01573926082876735, -1.414663561706276]]]}, "metadata": {"formula": "K2HBrO", "nsites": 10, "structure": "# generated using pymatgen\ndata_K2HBrO\n_symmetry_space_group_name_H-M   'P 1'\n_cell_length_a   4.18708743\n_cell_length_b   6.65437557\n_cell_length_c   8.44672485\n_cell_angle_alpha   71.68275443\n_cell_angle_beta   90.00000000\n_cell_angle_gamma   90.00000000\n_symmetry_Int_Tables_number   1\n_chemical_formula_structural   K2HBrO\n_chemical_formula_sum   'K4 H2 Br2 O2'\n_cell_volume   223.421680735\n_cell_formula_units_Z   2\nloop_\n _symmetry_equiv_pos_site_id\n _symmetry_equiv_pos_as_xyz\n  1  'x, y, z'\nloop_\n _atom_site_type_symbol\n _atom_site_label\n _atom_site_symmetry_multiplicity\n _atom_site_fract_x\n _atom_site_fract_y\n _atom_site_fract_z\n _atom_site_occupancy\n  K  K1  1  0.250000  0.791685  0.465266  1\n  K  K2  1  0.750000  0.208315  0.534734  1\n  K  K3  1  0.750000  0.204357  0.118037  1\n  K  K4  1  0.250000  0.795643  0.881963  1\n  H  H5  1  0.750000  0.656723  0.712365  1\n  H  H6  1  0.250000  0.343277  0.287635  1\n  Br  Br7  1  0.750000  0.676276  0.200583  1\n  Br  Br8  1  0.250000  0.323724  0.799417  1\n  O  O9  1  0.750000  0.810773  0.672835  1\n  O  O10  1  0.250000  0.189227  0.327165  1\n"}}