{"phonon": {"ph_bandstructure": [[-0.013226614193731358, -0.013166477913385212, 0.0, 146.90401251773653, 163.7907813559743, 180.41435063844142, 180.79949682005855, 180.79949682058185, 186.25785368490844, 186.31712541773493, 187.84174081482504, 191.02143738790787, 191.02143738793964, 216.32771012319532, 218.031592254087, 218.0315922579165, 220.91530639485288, 220.9179488092169, 222.11802204509414, 225.1224381577409, 268.09442841101594, 277.288194355751, 277.288194358819, 277.7517866994222, 278.71153351386636, 284.75573951039354, 286.2856210612389, 301.7804443079514, 302.4339559749978, 302.4339559780049, 319.9647675952151, 323.08222429461426, 416.59177669979175, 807.9746099625175, 812.7587765533177, 860.6994018116487]]}, "dielectric": {"eps_electronic": [[2.3751379372457078, 0.0, -8.652504493257081e-27], [0.0, 2.375137937242857, 0.0], [-4.326252246628542e-27, -7.493288697511868e-27, 2.792752883185976]], "eps_total": [[5.2157627317905435, 8.881784197001252e-16, -8.652504493257081e-27], [6.661338147750939e-16, 5.21576273185441, 0.0], [-4.326252246628542e-27, -7.493288697511868e-27, 7.320241307860099]], "becs": [[[0.9875686967961606, -0.00029288520510891336, -1.6938998395400108e-26], [-0.00029288520510735905, 0.9872305020921378, 3.598204574724907e-26], [1.2422178003056367e-26, 2.2648256254716243e-27, 0.9039774551260489]], [[0.9870614047401254, -4.0708177459298325e-16, -5.433263901520825e-27], [-1.7393494173780609e-15, 0.9877377941481703, 6.919624028354248e-26], [1.2422178003056367e-26, 2.2648256254716243e-27, 0.9039774551260471]], [[0.9875686967961597, 0.0002928852051100975, -5.4332639015208274e-27], [0.0002928852051105416, 0.9872305020921378, 6.919624028354248e-26], [1.2422178003056367e-26, 2.2648256254716243e-27, 0.9039774551260471]], [[1.004896852206444, 0.0031370291363735188, -2.07742432266932e-26], [0.0031370291363659692, 1.0085191814391226, 1.6053529025473033e-26], [1.2422178003056367e-26, 2.2648256254716243e-27, 1.0739260745076566]], [[1.0103303460554618, 4.81096645107142e-16, 1.7578205086237734e-26], [9.251858417223148e-16, 1.0030856875901062, 5.591056246902512e-26], [1.2422178003056367e-26, 2.2648256254716243e-27, 1.073926074507657]], [[1.004896852206445, -0.0031370291363738883, -1.3103753564107013e-26], [-0.003137029136366783, 1.008519181439123, 5.591056246902512e-26], [1.2422178003056367e-26, 2.2648256254716243e-27, 1.073926074507657]], [[-0.9921693132718981, -0.0038760836106847734, 4.8260163736582486e-26], [0.0038760836106739678, -0.992169313271898, 3.7476683001744177e-25], [-3.268993743697265e-27, -6.794476606426626e-27, -0.9906620306142815]], [[-0.9921693132718985, -0.0038760836106843293, 1.4030603968761673e-25], [0.0038760836106753, -0.9921693132718988, -1.0351757130518322e-25], [-5.034250898395816e-26, 2.0383430089268129e-26, -0.9906620306142815]], [[-0.9921693132718976, 0.00387608361068507, -1.0514962951514126e-25], [-0.0038760836106743373, -0.9921693132718975, 1.0905327372709453e-25], [-2.4844354895483513e-26, -1.2456540501363034e-26, -0.9906620306142815]], [[-0.992169313271899, 0.0038760836106832936, -1.3103753564107013e-26], [-0.003876083610677002, -0.9921693132718988, -7.94372817660086e-25], [1.8306367408088975e-26, -4.1899272755032356e-26, -0.9906620306142815]], [[-1.0068227978500626, -4.0708177459298325e-16, -1.3103753564107013e-26], [-4.0708178782787305e-16, -1.0068227978500626, 5.591056246902512e-26], [-5.818809485733497e-26, 2.4913081205217259e-26, -0.9855312332577786]], [[-1.0068227978500612, 2.590520401821107e-16, -1.3103753564107013e-26], [9.251858417223148e-16, -1.0068227978500621, 5.591056246902512e-26], [4.3804521496563633e-26, 2.264825625471623e-27, -0.9855312332577786]]]}, "metadata": {"formula": "Na2O2", "nsites": 12, "structure": "# generated using pymatgen\ndata_Na2O2\n_symmetry_space_group_name_H-M   'P 1'\n_cell_length_a   6.19809013\n_cell_length_b   6.19809013\n_cell_length_c   4.43245194\n_cell_angle_alpha   90.00000000\n_cell_angle_beta   90.00000000\n_cell_angle_gamma   120.00000000\n_symmetry_Int_Tables_number   1\n_chemical_formula_structural   Na2O2\n_chemical_formula_sum   'Na6 O6'\n_cell_volume   147.465504406\n_cell_formula_units_Z   3\nloop_\n _symmetry_equiv_pos_site_id\n _symmetry_equiv_pos_as_xyz\n  1  'x, y, z'\nloop_\n _atom_site_type_symbol\n _atom_site_label\n _atom_site_symmetry_multiplicity\n _atom_site_fract_x\n _atom_site_fract_y\n _atom_site_fract_z\n _atom_site_occupancy\n  Na  Na1  1  -0.000000  0.700309  0.500000  1\n  Na  Na2  1  0.299691  0.299691  0.500000  1\n  Na  Na3  1  0.700309  -0.000000  0.500000  1\n  Na  Na4  1  -0.000000  0.365923  -0.000000  1\n  Na  Na5  1  0.634077  0.634077  -0.000000  1\n  Na  Na6  1  0.365923  -0.000000  -0.000000  1\n  O  O7  1  0.666667  0.333333  0.327963  1\n  O  O8  1  0.666667  0.333333  0.672037  1\n  O  O9  1  0.333333  0.666667  0.672037  1\n  O  O10  1  0.333333  0.666667  0.327963  1\n  O  O11  1  -0.000000  -0.000000  0.829799  1\n  O  O12  1  -0.000000  -0.000000  0.170201  1\n"}}