{"phonon": {"ph_bandstructure": [[0.0, 0.0, 0.0, 431.80411454227084, 431.80411454311076, 727.5895736094438]]}, "dielectric": {"eps_electronic": [[2.956829506048874, 1.4193603793220847e-15, 1.9984014443252818e-15], [1.4193603793220847e-15, 2.956829506048874, 1.9984014443252818e-15], [2.224077663849566e-15, 2.224077663849566e-15, 2.9568295060488743]], "eps_total": [[8.395095960736144, 9.195228686943302e-16, 8.881784197001252e-16], [1.0772876581580047e-15, 8.395095960749293, 1.7763568394002505e-15], [-9.578894618940227e-16, 1.706645797206353e-15, 8.395095960757303]], "becs": [[[1.0336787684862627, 0.0, 0.0], [0.0, 1.0336787684862627, 0.0], [1.3205463356997616e-19, 1.3205463356997616e-19, 1.0336787684862627]], [[-1.0336787684862627, 0.0, 0.0], [0.0, -1.0336787684862627, 0.0], [-1.3205463356997616e-19, -1.3205463356997616e-19, -1.0336787684862627]]]}, "metadata": {"formula": "RbH", "nsites": 2, "structure": "# generated using pymatgen\ndata_RbH\n_symmetry_space_group_name_H-M   'P 1'\n_cell_length_a   4.19092924\n_cell_length_b   4.19092924\n_cell_length_c   4.19092924\n_cell_angle_alpha   60.00000000\n_cell_angle_beta   60.00000000\n_cell_angle_gamma   60.00000000\n_symmetry_Int_Tables_number   1\n_chemical_formula_structural   RbH\n_chemical_formula_sum   'Rb1 H1'\n_cell_volume   52.0494310977\n_cell_formula_units_Z   1\nloop_\n _symmetry_equiv_pos_site_id\n _symmetry_equiv_pos_as_xyz\n  1  'x, y, z'\nloop_\n _atom_site_type_symbol\n _atom_site_label\n _atom_site_symmetry_multiplicity\n _atom_site_fract_x\n _atom_site_fract_y\n _atom_site_fract_z\n _atom_site_occupancy\n  Rb  Rb1  1  0.500000  0.500000  0.500000  1\n  H  H2  1  0.000000  0.000000  0.000000  1\n"}}