{"phonon": {"ph_bandstructure": [[-0.003194667526729573, 0.0, 0.0, 97.7852375726121, 97.93129141889702, 98.73596356683423, 100.31463563011715, 106.32914090253797, 106.69190639490098, 141.57078070293954, 141.61599372044873, 142.08290651432603, 161.67101770072924, 166.32923277756302, 166.49333243142405, 168.58576795361085, 184.52704196585154, 190.58650075077972, 191.36663312512408, 191.79972299402496, 194.92605314670516, 213.7257522985178, 216.4627153100505, 216.90602448289027, 223.9520326575416, 230.72510121224653, 230.98429395231742, 233.66137296325184, 236.62276793941922, 237.28595757814864, 238.05912210837275, 239.4585040046842, 247.7288800695037, 254.91020288289397, 257.11485590651904, 257.2977704086821]]}, "dielectric": {"eps_electronic": [[21.504914291550154, 0.0, 0.0], [0.0, 21.17503533533444, 0.0], [0.0, 0.0, 21.18181764935962]], "eps_total": [[28.117163154754284, 0.0, 0.0], [0.0, 27.02382477252869, 0.0], [0.0, 0.0, 26.070596915721904]], "becs": [[[3.7233945047803267, 0.264703416741669, -0.11645145843002033], [0.3112801356842726, 3.6809323307851143, -0.026334829104326343], [-0.2469027571330769, -0.11212453313063603, 3.643334382959106]], [[3.7233945047803267, 0.26470341674166903, 0.11645145843002028], [0.3112801356842726, 3.6809323307851143, 0.026334829104326343], [0.2469027571330769, 0.11212453313063603, 3.6433343829591034]], [[3.7233945047803267, -0.264703416741669, -0.11645145843002032], [-0.3112801356842726, 3.6809323307851134, 0.026334829104326343], [-0.2469027571330769, 0.11212453313063603, 3.6433343829591034]], [[3.7233945047803267, -0.26470341674166903, 0.11645145843002028], [-0.3112801356842726, 3.6809323307851143, -0.026334829104326343], [0.2469027571330769, -0.11212453313063603, 3.643334382959106]], [[-2.979935439336953, 0.45588755485192445, -0.6691852209810301], [0.6923649389774853, -3.002675575400767, 0.3318902750332392], [-0.42921734767634334, 0.6765993081848138, -3.077362339441254]], [[-2.979935439336953, -0.45588755485192445, 0.6691852209810303], [-0.6923649389774853, -3.002675575400767, 0.3318902750332392], [0.42921734767634334, 0.6765993081848138, -3.077362339441254]], [[-2.979935439336953, -0.45588755485192445, -0.6691852209810303], [-0.6923649389774853, -3.0026755754007617, -0.3318902750332392], [-0.4292173476763434, -0.6765993081848138, -3.077362339441254]], [[-2.979935439336953, 0.45588755485192445, 0.6691852209810303], [0.6923649389774853, -3.002675575400767, -0.3318902750332392], [0.42921734767634334, -0.6765993081848138, -3.077362339441254]], [[-0.7434590659302465, 0.17199461915626824, 0.40673173424044545], [0.10619552031388121, -0.6782567559175978, 0.2769078565367199], [0.1700845602546677, 0.3590757718702846, -0.5659720445596749]], [[-0.7434590659302429, 0.17199461915626824, -0.4067317342404455], [0.10619552031388121, -0.6782567559176031, -0.2769078565367199], [-0.17008456025466767, -0.35907577187028444, -0.5659720445596695]], [[-0.7434590659302465, -0.17199461915626824, 0.40673173424044545], [-0.10619552031388121, -0.6782567559175978, -0.2769078565367199], [0.1700845602546677, -0.3590757718702846, -0.5659720445596749]], [[-0.7434590659302429, -0.17199461915626824, -0.4067317342404455], [-0.10619552031388121, -0.6782567559176031, 0.2769078565367199], [-0.1700845602546677, 0.35907577187028444, -0.5659720445596749]]]}, "metadata": {"formula": "GePtSe", "nsites": 12, "structure": "# generated using pymatgen\ndata_GePtSe\n_symmetry_space_group_name_H-M   'P 1'\n_cell_length_a   5.99317570\n_cell_length_b   6.01773899\n_cell_length_c   6.05906624\n_cell_angle_alpha   90.00000000\n_cell_angle_beta   90.00000000\n_cell_angle_gamma   90.00000000\n_symmetry_Int_Tables_number   1\n_chemical_formula_structural   GePtSe\n_chemical_formula_sum   'Ge4 Pt4 Se4'\n_cell_volume   218.52244805\n_cell_formula_units_Z   4\nloop_\n _symmetry_equiv_pos_site_id\n _symmetry_equiv_pos_as_xyz\n  1  'x, y, z'\nloop_\n _atom_site_type_symbol\n _atom_site_label\n _atom_site_symmetry_multiplicity\n _atom_site_fract_x\n _atom_site_fract_y\n _atom_site_fract_z\n _atom_site_occupancy\n  Ge  Ge1  1  0.880121  0.880115  0.375687  1\n  Ge  Ge2  1  0.880121  0.380115  0.624313  1\n  Ge  Ge3  1  0.380121  0.619885  0.375687  1\n  Ge  Ge4  1  0.380121  0.119885  0.624313  1\n  Pt  Pt5  1  0.002643  0.507440  0.256969  1\n  Pt  Pt6  1  0.502643  0.492560  0.743031  1\n  Pt  Pt7  1  0.502643  0.992560  0.256969  1\n  Pt  Pt8  1  0.002643  0.007440  0.743031  1\n  Se  Se9  1  0.115336  0.617100  0.864025  1\n  Se  Se10  1  0.115336  0.117100  0.135975  1\n  Se  Se11  1  0.615336  0.882900  0.864025  1\n  Se  Se12  1  0.615336  0.382900  0.135975  1\n"}}