{"phonon": {"ph_bandstructure": [[0.0, 0.0, 0.0, 21.58215278053282, 21.582152793176565, 21.582152797657596, 137.52262392968677, 137.52262393103604, 137.52262393494792, 193.3609163197241, 193.36091632356138, 256.19317183634814, 262.03065849084373, 262.03065849188516, 262.03065849225425, 324.31577364823823, 324.31577365073525, 331.921915425325, 477.20967958945755, 477.2096795906859, 541.0233191150633, 541.0233191169062, 643.9253334116239, 692.3889667133262]]}, "dielectric": {"eps_electronic": [[2.1454369607194854, -2.6869029260338375e-16, -6.661338147750939e-16], [-2.6869029260338375e-16, 2.1454369607194854, -6.661338147750939e-16], [-6.25547974213682e-16, -6.25547974213682e-16, 2.145436960719485]], "eps_total": [[6.46126468794899, -4.2573973754385294e-11, -8.521627847812852e-12], [-4.257297833971496e-11, 6.461264687994117, 1.0653700144303002e-11], [-8.520557110897122e-12, 1.0652994524379331e-11, 6.461264688059115]], "becs": [[[2.8124049643643816, -2.7755575615628914e-16, 3.885780586188048e-16], [-3.885780586188048e-16, 2.812404964364382, 4.996003610813204e-16], [-5.568434888157352e-17, 1.6636025604345778e-16, 2.812404964364382]], [[4.458086218348699, -2.7755575615628914e-16, 3.885780586188048e-16], [-3.885780586188048e-16, 4.458086218348699, 4.996003610813204e-16], [-5.523006527283113e-17, 1.6681453965220016e-16, 4.458086218348699]], [[-0.5769583058758888, -2.0539125955565396e-15, 1.942890293094024e-15], [9.43689570931383e-16, -2.4813289796047626, -8.326672684688674e-16], [2.8311427613481637e-15, -2.9420169667026503e-15, -0.5769583058758895]], [[-0.5769583058758884, 1.7208456881689926e-15, -1.8318679906315083e-15], [2.0539125955565396e-15, -0.5769583058758885, -2.1649348980190553e-15], [3.883760173567201e-16, -2.777577974183738e-16, -2.4813289796047613]], [[-0.5769583058758884, 1.7208456881689926e-15, -1.8318679906315083e-15], [2.0539125955565396e-15, -0.5769583058758885, -2.1649348980190553e-15], [3.883760173567201e-16, -2.777577974183738e-16, -2.4813289796047613]], [[-0.5769583058758888, -2.0539125955565396e-15, 1.942890293094024e-15], [9.43689570931383e-16, -2.4813289796047626, -8.326672684688674e-16], [2.8311427613481637e-15, -2.9420169667026503e-15, -0.5769583058758895]], [[-2.481328979604763, 6.106226635438361e-16, -4.996003610813204e-16], [-2.609024107869118e-15, -0.5769583058758894, 2.4980018054066022e-15], [-3.1640615716276817e-15, 3.053187366273195e-15, -0.5769583058758899]], [[-2.481328979604763, 6.106226635438361e-16, -4.996003610813204e-16], [-2.609024107869118e-15, -0.5769583058758894, 2.4980018054066022e-15], [-3.1640615716276817e-15, 3.053187366273195e-15, -0.5769583058758899]]]}, "metadata": {"formula": "CaTiF6", "nsites": 8, "structure": "# generated using pymatgen\ndata_CaTiF6\n_symmetry_space_group_name_H-M   'P 1'\n_cell_length_a   5.81123617\n_cell_length_b   5.81123617\n_cell_length_c   5.81123617\n_cell_angle_alpha   60.00000000\n_cell_angle_beta   60.00000000\n_cell_angle_gamma   60.00000000\n_symmetry_Int_Tables_number   1\n_chemical_formula_structural   CaTiF6\n_chemical_formula_sum   'Ca1 Ti1 F6'\n_cell_volume   138.768399204\n_cell_formula_units_Z   1\nloop_\n _symmetry_equiv_pos_site_id\n _symmetry_equiv_pos_as_xyz\n  1  'x, y, z'\nloop_\n _atom_site_type_symbol\n _atom_site_label\n _atom_site_symmetry_multiplicity\n _atom_site_fract_x\n _atom_site_fract_y\n _atom_site_fract_z\n _atom_site_occupancy\n  Ca  Ca1  1  0.500000  0.500000  0.500000  1\n  Ti  Ti2  1  0.000000  0.000000  1.000000  1\n  F  F3  1  0.227209  0.772791  0.227209  1\n  F  F4  1  0.772791  0.772791  0.227209  1\n  F  F5  1  0.227209  0.227209  0.772791  1\n  F  F6  1  0.772791  0.227209  0.772791  1\n  F  F7  1  0.772791  0.227209  0.227209  1\n  F  F8  1  0.227209  0.772791  0.772791  1\n"}}