{"phonon": {"ph_bandstructure": [[0.0, 0.0, 0.0, 122.32733701412123, 122.32733701460005, 175.30092813000854, 199.70933565313106, 254.24532757140545, 638.6085919616586, 642.8558816235817, 1363.3543140001452, 2180.2574473947934]]}, "dielectric": {"eps_electronic": [[3.2094450283972615, 0.0, 0.2716848784533333], [-4.440892098500626e-16, 1.8926641616142788, 0.0], [0.2716848784533332, 0.0, 1.9487195578039203]], "eps_total": [[7.163198713729676, -2.842170943040401e-14, 0.6767115871629135], [-2.929766081908439e-14, 3.883366301630308, -4.7991113322088205e-15], [0.6767115871629128, -4.884981308350689e-15, 4.022988853848292]], "becs": [[[1.5453929808386113, 0.0, 0.10348960129924734], [0.0, 1.043807733693402, 0.0], [0.10348960130060693, 0.0, 1.0651602308774297]], [[-2.1528382519885865, 0.0, -0.3400833941697595], [0.0, -0.5045488473229625, 0.0], [-0.34008339417422473, 0.0, -0.5747165706997954]], [[2.760283523138562, 0.0, 0.5766771870402717], [0.0, -0.03471003904747705, 0.0], [0.5766771870478424, 0.0, 0.08427291052216113]], [[-2.1528382519885865, 0.0, -0.3400833941697595], [0.0, -0.5045488473229625, 0.0], [-0.34008339417422473, 0.0, -0.5747165706997954]]]}, "metadata": {"formula": "NaN3", "nsites": 4, "structure": "# generated using pymatgen\ndata_NaN3\n_symmetry_space_group_name_H-M   'P 1'\n_cell_length_a   5.50994005\n_cell_length_b   5.50994005\n_cell_length_c   5.50994005\n_cell_angle_alpha   38.57942810\n_cell_angle_beta   38.57942810\n_cell_angle_gamma   38.57942810\n_symmetry_Int_Tables_number   1\n_chemical_formula_structural   NaN3\n_chemical_formula_sum   'Na1 N3'\n_cell_volume   58.4550027265\n_cell_formula_units_Z   1\nloop_\n _symmetry_equiv_pos_site_id\n _symmetry_equiv_pos_as_xyz\n  1  'x, y, z'\nloop_\n _atom_site_type_symbol\n _atom_site_label\n _atom_site_symmetry_multiplicity\n _atom_site_fract_x\n _atom_site_fract_y\n _atom_site_fract_z\n _atom_site_occupancy\n  Na  Na1  1  0.000000  0.000000  0.000000  1\n  N  N2  1  0.577379  0.577379  0.577379  1\n  N  N3  1  0.500000  0.500000  0.500000  1\n  N  N4  1  0.422621  0.422621  0.422621  1\n"}}