{"phonon": {"ph_bandstructure": [[0.0, 0.0, 0.0, 42.965118659507915, 42.96511867277631, 111.41439252624893, 117.00743670985815, 117.00743671727668, 123.48720376695533, 154.3581244142426, 174.3962139049169, 196.68192016558694, 275.77848907348186, 293.70264135573984, 293.7026413656467, 294.14943798917693, 304.20570264974543, 348.92395391423986, 596.2522819798053, 597.8336145287618, 597.8336145466794, 648.6832050677874, 3630.77092879138, 3635.454145088361]]}, "dielectric": {"eps_electronic": [[2.875784549025699, -4.440892098500626e-16, 4.179157638366182e-25], [-1.1102230246251565e-16, 2.8757845489853633, 7.238513362411959e-25], [0.0, 0.0, 2.798039071319342]], "eps_total": [[7.483454840614433, -7.993605777301127e-15, 4.179157638366182e-25], [-8.43769498715119e-15, 7.483454840696257, 7.238513362411959e-25], [0.0, 0.0, 5.884599708805717]], "becs": [[[2.4320506155052923, 6.661338147750939e-16, 2.0496317468880963e-24], [2.220446049250313e-15, 2.4320506155052914, 3.5500663223781654e-24], [-1.2206709810494375e-23, -1.3438943444419467e-22, 2.2443676745172647]], [[2.4320506155052923, -6.661338147750939e-16, 2.0496317468880963e-24], [-2.220446049250313e-15, 2.4320506155052914, 3.5500663223781654e-24], [-2.2771827611991237e-22, -9.963773620636501e-24, 2.2443676745172683]], [[0.41084172290504906, 0.0, -7.320113381743205e-24], [-1.1102230246251565e-16, 0.4108417229050497, -1.2678808294207741e-23], [4.167118176686011e-23, 1.7254339684516855e-23, 0.3095816712953414]], [[0.41084172290504906, 0.0, 2.0496317468881014e-24], [1.1102230246251565e-16, 0.4108417229050497, 3.550066322378164e-24], [3.156907709610614e-23, 1.1421886833412567e-23, 0.3095816712953414]], [[-1.1040159948586044, -2.220446049250313e-16, -9.662549663901032e-24], [-4.440892098500626e-16, -1.1040159948586044, 1.5721722284817595e-23], [2.1466972425352166e-23, 1.7254339684516855e-23, -1.3046153111947791]], [[-1.1040159948586044, 2.220446049250313e-16, 1.1419376875519398e-23], [4.440892098500626e-16, -1.1040159948586044, -1.2678808294207741e-23], [5.514065466119874e-23, 7.557886819555975e-23, -1.3046153111947791]], [[-1.7388763435517363, 0.0, 2.07891220041507e-23], [0.0, -1.7388763435517367, 3.5500663223781654e-24], [3.49364453196908e-23, 4.058415108893401e-23, -1.249334034617829]], [[-1.7388763435517363, 0.0, -2.1374731074690153e-23], [0.0, -1.7388763435517367, -4.5643709859147864e-24], [5.514065466119874e-23, -1.774037742210888e-23, -1.249334034617828]]]}, "metadata": {"formula": "SrHClO", "nsites": 8, "structure": "# generated using pymatgen\ndata_SrHClO\n_symmetry_space_group_name_H-M   'P 1'\n_cell_length_a   4.10639711\n_cell_length_b   4.10639711\n_cell_length_c   9.84696406\n_cell_angle_alpha   90.00000000\n_cell_angle_beta   90.00000000\n_cell_angle_gamma   120.00000000\n_symmetry_Int_Tables_number   1\n_chemical_formula_structural   SrHClO\n_chemical_formula_sum   'Sr2 H2 Cl2 O2'\n_cell_volume   143.798672299\n_cell_formula_units_Z   2\nloop_\n _symmetry_equiv_pos_site_id\n _symmetry_equiv_pos_as_xyz\n  1  'x, y, z'\nloop_\n _atom_site_type_symbol\n _atom_site_label\n _atom_site_symmetry_multiplicity\n _atom_site_fract_x\n _atom_site_fract_y\n _atom_site_fract_z\n _atom_site_occupancy\n  Sr  Sr1  1  0.333333  0.666667  0.196884  1\n  Sr  Sr2  1  0.666667  0.333333  0.696884  1\n  H  H3  1  0.000000  0.000000  0.862478  1\n  H  H4  1  0.000000  0.000000  0.362478  1\n  Cl  Cl5  1  0.666667  0.333333  0.008653  1\n  Cl  Cl6  1  0.333333  0.666667  0.508653  1\n  O  O7  1  0.000000  0.000000  0.263484  1\n  O  O8  1  0.000000  0.000000  0.763484  1\n"}}