{"phonon": {"ph_bandstructure": [[0.0, 0.0, 0.0025183831025238743, 154.78543550281037, 158.52564611547797, 169.5964543238979, 170.47034870765322, 197.37106833944796, 201.17952286258608, 209.31533527784455, 211.11843490188926, 215.65473968354104, 236.73801993971176, 246.1831555736575, 246.31836291565563, 260.39354297221183, 273.9045008480104, 275.6492511628748, 313.77682655077075, 321.43414668020836, 323.57486750767106, 330.555590215954, 367.1945371100687, 368.0009748564501, 430.2634843807645, 433.4239416395299, 437.311916899756, 438.9600348669277, 441.33246195012606, 455.87237958303865, 458.1150120547216, 460.32416409596857, 461.6398470022722, 475.8759596033748, 481.00362439235016, 517.0943568079161, 531.2019857415356, 533.1929941248194, 538.6243701680484, 551.7006139617001, 555.5679446904296, 564.8614668312609, 568.5720422764215, 569.0137394199858, 571.9064977720709, 572.1747491080703, 587.059774968475, 598.0168129318461, 598.2644255501099, 616.798394249948, 620.8457247718799, 647.1226404663796, 647.6602015183238, 653.3397009265741, 720.1307563728363, 721.8371894321299, 734.6584492701455, 741.7545659488592, 752.8256242607674, 758.9542878937696, 803.2625058614657, 803.7812622811961, 817.0657413837295, 819.2058351167401, 827.1455356531783, 839.8835777667942, 917.5141822226285, 925.6656366382084, 929.0806513055961, 932.6211897172158, 933.3832389772963, 940.5243010005257]]}, "dielectric": {"eps_electronic": [[36.064425642489496, 0.0, 0.0], [0.0, 37.62181041455406, 0.0], [0.0, 0.0, 41.80208874136677]], "eps_total": [[39.85299040827122, 0.0, 0.0], [0.0, 43.823775189777066, 0.0], [0.0, 0.0, 47.58532399606793]], "becs": [[[2.943673925527973, -6.560406133045439e-23, 6.705842265995244e-24], [0.0, 4.063468382756138, 0.2856715436838231], [0.0, -0.7470459109957047, 3.5552725872321385]], [[2.943673925527973, -1.4335702059007046e-22, 6.705842265995244e-24], [0.0, 4.06346838275614, 0.2856715436838231], [0.0, -0.7470459109957047, 3.5552725872321385]], [[2.943673925527971, 1.2148897929161679e-23, 6.705842265995244e-24], [0.0, 4.063468382756138, -0.2856715436838231], [0.0, 0.7470459109957048, 3.5552725872321385]], [[2.943673925527971, -8.504230114535841e-23, 6.705842265995244e-24], [0.0, 4.063468382756138, -0.2856715436838231], [0.0, 0.747045910995705, 3.5552725872321385]], [[-2.738962060828344, 5.564196127464742e-22, 4.6940894662868685e-23], [0.0, -3.9075212519576588, 1.3210684507529529], [0.0, 1.053389851818853, -3.5868099746058486]], [[-2.738962060828346, 5.564196127464742e-22, 6.705842265995244e-24], [0.0, -3.9075212519576588, 1.3210684507529529], [0.0, 1.053389851818853, -3.5868099746058486]], [[-2.738962060828344, -6.560406133045439e-23, 6.705842265995244e-24], [0.0, -3.907521251957655, -1.3210684507529529], [0.0, -1.053389851818853, -3.5868099746058486]], [[-2.738962060828344, 2.4540777570800987e-22, -1.5423436732149854e-22], [0.0, -3.907521251957655, -1.3210684507529533], [0.0, -1.053389851818853, -3.5868099746058486]], [[0.38281763107477373, -1.0448054096026243e-22, -3.3529210130878203e-23], [0.0, 0.1576169568793551, 0.763095732613426], [0.0, -0.1738402977312019, -0.39711994238319837]], [[0.38281763107477373, -8.504230114535841e-23, -1.139993149246251e-22], [0.0, 0.1576169568793551, 0.763095732613426], [0.0, -0.1738402977312019, -0.39711994238319837]], [[0.38281763107477373, -4.6165821515550375e-23, -3.3529210130878203e-23], [0.0, 0.15761695687935576, -0.763095732613426], [0.0, 0.1738402977312019, -0.39711994238319837]], [[0.38281763107477373, -6.560406133045439e-23, -3.3529210130878203e-23], [0.0, 0.1576169568793551, -0.7630957326134258], [0.0, 0.1738402977312019, -0.39711994238319837]], [[0.7773213726528114, -1.6279526040497447e-22, 6.705842265995244e-24], [0.0, -0.41694126542779325, 0.09317803248284537], [0.0, 0.5834181701790329, -0.039449627925923964]], [[0.7773213726528114, -1.822335002198785e-22, -3.3529210130878203e-23], [0.0, -0.41694126542779325, 0.09317803248284541], [0.0, 0.5834181701790329, -0.039449627925923964]], [[0.7773213726528114, -1.822335002198785e-22, 2.6823368464431966e-23], [0.0, -0.41694126542779325, -0.09317803248284537], [0.0, -0.5834181701790329, -0.039449627925923964]], [[0.7773213726528114, 7.046361737387374e-23, 2.6823368464431966e-23], [0.0, -0.41694126542779325, -0.0931780324828454], [0.0, -0.5834181701790329, -0.039449627925923964]], [[-1.3383711996321734, -6.560406133045439e-23, 8.717594705974214e-23], [0.0, -0.130137506028104, 0.20416345604475505], [0.0, 0.66511172389366, 0.5444545565501511]], [[-1.3383711996321725, 3.1587137744065703e-23, 8.717594705974214e-23], [0.0, -0.13013750602810334, 0.20416345604475505], [0.0, 0.66511172389366, 0.5444545565501508]], [[-1.3383711996321734, -8.504230114535841e-23, 8.717594705974214e-23], [0.0, -0.13013750602810334, -0.20416345604475505], [0.0, -0.6651117238936601, 0.5444545565501511]], [[-1.3383711996321725, -1.0448054096026243e-22, 6.705842265995244e-24], [0.0, -0.13013750602810334, -0.204163456044755], [0.0, -0.6651117238936601, 0.5444545565501508]], [[-0.02647966985639824, -2.6727581700646357e-23, -3.352920833223118e-24], [0.0, 0.2335146792239178, 0.16771169328027463], [0.0, 0.7372529198303415, -0.07634759936941846]], [[-0.02647966985639824, -2.6727581700646357e-23, 6.705842265995244e-24], [0.0, 0.2335146792239178, 0.16771169328027463], [0.0, 0.7372529198303415, -0.07634759936941846]], [[-0.026479669856398685, -1.0448054096026243e-22, 6.705842265995244e-24], [0.0, 0.23351467922391803, -0.16771169328027463], [0.0, -0.7372529198303415, -0.07634759936941912]], [[-0.02647966985639824, 1.2877833681858579e-22, -2.347044703165984e-23], [0.0, 0.23351467922391803, -0.16771169328027463], [0.0, -0.7372529198303415, -0.07634759936941912]]]}, "metadata": {"formula": "YCrB4", "nsites": 24, "structure": "# generated using pymatgen\ndata_YCrB4\n_symmetry_space_group_name_H-M   'P 1'\n_cell_length_a   3.40085937\n_cell_length_b   5.89647119\n_cell_length_c   11.39474307\n_cell_angle_alpha   90.00000000\n_cell_angle_beta   90.00000000\n_cell_angle_gamma   90.00000000\n_symmetry_Int_Tables_number   1\n_chemical_formula_structural   YCrB4\n_chemical_formula_sum   'Y4 Cr4 B16'\n_cell_volume   228.499572066\n_cell_formula_units_Z   4\nloop_\n _symmetry_equiv_pos_site_id\n _symmetry_equiv_pos_as_xyz\n  1  'x, y, z'\nloop_\n _atom_site_type_symbol\n _atom_site_label\n _atom_site_symmetry_multiplicity\n _atom_site_fract_x\n _atom_site_fract_y\n _atom_site_fract_z\n _atom_site_occupancy\n  Y  Y1  1  0.000000  0.375597  0.650636  1\n  Y  Y2  1  0.000000  0.624403  0.349364  1\n  Y  Y3  1  0.000000  0.875597  0.849364  1\n  Y  Y4  1  0.000000  0.124403  0.150636  1\n  Cr  Cr5  1  0.000000  0.378290  0.920765  1\n  Cr  Cr6  1  0.000000  0.621710  0.079235  1\n  Cr  Cr7  1  0.000000  0.878290  0.579235  1\n  Cr  Cr8  1  0.000000  0.121710  0.420765  1\n  B  B9  1  0.500000  0.024967  0.691659  1\n  B  B10  1  0.500000  0.975033  0.308341  1\n  B  B11  1  0.500000  0.524967  0.808341  1\n  B  B12  1  0.500000  0.475033  0.191659  1\n  B  B13  1  0.500000  0.113089  0.546664  1\n  B  B14  1  0.500000  0.886911  0.453336  1\n  B  B15  1  0.500000  0.613089  0.953336  1\n  B  B16  1  0.500000  0.386911  0.046664  1\n  B  B17  1  0.500000  0.280055  0.315986  1\n  B  B18  1  0.500000  0.719945  0.684014  1\n  B  B19  1  0.500000  0.780055  0.184014  1\n  B  B20  1  0.500000  0.219945  0.815986  1\n  B  B21  1  0.500000  0.362709  0.467239  1\n  B  B22  1  0.500000  0.637291  0.532761  1\n  B  B23  1  0.500000  0.862709  0.032761  1\n  B  B24  1  0.500000  0.137291  0.967239  1\n"}}