{"phonon": {"ph_bandstructure": [[0.0, 0.0, 0.0, 68.25428645550625, 68.2542864620271, 75.88119977870244, 76.03997014702301, 76.03997014850906, 76.03997015289089, 135.5992147660923, 135.59921476947585, 148.20947140632322, 210.9800764031437, 210.98007640544233, 291.10145428949926]]}, "dielectric": {"eps_electronic": [[3.303719197453841, 0.0, 0.0], [0.0, 3.303719197453841, 0.0], [0.0, 0.0, 3.303719197453841]], "eps_total": [[9.28656430810948, 4.418237887230053e-12, -4.8647999547124835e-12], [4.418237887230053e-12, 9.286564308486716, -6.61939139060734e-12], [-4.8647999547124835e-12, -6.61939139060734e-12, 9.28656430862021]], "becs": [[[1.1708448539357783, 0.0, 0.0], [0.0, 1.124881617897683, 0.0], [0.0, 0.0, 1.124881617897683]], [[1.124881617897683, 0.0, 0.0], [0.0, 1.124881617897683, 0.0], [0.0, 0.0, 1.1708448539357783]], [[1.124881617897683, 0.0, 0.0], [0.0, 1.1708448539357783, 0.0], [0.0, 0.0, 1.124881617897683]], [[-1.1281050515103757, 0.0, 0.0], [0.0, -1.1281050515103757, 0.0], [0.0, 0.0, -1.1281050515103757]], [[-2.2925030382302163, 0.0, 0.0], [0.0, -2.2925030382302163, 0.0], [0.0, 0.0, -2.2925030382302163]]]}, "metadata": {"formula": "K3IO", "nsites": 5, "structure": "# generated using pymatgen\ndata_K3IO\n_symmetry_space_group_name_H-M   'P 1'\n_cell_length_a   5.25812155\n_cell_length_b   5.25812155\n_cell_length_c   5.25812155\n_cell_angle_alpha   90.00000000\n_cell_angle_beta   90.00000000\n_cell_angle_gamma   90.00000000\n_symmetry_Int_Tables_number   1\n_chemical_formula_structural   K3IO\n_chemical_formula_sum   'K3 I1 O1'\n_cell_volume   145.375715264\n_cell_formula_units_Z   1\nloop_\n _symmetry_equiv_pos_site_id\n _symmetry_equiv_pos_as_xyz\n  1  'x, y, z'\nloop_\n _atom_site_type_symbol\n _atom_site_label\n _atom_site_symmetry_multiplicity\n _atom_site_fract_x\n _atom_site_fract_y\n _atom_site_fract_z\n _atom_site_occupancy\n  K  K1  1  0.500000  0.000000  0.000000  1\n  K  K2  1  0.000000  0.000000  0.500000  1\n  K  K3  1  0.000000  0.500000  0.000000  1\n  I  I4  1  0.500000  0.500000  0.500000  1\n  O  O5  1  0.000000  0.000000  0.000000  1\n"}}