{"phonon": {"ph_bandstructure": [[0.0, 0.0, 0.0, 77.63952571983516, 77.63952571983535, 82.84678600520768, 85.24432712286789, 94.40109427164379, 96.41134875366605, 100.09690823675069, 104.71447472884002, 117.30056458090857, 120.02703276807799, 159.25029948665426, 182.24847826675608, 185.31091137082254, 187.44845925143062, 310.6176841113592, 324.06458528411986, 332.3260525059731, 334.190054636167]]}, "dielectric": {"eps_electronic": [[2.962312775626056, 0.0, -2.0513094707131245e-23], [0.0, 2.962312775626056, -2.0513094707131245e-23], [-2.0513094707131245e-23, -2.0513094707131245e-23, 2.5529033113209065]], "eps_total": [[5.863840686560604, -9.159475478429104e-16, -2.0513094707131245e-23], [-9.159475478429104e-16, 5.863840686876776, -2.0513094707131245e-23], [-2.0513094707131245e-23, -2.0513094707131245e-23, 4.649615651085103]], "becs": [[[0.6702763070574538, 0.0, -6.488709274792821e-23], [0.0, 1.6181580136685234, -8.1108869107528e-24], [0.0, 0.0, 1.284679849715677]], [[1.6181580136685223, 0.0, -8.1108869107528e-24], [0.0, 0.6702763070574549, -6.488709274792821e-23], [0.0, 0.0, 1.2846798497156748]], [[0.8152700349163651, 0.0, -8.1108869107528e-24], [0.0, 0.8152700349163662, -8.1108869107528e-24], [0.0, 0.0, -0.3599152490715055]], [[-0.7759260889111619, 0.2846695299766292, -8.1108869107528e-24], [0.28466952997662914, -0.7759260889111634, -8.1108869107528e-24], [0.0, 0.0, -0.5523611125899786]], [[-0.7759260889111619, -0.2846695299766292, 4.866531892642261e-23], [-0.28466952997662914, -0.7759260889111621, 4.866531892642261e-23], [0.0, 0.0, -0.5523611125899786]], [[-0.7759260889111619, -0.2846695299766292, 4.866531892642261e-23], [-0.28466952997662914, -0.7759260889111621, 4.866531892642261e-23], [0.0, 0.0, -0.5523611125899786]], [[-0.7759260889111619, 0.2846695299766292, -8.1108869107528e-24], [0.28466952997662914, -0.7759260889111634, -8.1108869107528e-24], [0.0, 0.0, -0.5523611125899786]]]}, "metadata": {"formula": "K2PtCl4", "nsites": 7, "structure": "# generated using pymatgen\ndata_K2PtCl4\n_symmetry_space_group_name_H-M   'P 1'\n_cell_length_a   6.95537225\n_cell_length_b   6.95537225\n_cell_length_c   4.12871073\n_cell_angle_alpha   90.00000000\n_cell_angle_beta   90.00000000\n_cell_angle_gamma   90.00000000\n_symmetry_Int_Tables_number   1\n_chemical_formula_structural   K2PtCl4\n_chemical_formula_sum   'K2 Pt1 Cl4'\n_cell_volume   199.735477663\n_cell_formula_units_Z   1\nloop_\n _symmetry_equiv_pos_site_id\n _symmetry_equiv_pos_as_xyz\n  1  'x, y, z'\nloop_\n _atom_site_type_symbol\n _atom_site_label\n _atom_site_symmetry_multiplicity\n _atom_site_fract_x\n _atom_site_fract_y\n _atom_site_fract_z\n _atom_site_occupancy\n  K  K1  1  0.000000  0.500000  0.500000  1\n  K  K2  1  0.500000  0.000000  0.500000  1\n  Pt  Pt3  1  0.000000  0.000000  0.000000  1\n  Cl  Cl4  1  0.233260  0.766740  0.000000  1\n  Cl  Cl5  1  0.233260  0.233260  0.000000  1\n  Cl  Cl6  1  0.766740  0.766740  0.000000  1\n  Cl  Cl7  1  0.766740  0.233260  0.000000  1\n"}}