{"phonon": {"ph_bandstructure": [[0.0, 0.0, 0.0, 142.65978561547195, 148.41525499755735, 165.54216303158572, 175.49329620290194, 177.54882793752898, 212.89033349265674, 335.44947029136694, 374.4442200660236, 505.366664092438, 543.2531604038935, 549.8613327759334, 632.2366533196654]]}, "dielectric": {"eps_electronic": [[5.7753679136228495, -7.676597917060091e-18, 6.54470524613076e-17], [3.831737148413092e-16, 3.9547302061221252, -1.4576703022814479e-15], [-3.1470029880371038e-15, -2.359903735992497e-15, 3.788001768832844]], "eps_total": [[12.160602850910642, 1.6662912767640068e-15, -5.334515999353516e-15], [9.353746404886987e-16, 6.557888352972268, 1.0529731708661376e-15], [-5.6102162423359266e-15, -4.812907251788903e-15, 8.267283321250808]], "becs": [[[1.0251094932602607, 1.3322676494025225e-16, -7.380984572074754e-17], [-1.776356733521132e-16, 1.1941213156296513, -2.3258226290407843e-16], [0.0, -9.769962629936267e-16, 1.2727357974815423]], [[1.0251094932602607, 1.3322676494025225e-16, -7.380984572074754e-17], [-1.776356733521132e-16, 1.1941213156296513, -2.3258226290407843e-16], [0.0, -9.769962629936267e-16, 1.2727357974815423]], [[3.7344139187791026, -1.1990408646099356e-15, 3.7355048376210106e-16], [-1.9539925127523637e-15, -1.6219558110180072, 1.0527448973245001e-16], [5.329070518200751e-15, 3.4638958355069994e-15, 0.868642600953627]], [[-2.8923164526486103, 5.773159747903149e-16, -1.6847655001933312e-16], [1.5987211660481373e-15, -0.38314341012730724, 2.354561731908915e-16], [-3.552713678800501e-15, -1.4210854728436894e-15, -1.7070570979563826]], [[-2.8923164526486103, 3.5527136986528356e-16, -5.745424755681746e-17], [7.10542746348012e-16, -0.38314341012730724, 1.2443387072837586e-16], [-1.7763568394002505e-15, -8.88178432935015e-17, -1.7070570979563822]]]}, "metadata": {"formula": "Na2PtO2", "nsites": 5, "structure": "# generated using pymatgen\ndata_Na2PtO2\n_symmetry_space_group_name_H-M   'P 1'\n_cell_length_a   5.46486256\n_cell_length_b   5.46486256\n_cell_length_c   5.46486256\n_cell_angle_alpha   146.66477905\n_cell_angle_beta   130.33281520\n_cell_angle_gamma   61.13835725\n_symmetry_Int_Tables_number   1\n_chemical_formula_structural   Na2PtO2\n_chemical_formula_sum   'Na2 Pt1 O2'\n_cell_volume   67.7095209272\n_cell_formula_units_Z   1\nloop_\n _symmetry_equiv_pos_site_id\n _symmetry_equiv_pos_as_xyz\n  1  'x, y, z'\nloop_\n _atom_site_type_symbol\n _atom_site_label\n _atom_site_symmetry_multiplicity\n _atom_site_fract_x\n _atom_site_fract_y\n _atom_site_fract_z\n _atom_site_occupancy\n  Na  Na1  1  0.674808  0.674808  0.000000  1\n  Na  Na2  1  0.325192  0.325192  0.000000  1\n  Pt  Pt3  1  0.000000  0.000000  0.000000  1\n  O  O4  1  0.861453  0.361453  0.500000  1\n  O  O5  1  0.138547  0.638547  0.500000  1\n"}}