{"phonon": {"ph_bandstructure": [[0.0, 0.0, 0.0, 120.01203970144259, 127.35736425691685, 127.35736426010509, 154.8774989916769, 154.87749899308116, 156.24421430555807, 208.91589295138525, 208.9158929538329, 208.9551916843283, 302.6100858359262, 302.61008583718416, 304.502906569544, 304.50290657104034, 325.2608448014302, 331.8424660649901, 331.84246606596207, 358.813361630242, 443.1964431316184, 475.5154368854614, 475.5154368856624, 497.6425360096368]]}, "dielectric": {"eps_electronic": [[25.56181714462327, 0.0, 0.0], [0.0, 25.56181714462327, 0.0], [0.0, 0.0, 25.56181714462327]], "eps_total": [[38.500125441882844, -5.0325903234766e-11, -2.308991929212264e-12], [-5.0325903234766e-11, 38.50012544217064, -4.762001936439026e-12], [-2.308991929212264e-12, -4.762001936439026e-12, 38.50012544207902]], "becs": [[[4.2914865466020595, -0.40108602865509446, 0.0291878929937866], [-0.0291878929937866, 4.2914865466020595, -0.40108602865509446], [0.40108602865509446, -0.0291878929937866, 4.2914865466020595]], [[4.2914865466020595, -0.40108602865509446, -0.0291878929937866], [-0.0291878929937866, 4.2914865466020595, 0.40108602865509446], [-0.40108602865509446, 0.0291878929937866, 4.2914865466020595]], [[4.2914865466020595, 0.40108602865509446, -0.0291878929937866], [0.0291878929937866, 4.2914865466020595, -0.40108602865509446], [-0.40108602865509446, -0.0291878929937866, 4.2914865466020595]], [[4.2914865466020595, 0.40108602865509446, 0.0291878929937866], [0.0291878929937866, 4.2914865466020595, 0.40108602865509446], [0.40108602865509446, 0.0291878929937866, 4.2914865466020595]], [[-4.2914865466020595, -0.04840390353297316, 0.3576011442266508], [-0.3576011442266508, -4.2914865466020595, -0.04840390353297316], [0.04840390353297316, -0.3576011442266508, -4.2914865466020595]], [[-4.2914865466020595, -0.04840390353297316, -0.3576011442266508], [-0.3576011442266508, -4.2914865466020595, 0.04840390353297316], [-0.04840390353297316, 0.3576011442266508, -4.2914865466020595]], [[-4.2914865466020595, 0.04840390353297316, -0.3576011442266508], [0.3576011442266508, -4.2914865466020595, -0.04840390353297316], [-0.04840390353297316, -0.3576011442266508, -4.2914865466020595]], [[-4.2914865466020595, 0.04840390353297316, 0.3576011442266508], [0.3576011442266508, -4.2914865466020595, 0.04840390353297316], [0.04840390353297316, 0.3576011442266508, -4.2914865466020595]]]}, "metadata": {"formula": "SiOs", "nsites": 8, "structure": "# generated using pymatgen\ndata_SiOs\n_symmetry_space_group_name_H-M   'P 1'\n_cell_length_a   4.74157542\n_cell_length_b   4.74157542\n_cell_length_c   4.74157542\n_cell_angle_alpha   90.00000000\n_cell_angle_beta   90.00000000\n_cell_angle_gamma   90.00000000\n_symmetry_Int_Tables_number   1\n_chemical_formula_structural   SiOs\n_chemical_formula_sum   'Si4 Os4'\n_cell_volume   106.602646874\n_cell_formula_units_Z   4\nloop_\n _symmetry_equiv_pos_site_id\n _symmetry_equiv_pos_as_xyz\n  1  'x, y, z'\nloop_\n _atom_site_type_symbol\n _atom_site_label\n _atom_site_symmetry_multiplicity\n _atom_site_fract_x\n _atom_site_fract_y\n _atom_site_fract_z\n _atom_site_occupancy\n  Si  Si1  1  0.163233  0.336767  0.663233  1\n  Si  Si2  1  0.336767  0.663233  0.163233  1\n  Si  Si3  1  0.663233  0.163233  0.336767  1\n  Si  Si4  1  0.836767  0.836767  0.836767  1\n  Os  Os5  1  0.873948  0.626052  0.373948  1\n  Os  Os6  1  0.626052  0.373948  0.873948  1\n  Os  Os7  1  0.373948  0.873948  0.626052  1\n  Os  Os8  1  0.126052  0.126052  0.126052  1\n"}}