{"phonon": {"ph_bandstructure": [[-0.008299831228150678, -0.005435566491304934, 0.0, 130.88063487428818, 155.4506112134416, 160.4914456405298, 164.83056585670002, 183.17409268600048, 196.06397226512132, 196.34938794957498, 204.8584192530001, 216.7885581779608, 246.98803434955508, 264.7406816507687, 269.1923816599318, 275.52839771236245, 309.45909803555503, 322.26822553149907, 326.30652036473515, 331.0260342782848, 333.3711047087294, 334.345716837318, 362.3773575012718, 389.9276004309769, 419.81226668559935, 425.93290610251216, 436.5955882267228, 466.53226258525837, 477.6573693840909, 506.6647310577014, 523.6291567360879, 528.6474185818516, 535.0806468888856, 567.0892537750617, 626.4140633336805, 626.6821087347861]]}, "dielectric": {"eps_electronic": [[5.736909015628795, 0.0, 0.0], [0.0, 5.838612138801359, 0.0], [0.0, 0.0, 6.056162089184822]], "eps_total": [[13.40641736703532, 0.0, 0.0], [0.0, 13.348913112206167, 0.0], [0.0, 0.0, 12.634874339040113]], "becs": [[[0.8248971352906107, 0.0, 0.0], [2.5200835706675742e-24, 0.8687139474256995, 0.0809091808587121], [0.0, 0.18290546106893976, 0.6570141763362842]], [[0.8248971352906107, 0.0, 0.0], [1.724267722473766e-24, 0.8687139474256995, 0.0809091808587121], [0.0, 0.18290546106893976, 0.6570141763362842]], [[0.8248971352906107, 0.0, 0.0], [1.724267722473766e-24, 0.8687139474256995, -0.0809091808587121], [0.0, -0.18290546106893973, 0.6570141763362842]], [[0.8248971352906107, 0.0, 0.0], [2.5200835706675742e-24, 0.8687139474256997, -0.0809091808587121], [0.0, -0.18290546106893973, 0.6570141763362842]], [[2.003409191461767, 0.0, 0.0], [-1.1008785848627168e-23, 1.9592295632841714, -0.0536053024294458], [0.0, 0.06390414150844506, 2.0913341668978824]], [[2.0034091914617678, 0.0, 0.0], [1.724267722473766e-24, 1.9592295632841714, 0.053605302429445806], [0.0, -0.06390414150844506, 2.0913341668978833]], [[2.003409191461766, 0.0, 0.0], [-7.825522455851935e-24, 1.9592295632841714, 0.053605302429445806], [0.0, -0.06390414150844506, 2.0913341668978833]], [[2.003409191461767, 0.0, 0.0], [1.724267722473766e-24, 1.9592295632841714, -0.0536053024294458], [0.0, 0.06390414150844506, 2.0913341668978824]], [[-2.8283063267672945, 0.0, 0.0], [-1.1008785848627168e-23, -2.8279435107223354, 0.0676924434604137], [0.0, 0.044346389425782826, -2.7483483432579554]], [[-2.8283063267672945, 0.0, 0.0], [2.719037486467563e-23, -2.8279435107223354, -0.0676924434604137], [0.0, -0.04434638942578284, -2.748348343257954]], [[-2.8283063267672945, 0.0, 0.0], [-1.1008785848627168e-23, -2.8279435107223354, 0.0676924434604137], [0.0, 0.044346389425782826, -2.7483483432579554]], [[-2.8283063267672945, 0.0, 0.0], [1.724267722473766e-24, -2.8279435107223363, -0.0676924434604137], [0.0, -0.04434638942578284, -2.748348343257954]]]}, "metadata": {"formula": "LiCaN", "nsites": 12, "structure": "# generated using pymatgen\ndata_LiCaN\n_symmetry_space_group_name_H-M   'P 1'\n_cell_length_a   3.62549162\n_cell_length_b   5.47897122\n_cell_length_c   8.39973741\n_cell_angle_alpha   90.00000000\n_cell_angle_beta   90.00000000\n_cell_angle_gamma   90.00000000\n_symmetry_Int_Tables_number   1\n_chemical_formula_structural   LiCaN\n_chemical_formula_sum   'Li4 Ca4 N4'\n_cell_volume   166.852083167\n_cell_formula_units_Z   4\nloop_\n _symmetry_equiv_pos_site_id\n _symmetry_equiv_pos_as_xyz\n  1  'x, y, z'\nloop_\n _atom_site_type_symbol\n _atom_site_label\n _atom_site_symmetry_multiplicity\n _atom_site_fract_x\n _atom_site_fract_y\n _atom_site_fract_z\n _atom_site_occupancy\n  Li  Li1  1  0.250000  0.574492  0.048250  1\n  Li  Li2  1  0.750000  0.425508  0.951750  1\n  Li  Li3  1  0.750000  0.074492  0.451750  1\n  Li  Li4  1  0.250000  0.925508  0.548250  1\n  Ca  Ca5  1  0.250000  0.473182  0.656113  1\n  Ca  Ca6  1  0.750000  0.973182  0.843887  1\n  Ca  Ca7  1  0.250000  0.026818  0.156113  1\n  Ca  Ca8  1  0.750000  0.526818  0.343887  1\n  N  N9  1  0.750000  0.741195  0.092966  1\n  N  N10  1  0.750000  0.758805  0.592966  1\n  N  N11  1  0.250000  0.258805  0.907034  1\n  N  N12  1  0.250000  0.241195  0.407034  1\n"}}