{"phonon": {"ph_bandstructure": [[0.0, 0.0, 0.0, 152.50746667809491, 152.50746667998015, 153.01813691025825, 184.88829508079863, 184.8882950824126, 193.8073799473067]]}, "dielectric": {"eps_electronic": [[24.619328584377335, -2.1755161208097075e-15, -7.105427357601002e-15], [-2.1755161208097075e-15, 24.619328584377335, -7.105427357601002e-15], [-3.504326225770762e-15, -3.504326225770762e-15, 24.619328584377346]], "eps_total": [[27.23338312791894, 2.7517092053103264e-12, 1.6047607687141863e-11], [2.7525824144742492e-12, 27.233383128061437, 3.930544778540934e-10], [1.6051790452314312e-11, 3.930586606192659e-10, 27.233383127969567]], "becs": [[[1.8475058348132407, 0.0, 0.0], [0.0, 1.8475058348132407, 0.0], [2.8708702080154513e-19, 2.8708702080154513e-19, 1.8475058348132407]], [[-2.12354082939995, 0.0, 0.0], [0.0, -2.12354082939995, 0.0], [-2.980703805684952e-19, -2.980703805684952e-19, -2.12354082939995]], [[0.2760349975068524, 0.0, 0.0], [0.0, 0.2760349975068524, 0.0], [1.0983396092311509e-20, 1.0983396092311509e-20, 0.2760349975068524]]]}, "metadata": {"formula": "YNiBi", "nsites": 3, "structure": "# generated using pymatgen\ndata_YNiBi\n_symmetry_space_group_name_H-M   'P 1'\n_cell_length_a   4.52190117\n_cell_length_b   4.52190117\n_cell_length_c   4.52190117\n_cell_angle_alpha   60.00000000\n_cell_angle_beta   60.00000000\n_cell_angle_gamma   60.00000000\n_symmetry_Int_Tables_number   1\n_chemical_formula_structural   YNiBi\n_chemical_formula_sum   'Y1 Ni1 Bi1'\n_cell_volume   65.3804946824\n_cell_formula_units_Z   1\nloop_\n _symmetry_equiv_pos_site_id\n _symmetry_equiv_pos_as_xyz\n  1  'x, y, z'\nloop_\n _atom_site_type_symbol\n _atom_site_label\n _atom_site_symmetry_multiplicity\n _atom_site_fract_x\n _atom_site_fract_y\n _atom_site_fract_z\n _atom_site_occupancy\n  Y  Y1  1  0.500000  0.500000  0.500000  1\n  Ni  Ni2  1  0.250000  0.250000  0.250000  1\n  Bi  Bi3  1  0.000000  0.000000  0.000000  1\n"}}