{"phonon": {"ph_bandstructure": [[0.0, 0.0, 0.0, 87.68891231349662, 87.68891231881388, 114.88302141357075, 143.13497552436985, 155.01741482995618, 156.64321756774885, 203.94658325401397, 213.1878327875267, 221.3086927743785, 221.30869277657857, 246.3504976635065, 247.79870928287062, 319.75224822019516, 388.7991787220828, 500.0996546097536, 517.4995698561663, 602.0753433237711, 660.626947720565]]}, "dielectric": {"eps_electronic": [[4.360671710283576, 2.4487650139262347e-16, 1.812538226629137e-15], [-1.6341304419716706e-16, 4.360671710283579, 6.564853646132489e-16], [3.2449494507510868e-15, 3.5836958672567974e-16, 4.496911060081391]], "eps_total": [[22.18091172785532, -7.414408950779685e-15, -3.0788173129256874e-15], [-9.799632940625549e-15, 22.1809117286799, 1.2152498089184983e-14], [5.664943470887248e-15, 4.776765051187123e-15, 13.450016966084224]], "becs": [[[2.563038466802162, 4.123685406594383e-16, 9.657034879651107e-17], [-6.34413185289139e-17, 2.563038466802161, -1.0961392649629173e-16], [-5.075305482313112e-16, -8.881784594047946e-16, 2.935792036721648]], [[2.563038466802162, 4.123685406594383e-16, 9.657034879651107e-17], [-6.34413185289139e-17, 2.563038466802161, -1.0961392649629173e-16], [-5.075305482313112e-16, -8.881784594047946e-16, 2.935792036721648]], [[4.474727133808442, -2.537652741156556e-16, -1.4843424962190548e-17], [-6.34413185289139e-17, 4.474727133808443, 1.0169046700379401e-18], [1.2688262911689392e-15, 8.881783799954558e-16, 3.579926187546187]], [[-2.098471320587896, -6.978544839657182e-16, -1.257352369926442e-16], [-6.34413185289139e-17, -2.0984713205878953, 1.1216969756461558e-16], [1.2688262911689392e-15, 2.6645352193957063e-15, -2.9120508407178196]], [[-2.098471320587896, -6.978544839657182e-16, -1.257352369926442e-16], [-6.34413185289139e-17, -2.0984713205878953, 1.1216969756461558e-16], [1.2688262911689392e-15, 2.6645352193957063e-15, -2.9120508407178196]], [[-2.0603913056043752, 1.90323935734407e-16, -1.3428896403571013e-16], [-6.34413185289139e-17, -3.3434701206150197, 2.146382729840653e-16], [-1.3957089679314365e-15, -8.881784594047946e-16, -1.8137042897835585]], [[-3.3434701206150197, 6.344131455844696e-16, 2.0746216082696474e-16], [3.806478913211487e-16, -2.0603913056043752, -2.207667193908694e-16], [-1.3957089679314365e-15, -3.55271371850517e-15, -1.8137042897835594]]]}, "metadata": {"formula": "Ba2SnO4", "nsites": 7, "structure": "# generated using pymatgen\ndata_Ba2SnO4\n_symmetry_space_group_name_H-M   'P 1'\n_cell_length_a   7.22911833\n_cell_length_b   7.22911833\n_cell_length_c   7.22911833\n_cell_angle_alpha   146.54620276\n_cell_angle_beta   146.54620276\n_cell_angle_gamma   48.03617627\n_symmetry_Int_Tables_number   1\n_chemical_formula_structural   Ba2SnO4\n_chemical_formula_sum   'Ba2 Sn1 O4'\n_cell_volume   114.339770449\n_cell_formula_units_Z   1\nloop_\n _symmetry_equiv_pos_site_id\n _symmetry_equiv_pos_as_xyz\n  1  'x, y, z'\nloop_\n _atom_site_type_symbol\n _atom_site_label\n _atom_site_symmetry_multiplicity\n _atom_site_fract_x\n _atom_site_fract_y\n _atom_site_fract_z\n _atom_site_occupancy\n  Ba  Ba1  1  0.645687  0.645687  0.000000  1\n  Ba  Ba2  1  0.354313  0.354313  0.000000  1\n  Sn  Sn3  1  0.000000  0.000000  0.000000  1\n  O  O4  1  0.843027  0.843027  0.000000  1\n  O  O5  1  0.156973  0.156973  0.000000  1\n  O  O6  1  0.500000  0.000000  0.500000  1\n  O  O7  1  0.000000  0.500000  0.500000  1\n"}}