{"phonon": {"ph_bandstructure": [[0.0, 0.0, 0.0, 82.40644097289567, 82.40644098255672, 86.02428824856025, 98.11165934764657, 109.21039112986861, 160.95407625811842, 163.6713001968332, 163.67130020175725, 164.16446814999546, 166.56398580166714, 166.56398580650782, 173.0914571297216, 179.44922813885216, 190.1392374011968, 216.77132919275658, 217.70735638015472, 238.67299963975765, 248.94985672869697, 248.94985673200472, 275.74047792572713, 286.6836866633615, 286.7767571929451, 295.94194422610093, 306.68130163430425, 446.8233957732011, 480.88232261477765, 491.46474067845384, 529.1213702122192, 529.1213702139813, 541.7447469920598, 617.5534141773279, 684.825119895012, 741.0376209674382]]}, "dielectric": {"eps_electronic": [[5.546987144768011, -4.430379306230929e-16, 2.471233476183587e-15], [-4.430379306230929e-16, 5.546987144768011, 2.471233476183587e-15], [-7.449885503458278e-16, -7.449885503458278e-16, 5.225282093537415]], "eps_total": [[201.40661443222731, 2.145685351797024e-13, 2.4272434722494338e-14], [1.9492676927067577e-13, 201.40661446683472, 1.0507886807352448e-13], [9.181948168276412e-14, 2.7870635464355094e-14, 29.38727061171368]], "becs": [[[2.375102842001275, 4.81096645107142e-16, 2.779095618705472e-17], [2.7755575781065036e-16, 2.375102842001275, -4.6223911018381564e-17], [-7.401487051415874e-16, 7.401486522020282e-16, 2.933138434654711]], [[2.5961566586779004, 4.81096645107142e-16, -8.316500615282677e-17], [7.21644967660713e-16, 2.596156658677901, 6.486473156676826e-17], [-6.069219223342339e-15, -4.588921865998723e-15, 2.2042301860244584]], [[2.375102842001275, 4.81096645107142e-16, 2.779095618705472e-17], [2.7755575781065036e-16, 2.375102842001275, -4.6223911018381564e-17], [-7.401487051415874e-16, 7.401486522020282e-16, 2.933138434654711]], [[7.095454553750774, -6.291263795180146e-16, -1.1111960213635816e-16], [5.551115288561905e-17, 7.095454553750775, 9.242128681449469e-17], [-1.6283271248417126e-15, -1.4802976749809707e-16, 5.849579281869298]], [[7.095454553750774, -6.291263795180146e-16, -1.1111960213635816e-16], [5.551115288561905e-17, 7.095454553750775, 9.242128681449469e-17], [-1.6283271248417126e-15, -1.4802976749809707e-16, 5.849579281869298]], [[-5.6287936396258, 4.81096645107142e-16, 1.3877345457598988e-16], [-3.8857805696444356e-16, -2.0750455148416918, -4.626371509196206e-17], [-7.401487051415874e-16, -6.365278705398974e-15, -1.680327124605412]], [[-2.042014219029636, -8.511709844430459e-16, 8.339498359000037e-17], [-8.326672668145062e-16, -2.0420142190296358, -1.0164218607795157e-16], [6.3652786524594145e-15, 7.84557600980303e-15, -4.1419427578398]], [[-2.045564699813493, 1.3692750648072672e-15, 8.305001495230274e-17], [9.436895725857443e-16, -2.0455646998134926, -1.019871547156492e-16], [-2.516505544541838e-15, -4.588921865998723e-15, -4.76447160501313]], [[-2.0750455148416913, -4.0708177459298325e-16, -1.3878230158029925e-16], [5.551115288561905e-17, -5.628793639625799, 1.2026973860181142e-16], [1.0362081342586631e-15, 2.5165054916022786e-15, -1.6803271246054114]], [[-5.6287936396258, 4.81096645107142e-16, 1.3877345457598988e-16], [-3.8857805696444356e-16, -2.0750455148416918, -4.626371509196206e-17], [-7.401487051415874e-16, -6.365278705398974e-15, -1.680327124605412]], [[-2.0750455148416913, -4.0708177459298325e-16, -1.3878230158029925e-16], [5.551115288561905e-17, -5.628793639625799, 1.2026973860181142e-16], [1.0362081342586631e-15, 2.5165054916022786e-15, -1.6803271246054114]], [[-2.042014219029636, -8.511709844430459e-16, 8.339498359000037e-17], [-8.326672668145062e-16, -2.0420142190296358, -1.0164218607795157e-16], [6.3652786524594145e-15, 7.84557600980303e-15, -4.1419427578398]]]}, "metadata": {"formula": "Sr3Ti2O7", "nsites": 12, "structure": "# generated using pymatgen\ndata_Sr3Ti2O7\n_symmetry_space_group_name_H-M   'P 1'\n_cell_length_a   10.46669308\n_cell_length_b   10.46669308\n_cell_length_c   10.46669308\n_cell_angle_alpha   158.61995627\n_cell_angle_beta   158.61995627\n_cell_angle_gamma   30.41675037\n_symmetry_Int_Tables_number   1\n_chemical_formula_structural   Sr3Ti2O7\n_chemical_formula_sum   'Sr3 Ti2 O7'\n_cell_volume   152.290442598\n_cell_formula_units_Z   1\nloop_\n _symmetry_equiv_pos_site_id\n _symmetry_equiv_pos_as_xyz\n  1  'x, y, z'\nloop_\n _atom_site_type_symbol\n _atom_site_label\n _atom_site_symmetry_multiplicity\n _atom_site_fract_x\n _atom_site_fract_y\n _atom_site_fract_z\n _atom_site_occupancy\n  Sr  Sr1  1  0.315754  0.315754  0.000000  1\n  Sr  Sr2  1  0.500000  0.500000  0.000000  1\n  Sr  Sr3  1  0.684246  0.684246  0.000000  1\n  Ti  Ti4  1  0.097790  0.097790  0.000000  1\n  Ti  Ti5  1  0.902210  0.902210  0.000000  1\n  O  O6  1  0.903762  0.403762  0.500000  1\n  O  O7  1  0.805907  0.805907  0.000000  1\n  O  O8  1  0.000000  0.000000  0.000000  1\n  O  O9  1  0.596238  0.096238  0.500000  1\n  O  O10  1  0.096238  0.596238  0.500000  1\n  O  O11  1  0.403762  0.903762  0.500000  1\n  O  O12  1  0.194093  0.194093  0.000000  1\n"}}