{"phonon": {"ph_bandstructure": [[0.0, 0.0, 0.0, 112.78942993139573, 145.00454879316626, 196.59022944750026, 417.06257750715724, 419.81217348824663, 2549.278897720784]]}, "dielectric": {"eps_electronic": [[2.875393260085862, 0.0, -0.08225626418134512], [0.0, 3.060661576113051, 0.0], [-0.08225626418134502, 0.0, 3.02414106821094]], "eps_total": [[6.644747080382645, -9.325873406851315e-15, 0.3337453335748961], [-1.0412496155943479e-14, 5.89304219147411, 5.401314155079096e-16], [0.3337453335748961, 7.771561172376096e-16, 6.0412199528673876]], "becs": [[[1.0790354235454451, 0.0, -0.022274667608077496], [0.0, 1.1292053431126874, 0.0], [-0.0222746676078772, 0.0, 1.1193157355285885]], [[-0.02357927628114071, 0.0, -0.05509239292359783], [0.0, 0.10050701629013473, 0.0], [-0.05509239292310181, 0.0, 0.07604684671679174]], [[-1.055456147270775, 0.0, 0.07736706052944065], [0.0, -1.2297123594042598, 0.0], [0.07736706052874434, 0.0, -1.1953625822478098]]]}, "metadata": {"formula": "KHS", "nsites": 3, "structure": "# generated using pymatgen\ndata_KHS\n_symmetry_space_group_name_H-M   'P 1'\n_cell_length_a   4.27565350\n_cell_length_b   4.27565350\n_cell_length_c   4.27565350\n_cell_angle_alpha   70.20250443\n_cell_angle_beta   70.20250443\n_cell_angle_gamma   70.20250443\n_symmetry_Int_Tables_number   1\n_chemical_formula_structural   KHS\n_chemical_formula_sum   'K1 H1 S1'\n_cell_volume   66.9461531993\n_cell_formula_units_Z   1\nloop_\n _symmetry_equiv_pos_site_id\n _symmetry_equiv_pos_as_xyz\n  1  'x, y, z'\nloop_\n _atom_site_type_symbol\n _atom_site_label\n _atom_site_symmetry_multiplicity\n _atom_site_fract_x\n _atom_site_fract_y\n _atom_site_fract_z\n _atom_site_occupancy\n  K  K1  1  0.994048  0.994048  0.994048  1\n  H  H2  1  0.356653  0.356653  0.356653  1\n  S  S3  1  0.498299  0.498299  0.498299  1\n"}}