{"phonon": {"ph_bandstructure": [[0.0, 0.0, 0.0, 77.54270871732018, 87.74799714463387, 127.59757281588072, 202.577792614391, 202.57779262364127, 234.99873561137707, 316.60300700407953, 609.8978738925126, 641.2261403606107]]}, "dielectric": {"eps_electronic": [[4.367000172369925, 2.220446049250313e-16, 0.19661139371359404], [1.0512133479417102e-15, 3.3042596651505054, 9.713564244033555e-17], [0.19661139371359518, 1.1102230246251565e-16, 3.3406335869041297]], "eps_total": [[8.852941083846476, 1.1102230246251565e-15, 0.15788288849765358], [1.0561076414051713e-15, 7.999539163632258, -4.662510837136107e-15], [0.15788288849765367, -4.884981308350689e-15, 8.028748151494964]], "becs": [[[2.8054782131698297, 0.0, 0.006058644702005456], [0.0, 2.772729515229226, 0.0], [0.006058644702089352, 0.0, 2.7738503895825284]], [[2.8639503008753775, 0.0, 0.512846873580568], [0.0, 0.09186707455426124, 0.0], [0.5128468735875483, 0.0, 0.18674586940703697]], [[-2.8347142570226036, 0.0, -0.25945275914128674], [0.0, -1.4322982948917438, 0.0], [-0.2594527591448188, 0.0, -1.4802981294947826]], [[-2.8347142570226036, 0.0, -0.25945275914128674], [0.0, -1.4322982948917438, 0.0], [-0.2594527591448188, 0.0, -1.4802981294947826]]]}, "metadata": {"formula": "BaHgO2", "nsites": 4, "structure": "# generated using pymatgen\ndata_BaHgO2\n_symmetry_space_group_name_H-M   'P 1'\n_cell_length_a   6.83747604\n_cell_length_b   6.83747604\n_cell_length_c   6.83747604\n_cell_angle_alpha   34.97820773\n_cell_angle_beta   34.97820773\n_cell_angle_gamma   34.97820773\n_symmetry_Int_Tables_number   1\n_chemical_formula_structural   BaHgO2\n_chemical_formula_sum   'Ba1 Hg1 O2'\n_cell_volume   93.7940553549\n_cell_formula_units_Z   1\nloop_\n _symmetry_equiv_pos_site_id\n _symmetry_equiv_pos_as_xyz\n  1  'x, y, z'\nloop_\n _atom_site_type_symbol\n _atom_site_label\n _atom_site_symmetry_multiplicity\n _atom_site_fract_x\n _atom_site_fract_y\n _atom_site_fract_z\n _atom_site_occupancy\n  Ba  Ba1  1  0.500000  0.500000  0.500000  1\n  Hg  Hg2  1  0.000000  0.000000  0.000000  1\n  O  O3  1  0.101620  0.101620  0.101620  1\n  O  O4  1  0.898380  0.898380  0.898380  1\n"}}