{"phonon": {"ph_bandstructure": [[0.0, 0.0, 0.0, 74.90345478056598, 78.64256990860446, 87.67289540849936, 95.92976437381125, 96.41771533310977, 100.30913228846092, 106.49271012335986, 116.36477792648974, 116.8261943720662, 129.5104128523618, 129.5518417549195, 130.76712187033533, 132.10879398552066, 135.4103186473223, 136.11639033116487, 137.39078974982772, 138.37565859192117, 153.0407189363701, 155.0465535116087, 164.5694368516128, 170.97891062086757, 172.82716147277117, 174.11289951203187, 196.92261157551624, 198.31014753193534, 204.13346468280693, 206.29185570097076, 208.19603934768864, 208.30167586093776, 210.41722692263792, 214.26024538109783, 223.59374566072637, 227.70236780105898]]}, "dielectric": {"eps_electronic": [[14.03881250456995, 0.0, 0.0], [0.0, 17.081530258165166, 0.0], [0.0, 0.0, 15.545160204662666]], "eps_total": [[25.186296976688446, 0.0, 0.0], [0.0, 30.3350833986897, 0.0], [0.0, 0.0, 26.381339056820284]], "becs": [[[1.4085938896298091, 0.0, 0.0], [-2.3476574576340695e-24, 1.840938874686842, -0.16983631877457717], [0.0, -0.12184812618232309, 1.6694537257565671]], [[1.4085938896298091, 0.0, 0.0], [-2.8755585699269107e-25, 1.8409388746868438, -0.16983631877457717], [0.0, -0.12184812618232313, 1.669453725756568]], [[1.4085938896298091, 0.0, 0.0], [-2.8755585699269107e-25, 1.8409388746868438, 0.16983631877457706], [0.0, 0.12184812618232313, 1.669453725756568]], [[1.4085938896298091, 0.0, 0.0], [-2.8755585699269107e-25, 1.840938874686842, 0.1698363187745771], [0.0, 0.1218481261823231, 1.669453725756568]], [[2.2902900723591797, 0.0, 0.0], [-5.231799698532e-24, 1.8572341981803668, -0.012561839688133222], [0.0, 0.02682614729056962, 2.1237099841402545]], [[2.2902900723591797, 0.0, 0.0], [-3.583718418018897e-24, 1.8572341981803668, -0.01256183968813322], [0.0, 0.02682614729056962, 2.1237099841402554]], [[2.290290072359179, 0.0, 0.0], [3.0086067040335147e-24, 1.8572341981803668, 0.012561839688133241], [0.0, -0.026826147290569632, 2.1237099841402545]], [[2.290290072359179, 0.0, 0.0], [1.3605254235204119e-24, 1.8572341981803686, 0.012561839688133241], [0.0, -0.026826147290569632, 2.1237099841402545]], [[-3.698883963918547, 0.0, 0.0], [2.78972083183688e-25, -3.6981730731726485, -0.10732333793417495], [0.0, 0.1402210237457873, -3.7931637099485895]], [[-3.698883963918547, 0.0, 0.0], [-2.8755585699269107e-25, -3.6981730731726485, -0.10732333793417495], [0.0, 0.1402210237457873, -3.793163709948586]], [[-3.698883963918547, 0.0, 0.0], [-2.8755585699269107e-25, -3.6981730731726485, 0.10732333793417498], [0.0, -0.14022102374578727, -3.7931637099485895]], [[-3.698883963918547, 0.0, 0.0], [7.952850545572823e-24, -3.6981730731726485, 0.10732333793417498], [0.0, -0.1402210237457873, -3.793163709948586]]]}, "metadata": {"formula": "Ca2Ge", "nsites": 12, "structure": "# generated using pymatgen\ndata_Ca2Ge\n_symmetry_space_group_name_H-M   'P 1'\n_cell_length_a   4.80179020\n_cell_length_b   7.51400262\n_cell_length_c   8.96194700\n_cell_angle_alpha   90.00000000\n_cell_angle_beta   90.00000000\n_cell_angle_gamma   90.00000000\n_symmetry_Int_Tables_number   1\n_chemical_formula_structural   Ca2Ge\n_chemical_formula_sum   'Ca8 Ge4'\n_cell_volume   323.35300046\n_cell_formula_units_Z   4\nloop_\n _symmetry_equiv_pos_site_id\n _symmetry_equiv_pos_as_xyz\n  1  'x, y, z'\nloop_\n _atom_site_type_symbol\n _atom_site_label\n _atom_site_symmetry_multiplicity\n _atom_site_fract_x\n _atom_site_fract_y\n _atom_site_fract_z\n _atom_site_occupancy\n  Ca  Ca1  1  0.750000  0.343840  0.425121  1\n  Ca  Ca2  1  0.250000  0.656160  0.574879  1\n  Ca  Ca3  1  0.750000  0.843840  0.074879  1\n  Ca  Ca4  1  0.250000  0.156160  0.925121  1\n  Ca  Ca5  1  0.750000  0.480875  0.820007  1\n  Ca  Ca6  1  0.250000  0.519125  0.179993  1\n  Ca  Ca7  1  0.750000  0.980875  0.679993  1\n  Ca  Ca8  1  0.250000  0.019125  0.320007  1\n  Ge  Ge9  1  0.750000  0.747934  0.395797  1\n  Ge  Ge10  1  0.250000  0.252066  0.604203  1\n  Ge  Ge11  1  0.750000  0.247934  0.104203  1\n  Ge  Ge12  1  0.250000  0.752066  0.895797  1\n"}}