{"phonon": {"ph_bandstructure": [[-0.00584417066543726, -0.0026225738598033843, 0.0, 93.12667458163037, 125.72478833878849, 134.66292198698483, 156.30225102464013, 195.39585998803793, 219.16843060273246, 268.9617911414768, 269.54262729997083, 278.23952933827053, 319.81333591333384, 353.6940998442477, 386.7478128746611, 398.5863509958782, 432.890954265716, 436.9024183158281, 439.0397323013364, 447.2286759141749, 485.355702581387, 504.2898545001114, 520.1863043828577, 605.449676733592, 691.7109988587151, 691.8801457239031, 727.7978752789513, 730.5486247330921, 824.2780761097758, 855.2294809503657, 1078.0554652160447, 1081.1786757125794, 1398.1713330897521, 1457.6611072400274, 1471.9867197284639, 1538.8325757019568]]}, "dielectric": {"eps_electronic": [[2.5847212918421034, 0.0, 0.0], [0.0, 2.542281764373512, -0.14637716453096175], [0.0, -0.14637716453096186, 2.1684324309769494]], "eps_total": [[5.021273790208533, 0.0, 0.0], [0.0, 5.1813304021646385, -0.19098232309843513], [0.0, -0.19098232309843582, 6.309698560584344]], "becs": [[[1.0899228106662737, -0.08088102968207764, -0.04158101243548243], [0.09737314882032067, 1.0894017900776007, -0.06893847999017183], [-0.01818593854497968, -0.04080831399607769, 1.0003019145068817]], [[1.089922810666274, 0.08088102968207742, 0.04158101243548254], [-0.09737314882032158, 1.089401790077601, -0.06893847999017205], [0.018185938544979734, -0.040808313996077684, 1.0003019145068817]], [[1.0899228106662737, -0.08088102968207769, -0.04158101243548237], [0.09737314882032044, 1.0894017900776007, -0.06893847999017189], [-0.01818593854497968, -0.04080831399607769, 1.0003019145068817]], [[1.089922810666274, 0.08088102968207742, 0.04158101243548254], [-0.09737314882032158, 1.089401790077601, -0.06893847999017205], [0.018185938544979727, -0.04080831399607769, 1.0003019145068817]], [[2.8150821922875355, -3.7007436911440593e-17, 4.972874154029071e-17], [-4.235942327111692e-16, 2.660569158574517, -0.7260359911871238], [-1.3469909328768069e-16, -0.7337263812974573, 0.6655081206135073]], [[2.815082192287536, -9.251858814269842e-17, 6.360652934810516e-17], [-4.235942327111692e-16, 2.660569158574517, -0.7260359911871238], [-1.3469909328768069e-16, -0.7337263812974573, 0.6655081206135073]], [[-2.272816100317284, 1.295260167823329e-16, -2.152589665991471e-16], [4.910071548519949e-16, -1.083720859480633, 0.1337066742343641], [4.177015040479174e-17, 0.13721239117341352, -0.7240517150862776]], [[-2.272816100317283, -9.251858814269842e-17, 6.360652934810516e-17], [-3.9717126484813034e-16, -1.083720859480632, 0.13370667423436344], [4.177015040479174e-17, 0.13721239117341352, -0.7240517150862776]], [[-1.3610558566519324, 0.541902301084408, -0.21353096863051343], [0.5300464467659217, -1.8778259396252608, 0.3651031384658404], [-0.19215203011322796, 0.33906530905803656, -0.9710301172701655]], [[-1.3610558566519306, -0.5419023010844081, 0.2135309686305135], [-0.5300464467659213, -1.8778259396252572, 0.3651031384658393], [0.19215203011322798, 0.33906530905803656, -0.9710301172701655]], [[-1.3610558566519324, 0.5419023010844081, -0.2135309686305135], [0.5300464467659217, -1.8778259396252608, 0.3651031384658404], [-0.19215203011322796, 0.33906530905803656, -0.9710301172701655]], [[-1.361055856651931, -0.5419023010844074, 0.21353096863051316], [-0.5300464467659195, -1.877825939625259, 0.36510313846583975], [0.19215203011322798, 0.33906530905803656, -0.9710301172701655]]]}, "metadata": {"formula": "Li2CO3", "nsites": 12, "structure": "# generated using pymatgen\ndata_Li2CO3\n_symmetry_space_group_name_H-M   'P 1'\n_cell_length_a   4.85012667\n_cell_length_b   4.85012667\n_cell_length_c   6.15235349\n_cell_angle_alpha   69.31323655\n_cell_angle_beta   69.31323655\n_cell_angle_gamma   61.75073348\n_symmetry_Int_Tables_number   1\n_chemical_formula_structural   Li2CO3\n_chemical_formula_sum   'Li4 C2 O6'\n_cell_volume   116.189677586\n_cell_formula_units_Z   2\nloop_\n _symmetry_equiv_pos_site_id\n _symmetry_equiv_pos_as_xyz\n  1  'x, y, z'\nloop_\n _atom_site_type_symbol\n _atom_site_label\n _atom_site_symmetry_multiplicity\n _atom_site_fract_x\n _atom_site_fract_y\n _atom_site_fract_z\n _atom_site_occupancy\n  Li  Li1  1  0.645240  0.748908  0.663591  1\n  Li  Li2  1  0.251092  0.354760  0.836409  1\n  Li  Li3  1  0.354760  0.251092  0.336409  1\n  Li  Li4  1  0.748908  0.645240  0.163591  1\n  C  C5  1  0.065309  0.934691  0.250000  1\n  C  C6  1  0.934691  0.065309  0.750000  1\n  O  O7  1  0.321750  0.678250  0.250000  1\n  O  O8  1  0.678250  0.321750  0.750000  1\n  O  O9  1  0.081635  0.212685  0.186604  1\n  O  O10  1  0.787315  0.918365  0.313396  1\n  O  O11  1  0.918365  0.787315  0.813396  1\n  O  O12  1  0.212685  0.081635  0.686604  1\n"}}