{"phonon": {"ph_bandstructure": [[0.0, 0.0, 0.0, 441.80717426648613, 441.80717426752614, 488.1125071789848, 491.45215306954844, 491.45215307057725, 637.9375397931611]]}, "dielectric": {"eps_electronic": [[5.058018012243686, 1.705745725348655e-15, 1.7763568394002505e-15], [1.705745725348655e-15, 5.058018012243686, 1.7763568394002505e-15], [1.7251218293072685e-15, 1.7251218293072685e-15, 5.058018012243686]], "eps_total": [[10.40275930507415, 2.6969192644528975e-11, 1.7763568394002505e-15], [2.6968397009851986e-11, 10.402759305090338, 9.43503053463246e-11], [2.0774644061919125e-15, 9.434883009705199e-11, 10.40275930510327]], "becs": [[[0.7895111757193811, 0.0, 0.0], [0.0, 0.7895111757193811, 0.0], [-1.4253711840510633e-19, -1.4253711840510633e-19, 0.7895111757193811]], [[1.7112553622863995, 0.0, 0.0], [0.0, 1.7112553622863995, 0.0], [-1.9113757444122243e-19, -1.9113757444122243e-19, 1.7112553622863995]], [[-2.5007665379487163, 0.0, 0.0], [0.0, -2.5007665379487163, 0.0], [3.336746800132508e-19, 3.336746800132508e-19, -2.5007665379487163]]]}, "metadata": {"formula": "LiMgN", "nsites": 3, "structure": "# generated using pymatgen\ndata_LiMgN\n_symmetry_space_group_name_H-M   'P 1'\n_cell_length_a   3.51255475\n_cell_length_b   3.51255475\n_cell_length_c   3.51255475\n_cell_angle_alpha   60.00000000\n_cell_angle_beta   60.00000000\n_cell_angle_gamma   60.00000000\n_symmetry_Int_Tables_number   1\n_chemical_formula_structural   LiMgN\n_chemical_formula_sum   'Li1 Mg1 N1'\n_cell_volume   30.6446247422\n_cell_formula_units_Z   1\nloop_\n _symmetry_equiv_pos_site_id\n _symmetry_equiv_pos_as_xyz\n  1  'x, y, z'\nloop_\n _atom_site_type_symbol\n _atom_site_label\n _atom_site_symmetry_multiplicity\n _atom_site_fract_x\n _atom_site_fract_y\n _atom_site_fract_z\n _atom_site_occupancy\n  Li  Li1  1  0.250000  0.250000  0.250000  1\n  Mg  Mg2  1  0.750000  0.750000  0.750000  1\n  N  N3  1  0.000000  0.000000  0.000000  1\n"}}