{"phonon": {"ph_bandstructure": [[0.0, 0.0, 0.0, 56.002483235200785, 56.00252836693343, 73.234189709387, 74.31990601892404, 74.32029095573904, 79.16106855637071, 133.46445187495965, 133.69633900513313, 148.6135256358445, 155.96494257259906, 155.96714154797826, 169.37009923063852, 181.62313525048947, 182.0385546224563, 185.5952228214094, 194.7754735043771, 195.84283068264574, 195.97981846721652, 204.9284948232814, 204.94070169918814, 208.57348345323095]]}, "dielectric": {"eps_electronic": [[31.255818666114898, -5.789455896863274e-15, -4.956928014456526e-16], [-4.013099057463023e-15, 31.255818666114898, 3.0570208773548484e-15], [-4.069302538212808e-15, -1.1174729895813809e-14, 36.19232019356144]], "eps_total": [[32.92673539168991, -7.189183299660043e-15, 4.345289390042643e-15], [-1.146226772450909e-15, 32.92673539173268, 3.558246371380184e-15], [-9.32902241461832e-15, 1.3291186217831815e-15, 38.5255018143699]], "becs": [[[2.412030821941803, 0.3599702717327168, -5.426345070616762e-16], [-0.35997027173271795, 2.412030821941804, 5.155468132841761e-16], [-7.771561172376096e-16, 2.7755575615628914e-15, 2.6320712959684163]], [[2.412030821941803, -0.3599702717327179, 1.4224732503009818e-16], [0.3599702717327172, 2.412030821941803, -1.3183898417423734e-16], [1.1102230246251565e-16, 1.1102230246251565e-16, 2.6320712959684163]], [[0.8561893829339908, 0.25102515383737545, 8.146304789107522e-16], [-0.25102515383737484, 0.8561893829339874, -3.476342499937085e-16], [4.551914400963142e-15, -7.771561172376096e-16, 1.162063059483446]], [[0.8561893829339873, -0.2510251538373748, -5.301358288505559e-16], [0.2510251538373754, 0.8561893829339909, 5.280454914952964e-16], [9.992007221626409e-16, 4.551914400963142e-15, 1.1620630594834478]], [[-1.318516919238343, 2.1094237467877974e-15, 5.30825383648903e-16], [2.7755575615628914e-16, -1.9497032856374474, -0.6730165861710244], [-2.55351295663786e-15, -0.5301202788779492, -1.897067177725933]], [[-1.9497032856374474, 3.3306690738754696e-16, -0.6730165861710246], [2.0539125955565396e-15, -1.318516919238343, 7.008282842946301e-16], [-0.5301202788779492, -2.55351295663786e-15, -1.897067177725933]], [[-1.9497032856374492, -5.551115123125783e-16, 0.6730165861710244], [-6.106226635438361e-16, -1.3185169192383466, -5.204170427930421e-16], [0.5301202788779441, 9.992007221626409e-16, -1.8970671777259311]], [[-1.3185169192383448, -1.4432899320127035e-15, -2.740863092043355e-16], [-1.4988010832439613e-15, -1.9497032856374492, 0.6730165861710236], [2.7755575615628914e-15, 0.5301202788779441, -1.8970671777259294]]]}, "metadata": {"formula": "GaCuTe2", "nsites": 8, "structure": "# generated using pymatgen\ndata_GaCuTe2\n_symmetry_space_group_name_H-M   'P 1'\n_cell_length_a   7.32965351\n_cell_length_b   7.32965351\n_cell_length_c   7.32965351\n_cell_angle_alpha   131.77288938\n_cell_angle_beta   131.77288938\n_cell_angle_gamma   70.58796079\n_symmetry_Int_Tables_number   1\n_chemical_formula_structural   GaCuTe2\n_chemical_formula_sum   'Ga2 Cu2 Te4'\n_cell_volume   214.579787399\n_cell_formula_units_Z   2\nloop_\n _symmetry_equiv_pos_site_id\n _symmetry_equiv_pos_as_xyz\n  1  'x, y, z'\nloop_\n _atom_site_type_symbol\n _atom_site_label\n _atom_site_symmetry_multiplicity\n _atom_site_fract_x\n _atom_site_fract_y\n _atom_site_fract_z\n _atom_site_occupancy\n  Ga  Ga1  1  0.250000  0.750000  0.500000  1\n  Ga  Ga2  1  0.500000  0.500000  0.000000  1\n  Cu  Cu3  1  0.750000  0.250000  0.500000  1\n  Cu  Cu4  1  0.000000  0.000000  0.000000  1\n  Te  Te5  1  0.875000  0.889737  0.514737  1\n  Te  Te6  1  0.639737  0.125000  0.014737  1\n  Te  Te7  1  0.110263  0.625000  0.985263  1\n  Te  Te8  1  0.375000  0.360263  0.485263  1\n"}}