{"phonon": {"ph_bandstructure": [[-0.005352810362211217, -0.005094810503744869, -0.0050032161294487, 62.39849102688835, 63.99912981248527, 66.15228763710418, 84.21912628304469, 84.2241092964176, 97.97628602365972, 126.91219940235607, 173.01010704527687, 179.52692059672168, 181.7036937468501, 188.60112977979986, 188.63149299636297, 193.5727748586891, 205.5409083577883, 206.682698387511, 211.25881507251017, 221.15186290634537, 223.62906191114072]]}, "dielectric": {"eps_electronic": [[9.209019329647731, -3.784736096990221e-17, 5.756310565458264e-16], [-3.784736096990221e-17, 9.209019329647731, 5.756310565458264e-16], [8.200029778738518e-17, 8.200029778738518e-17, 8.370624358554718]], "eps_total": [[12.792655148216662, 2.366804617225336e-15, 1.547433759350254e-16], [9.389675018977753e-16, 12.792655148377438, 1.918476278750596e-15], [7.010127516830047e-16, -1.0753440877172459e-15, 11.6017238090541]], "becs": [[[1.8969078316749401, -1.7129155208713366e-15, -2.181025973571904e-16], [-1.7129155208713366e-15, 1.8969078316749401, 9.910399528737911e-17], [4.060244147622473e-15, 4.5677746958537846e-15, 2.1955482697007946]], [[2.938589308676339, -0.38749647262360293, 4.3208804445810407e-16], [0.3874964726236026, 2.9385893086763373, -5.829729924475143e-16], [5.075304688219724e-16, -2.5376526617472173e-15, 2.6827858099063695]], [[2.938589308676339, 0.3874964726236035, -2.2804519258409425e-16], [-0.38749647262360293, 2.938589308676339, 8.916140006047526e-17], [-1.268826370578278e-15, -7.612958223469668e-16, 2.6827858099063695]], [[-1.9435216117508007, -0.6702304048579046, 0.358087694361245], [-0.6702304048579029, -1.9435216117508007, -0.3580876943612451], [0.39242445698922934, -0.39242445698923134, -1.8902799721541779]], [[-1.9435216117508007, 0.6702304048579037, 0.358087694361246], [0.6702304048579037, -1.9435216117508007, 0.3580876943612463], [0.3924244569892311, 0.39242445698923156, -1.8902799721541814]], [[-1.9435216117508007, -0.6702304048579029, -0.35808769436124543], [-0.6702304048579037, -1.9435216117508007, 0.3580876943612453], [-0.39242445698923, 0.39242445698923156, -1.8902799721541779]], [[-1.9435216117508025, 0.6702304048579046, -0.35808769436124555], [0.6702304048579046, -1.9435216117508025, -0.3580876943612461], [-0.39242445698923356, -0.3924244569892331, -1.8902799721541814]]]}, "metadata": {"formula": "Zn(InSe2)2", "nsites": 7, "structure": "# generated using pymatgen\ndata_Zn(InSe2)2\n_symmetry_space_group_name_H-M   'P 1'\n_cell_length_a   6.95189989\n_cell_length_b   6.95189989\n_cell_length_c   6.95189989\n_cell_angle_alpha   131.13766092\n_cell_angle_beta   131.13766092\n_cell_angle_gamma   71.59445583\n_symmetry_Int_Tables_number   1\n_chemical_formula_structural   Zn(InSe2)2\n_chemical_formula_sum   'Zn1 In2 Se4'\n_cell_volume   186.466716337\n_cell_formula_units_Z   1\nloop_\n _symmetry_equiv_pos_site_id\n _symmetry_equiv_pos_as_xyz\n  1  'x, y, z'\nloop_\n _atom_site_type_symbol\n _atom_site_label\n _atom_site_symmetry_multiplicity\n _atom_site_fract_x\n _atom_site_fract_y\n _atom_site_fract_z\n _atom_site_occupancy\n  Zn  Zn1  1  0.500000  0.500000  0.000000  1\n  In  In2  1  0.750000  0.250000  0.500000  1\n  In  In3  1  0.250000  0.750000  0.500000  1\n  Se  Se4  1  0.129681  0.657958  0.000000  1\n  Se  Se5  1  0.342042  0.342042  0.471724  1\n  Se  Se6  1  0.657958  0.129681  0.000000  1\n  Se  Se7  1  0.870319  0.870319  0.528276  1\n"}}