{"phonon": {"ph_bandstructure": [[0.0, 0.0, 0.0, 121.6077315086015, 121.60773151234501, 140.60761341493773, 197.2071905466888, 197.20719054734556, 197.20719054911893, 217.9252386326796, 217.92523863491823, 346.99886058630125, 611.347522503444, 611.3475225047758, 703.1148893333684]]}, "dielectric": {"eps_electronic": [[5.019744272157001, 0.0, 0.0], [0.0, 5.019744272157001, 0.0], [0.0, 0.0, 5.019744272157001]], "eps_total": [[22.505787071538787, -4.3067911758599975e-11, 7.440337343290831e-11], [-4.3067911758599975e-11, 22.50578707199615, -1.006327197950168e-10], [7.440337343290831e-11, -1.006327197950168e-10, 22.505787072210225]], "becs": [[[2.755268947523713, 0.0, 0.0], [0.0, 2.755268947523713, 0.0], [0.0, 0.0, 2.755268947523713]], [[4.4824978746124255, 0.0, 0.0], [0.0, 4.4824978746124255, 0.0], [0.0, 0.0, 4.4824978746124255]], [[-1.8624552952376892, 0.0, 0.0], [0.0, -3.5128562316927674, 0.0], [0.0, 0.0, -1.8624552952376892]], [[-1.8624552952376892, 0.0, 0.0], [0.0, -1.8624552952376892, 0.0], [0.0, 0.0, -3.5128562316927674]], [[-3.5128562316927674, 0.0, 0.0], [0.0, -1.8624552952376892, 0.0], [0.0, 0.0, -1.8624552952376892]]]}, "metadata": {"formula": "BaSnO3", "nsites": 5, "structure": "# generated using pymatgen\ndata_BaSnO3\n_symmetry_space_group_name_H-M   'P 1'\n_cell_length_a   4.13267310\n_cell_length_b   4.13267310\n_cell_length_c   4.13267310\n_cell_angle_alpha   90.00000000\n_cell_angle_beta   90.00000000\n_cell_angle_gamma   90.00000000\n_symmetry_Int_Tables_number   1\n_chemical_formula_structural   BaSnO3\n_chemical_formula_sum   'Ba1 Sn1 O3'\n_cell_volume   70.581870092\n_cell_formula_units_Z   1\nloop_\n _symmetry_equiv_pos_site_id\n _symmetry_equiv_pos_as_xyz\n  1  'x, y, z'\nloop_\n _atom_site_type_symbol\n _atom_site_label\n _atom_site_symmetry_multiplicity\n _atom_site_fract_x\n _atom_site_fract_y\n _atom_site_fract_z\n _atom_site_occupancy\n  Ba  Ba1  1  0.500000  0.500000  0.500000  1\n  Sn  Sn2  1  0.000000  0.000000  0.000000  1\n  O  O3  1  0.000000  0.500000  0.000000  1\n  O  O4  1  0.000000  0.000000  0.500000  1\n  O  O5  1  0.500000  0.000000  0.000000  1\n"}}