{"phonon": {"ph_bandstructure": [[0.0, 0.0, 0.0, 27.78473380616322, 27.784733824599005, 64.2804433326528, 64.28044333960875, 96.47116220964215, 104.62080396209075, 125.28933107686115, 184.68908520430767, 185.11918383084463, 305.7315750641784, 305.7315750716987, 338.82219997178595, 374.8332442785035, 374.8332442881919, 400.10379197978335, 400.10379199025124, 451.61489932888827, 538.0952269688148, 645.4880746340515, 658.7746335717845, 682.4980532410658]]}, "dielectric": {"eps_electronic": [[5.932653261592423, -1.7763568394002505e-15, -2.4862688816496366e-22], [0.0, 5.932653261700246, -2.153172012170845e-22], [-2.486268881649637e-22, -2.153172012170846e-22, 5.2676163470908115]], "eps_total": [[12.396036834687859, -5.329070518200751e-15, -2.4862688816496366e-22], [-5.329070518200751e-15, 12.39603683520412, -2.153172012170845e-22], [-2.486268881649637e-22, -2.153172012170846e-22, 11.353553272798077]], "becs": [[[4.302552726940117, 4.85722573273506e-16, 1.4380384431190294e-21], [1.887379141862766e-15, 4.302552726940117, 3.4265886932121273e-22], [0.0, 0.0, 3.8963471911629557]], [[4.302552726940116, -6.938893903907228e-17, -6.367268482249575e-22], [1.1102230246251565e-16, 4.302552726940117, 4.348024308193538e-22], [0.0, 0.0, 3.896347191162958]], [[-0.3098748327863923, -1.1796119636642288e-15, 1.080606922574993e-22], [-2.9976021664879227e-15, -0.3098748327863949, 6.622818482678898e-23], [0.0, 0.0, 1.793994432875321]], [[-0.30987483278639405, -2.914335439641036e-16, 1.080606922574993e-22], [-1.2212453270876722e-15, -0.30987483278639666, 6.622818482678898e-23], [0.0, 0.0, 1.793994432875321]], [[-1.9963389470768622, 8.187894806610529e-16, -8.495232883628024e-22], [1.4432899320127035e-15, -1.996338947076861, 2.505153078230715e-22], [0.0, 0.0, -2.8451708120191377]], [[-1.9963389470768613, 1.5265566588595902e-16, 1.2801035852042223e-22], [1.1102230246251565e-16, -1.9963389470768602, -8.206535945928202e-22], [0.0, 0.0, -2.8451708120191403]], [[-1.9963389470768622, -6.938893903907228e-17, -7.564248458024952e-22], [1.1102230246251565e-16, -1.996338947076861, 2.7355119819760667e-22], [0.0, 0.0, -2.8451708120191377]], [[-1.9963389470768613, 1.5265566588595902e-16, 4.605047962358048e-22], [5.551115123125783e-16, -1.9963389470768598, -6.133305812220025e-22], [0.0, 0.0, -2.8451708120191403]]]}, "metadata": {"formula": "YAuO2", "nsites": 8, "structure": "# generated using pymatgen\ndata_YAuO2\n_symmetry_space_group_name_H-M   'P 1'\n_cell_length_a   3.53404085\n_cell_length_b   3.53404085\n_cell_length_c   11.94060605\n_cell_angle_alpha   90.00000000\n_cell_angle_beta   90.00000000\n_cell_angle_gamma   120.00000000\n_symmetry_Int_Tables_number   1\n_chemical_formula_structural   YAuO2\n_chemical_formula_sum   'Y2 Au2 O4'\n_cell_volume   129.151701726\n_cell_formula_units_Z   2\nloop_\n _symmetry_equiv_pos_site_id\n _symmetry_equiv_pos_as_xyz\n  1  'x, y, z'\nloop_\n _atom_site_type_symbol\n _atom_site_label\n _atom_site_symmetry_multiplicity\n _atom_site_fract_x\n _atom_site_fract_y\n _atom_site_fract_z\n _atom_site_occupancy\n  Y  Y1  1  0.000000  0.000000  0.000000  1\n  Y  Y2  1  0.000000  0.000000  0.500000  1\n  Au  Au3  1  0.666667  0.333333  0.750000  1\n  Au  Au4  1  0.333333  0.666667  0.250000  1\n  O  O5  1  0.666667  0.333333  0.917656  1\n  O  O6  1  0.333333  0.666667  0.417656  1\n  O  O7  1  0.333333  0.666667  0.082344  1\n  O  O8  1  0.666667  0.333333  0.582344  1\n"}}