{"phonon": {"ph_bandstructure": [[0.0, 0.0, 0.0, 35.72035674806956, 35.72035675989812, 58.09666774134815, 82.98600060200825, 82.98600060860076, 91.17384308989038, 93.82134196498883, 125.01102988112694, 131.48290470799625, 183.91264068744042, 184.61528248013303, 184.61528248676646, 197.03458930780835, 210.58182696704546, 215.75977946212058]]}, "dielectric": {"eps_electronic": [[12.598767803964893, 0.0, -6.685493462093519e-24], [-4.440892098500626e-16, 12.598767803738028, 0.0], [-3.3427467310467594e-24, -5.789807174951143e-24, 7.180996335996597]], "eps_total": [[15.31272968962182, 0.0, -6.685493462093519e-24], [-3.552713678800501e-15, 15.312729689472057, 0.0], [-3.3427467310467594e-24, -5.789807174951143e-24, 10.324484028735585]], "becs": [[[0.8635420953019507, -8.511709910604908e-16, 3.328985774800587e-24], [-3.034609624906059e-15, 0.8635420953019532, 8.544122585791997e-23], [0.0, 0.0, 1.6892572023437364]], [[0.8635420953019516, 3.700742863963447e-17, 1.0592227248813095e-23], [7.401484404437913e-17, 0.8635420953019524, -2.6208969656369122e-24], [0.0, 0.0, 1.6892572023437356]], [[1.6925453613006547, -1.8503717628539684e-16, -2.572398012124952e-23], [-8.141635756557461e-16, 1.6925453613006547, -6.552241326817755e-23], [0.0, 0.0, -0.35325800885529607]], [[1.692545361300653, 4.810966384896971e-16, 3.328985774800579e-24], [9.621932637445044e-16, 1.6925453613006538, -1.5201200226145045e-23], [0.0, 0.0, -0.35325800885529607]], [[-2.55608745417822, 2.590520335646658e-16, 5.1447961433037066e-24], [9.621932637445044e-16, -2.5560874541782224, -1.2056124411018014e-23], [0.0, 0.0, -1.3359991942173255]], [[-2.55608745417822, 2.590520335646658e-16, 3.3289857748005805e-24], [1.8503716834446296e-15, -2.5560874541782224, 9.959406294871209e-24], [0.0, 0.0, -1.3359991942173255]]]}, "metadata": {"formula": "KSnAs", "nsites": 6, "structure": "# generated using pymatgen\ndata_KSnAs\n_symmetry_space_group_name_H-M   'P 1'\n_cell_length_a   4.10710885\n_cell_length_b   4.10710885\n_cell_length_c   12.70500718\n_cell_angle_alpha   90.00000000\n_cell_angle_beta   90.00000000\n_cell_angle_gamma   120.00000000\n_symmetry_Int_Tables_number   1\n_chemical_formula_structural   KSnAs\n_chemical_formula_sum   'K2 Sn2 As2'\n_cell_volume   185.600000373\n_cell_formula_units_Z   2\nloop_\n _symmetry_equiv_pos_site_id\n _symmetry_equiv_pos_as_xyz\n  1  'x, y, z'\nloop_\n _atom_site_type_symbol\n _atom_site_label\n _atom_site_symmetry_multiplicity\n _atom_site_fract_x\n _atom_site_fract_y\n _atom_site_fract_z\n _atom_site_occupancy\n  K  K1  1  0.333333  0.666667  0.995490  1\n  K  K2  1  0.666667  0.333333  0.495490  1\n  Sn  Sn3  1  -0.000000  -0.000000  0.277102  1\n  Sn  Sn4  1  -0.000000  -0.000000  0.777102  1\n  As  As5  1  0.333333  0.666667  0.672508  1\n  As  As6  1  0.666667  0.333333  0.172508  1\n"}}