{"phonon": {"ph_bandstructure": [[-73.12207698854354, -51.69007254204066, -0.009505947804729829, -0.005694405153625455, 0.0, 116.14086506768705, 118.07080951671587, 120.09597741804649, 124.01191361954429, 131.511611065043, 134.90704625215017, 139.20756078430017, 164.95781162290078, 166.22347677809427, 178.56632963100603, 190.19502107981072, 197.65239120993232, 207.71788238422508, 222.60924345068432, 224.8530490742524, 244.10012902492647, 247.69454389667376, 278.038340962951, 313.2077332051372, 668.7616972753284, 670.1338868056887, 677.0029524766409, 677.0839467679457, 841.9641560459404, 847.0698027110116, 1078.542957239201, 1078.5975287435483, 1411.5325916448887, 1419.7990469328224, 1431.5274319278699, 1508.602810903507]]}, "dielectric": {"eps_electronic": [[2.5212758736520176, 0.0, 0.0], [0.0, 2.477366096946091, 0.16892125953300685], [0.0, 0.1689212595330069, 2.1307314855623734]], "eps_total": null, "becs": [[[1.0716141152903145, -8.326672271098368e-17, 9.020562013040851e-17], [-9.844821420495697e-16, 1.068405446011408, 0.048917127893109424], [-1.3645086926828008e-17, -0.005432537658214729, 1.123559456089526]], [[1.0716141152903136, 1.3877788221404763e-16, -2.0816682332107145e-17], [3.479594423843112e-16, 1.0684054460114072, 0.048917127893109535], [-1.2879125224445607e-17, -0.005432537658214729, 1.1235594560895272]], [[1.1645702845895705, 1.3877788221404763e-16, -2.0816682332107145e-17], [3.4787246494246475e-16, 1.1776084825516095, -0.012809135566188786], [-1.3262106075636808e-17, 0.06992228877035392, 1.0481742139742196]], [[1.1760528130769279, 1.3877788221404763e-16, -2.0816682332107145e-17], [3.4717664540769255e-16, 1.1799545616453884, -0.016805628194623945], [-1.6325952885166415e-17, 0.043493201034447496, 1.038682411591692]], [[2.8282475771203277, 2.7755579751531976e-17, -1.0940677211041998e-16], [2.036052363614017e-16, 2.5215613922914875, 0.9216472590559545], [1.4029214306056852e-16, 0.9347148084271696, 0.5377062522591637]], [[2.8282475771203277, 1.3877788221404763e-16, -2.0816682332107145e-17], [3.1462753882391735e-16, 2.5215613922914875, 0.9216472590559543], [1.4029214306056852e-16, 0.9347148084271696, 0.5377062522591637]], [[-1.0510379325872603, -5.273559325610463e-16, 1.4571677136166634e-16], [-1.4284843744577858e-15, -2.1334680737676157, -0.5415746212211664], [-1.3262106075636808e-17, -0.5409853633697496, -0.9905999721022555]], [[-2.0095676543398575, 0.5053559296977688, 0.22145354894316638], [0.5140881413866795, -1.3176401433267442, -0.20709119192269598], [0.19121764374373867, -0.22250232615105855, -0.8570470245192537]], [[-2.0095676543398575, -0.5053559296977683, -0.22145354894316654], [-0.5140881413866778, -1.3176401433267442, -0.2070911919226962], [-0.19121764374373879, -0.22250232615105858, -0.8570470245192537]], [[-2.0095676543398575, -0.5053559296977683, -0.22145354894316652], [-0.5140881413866787, -1.3176401433267442, -0.2070911919226962], [-0.1912176437437387, -0.22250232615105858, -0.8570470245192537]], [[-2.0095676543398575, 0.5053559296977688, 0.22145354894316646], [0.5140881413866795, -1.3176401433267442, -0.20709119192269587], [0.19121764374373867, -0.22250232615105855, -0.857047024519252]], [[-1.0510379325872603, -5.273559325610463e-16, 1.4571677136166634e-16], [-1.439617487014141e-15, -2.1334680737676157, -0.5415746212211662], [-1.1779480625936837e-16, -0.5409853633697497, -0.9905999721022537]]]}, "metadata": {"formula": "Na2CO3", "nsites": 12, "structure": "# generated using pymatgen\ndata_Na2CO3\n_symmetry_space_group_name_H-M   'P 1'\n_cell_length_a   5.14972830\n_cell_length_b   5.14972830\n_cell_length_c   6.02196749\n_cell_angle_alpha   79.03941842\n_cell_angle_beta   79.03941842\n_cell_angle_gamma   61.69858718\n_symmetry_Int_Tables_number   1\n_chemical_formula_structural   Na2CO3\n_chemical_formula_sum   'Na4 C2 O6'\n_cell_volume   137.119382352\n_cell_formula_units_Z   2\nloop_\n _symmetry_equiv_pos_site_id\n _symmetry_equiv_pos_as_xyz\n  1  'x, y, z'\nloop_\n _atom_site_type_symbol\n _atom_site_label\n _atom_site_symmetry_multiplicity\n _atom_site_fract_x\n _atom_site_fract_y\n _atom_site_fract_z\n _atom_site_occupancy\n  Na  Na1  1  0.669176  0.669176  0.757090  1\n  Na  Na2  1  0.330824  0.330824  0.242910  1\n  Na  Na3  1  1.000000  1.000000  0.500000  1\n  Na  Na4  1  0.000000  0.000000  0.000000  1\n  C  C5  1  0.336035  0.336035  0.749414  1\n  C  C6  1  0.663965  0.663965  0.250586  1\n  O  O7  1  0.211663  0.211663  0.670526  1\n  O  O8  1  0.812794  0.390059  0.210134  1\n  O  O9  1  0.609941  0.187206  0.789866  1\n  O  O10  1  0.390059  0.812794  0.210134  1\n  O  O11  1  0.187206  0.609941  0.789866  1\n  O  O12  1  0.788337  0.788337  0.329474  1\n"}}