{"phonon": {"ph_bandstructure": [[-0.0051825872313410425, -0.004873957289171323, 0.0, 24.261566322271904, 27.194557223545655, 52.919460538525875, 52.91946054729072, 76.7515909094164, 92.42649583631977, 101.1824059787333, 113.41376346112797, 121.70387282534219, 121.70387282920264, 125.4479767840749, 139.5027867392202, 163.68191743548914, 196.42318004139636, 266.73539685471235, 312.8576886031552, 370.0406814178083, 436.1944175504385]]}, "dielectric": {"eps_electronic": [[8.994917333131136, -8.558376714806734e-16, 4.054535406848387e-15], [1.1270108633165862e-15, 8.994917333131136, 4.1400548159200136e-15], [-4.1809994003131265e-15, 4.700784796688126e-15, 6.933948011159557]], "eps_total": [[85.81798205836347, 4.404344737971723e-13, 1.05627610908261e-14], [4.36990193521509e-13, 85.81798209599717, -8.605638067398253e-15], [1.4314125692579728e-14, 6.320519915278599e-15, 18.451431784994856]], "becs": [[[2.602842511773943, 4.916701888205807e-16, 5.553605876453112e-17], [1.5860319706061125e-17, 2.6028425117739427, -5.548624866106821e-17], [-6.34412788242445e-17, -1.205384932935356e-15, 3.0370225501298975]], [[2.602842511773943, 4.916701888205807e-16, 5.553605876453112e-17], [1.5860319706061125e-17, 2.6028425117739427, -5.548624866106821e-17], [-6.34412788242445e-17, -1.205384932935356e-15, 3.0370225501298975]], [[8.91904311684791, 1.5860328143303373e-16, 1.9924288760010944e-19], [3.489272270936081e-16, 8.919043116847911, 1.9923792451643412e-19], [3.806479310258181e-16, 1.268826966148319e-16, 5.368664781800057]], [[-6.6059479837493065, 2.696255838955494e-16, 1.4598135078047806e-16], [2.3790492463109243e-16, -2.995796357985562, -1.8708556157015258e-16], [2.601093980276131e-15, -3.172065132352307e-16, -1.5298229774005145]], [[-2.9957963579855633, -1.0626420456546385e-15, 7.611306921109983e-17], [-1.0943627049190954e-15, -6.605947983749308, -3.49092382144995e-17], [8.247371408758807e-16, 5.011864004965521e-15, -1.5298229774005154]], [[-2.261491896840144, -1.7446362595451323e-16, -1.66682881514827e-16], [2.3790492463109243e-16, -2.2614918968401443, 1.663840209096363e-16], [-1.839798118224495e-15, -1.205384932935356e-15, -4.191531963580095]], [[-2.261491896840144, -1.7446362595451323e-16, -1.66682881514827e-16], [2.3790492463109243e-16, -2.2614918968401443, 1.663840209096363e-16], [-1.839798118224495e-15, -1.205384932935356e-15, -4.191531963580095]]]}, "metadata": {"formula": "Ba2ZrS4", "nsites": 7, "structure": "# generated using pymatgen\ndata_Ba2ZrS4\n_symmetry_space_group_name_H-M   'P 1'\n_cell_length_a   8.55033072\n_cell_length_b   8.55033072\n_cell_length_c   8.55033072\n_cell_angle_alpha   146.48873941\n_cell_angle_beta   146.48873941\n_cell_angle_gamma   48.12138810\n_symmetry_Int_Tables_number   1\n_chemical_formula_structural   Ba2ZrS4\n_chemical_formula_sum   'Ba2 Zr1 S4'\n_cell_volume   189.755349342\n_cell_formula_units_Z   1\nloop_\n _symmetry_equiv_pos_site_id\n _symmetry_equiv_pos_as_xyz\n  1  'x, y, z'\nloop_\n _atom_site_type_symbol\n _atom_site_label\n _atom_site_symmetry_multiplicity\n _atom_site_fract_x\n _atom_site_fract_y\n _atom_site_fract_z\n _atom_site_occupancy\n  Ba  Ba1  1  0.641089  0.641089  0.000000  1\n  Ba  Ba2  1  0.358911  0.358911  0.000000  1\n  Zr  Zr3  1  0.000000  0.000000  0.000000  1\n  S  S4  1  0.000000  0.500000  0.500000  1\n  S  S5  1  0.500000  0.000000  0.500000  1\n  S  S6  1  0.836118  0.836118  0.000000  1\n  S  S7  1  0.163882  0.163882  0.000000  1\n"}}