{"phonon": {"ph_bandstructure": [[0.0, 0.0, 0.0, 63.367204497731315, 64.96843087217397, 71.79306411561448, 96.49441297892925, 96.66340592456898, 116.7768502727186, 132.71222161468063, 170.45870048354703, 175.98358389930698, 176.95449298751709, 187.89110577642282, 194.802773197636, 209.0782461633631, 229.74052556286168, 237.71096609106078, 244.2369755965511, 253.65052562140602, 262.2679625780806]]}, "dielectric": {"eps_electronic": [[7.961267934913799, 1.7427220207001425e-15, -1.9101237255553436e-15], [2.6309004404002678e-15, 7.961267934913798, -1.337668861550931e-16], [-1.687630671291958e-15, 9.769045878084177e-16, 7.920320404755906]], "eps_total": [[11.050313268174696, -1.5331448112904815e-11, -2.674846445727464e-15], [-1.5330395086763704e-11, 11.050313268288058, -1.0397785727262334e-15], [-1.1138575996275911e-15, 1.5506776594727845e-15, 11.26921456742227]], "becs": [[[2.32505481192854, -0.3134085420740317, -4.1225186499603465e-16], [0.31340854207403473, 2.32505481192854, 4.838567195202048e-16], [-3.8064789529161565e-15, -3.679596315858329e-15, 2.016783516862705]], [[2.4785121330613302, -0.2272319866470272, -8.742714598745326e-16], [0.22723198664702768, 2.478512133061331, 9.100155443418322e-16], [2.41076998498472e-15, 7.612957826422974e-16, 2.7784232437806855]], [[2.577219841562999, 0.651652633843102, 6.860175696101651e-16], [-0.6516526338431038, 2.577219841562999, -6.383198951239086e-16], [2.41076998498472e-15, -1.268826370578278e-16, 2.762393348231524]], [[-1.658106130937716, 0.34749521507290837, 0.3084300524429768], [0.40300126763860905, -2.0322872618935293, 0.516572862448087], [0.45261175528136, 0.5087019002885586, -1.8894000270763316]], [[-1.6581061309377179, 0.34749521507290926, -0.3084300524429767], [0.4030012676386108, -2.032287261893531, -0.5165728624480872], [-0.4526117552813622, -0.5087019002885605, -1.8894000270763316]], [[-2.032287261893531, -0.40300126763861044, 0.5165728624480876], [-0.34749521507290887, -1.6581061309377176, -0.3084300524429771], [0.508701900288562, -0.45261175528136033, -1.8894000270763298]], [[-2.032287261893533, -0.40300126763861044, -0.5165728624480872], [-0.34749521507290976, -1.6581061309377212, 0.30843005244297667], [-0.5087019002885607, 0.45261175528136544, -1.8894000270763316]]]}, "metadata": {"formula": "Cd(GaSe2)2", "nsites": 7, "structure": "# generated using pymatgen\ndata_Cd(GaSe2)2\n_symmetry_space_group_name_H-M   'P 1'\n_cell_length_a   6.74503184\n_cell_length_b   6.74503184\n_cell_length_c   6.74503184\n_cell_angle_alpha   129.74990903\n_cell_angle_beta   129.74990903\n_cell_angle_gamma   73.80689376\n_symmetry_Int_Tables_number   1\n_chemical_formula_structural   Cd(GaSe2)2\n_chemical_formula_sum   'Cd1 Ga2 Se4'\n_cell_volume   176.954402163\n_cell_formula_units_Z   1\nloop_\n _symmetry_equiv_pos_site_id\n _symmetry_equiv_pos_as_xyz\n  1  'x, y, z'\nloop_\n _atom_site_type_symbol\n _atom_site_label\n _atom_site_symmetry_multiplicity\n _atom_site_fract_x\n _atom_site_fract_y\n _atom_site_fract_z\n _atom_site_occupancy\n  Cd  Cd1  1  0.000000  0.000000  0.000000  1\n  Ga  Ga2  1  0.250000  0.750000  0.500000  1\n  Ga  Ga3  1  0.500000  0.500000  0.000000  1\n  Se  Se4  1  0.416809  0.884276  0.021439  1\n  Se  Se5  1  0.862836  0.395369  0.978561  1\n  Se  Se6  1  0.604631  0.583191  0.467467  1\n  Se  Se7  1  0.115724  0.137164  0.532533  1\n"}}