{"phonon": {"ph_bandstructure": [[0.0, 0.0, 0.0, 26.685572367063404, 56.38936101356407, 57.47766972985617, 61.95457645194884, 62.515368854943596, 79.7706424277639, 88.8770612765738, 97.63973422975297, 111.2993169929079, 116.09240620043262, 119.21392637536692, 131.71275526558992, 168.56926539298533, 168.98782654513096, 176.25125041463176, 198.81523705689386, 212.31014885605873, 227.4132880200202]]}, "dielectric": {"eps_electronic": [[8.632469060978247, -3.3592589163000265e-16, -9.494792976752828e-17], [-3.3592589163000265e-16, 8.632469060978247, -9.494792976752828e-17], [4.983212043777329e-17, 4.983212043777329e-17, 11.838382337486278]], "eps_total": [[12.00690823845765, -3.453335490288765e-18, -4.2212466936716286e-16], [4.9771639489725835e-16, 12.006908238750041, 4.505798983889395e-16], [-4.0065807148732347e-16, -4.0065807148732347e-16, 17.615359149710585]], "becs": [[[3.01756599844164, 1.2688264698399516e-16, 4.4210666864603406e-16], [-1.268826172054931e-16, 3.017565998441639, -1.90323935734407e-16], [3.8064790124731606e-16, 0.0, 2.1409821219123866]], [[2.1668864828331933, -9.516195794103615e-17, 4.2451880766739733e-16], [-1.268826172054931e-16, 2.2734101616387177, -2.0791179671304376e-16], [1.5860329632228476e-16, 8.881784197001252e-16, 3.885443681281239]], [[2.273410161638718, 3.4892725190902646e-16, 1.560531977460819e-17], [-1.268826172054931e-16, 2.166886482833192, 2.7135313509429234e-16], [1.04678171602241e-15, 0.0, 3.885443681281239]], [[-1.864465660511255, -0.22308245115029168, 0.22742151834867297], [-0.22308245115029257, -1.8644656605112555, -0.22742151834867272], [0.49063020807467483, -0.49063020807467383, -2.4779673711023644]], [[-1.8644656605112533, 0.22308245115029146, 0.22742151834867053], [0.22308245115029235, -1.864465660511252, 0.22742151834867075], [0.4906302080746735, 0.4906302080746743, -2.4779673711023644]], [[-1.864465660511255, 0.22308245115029146, -0.22742151834867141], [0.22308245115029146, -1.8644656605112555, -0.22742151834867114], [-0.49063020807467594, -0.49063020807467606, -2.4779673711023644]], [[-1.8644656605112568, -0.22308245115029168, -0.22742151834867297], [-0.2230824511502908, -1.8644656605112555, 0.22742151834867322], [-0.49063020807467417, 0.4906302080746747, -2.477967371102366]]]}, "metadata": {"formula": "Ba(GaTe2)2", "nsites": 7, "structure": "# generated using pymatgen\ndata_Ba(GaTe2)2\n_symmetry_space_group_name_H-M   'P 1'\n_cell_length_a   6.82716243\n_cell_length_b   6.82716243\n_cell_length_c   6.82716243\n_cell_angle_alpha   103.77451945\n_cell_angle_beta   103.77451945\n_cell_angle_gamma   121.58728619\n_symmetry_Int_Tables_number   1\n_chemical_formula_structural   Ba(GaTe2)2\n_chemical_formula_sum   'Ba1 Ga2 Te4'\n_cell_volume   236.607716774\n_cell_formula_units_Z   1\nloop_\n _symmetry_equiv_pos_site_id\n _symmetry_equiv_pos_as_xyz\n  1  'x, y, z'\nloop_\n _atom_site_type_symbol\n _atom_site_label\n _atom_site_symmetry_multiplicity\n _atom_site_fract_x\n _atom_site_fract_y\n _atom_site_fract_z\n _atom_site_occupancy\n  Ba  Ba1  1  0.000000  0.000000  0.000000  1\n  Ga  Ga2  1  1.000000  0.500000  0.500000  1\n  Ga  Ga3  1  0.500000  0.000000  0.500000  1\n  Te  Te4  1  0.577666  0.077666  0.155332  1\n  Te  Te5  1  0.077666  0.922334  0.500000  1\n  Te  Te6  1  0.422334  0.577666  0.500000  1\n  Te  Te7  1  0.922334  0.422334  0.844668  1\n"}}