{"phonon": {"ph_bandstructure": [[0.0, 0.0, 0.0, 65.27172587881157, 112.82768107305547, 113.52161339079197, 126.26139136098439, 126.65150023096899, 135.09162346588312, 137.6553533537679, 152.2055022704713, 159.12222134310028, 175.57018951260855, 178.8725632448205, 215.6681920053076, 244.08486747609473, 270.6043851823601, 318.3393403455679, 349.9072894764481, 373.34658372604645, 447.9313389607676, 485.30359695536276, 499.10495638419405, 506.25683398160845]]}, "dielectric": {"eps_electronic": [[4.052421676103666, -4.440892098500626e-16, 0.0], [-4.440892098500626e-16, 4.480537191484346, 0.7052985415106766], [0.0, 0.705298541510677, 4.85802522871673]], "eps_total": [[7.327519361847269, -8.881784197001252e-16, 0.0], [-8.881784197001252e-16, 11.658887567495627, 7.216480436636429], [0.0, 7.216480436636427, 19.78660344148432]], "becs": [[[1.2388946589783896, 0.0, 8.326672684688674e-17], [9.71445146547012e-17, 1.2458503619211823, -0.136730735794372], [-2.0816681711721685e-17, -0.12825180147763737, 1.2723668371595056]], [[1.2388946589783896, 0.0, 8.326672684688674e-17], [9.71445146547012e-17, 1.2458503619211823, -0.136730735794372], [-2.0816681711721685e-17, -0.12825180147763737, 1.2723668371595056]], [[2.133669882905613, 8.881784197001252e-16, -8.049116928532385e-16], [5.699260280979919e-16, 3.1090346201858834, 1.3438724902085952], [7.573028050689465e-17, 1.4197854239610397, 4.0327306753624566]], [[2.133669882905613, 8.881784197001252e-16, -8.049116928532385e-16], [5.699260280979919e-16, 3.1090346201858834, 1.3438724902085952], [7.573028050689465e-17, 1.4197854239610397, 4.032730675362458]], [[-1.6862822709420004, -0.6388014180791359, -0.12545049486380808], [-1.1341263013227347, -2.177442491053532, -0.6035708772071121], [-0.720303801931635, -0.6457668112417012, -2.6525487562609813]], [[-1.6862822709420018, 0.6388014180791353, 0.12545049486380846], [1.134126301322734, -2.177442491053534, -0.6035708772071117], [0.720303801931635, -0.6457668112417012, -2.652548756260984]], [[-1.6862822709420018, 0.6388014180791348, 0.12545049486380913], [1.1341263013227336, -2.177442491053534, -0.6035708772071108], [0.720303801931635, -0.6457668112417012, -2.6525487562609813]], [[-1.6862822709420004, -0.6388014180791359, -0.12545049486380808], [-1.1341263013227347, -2.177442491053532, -0.6035708772071121], [-0.720303801931635, -0.6457668112417012, -2.6525487562609813]]]}, "metadata": {"formula": "KBiO2", "nsites": 8, "structure": "# generated using pymatgen\ndata_KBiO2\n_symmetry_space_group_name_H-M   'P 1'\n_cell_length_a   5.51900279\n_cell_length_b   5.51900279\n_cell_length_c   5.99824286\n_cell_angle_alpha   66.19291917\n_cell_angle_beta   66.19291917\n_cell_angle_gamma   90.43193133\n_symmetry_Int_Tables_number   1\n_chemical_formula_structural   KBiO2\n_chemical_formula_sum   'K2 Bi2 O4'\n_cell_volume   149.727877908\n_cell_formula_units_Z   2\nloop_\n _symmetry_equiv_pos_site_id\n _symmetry_equiv_pos_as_xyz\n  1  'x, y, z'\nloop_\n _atom_site_type_symbol\n _atom_site_label\n _atom_site_symmetry_multiplicity\n _atom_site_fract_x\n _atom_site_fract_y\n _atom_site_fract_z\n _atom_site_occupancy\n  K  K1  1  0.129748  0.870252  0.250000  1\n  K  K2  1  0.870252  0.129748  0.750000  1\n  Bi  Bi3  1  0.394005  0.605995  0.750000  1\n  Bi  Bi4  1  0.605995  0.394005  0.250000  1\n  O  O5  1  0.762506  0.625360  0.777701  1\n  O  O6  1  0.374640  0.237494  0.722299  1\n  O  O7  1  0.625360  0.762506  0.277701  1\n  O  O8  1  0.237494  0.374640  0.222299  1\n"}}