{"phonon": {"ph_bandstructure": [[-0.004895880264131426, -0.004786677071496443, -0.003654157100760344, 316.43165421770544, 351.20429954910986, 355.6035676639766, 366.85590021211704, 421.7260064748812, 433.0352131166059, 444.3029306142232, 451.7131790452258, 500.38428577460485, 537.756605860153, 545.3267942504314, 586.6651388941899, 592.8670665598543, 617.2953766005143, 758.2617662142602, 799.009510383899, 847.9312298184952, 985.7601446961761, 1000.889278275319, 1037.5941481808422, 1160.1709724005696]]}, "dielectric": {"eps_electronic": [[4.191244329912157, -3.0286362325894404e-16, 7.211370258542479e-16], [-3.0286362325894404e-16, 4.191244329912157, 7.211370258542479e-16], [7.814525621743174e-16, 7.814525621743174e-16, 4.406920828494946]], "eps_total": [[8.375331981342113, 5.649928030898191e-16, 1.167465797694412e-15], [-1.287248574711953e-16, 8.375331981359162, 2.357701371726707e-16], [7.968448278140072e-16, -9.795120115862431e-16, 10.579317374870499]], "becs": [[[1.0567172104009224, -0.043516514525537384, -3.8238133183357117e-17], [0.04351651452553781, 1.0567172104009224, 1.0334124143993482e-17], [-3.885780586188048e-16, -2.498001805406602e-16, 1.0539129749305651]], [[1.0567172104009224, 0.043516514525537744, 7.987149660680049e-17], [-0.04351651452553754, 1.0567172104009224, -9.360085099088022e-17], [-7.216449660063518e-16, -2.498001805406602e-16, 1.053912974930565]], [[3.7738461064752986, 0.8426052741418704, 2.0816681711721685e-17], [-0.8426052741418699, 3.7738461064752986, 6.938893903907228e-18], [-7.216449660063518e-16, -3.608224830031759e-16, 3.963210974947626]], [[3.7738461064752986, -0.8426052741418699, 2.0816681711721685e-17], [0.8426052741418704, 3.7738461064752977, -4.163336342344337e-17], [-6.106226635438361e-16, -3.608224830031759e-16, 3.963210974947626]], [[-1.908987348129366, 4.0245584642661925e-16, 2.706168622523819e-16], [3.5388358909926865e-16, -2.921575968746856, -0.957872034617099], [-3.885780586188048e-16, -0.9643749213609512, -2.5085619749390964]], [[-1.9089873481293647, -7.077671781985373e-16, -3.469446951953614e-17], [-5.342948306008566e-16, -2.921575968746855, 0.9578720346170988], [1.8318679906315083e-15, 0.9643749213609498, -2.508561974939095]], [[-2.921575968746855, -4.163336342344337e-17, -0.9578720346170989], [1.3183898417423734e-16, -1.908987348129366, 2.0816681711721685e-16], [-0.9643749213609492, 1.0824674490095276e-15, -2.5085619749390955]], [[-2.921575968746855, -4.85722573273506e-16, 0.9578720346170986], [-5.342948306008566e-16, -1.908987348129365, 4.163336342344337e-17], [0.96437492136095, 1.5265566588595902e-15, -2.508561974939096]]]}, "metadata": {"formula": "LiPN2", "nsites": 8, "structure": "# generated using pymatgen\ndata_LiPN2\n_symmetry_space_group_name_H-M   'P 1'\n_cell_length_a   4.83932854\n_cell_length_b   4.83932854\n_cell_length_c   4.83932854\n_cell_angle_alpha   124.21171118\n_cell_angle_beta   124.21171118\n_cell_angle_gamma   82.84783815\n_symmetry_Int_Tables_number   1\n_chemical_formula_structural   LiPN2\n_chemical_formula_sum   'Li2 P2 N4'\n_cell_volume   74.4003086335\n_cell_formula_units_Z   2\nloop_\n _symmetry_equiv_pos_site_id\n _symmetry_equiv_pos_as_xyz\n  1  'x, y, z'\nloop_\n _atom_site_type_symbol\n _atom_site_label\n _atom_site_symmetry_multiplicity\n _atom_site_fract_x\n _atom_site_fract_y\n _atom_site_fract_z\n _atom_site_occupancy\n  Li  Li1  1  0.250000  0.750000  0.500000  1\n  Li  Li2  1  0.500000  0.500000  0.000000  1\n  P  P3  1  0.750000  0.250000  0.500000  1\n  P  P4  1  0.000000  0.000000  0.000000  1\n  N  N5  1  0.375000  0.295199  0.420199  1\n  N  N6  1  0.875000  0.954801  0.579801  1\n  N  N7  1  0.045199  0.625000  0.920199  1\n  N  N8  1  0.704801  0.125000  0.079801  1\n"}}