{"phonon": {"ph_bandstructure": [[-35.99371017373781, 0.0, 0.0, 0.0, 25.15225271694254, 25.152252737967213, 52.42795752016122, 52.42795753026769, 60.77230008890263, 61.27671423458614, 65.66618546149485, 92.18102079633236, 97.35545169805425, 97.35545170353167, 108.43011054263822, 111.42107149137307, 122.74327731539434, 130.60293806553196, 134.57985385272426, 146.34471057159067, 183.11051923852128, 186.07589235056773, 186.0758923535008, 189.28958329921022]]}, "dielectric": {"eps_electronic": [[26.64373898249229, -1.4152985349881805e-14, 2.1687936850634715e-14], [-1.4152985349881805e-14, 26.64373898249229, 2.1687936850634715e-14], [2.4590570746451908e-14, 2.4590570746451908e-14, 11.53043200634647]], "eps_total": null, "becs": [[[0.9274080808553726, -6.661338147750939e-16, -2.4002282143513366e-17], [-7.216449660063518e-16, 0.9274080808553726, -2.400228214351334e-17], [3.3306690738754696e-16, 1.2212453270876722e-15, 1.5679242049670612]], [[0.9274080808553726, -6.661338147750939e-16, -2.4002282143513366e-17], [-7.216449660063518e-16, 0.9274080808553726, -2.400228214351334e-17], [3.3306690738754696e-16, 1.2212453270876722e-15, 1.5679242049670612]], [[8.922554488990722, 2.220446049250313e-16, 4.1948452072998544e-16], [-4.996003610813204e-16, 8.922554488990722, -4.686938989701397e-16], [1.6653345369377348e-15, 7.771561172376096e-16, 5.204546888034482]], [[8.922554488990722, 2.220446049250313e-16, 4.1948452072998544e-16], [-4.996003610813204e-16, 8.922554488990722, -4.686938989701397e-16], [1.6653345369377348e-15, 7.771561172376096e-16, 5.204546888034482]], [[-8.572199530211343, -1.1102230246251565e-15, -1.4811005740915516e-15], [1.0547118733938987e-15, -1.277763039634752, 1.1834346850088243e-15], [-1.887379141862766e-15, 7.771561172376096e-16, -3.3862355465007714]], [[-1.277763039634752, 1.5543122344752192e-15, 1.0856183355050794e-15], [1.6653345369377348e-16, -8.572199530211343, -6.90738503895171e-16], [-1.1102230246251565e-16, -2.7755575615628914e-15, -3.3862355465007714]], [[-1.277763039634752, 1.5543122344752192e-15, 1.0856183355050794e-15], [1.6653345369377348e-16, -8.572199530211343, -6.90738503895171e-16], [-1.1102230246251565e-16, -2.7755575615628914e-15, -3.3862355465007714]], [[-8.572199530211343, -1.1102230246251565e-15, -1.4811005740915516e-15], [1.0547118733938987e-15, -1.277763039634752, 1.1834346850088243e-15], [-1.887379141862766e-15, 7.771561172376096e-16, -3.3862355465007714]]]}, "metadata": {"formula": "NaBiSe2", "nsites": 8, "structure": "# generated using pymatgen\ndata_NaBiSe2\n_symmetry_space_group_name_H-M   'P 1'\n_cell_length_a   7.32560653\n_cell_length_b   7.32560653\n_cell_length_c   7.32560653\n_cell_angle_alpha   132.85761582\n_cell_angle_beta   132.85761582\n_cell_angle_gamma   68.87784227\n_symmetry_Int_Tables_number   1\n_chemical_formula_structural   NaBiSe2\n_chemical_formula_sum   'Na2 Bi2 Se4'\n_cell_volume   207.386062757\n_cell_formula_units_Z   2\nloop_\n _symmetry_equiv_pos_site_id\n _symmetry_equiv_pos_as_xyz\n  1  'x, y, z'\nloop_\n _atom_site_type_symbol\n _atom_site_label\n _atom_site_symmetry_multiplicity\n _atom_site_fract_x\n _atom_site_fract_y\n _atom_site_fract_z\n _atom_site_occupancy\n  Na  Na1  1  0.000000  0.000000  0.000000  1\n  Na  Na2  1  0.750000  0.250000  0.500000  1\n  Bi  Bi3  1  0.500000  0.500000  0.000000  1\n  Bi  Bi4  1  0.250000  0.750000  0.500000  1\n  Se  Se5  1  0.258942  0.258942  0.000000  1\n  Se  Se6  1  0.008942  0.508942  0.500000  1\n  Se  Se7  1  0.741058  0.741058  0.000000  1\n  Se  Se8  1  0.491058  0.991058  0.500000  1\n"}}