{"phonon": {"ph_bandstructure": [[0.0, 0.0, 0.0, 154.05139661935794, 157.40093699782958, 420.39758484483673, 420.39758485073725, 463.2780278725293, 509.83234549812266, 640.7595002614044, 697.9933720505638, 757.1516803287104]]}, "dielectric": {"eps_electronic": [[4.638591210142337, 0.0, -0.23774375705951267], [0.0, 6.268320144779158, 0.0], [-0.23774375705951387, 0.0, 6.233638245901508]], "eps_total": [[7.270250694039779, -1.7763568394002505e-15, -0.49373419453185263], [4.736109425161495e-15, 10.654789210521962, -1.0829975634272043e-15], [-0.4937341945318582, -8.881784197001252e-16, 10.582763599359255]], "becs": [[[2.969371974975863, 0.0, -0.008756113923246673], [0.0, 3.029394969432681, 0.0], [-0.008756113924125406, 0.0, 3.0281176334427267]], [[1.4817931346760131, 0.0, 0.0901472843364444], [0.0, 0.8638352145925127, 0.0], [0.09014728434549157, 0.0, 0.8769858395945421]], [[-2.2255825548259383, 0.0, -0.040695585206598855], [0.0, -1.946615092012597, 0.0], [-0.04069558521068308, 0.0, -1.9525517365186345]], [[-2.2255825548259383, 0.0, -0.040695585206598855], [0.0, -1.946615092012597, 0.0], [-0.04069558521068308, 0.0, -1.9525517365186345]]]}, "metadata": {"formula": "AlCuO2", "nsites": 4, "structure": "# generated using pymatgen\ndata_AlCuO2\n_symmetry_space_group_name_H-M   'P 1'\n_cell_length_a   5.86616593\n_cell_length_b   5.86616593\n_cell_length_c   5.86616593\n_cell_angle_alpha   28.07508125\n_cell_angle_beta   28.07508125\n_cell_angle_gamma   28.07508125\n_symmetry_Int_Tables_number   1\n_chemical_formula_structural   AlCuO2\n_chemical_formula_sum   'Al1 Cu1 O2'\n_cell_volume   39.4951602063\n_cell_formula_units_Z   1\nloop_\n _symmetry_equiv_pos_site_id\n _symmetry_equiv_pos_as_xyz\n  1  'x, y, z'\nloop_\n _atom_site_type_symbol\n _atom_site_label\n _atom_site_symmetry_multiplicity\n _atom_site_fract_x\n _atom_site_fract_y\n _atom_site_fract_z\n _atom_site_occupancy\n  Al  Al1  1  0.500000  0.500000  0.500000  1\n  Cu  Cu2  1  0.000000  1.000000  0.000000  1\n  O  O3  1  0.890416  0.890416  0.890416  1\n  O  O4  1  0.109584  0.109584  0.109584  1\n"}}