{"phonon": {"ph_bandstructure": [[0.0, 0.0, 0.0, 64.52145763437392, 66.97918505920654, 77.31676927820587, 115.19602681710221, 115.54115936066484, 126.00643668917431, 130.88287420487268, 173.33287425815232, 177.2710348343159, 180.34486498014732, 191.0450128248943, 203.47441762906314, 303.31378003782424, 329.1859180362922, 340.8052812806185, 364.8947233781519, 371.74047042110806, 388.04391673112315]]}, "dielectric": {"eps_electronic": [[6.525429152647257, 1.176161413465413e-15, -3.121210564573385e-16], [-1.5610621608477493e-16, 6.525429152647259, -3.121210564573385e-16], [-3.31808754555397e-16, -7.758979644054596e-16, 6.40590165246585]], "eps_total": [[9.282849526184197, 2.1504165937288088e-11, 1.1533033286984255e-15], [2.1502340406190533e-11, 9.282849526302142, 3.1137606277634723e-15], [4.449131151832173e-15, -8.799393663685782e-16, 9.148328212152407]], "becs": [[[2.2866258256700447, 0.029349186771422724, 1.3481280311471296e-16], [-0.029349186771421516, 2.2866258256700442, -2.7953831038841234e-16], [5.114956293985974e-16, -2.498001929483694e-16, 2.6830369661470583]], [[2.5107591342680804, -0.5118493135289112, 1.5172635700548683e-16], [0.5118493135289122, 2.51075913426808, -2.934160981962268e-16], [6.034359736253682e-16, -1.6653346610148267e-16, 2.443369142124292]], [[2.275691625815386, 0.23497607962939734, 1.3262054729345807e-16], [-0.23497607962939707, 2.2756916258153854, -3.2336392963311063e-16], [-3.0689736250175324e-15, -3.830269447364499e-15, 1.9583154171053054]], [[-1.8919829470481677, 0.4397876960019045, -0.5233966511619863], [0.31602567243494734, -1.6445553456598692, -0.2621571867606461], [-0.5027899676509917, -0.40465683077455267, -1.7711803812862323]], [[-1.8919829470481677, 0.4397876960019018, 0.5233966511619861], [0.31602567243494734, -1.6445553456598656, 0.2621571867606468], [0.5027899676509962, 0.40465683077455744, -1.7711803812862306]], [[-1.644555345659865, -0.31602567243494883, 0.2621571867606465], [-0.4397876960019033, -1.8919829470481666, -0.5233966511619864], [0.40465683077455283, -0.5027899676509942, -1.7711803812862323]], [[-1.6445553456598685, -0.31602567243494883, -0.2621571867606466], [-0.43978769600190243, -1.8919829470481666, 0.5233966511619865], [-0.4046568307745555, 0.5027899676509937, -1.7711803812862323]]]}, "metadata": {"formula": "Al2CdSe4", "nsites": 7, "structure": "# generated using pymatgen\ndata_Al2CdSe4\n_symmetry_space_group_name_H-M   'P 1'\n_cell_length_a   6.72965209\n_cell_length_b   6.72965209\n_cell_length_c   6.72965209\n_cell_angle_alpha   129.51188385\n_cell_angle_beta   129.51188385\n_cell_angle_gamma   74.18831355\n_symmetry_Int_Tables_number   1\n_chemical_formula_structural   Al2CdSe4\n_chemical_formula_sum   'Al2 Cd1 Se4'\n_cell_volume   176.862089383\n_cell_formula_units_Z   1\nloop_\n _symmetry_equiv_pos_site_id\n _symmetry_equiv_pos_as_xyz\n  1  'x, y, z'\nloop_\n _atom_site_type_symbol\n _atom_site_label\n _atom_site_symmetry_multiplicity\n _atom_site_fract_x\n _atom_site_fract_y\n _atom_site_fract_z\n _atom_site_occupancy\n  Al  Al1  1  0.250000  0.750000  0.500000  1\n  Al  Al2  1  0.500000  0.500000  0.000000  1\n  Cd  Cd3  1  0.000000  0.000000  0.000000  1\n  Se  Se4  1  0.600227  0.135479  0.013361  1\n  Se  Se5  1  0.122119  0.586866  0.986639  1\n  Se  Se6  1  0.864521  0.877881  0.464747  1\n  Se  Se7  1  0.413134  0.399773  0.535253  1\n"}}