{"phonon": {"ph_bandstructure": [[0.0, 0.0, 0.0, 32.48829802645919, 81.74738805697353, 81.74738806069571, 81.88990508661676, 96.57386801449277, 98.39065843973833, 112.86037265695079, 112.86037266302748, 154.10346413831476, 197.0191890089685, 197.01918900986973, 216.82360553989406, 235.16388549300817, 235.6141731077866, 245.91608514214153, 247.10953195101578, 269.8085855247138, 275.0196317321874, 561.3417287642716, 561.3417287663079, 562.984393260494, 567.2274459841944, 584.1185917941945, 606.7375405049467]]}, "dielectric": {"eps_electronic": [[2.4647134162732707, 0.0, 0.0], [0.0, 2.4647134162634976, -3.291195367642236e-23], [9.500862657351165e-24, 1.645597683821118e-23, 2.3268528727957642]], "eps_total": [[7.324364527584674, 8.881784197001252e-15, 0.0], [8.881784197001252e-15, 7.324364528088971, -3.291195367642236e-23], [9.500862657351165e-24, 1.645597683821118e-23, 7.693572166870233]], "becs": [[[1.3046816577538665, -4.9343245906531674e-17, -6.167954960814797e-18], [-2.9605947543919004e-16, 1.304681657753867, -6.1678935589067454e-18], [-1.8503717214949378e-17, -1.387780863562003e-17, 1.2227314249911991]], [[1.3046816577538665, -4.9343245906531674e-17, -6.167912770101936e-18], [-2.9605947543919004e-16, 1.304681657753867, -6.167917917726172e-18], [-1.8503717214949378e-17, -1.387780863562003e-17, 1.2227314249912005]], [[2.6938402946700335, -4.9343245906531674e-17, -6.167849484032645e-18], [-2.9605947543919004e-16, 2.6938402946700335, -6.167808303038749e-18], [-1.8503842849996004e-17, -1.3877881171048024e-17, 2.3357758366193426]], [[-0.5011774342922433, -4.9343245906531674e-17, -6.167905738316459e-18], [-2.9605947543919004e-16, -1.2665571024338091, 0.5018609283571914], [-1.8503717214949378e-17, 0.4775520665559645, -0.7968731144338239]], [[-1.0752121853984193, -0.3314191180764557, -0.4346243131256198], [-0.3314191180742457, -0.6925223513276372, -0.2509304641785957], [-0.4135722212658425, -0.2387760332779822, -0.7968731144338221]], [[-1.0752121853984202, 0.331419118076456, 0.4346243131256198], [0.33141911807424645, -0.6925223513276372, -0.25093046417859566], [0.4135722212658426, -0.23877603327798227, -0.7968731144338239]], [[-0.5011774342922433, -4.9343245906531674e-17, -6.167905738316459e-18], [-2.9605947543919004e-16, -1.2665571024338091, 0.5018609283571914], [-1.8503717214949378e-17, 0.4775520665559645, -0.7968731144338239]], [[-1.0752121853984193, -0.3314191180764557, -0.4346243131256198], [-0.33141911807424523, -0.6925223513276372, -0.2509304641785957], [-0.4135722212658425, -0.2387760332779822, -0.7968731144338217]], [[-1.0752121853984211, 0.3314191180764556, 0.4346243131256198], [0.331419118074246, -0.6925223513276372, -0.2509304641785957], [0.4135722212658426, -0.23877603327798227, -0.7968731144338221]]]}, "metadata": {"formula": "K2PtF6", "nsites": 9, "structure": "# generated using pymatgen\ndata_K2PtF6\n_symmetry_space_group_name_H-M   'P 1'\n_cell_length_a   5.78011710\n_cell_length_b   5.78011710\n_cell_length_c   4.61721627\n_cell_angle_alpha   90.00000000\n_cell_angle_beta   90.00000000\n_cell_angle_gamma   120.00000000\n_symmetry_Int_Tables_number   1\n_chemical_formula_structural   K2PtF6\n_chemical_formula_sum   'K2 Pt1 F6'\n_cell_volume   133.593129489\n_cell_formula_units_Z   1\nloop_\n _symmetry_equiv_pos_site_id\n _symmetry_equiv_pos_as_xyz\n  1  'x, y, z'\nloop_\n _atom_site_type_symbol\n _atom_site_label\n _atom_site_symmetry_multiplicity\n _atom_site_fract_x\n _atom_site_fract_y\n _atom_site_fract_z\n _atom_site_occupancy\n  K  K1  1  0.666667  0.333333  0.280059  1\n  K  K2  1  0.333333  0.666667  0.719941  1\n  Pt  Pt3  1  0.000000  0.000000  0.000000  1\n  F  F4  1  0.835931  0.164069  0.775092  1\n  F  F5  1  0.835931  0.671862  0.775092  1\n  F  F6  1  0.328138  0.164069  0.775092  1\n  F  F7  1  0.164069  0.835931  0.224908  1\n  F  F8  1  0.164069  0.328138  0.224908  1\n  F  F9  1  0.671862  0.835931  0.224908  1\n"}}