{"phonon": {"ph_bandstructure": [[0.0, 0.0, 0.0, 211.8538912186102, 325.1142226929024, 417.00939022888736, 417.0093902492883, 430.4708695832671, 449.34128753688486, 507.09731590374065, 522.2192965834008, 537.2116302809791, 537.2116303069471, 628.653252300909, 661.2126369382192]]}, "dielectric": {"eps_electronic": [[9.00231996011518, -1.7763568394002505e-15, -5.391480453214331e-22], [-8.881784197001252e-16, 9.00231995983036, -9.338318072815511e-22], [2.6957402266071655e-22, 1.400747710922327e-21, 5.478727300295454]], "eps_total": [[45.907445908859984, 1.4210854715202004e-14, -5.391480453214331e-22], [1.0658141036401503e-14, 45.907445907768206, -9.338318072815511e-22], [2.6957402266071655e-22, 1.400747710922327e-21, 12.745676210746277]], "becs": [[[0.7075678579305484, 4.440892164675075e-16, 2.7025902561058456e-22], [4.440892164675075e-16, 0.7075678579305482, 2.1532708634864074e-22], [8.386958945384064e-22, 2.922582946069928e-22, 1.2766868160226759]], [[0.7075678579305484, 4.440892164675075e-16, 2.567460745213461e-22], [4.440892164675075e-16, 0.7075678579305482, 9.83014971169519e-23], [9.78789861285761e-22, 7.290280574472753e-22, 1.2766868160226759]], [[6.295768421932944, 4.440892164675075e-16, -1.756683603342859e-22], [4.440892164675075e-16, 6.295768421932944, -6.038520382731812e-22], [1.5111469349257091e-21, 9.393246099259298e-22, 2.416631594283383]], [[-3.8554520685711795, -2.220445983075864e-16, -6.080827951899179e-22], [4.440892164675075e-16, -3.8554520685711795, 1.4511173280962742e-22], [-2.0752586138065724e-21, -1.1312875990946686e-21, -2.4850026131658858]], [[-3.8554520685711777, -1.1102230180077116e-15, 2.567460745213461e-22], [-1.7763568327828056e-15, -3.855452068571177, 1.451117328096275e-22], [-1.2533740088887575e-21, -8.2932331861249805e-22, -2.4850026131658858]]]}, "metadata": {"formula": "Li2ZrN2", "nsites": 5, "structure": "# generated using pymatgen\ndata_Li2ZrN2\n_symmetry_space_group_name_H-M   'P 1'\n_cell_length_a   3.25942971\n_cell_length_b   3.25942971\n_cell_length_c   5.41951722\n_cell_angle_alpha   90.00000000\n_cell_angle_beta   90.00000000\n_cell_angle_gamma   120.00000000\n_symmetry_Int_Tables_number   1\n_chemical_formula_structural   Li2ZrN2\n_chemical_formula_sum   'Li2 Zr1 N2'\n_cell_volume   49.8625486586\n_cell_formula_units_Z   1\nloop_\n _symmetry_equiv_pos_site_id\n _symmetry_equiv_pos_as_xyz\n  1  'x, y, z'\nloop_\n _atom_site_type_symbol\n _atom_site_label\n _atom_site_symmetry_multiplicity\n _atom_site_fract_x\n _atom_site_fract_y\n _atom_site_fract_z\n _atom_site_occupancy\n  Li  Li1  1  0.666667  0.333333  0.617364  1\n  Li  Li2  1  0.333333  0.666667  0.382636  1\n  Zr  Zr3  1  0.000000  0.000000  0.000000  1\n  N  N4  1  0.666667  0.333333  0.222602  1\n  N  N5  1  0.333333  0.666667  0.777398  1\n"}}