{"phonon": {"ph_bandstructure": [[-0.009302387100657096, -0.007501607701224592, -0.0073111790218857746, 36.4799169910744, 45.2968232316777, 46.771723325218396, 53.28134550172748, 54.65352906425359, 57.990140267143246, 68.31351361113693, 68.61120534944537, 75.73267807192819, 80.8613885969047, 85.48517967431313, 88.54809750719535, 95.30694614268278, 97.81000856726718, 106.64531778113998, 118.78788550227301, 119.18022980694656, 127.78335409241896, 136.5242602881821, 137.94884186784304, 146.6738481482235, 174.04787557098044, 181.03007278600666, 185.46023567830983, 801.3914500984127, 801.8384945277617, 801.8949897072471, 1223.8304171587083, 1252.6357330148185, 1266.5824755785436, 1314.652427611429, 1315.4401472189588, 1317.1474134197786]]}, "dielectric": {"eps_electronic": [[2.5308771962543344, 0.0, 2.9169417403703595e-25], [0.0, 2.5308771962816663, 5.052291297084948e-25], [2.916941740370359e-25, 5.052291297084947e-25, 2.75888961435282]], "eps_total": [[7.007151785070646, -2.4868995751603507e-14, 2.9169417403703595e-25], [-2.4424906541753444e-14, 7.007151786110427, 5.052291297084948e-25], [2.916941740370359e-25, 5.052291297084947e-25, 8.047121250791934]], "becs": [[[1.355074397756229, 0.02753599681167267, -0.055317098447659904], [0.02753599681216401, 1.3232785674126974, -0.031937341679830596], [0.06253709496754195, 0.036105808613525234, 1.3496088061998315]], [[1.3550743977562298, -0.027535996811672802, 0.055317098447659904], [-0.027535996812164898, 1.3232785674126983, -0.031937341679830596], [-0.06253709496754195, 0.036105808613525234, 1.3496088061998315]], [[1.3073806522409321, 4.625929407134921e-17, -1.8697084918107385e-18], [2.220446115424762e-16, 1.3709723129279956, 0.06387468335966114], [-4.625929407134921e-18, -0.07221161722705041, 1.3496088061998315]], [[0.4238796012859001, -0.1671929001045815, 1.1167924629087458], [-0.16719290010756604, 0.23082186952022735, -0.6447804290950656], [1.1656448481617585, -0.6729853668596839, 1.9431141663112899]], [[0.4238796012859001, 0.16719290010458138, -1.1167924629087458], [0.1671929001075665, 0.23082186952022735, -0.6447804290950656], [-1.1656448481617585, -0.6729853668596839, 1.9431141663112894]], [[0.13429300363739088, 2.683038989963805e-16, 0.0], [6.661338213925388e-16, 0.5204084671687361, 1.2895608581901312], [-4.625929407134921e-18, 1.3459707337193678, 1.9431141663112899]], [[-1.0841624380051749, 0.19667641070026093, 0.539983531047583], [-0.2501563490868024, -0.5823647799855032, 0.2870704924710079], [0.9282010997277452, -0.34384668325664625, -1.6463614862564377]], [[-0.6846567018743634, 0.01950160478647105, -0.02138142636920863], [-0.4273311550037555, -0.9818705161163164, -0.6111747017521085], [-0.761880512573808, -0.6319223905493814, -1.6463614862564377]], [[-0.7309716871064804, 0.45407112418716356, -0.5186021046783744], [0.007238364404697828, -0.9355555308841981, 0.3241042092811008], [-0.16632058715393738, 0.9757690738060275, -1.6463614862564377]], [[-0.6846567018743621, -0.019501604786471293, 0.02138142636920863], [0.4273311550037542, -0.9818705161163159, -0.6111747017521085], [0.761880512573808, -0.6319223905493814, -1.6463614862564377]], [[-1.0841624380051758, -0.19667641070026082, -0.539983531047583], [0.2501563490868024, -0.5823647799855041, 0.2870704924710079], [-0.9282010997277452, -0.34384668325664625, -1.6463614862564377]], [[-0.7309716871064795, -0.45407112418716356, 0.5186021046783744], [-0.00723836440469694, -0.9355555308841981, 0.3241042092811008], [0.16632058715393744, 0.9757690738060276, -1.6463614862564377]]]}, "metadata": {"formula": "CsNO2", "nsites": 12, "structure": "# generated using pymatgen\ndata_CsNO2\n_symmetry_space_group_name_H-M   'P 1'\n_cell_length_a   5.88331286\n_cell_length_b   5.88331286\n_cell_length_c   7.85556580\n_cell_angle_alpha   90.00000000\n_cell_angle_beta   90.00000000\n_cell_angle_gamma   120.00000000\n_symmetry_Int_Tables_number   1\n_chemical_formula_structural   CsNO2\n_chemical_formula_sum   'Cs3 N3 O6'\n_cell_volume   235.478895401\n_cell_formula_units_Z   3\nloop_\n _symmetry_equiv_pos_site_id\n _symmetry_equiv_pos_as_xyz\n  1  'x, y, z'\nloop_\n _atom_site_type_symbol\n _atom_site_label\n _atom_site_symmetry_multiplicity\n _atom_site_fract_x\n _atom_site_fract_y\n _atom_site_fract_z\n _atom_site_occupancy\n  Cs  Cs1  1  0.697202  0.000000  0.333333  1\n  Cs  Cs2  1  0.000000  0.697202  0.666667  1\n  Cs  Cs3  1  0.302798  0.302798  -0.000000  1\n  N  N4  1  0.000000  0.688731  0.166667  1\n  N  N5  1  0.688731  0.000000  0.833333  1\n  N  N6  1  0.311269  0.311269  0.500000  1\n  O  O7  1  0.519722  0.892213  0.949293  1\n  O  O8  1  0.372490  0.480278  0.615959  1\n  O  O9  1  0.107787  0.627510  0.282626  1\n  O  O10  1  0.480278  0.372490  0.384041  1\n  O  O11  1  0.892213  0.519722  0.050707  1\n  O  O12  1  0.627510  0.107787  0.717374  1\n"}}