{"phonon": {"ph_bandstructure": [[0.0, 0.0, 0.0, 51.59730164971835, 51.59730165430315, 170.2296357975689, 207.20126556508578, 207.20126556736787, 207.9859403975468, 211.17382067285993, 213.49439763291846, 245.7218632564116]]}, "dielectric": {"eps_electronic": [[7.336580818057472, 3.552713678800501e-15, -2.0720738018610672e-23], [3.1086244689504383e-15, 7.33658081813002, 3.5889371018763205e-23], [-2.0720738018610675e-23, 3.588937101876321e-23, 7.1822891227181]], "eps_total": [[9.933473800144284, 7.105427357601002e-15, -2.0720738018610672e-23], [5.329070518200751e-15, 9.933473800279941, 3.5889371018763205e-23], [-2.0720738018610675e-23, 3.588937101876321e-23, 10.16420682533584]], "becs": [[[1.9398460559382826, 0.0, -3.2049250006876903e-23], [0.0, 1.9398460559382817, 3.922772341207208e-23], [1.4997717113314037e-23, 3.663396005310524e-23, 2.0473022659259934]], [[1.9398460559382826, 0.0, 1.2392376669325735e-23], [0.0, 1.9398460559382817, -7.327442675085162e-23], [4.7300492434298124e-23, -3.530181605117414e-23, 2.0473022659259934]], [[-1.9398460559382826, 0.0, 4.657824334332777e-23], [0.0, -1.9398460559382817, 8.06758839984124e-23], [-5.883719790607816e-23, 3.6633960053105235e-23, -2.0473022659259934]], [[-1.9398460559382826, 0.0, -2.69213700057766e-23], [0.0, -1.9398460559382817, -4.6629180659632853e-23], [-3.461011641534011e-24, -3.796610405503634e-23, -2.0473022659259934]]]}, "metadata": {"formula": "ZnSe", "nsites": 4, "structure": "# generated using pymatgen\ndata_ZnSe\n_symmetry_space_group_name_H-M   'P 1'\n_cell_length_a   3.97544470\n_cell_length_b   3.97544470\n_cell_length_c   6.53203218\n_cell_angle_alpha   90.00000000\n_cell_angle_beta   90.00000000\n_cell_angle_gamma   120.00000000\n_symmetry_Int_Tables_number   1\n_chemical_formula_structural   ZnSe\n_chemical_formula_sum   'Zn2 Se2'\n_cell_volume   89.4026475253\n_cell_formula_units_Z   2\nloop_\n _symmetry_equiv_pos_site_id\n _symmetry_equiv_pos_as_xyz\n  1  'x, y, z'\nloop_\n _atom_site_type_symbol\n _atom_site_label\n _atom_site_symmetry_multiplicity\n _atom_site_fract_x\n _atom_site_fract_y\n _atom_site_fract_z\n _atom_site_occupancy\n  Zn  Zn1  1  0.666667  0.333333  0.000489  1\n  Zn  Zn2  1  0.333333  0.666667  0.500489  1\n  Se  Se3  1  0.666667  0.333333  0.374511  1\n  Se  Se4  1  0.333333  0.666667  0.874511  1\n"}}