{"phonon": {"ph_bandstructure": [[0.0, 0.0, 0.0, 184.69650901474824, 184.69650901636388, 190.81983300688665, 216.42809301169686, 216.4280930131344, 236.0609401035641]]}, "dielectric": {"eps_electronic": [[19.939206594650948, -4.795452140502641e-15, -5.329070518200751e-15], [-7.530539267617059e-15, 19.93920659465094, -8.881784197001252e-15], [-9.965319586570488e-15, -8.188962747170238e-15, 19.93920659465094]], "eps_total": [[25.319698010004068, -1.6409371994674425e-10, 2.2856561088246963e-10], [-1.640977826324815e-10, 25.319698009960383, -1.6842705008457415e-10], [2.2856868629520664e-10, -1.6842930374235533e-10, 25.319698010097035]], "becs": [[[2.6863504230537316, 0.0, 0.0], [0.0, 2.6863504230537316, 0.0], [1.1752981160414446e-18, 1.1752981160414446e-18, 2.6863504230537316]], [[1.574411172478145, 0.0, 0.0], [0.0, 1.574411172478145, 0.0], [4.519357203636579e-19, 4.519357203636579e-19, 1.574411172478145]], [[-4.260761595469266, 0.0, 0.0], [0.0, -4.260761595469266, 0.0], [-1.6272337061842417e-18, -1.6272337061842417e-18, -4.260761595469266]]]}, "metadata": {"formula": "TiSnPt", "nsites": 3, "structure": "# generated using pymatgen\ndata_TiSnPt\n_symmetry_space_group_name_H-M   'P 1'\n_cell_length_a   4.35497781\n_cell_length_b   4.35497781\n_cell_length_c   4.35497781\n_cell_angle_alpha   60.00000000\n_cell_angle_beta   60.00000000\n_cell_angle_gamma   60.00000000\n_symmetry_Int_Tables_number   1\n_chemical_formula_structural   TiSnPt\n_chemical_formula_sum   'Ti1 Sn1 Pt1'\n_cell_volume   58.404033543\n_cell_formula_units_Z   1\nloop_\n _symmetry_equiv_pos_site_id\n _symmetry_equiv_pos_as_xyz\n  1  'x, y, z'\nloop_\n _atom_site_type_symbol\n _atom_site_label\n _atom_site_symmetry_multiplicity\n _atom_site_fract_x\n _atom_site_fract_y\n _atom_site_fract_z\n _atom_site_occupancy\n  Ti  Ti1  1  0.000000  0.000000  0.000000  1\n  Sn  Sn2  1  0.500000  0.500000  0.500000  1\n  Pt  Pt3  1  0.750000  0.750000  0.750000  1\n"}}