{"phonon": {"ph_bandstructure": [[-0.0028145684623442986, -0.0026766257258352875, 0.0, 37.91018008003643, 38.14066255626165, 48.61201270367711, 55.82288413260908, 80.12431916386474, 82.49814471875723, 130.695449079421, 134.29073048571829, 139.72219409618648, 155.40059463129344, 158.96745676509977, 159.89590014479995, 160.70636869681053, 161.81691758585026, 188.16129908379688, 247.00063802775688, 251.22113192942905, 271.4728455793495]]}, "dielectric": {"eps_electronic": [[31.731954973986237, -1.0256562816311838e-15, -3.891793317769059e-15], [-1.0256562816311838e-15, 31.731954973986237, -3.891793317769059e-15], [1.918043344684203e-16, 1.918043344684203e-16, 17.829923381274106]], "eps_total": [[38.577532967228116, 1.1662652928481462e-10, -3.0371317468205058e-15], [1.1662729753470893e-10, 38.5775329675649, 3.884219435063741e-15], [6.738457673265407e-15, 1.4093871550646554e-15, 28.2309389319673]], "becs": [[[2.963733379420006, 0.0035061934536079493, 1.0775921109215097e-16], [-0.0035061934536067436, 2.9637333794200043, -8.256474449459073e-17], [1.5225915652845949e-15, 3.806478317641446e-16, 3.0589443434847814]], [[3.240212951316824, 0.4948796191646382, 5.946614796418998e-16], [-0.4948796191646388, 3.2402129513168223, -4.838408956449672e-16], [-2.030122113515906e-15, 3.806478317641446e-16, 2.603824844892686]], [[2.5425775154458075, -1.3593733018364902, -5.511464249414375e-16], [1.359373301836492, 2.5425775154458083, 5.907972490220087e-16], [-2.030122113515906e-15, -5.075305879359806e-16, 2.8629584043381096]], [[-2.512337114437411, 1.0488273637589214, -0.4650799319245788], [0.6183336191193174, -1.8609248046678744, -0.2298133684740623], [-0.12052257246295131, -0.24721477894023952, -2.131431896849045]], [[-1.8609248046678766, -0.6183336191193197, -0.22981336847406228], [-1.0488273637589218, -2.512337114437413, 0.4650799319245786], [-0.2472147789402295, 0.12052257246294967, -2.1314318968490413]], [[-2.512337114437413, 1.0488273637589205, 0.46507993192457847], [0.6183336191193183, -1.8609248046678761, 0.22981336847406253], [0.12052257246294726, 0.24721477894023852, -2.1314318968490413]], [[-1.8609248046678766, -0.618333619119318, 0.22981336847406245], [-1.04882736375892, -2.512337114437413, -0.4650799319245788], [0.2472147789402361, -0.1205225724629489, -2.131431896849043]]]}, "metadata": {"formula": "Hg2GeSe4", "nsites": 7, "structure": "# generated using pymatgen\ndata_Hg2GeSe4\n_symmetry_space_group_name_H-M   'P 1'\n_cell_length_a   6.92230994\n_cell_length_b   6.92230994\n_cell_length_c   6.92230994\n_cell_angle_alpha   131.52265683\n_cell_angle_beta   131.52265683\n_cell_angle_gamma   70.98399145\n_symmetry_Int_Tables_number   1\n_chemical_formula_structural   Hg2GeSe4\n_chemical_formula_sum   'Hg2 Ge1 Se4'\n_cell_volume   182.075014263\n_cell_formula_units_Z   1\nloop_\n _symmetry_equiv_pos_site_id\n _symmetry_equiv_pos_as_xyz\n  1  'x, y, z'\nloop_\n _atom_site_type_symbol\n _atom_site_label\n _atom_site_symmetry_multiplicity\n _atom_site_fract_x\n _atom_site_fract_y\n _atom_site_fract_z\n _atom_site_occupancy\n  Hg  Hg1  1  0.500000  0.500000  0.000000  1\n  Hg  Hg2  1  0.250000  0.750000  0.500000  1\n  Ge  Ge3  1  0.750000  0.250000  0.500000  1\n  Se  Se4  1  0.881653  0.925898  0.574901  1\n  Se  Se5  1  0.693248  0.118347  0.044245  1\n  Se  Se6  1  0.350997  0.306752  0.425099  1\n  Se  Se7  1  0.074102  0.649003  0.955755  1\n"}}