{"phonon": {"ph_bandstructure": [[0.0, 0.0, 0.0, 70.04244030239504, 70.04244030799019, 142.5087721107042, 217.62894790872647, 217.62894791676334, 226.53702213591615, 250.25729021920472, 408.16920864940164, 416.40973840450556, 416.4097384221303, 420.73223485293295, 420.7322348707594, 451.99605123790286, 455.0383863925477, 455.03838641196984, 493.99690353833296, 522.8934302531196, 627.2592039721751, 631.8010394614917, 677.4900819016585, 705.1099434746917]]}, "dielectric": {"eps_electronic": [[10.8788635992984, 0.0, 0.0], [3.9968028886505635e-15, 10.878863599634029, -6.579625407838382e-23], [0.0, 0.0, 3.84796879820578]], "eps_total": [[17.76788446005453, 0.0, 0.0], [7.105427357601002e-15, 17.767884460720417, -6.579625407838382e-23], [0.0, 0.0, 9.115122248095094]], "becs": [[[1.1186931780263243, -2.498001805406602e-16, 4.535109895534783e-23], [-9.992007221626409e-16, 1.1186931780263247, 7.313313808341994e-23], [-9.504645248143862e-23, 1.965675042080432e-23, 1.7355489388429792]], [[1.1186931780263243, 3.0531133177191805e-16, 2.0173419880137488e-22], [1.2212453270876722e-15, 1.1186931780263247, 2.5732030066388476e-22], [-9.882939586378444e-23, 2.5480972767709303e-23, 1.7355489388429792]], [[2.5412272701381537, 2.7755575615628914e-17, -1.0946816989221893e-23], [1.1102230246251565e-16, 2.541227270138154, -2.4377712694473294e-23], [-3.8302301746251385e-23, 6.04263068491392e-23, 1.3971413726465145]], [[2.5412272701381537, 2.7755575615628914e-17, -1.0946816989221893e-23], [1.1102230246251565e-16, 2.541227270138154, -2.4377712694473294e-23], [-9.882939586378444e-23, 2.5480972767709303e-23, 1.3971413726465145]], [[-1.8299602240822388, 2.498001805406602e-16, -2.0486186079829538e-22], [9.992007221626409e-16, -1.8299602240822392, 3.331620734911351e-22], [2.6433316884141386e-22, 2.184083380089361e-24, -1.566345155744747]], [[-1.8299602240822388, -1.942890293094024e-16, 1.0790433889375865e-22], [-7.771561172376096e-16, -1.8299602240822392, -2.9524118707750994e-22], [-9.882939586378444e-23, 2.54809727677093e-23, -1.566345155744747]], [[-1.8299602240822388, -1.942890293094024e-16, 6.411707093687107e-23], [-7.771561172376096e-16, -1.8299602240822392, -5.877737394111896e-22], [-1.812660370707371e-23, -2.1112806007530563e-23, -1.566345155744747]], [[-1.8299602240822392, 2.7755575615628914e-17, -1.9235121281061322e-22], [1.1102230246251565e-16, -1.8299602240822397, 2.6815483963920633e-22], [1.8363037668470318e-22, -1.3759725294563023e-22, -1.566345155744747]]]}, "metadata": {"formula": "LiNbO2", "nsites": 8, "structure": "# generated using pymatgen\ndata_LiNbO2\n_symmetry_space_group_name_H-M   'P 1'\n_cell_length_a   2.89127320\n_cell_length_b   2.89127320\n_cell_length_c   10.38504797\n_cell_angle_alpha   90.00000000\n_cell_angle_beta   90.00000000\n_cell_angle_gamma   120.00000000\n_symmetry_Int_Tables_number   1\n_chemical_formula_structural   LiNbO2\n_chemical_formula_sum   'Li2 Nb2 O4'\n_cell_volume   75.1826104951\n_cell_formula_units_Z   2\nloop_\n _symmetry_equiv_pos_site_id\n _symmetry_equiv_pos_as_xyz\n  1  'x, y, z'\nloop_\n _atom_site_type_symbol\n _atom_site_label\n _atom_site_symmetry_multiplicity\n _atom_site_fract_x\n _atom_site_fract_y\n _atom_site_fract_z\n _atom_site_occupancy\n  Li  Li1  1  0.000000  0.000000  -0.000000  1\n  Li  Li2  1  0.000000  0.000000  0.500000  1\n  Nb  Nb3  1  0.666667  0.333333  0.250000  1\n  Nb  Nb4  1  0.333333  0.666667  0.750000  1\n  O  O5  1  0.666667  0.333333  0.876605  1\n  O  O6  1  0.666667  0.333333  0.623395  1\n  O  O7  1  0.333333  0.666667  0.376605  1\n  O  O8  1  0.333333  0.666667  0.123395  1\n"}}