{"phonon": {"ph_bandstructure": [[-0.016387719381575624, -0.01552916293532614, -0.0023323151295723873, 21.09221444903602, 22.49905578952663, 51.01711868737711, 63.015042554065055, 69.88538888082341, 72.60929383480396, 76.37381312796417, 77.56682652830035, 232.73398310989603, 236.23285091757413, 237.79751459150646, 237.84395948139547, 313.26508377463534, 339.45025198132635, 378.3803714347587, 385.16932861177463, 399.0096658561222, 739.351915052953, 740.6810328556473, 929.7561844629871, 1075.0442509250167]]}, "dielectric": {"eps_electronic": [[6.304289403252473, -2.848811319847061e-16, -1.105902328095814e-15], [-2.848811319847061e-16, 6.304289403252473, -1.105902328095814e-15], [-8.351312652730188e-16, -8.351312652730188e-16, 6.295923730321787]], "eps_total": [[16.259355917583605, -1.3112935453559346e-13, 9.784466515169982e-16], [-1.305718903935684e-13, 16.25935592161295, -1.4163555476076815e-15], [1.341945822631675e-15, -4.344110167685753e-16, 16.229023045898927]], "becs": [[[1.4162534347003406, 0.02804176717857551, -2.745960819025541e-16], [-0.028041767178575205, 1.4162534347003404, 3.2214879383346754e-16], [1.1102230246251565e-16, -5.551115123125783e-17, 1.3387325561091974]], [[1.4162534347003402, -0.028041767178575566, 3.5786280874944084e-16], [0.02804176717857476, 1.4162534347003404, -3.7765994506472536e-16], [5.551115123125783e-16, 1.7208456881689926e-15, 1.3387325561091978]], [[5.624133010164432, -0.7959199733153068, -6.938893903907228e-17], [0.7959199733153063, 5.624133010164432, 8.326672684688674e-17], [5.551115123125783e-16, -5.551115123125783e-17, 5.64366843382472]], [[5.624133010164432, 0.7959199733153071, 3.7470027081099033e-16], [-0.7959199733153067, 5.624133010164432, -3.608224830031759e-16], [-3.3306690738754696e-16, -9.43689570931383e-16, 5.64366843382472]], [[-5.73357574960778, 1.942890293094024e-16, -3.287446469590363], [1.6653345369377348e-15, -1.3068106952569911, 5.273559366969494e-16], [-3.321541822006757, -5.551115123125783e-17, -3.49120049496696]], [[-1.3068106952569927, -2.7755575615628914e-17, -2.914335439641036e-16], [3.3306690738754696e-16, -5.73357574960778, -3.287446469590363], [5.551115123125783e-16, -3.321541822006756, -3.49120049496696]], [[-5.73357574960778, 1.942890293094024e-16, 3.2874464695903636], [-5.551115123125783e-16, -1.306810695256993, -4.718447854656915e-16], [3.3215418220067554, -9.43689570931383e-16, -3.491200494966958]], [[-1.3068106952569927, -4.718447854656915e-16, -4.0245584642661925e-16], [-5.551115123125783e-16, -5.73357574960778, 3.287446469590363], [1.1102230246251565e-16, 3.3215418220067563, -3.491200494966958]]]}, "metadata": {"formula": "CsTaN2", "nsites": 8, "structure": "# generated using pymatgen\ndata_CsTaN2\n_symmetry_space_group_name_H-M   'P 1'\n_cell_length_a   6.17605524\n_cell_length_b   6.17605524\n_cell_length_c   6.17605524\n_cell_angle_alpha   120.31026818\n_cell_angle_beta   120.31026818\n_cell_angle_gamma   89.46343461\n_symmetry_Int_Tables_number   1\n_chemical_formula_structural   CsTaN2\n_chemical_formula_sum   'Cs2 Ta2 N4'\n_cell_volume   165.789252337\n_cell_formula_units_Z   2\nloop_\n _symmetry_equiv_pos_site_id\n _symmetry_equiv_pos_as_xyz\n  1  'x, y, z'\nloop_\n _atom_site_type_symbol\n _atom_site_label\n _atom_site_symmetry_multiplicity\n _atom_site_fract_x\n _atom_site_fract_y\n _atom_site_fract_z\n _atom_site_occupancy\n  Cs  Cs1  1  0.500000  0.500000  0.000000  1\n  Cs  Cs2  1  0.250000  0.750000  0.500000  1\n  Ta  Ta3  1  0.000000  0.000000  0.000000  1\n  Ta  Ta4  1  0.750000  0.250000  0.500000  1\n  N  N5  1  0.936119  0.625000  0.811119  1\n  N  N6  1  0.375000  0.186119  0.311119  1\n  N  N7  1  0.813881  0.125000  0.188881  1\n  N  N8  1  0.875000  0.063881  0.688881  1\n"}}