{"phonon": {"ph_bandstructure": [[0.0, 0.0, 0.0, 135.52279164501292, 135.5227916461527, 227.64269401269416, 233.3981318236716, 239.2466192356126, 301.99961911047984, 301.9996191115321, 307.1106023045448, 353.72737349771256, 413.3698633665661, 461.1843225055165, 461.1843225068165, 470.67074949492627, 482.24476981900494, 593.1139325619542]]}, "dielectric": {"eps_electronic": [[3.3048725286832155, 0.0, -0.043299791335738955], [0.0, 3.5541467582304973, 0.0], [-0.04329979133574001, 0.0, 3.5466254354924853]], "eps_total": [[12.549810888487034, 3.730349362740526e-14, -0.11369736327240591], [3.4516626047396356e-14, 13.204359600304887, 9.290855077664722e-15], [-0.11369736327240383, 9.325873406851315e-15, 13.184609977146645]], "becs": [[[3.544022331931676, 0.0, -0.039764285840936685], [0.0, 3.7729428742533715, 0.0], [-0.03976428584154461, 0.0, 3.7660356809869766]], [[3.544022331931676, 0.0, -0.039764285840936685], [0.0, 3.7729428742533715, 0.0], [-0.03976428584154461, 0.0, 3.7660356809869766]], [[-1.883973167505662, 0.0, 0.09294908890696965], [0.0, -2.4190753425077585, 0.0], [0.09294908890838778, 0.0, -2.402929765957386]], [[-1.883973167505662, 0.0, 0.09294908890696965], [0.0, -2.4190753425077585, 0.0], [0.09294908890838778, 0.0, -2.402929765957386]], [[-1.6600491644272317, 0.0, -0.05318480306628367], [0.0, -1.3538675317453874, 0.0], [-0.05318480306709387, 0.0, -1.3631059150294094]], [[-1.6600491644272317, 0.0, -0.05318480306628367], [0.0, -1.3538675317453874, 0.0], [-0.05318480306709387, 0.0, -1.3631059150294094]]]}, "metadata": {"formula": "YOF", "nsites": 6, "structure": "# generated using pymatgen\ndata_YOF\n_symmetry_space_group_name_H-M   'P 1'\n_cell_length_a   6.63652198\n_cell_length_b   6.63652198\n_cell_length_c   6.63652198\n_cell_angle_alpha   33.02222014\n_cell_angle_beta   33.02222014\n_cell_angle_gamma   33.02222014\n_symmetry_Int_Tables_number   1\n_chemical_formula_structural   YOF\n_chemical_formula_sum   'Y2 O2 F2'\n_cell_volume   77.2540380368\n_cell_formula_units_Z   2\nloop_\n _symmetry_equiv_pos_site_id\n _symmetry_equiv_pos_as_xyz\n  1  'x, y, z'\nloop_\n _atom_site_type_symbol\n _atom_site_label\n _atom_site_symmetry_multiplicity\n _atom_site_fract_x\n _atom_site_fract_y\n _atom_site_fract_z\n _atom_site_occupancy\n  Y  Y1  1  0.258707  0.258707  0.258707  1\n  Y  Y2  1  0.741293  0.741293  0.741293  1\n  O  O3  1  0.378477  0.378477  0.378477  1\n  O  O4  1  0.621523  0.621523  0.621523  1\n  F  F5  1  0.869846  0.869846  0.869846  1\n  F  F6  1  0.130154  0.130154  0.130154  1\n"}}