{"phonon": {"ph_bandstructure": [[-0.008270153420583674, -0.008128307404009405, -0.007977011830655384, 40.166545061234444, 75.81183215746616, 75.81183216145708, 84.62581011688513, 92.25696822745984, 107.12787183830758, 118.04030137342666, 118.04030137808897, 167.26460835731234, 167.27470742731342, 171.24140168543005, 174.020339558617, 248.90313814816554, 277.6872018915662, 277.68720189181425, 285.4965701802538, 288.09831990283425, 296.82761201638675, 456.27174592435, 456.27174592478485, 547.4862495326172, 560.2103436416179, 592.9570651933295, 664.3526784099856]]}, "dielectric": {"eps_electronic": [[2.3416940529593777, 0.0, 0.0], [0.0, 2.34169405296412, 0.0], [3.849626763878347e-23, -6.667749145226041e-23, 2.289666040947366]], "eps_total": [[9.392359763811445, -1.2434497875801753e-14, 0.0], [-1.199040866595169e-14, 9.392359764468512, 0.0], [3.849626763878347e-23, -6.667749145226041e-23, 10.660195225438306]], "becs": [[[1.2837654949967656, -4.687608328033285e-16, -1.2335479473740269e-17], [-1.7270135968024412e-15, 1.2837654949967652, -1.9168195944305987e-22], [3.0839528691582296e-18, 6.167905738316459e-18, 1.225393363129462]], [[1.2837654949967656, -4.687608328033285e-16, -1.2335479473740269e-17], [-1.7270135968024412e-15, 1.2837654949967652, -9.584097972152993e-22], [3.0839528691582296e-18, 6.168074291555749e-18, 1.225393363129462]], [[4.198722870219656, -2.4671622953265837e-17, -1.2335811476632919e-17], [-3.947459672522534e-16, 4.198722870219656, 0.0], [3.084208319085681e-18, 6.167758254232081e-18, 4.039005368485436]], [[-1.3246830480138176, 0.341169099284359, 0.47658017197269953], [0.3411690992855659, -0.9307349053911081, -0.27515369057936256], [0.4897463869515914, -0.28275520834064816, -1.0816320157907162]], [[-1.3246830480138194, -0.34116909928435835, -0.47658017197269964], [-0.34116909928556266, -0.9307349053911081, -0.2751536905793626], [-0.48974638695159145, -0.28275520834064816, -1.0816320157907162]], [[-0.733760834079754, -2.4671622953265837e-17, -1.2335811476632919e-17], [4.934324524478718e-16, -1.5216571193251731, 0.5503073811587252], [3.0839528691582296e-18, 0.5655104166812963, -1.0816320157907162]], [[-0.733760834079754, -2.4671622953265837e-17, 1.5419764138995995e-17], [-3.947459672522534e-16, -1.521657119325175, 0.5503073811587251], [4.1766836747659356e-17, 0.5655104166812963, -1.0816320157907162]], [[-1.3246830480138176, 0.3411690992843588, 0.4765801719726997], [0.34116909928556455, -0.9307349053911081, -0.2751536905793627], [0.48974638695159134, -0.28275520834064816, -1.0816320157907162]], [[-1.3246830480138203, -0.34116909928435835, -0.47658017197269953], [-0.341169099285564, -0.9307349053911099, -0.27515369057936256], [-0.4897463869515914, -0.28275520834064816, -1.0816320157907162]]]}, "metadata": {"formula": "K2TiF6", "nsites": 9, "structure": "# generated using pymatgen\ndata_K2TiF6\n_symmetry_space_group_name_H-M   'P 1'\n_cell_length_a   5.70612188\n_cell_length_b   5.70612188\n_cell_length_c   4.63393147\n_cell_angle_alpha   90.00000000\n_cell_angle_beta   90.00000000\n_cell_angle_gamma   120.00000000\n_symmetry_Int_Tables_number   1\n_chemical_formula_structural   K2TiF6\n_chemical_formula_sum   'K2 Ti1 F6'\n_cell_volume   130.665918418\n_cell_formula_units_Z   1\nloop_\n _symmetry_equiv_pos_site_id\n _symmetry_equiv_pos_as_xyz\n  1  'x, y, z'\nloop_\n _atom_site_type_symbol\n _atom_site_label\n _atom_site_symmetry_multiplicity\n _atom_site_fract_x\n _atom_site_fract_y\n _atom_site_fract_z\n _atom_site_occupancy\n  K  K1  1  0.666667  0.333333  0.300711  1\n  K  K2  1  0.333333  0.666667  0.699289  1\n  Ti  Ti3  1  0.000000  0.000000  0.000000  1\n  F  F4  1  0.685775  0.842888  0.225220  1\n  F  F5  1  0.157112  0.314225  0.225220  1\n  F  F6  1  0.157112  0.842888  0.225220  1\n  F  F7  1  0.842888  0.157112  0.774780  1\n  F  F8  1  0.314225  0.157112  0.774780  1\n  F  F9  1  0.842888  0.685775  0.774780  1\n"}}