{"phonon": {"ph_bandstructure": [[0.0, 0.0, 0.0, 106.91438453306795, 106.91438453744699, 172.11383048120913, 173.32767372018102, 183.63623372679785, 233.79927442841745, 255.85682192371453, 255.85682192564988, 257.9556517112224, 263.11796467932135, 286.75829052445437, 312.641150086056, 447.53195438394744, 530.8530782581926, 581.6633626832503, 595.6977457065121, 1015.8878844923944, 1697.8624950360443]]}, "dielectric": {"eps_electronic": [[4.820438897708631, 0.0, -4.0541822029438853e-23], [0.0, 4.820438897708631, -4.0541822029438853e-23], [-4.0541822029438853e-23, -4.0541822029438853e-23, 6.80728037633639]], "eps_total": [[18.05719247031599, 5.8071979587944665e-15, -4.0541822029438853e-23], [5.8071979587944665e-15, 18.057192470551772, -4.0541822029438853e-23], [-4.0541822029438853e-23, -4.0541822029438853e-23, 15.889733776872989]], "becs": [[[2.4467485116431122, 0.0, -3.993415093353646e-23], [0.0, 2.4467485116431114, -3.993415093353646e-23], [0.0, 0.0, 2.2920299817830196]], [[2.2434893152330586, 0.0, 1.8916178004166346e-23], [0.0, 2.2434893152330595, 1.8916178004166346e-23], [0.0, 0.0, 2.432722496776311]], [[2.2434893152330586, 0.0, 1.8916178004166346e-23], [0.0, 2.2434893152330595, 1.8916178004166346e-23], [0.0, 0.0, 2.43272249677631]], [[-0.25254427404686475, 0.0, 1.8916178004166346e-23], [0.0, -0.25254427404686497, 1.8916178004166346e-23], [0.0, 0.0, 3.3083609179801376]], [[-1.7561609314457765, 0.0, -1.0508986464685056e-23], [0.0, -1.7561609314457765, -1.0508986464685056e-23], [0.0, 0.0, -3.27212125709078]], [[-1.7561609314457765, 0.0, -1.0508986464685056e-23], [0.0, -1.7561609314457765, -1.0508986464685056e-23], [0.0, 0.0, -3.27212125709078]], [[-3.1688610057166917, 0.0, 4.203595769740645e-24], [0.0, -3.1688610057166926, 4.203595769740645e-24], [0.0, 0.0, -3.9215933803141736]]]}, "metadata": {"formula": "Ca3BN3", "nsites": 7, "structure": "# generated using pymatgen\ndata_Ca3BN3\n_symmetry_space_group_name_H-M   'P 1'\n_cell_length_a   3.51923526\n_cell_length_b   3.51923526\n_cell_length_c   8.06157393\n_cell_angle_alpha   90.00000000\n_cell_angle_beta   90.00000000\n_cell_angle_gamma   90.00000000\n_symmetry_Int_Tables_number   1\n_chemical_formula_structural   Ca3BN3\n_chemical_formula_sum   'Ca3 B1 N3'\n_cell_volume   99.8427289352\n_cell_formula_units_Z   1\nloop_\n _symmetry_equiv_pos_site_id\n _symmetry_equiv_pos_as_xyz\n  1  'x, y, z'\nloop_\n _atom_site_type_symbol\n _atom_site_label\n _atom_site_symmetry_multiplicity\n _atom_site_fract_x\n _atom_site_fract_y\n _atom_site_fract_z\n _atom_site_occupancy\n  Ca  Ca1  1  0.000000  0.000000  0.000000  1\n  Ca  Ca2  1  0.500000  0.500000  0.722908  1\n  Ca  Ca3  1  0.500000  0.500000  0.277092  1\n  B  B4  1  0.000000  0.000000  0.500000  1\n  N  N5  1  0.000000  0.000000  0.667889  1\n  N  N6  1  0.000000  0.000000  0.332111  1\n  N  N7  1  0.500000  0.500000  0.000000  1\n"}}