{"phonon": {"ph_bandstructure": [[-0.006230602563631619, -0.006120905702113769, -0.0027125971719228997, 205.9387765542415, 212.6343768042611, 350.73210936411516, 369.9222994784213, 460.9129796346801, 477.1785174495141, 493.16222106938943, 558.0568412103494, 776.7676247472729, 813.8812780598477, 821.3732345735606, 894.8856898594032, 914.2504630792062, 945.326368279238, 1093.5984657630975]]}, "dielectric": {"eps_electronic": [[3.0260308050315317, 7.698965738454606e-16, -1.1007910110792622e-16], [1.270736090092119e-15, 3.026030805031532, -8.642804360707286e-16], [-6.799804169418138e-16, -2.358912070917512e-16, 3.0985135296024877]], "eps_total": [[5.382081589262063, 1.3112659412615984e-12, -1.473545024467381e-15], [1.3115862133276727e-12, 5.382081589270848, 2.2179569798831837e-16], [-3.456727481802402e-16, 5.425056715198851e-16, 6.330625123035176]], "becs": [[[2.677083302030168, -1.0351037733224442, 1.1564823476478272e-16], [1.0351037733224449, 2.6770833020301685, -4.163336425062398e-17], [-5.458596692147401e-16, -2.8218169176727865e-16, 2.771517815217856]], [[3.6143174972743637, 0.5026505726324062, -8.240660025577279e-16], [-0.5026505726324073, 3.6143174972743637, 3.786756035926822e-16], [1.2582527458011393e-15, -2.1279275272820637e-16, 3.807395698660386]], [[-2.058346734554264, 0.2947509589048593, 0.8726532409181641], [0.028524358560470846, -1.0873536651238123, -0.13272565724063462], [0.8196352266831298, -0.2258768596069627, -1.6447283784814426]], [[-1.0873536651238123, -0.028524358560470475, 0.13272565724063595], [-0.29475095890486025, -2.058346734554264, 0.8726532409181643], [0.22587685960696371, 0.8196352266831306, -1.6447283784814422]], [[-2.058346734554263, 0.2947509589048611, -0.8726532409181639], [0.028524358560470624, -1.087353665123814, 0.1327256572406345], [-0.8196352266831309, 0.22587685960696313, -1.644728378481443]], [[-1.0873536651238127, -0.028524358560470697, -0.1327256572406355], [-0.2947509589048598, -2.058346734554263, -0.8726532409181647], [-0.22587685960696344, -0.8196352266831306, -1.6447283784814422]]]}, "metadata": {"formula": "BAsO4", "nsites": 6, "structure": "# generated using pymatgen\ndata_BAsO4\n_symmetry_space_group_name_H-M   'P 1'\n_cell_length_a   4.65964821\n_cell_length_b   4.65964821\n_cell_length_c   4.65964821\n_cell_angle_alpha   122.09730999\n_cell_angle_beta   122.09730999\n_cell_angle_gamma   86.40418544\n_symmetry_Int_Tables_number   1\n_chemical_formula_structural   BAsO4\n_chemical_formula_sum   'B1 As1 O4'\n_cell_volume   69.123192242\n_cell_formula_units_Z   1\nloop_\n _symmetry_equiv_pos_site_id\n _symmetry_equiv_pos_as_xyz\n  1  'x, y, z'\nloop_\n _atom_site_type_symbol\n _atom_site_label\n _atom_site_symmetry_multiplicity\n _atom_site_fract_x\n _atom_site_fract_y\n _atom_site_fract_z\n _atom_site_occupancy\n  B  B1  1  0.000000  0.000000  0.000000  1\n  As  As2  1  0.750000  0.250000  0.500000  1\n  O  O3  1  0.724192  0.106364  0.065078  1\n  O  O4  1  0.893636  0.958715  0.617828  1\n  O  O5  1  0.041285  0.659114  0.934922  1\n  O  O6  1  0.340886  0.275808  0.382172  1\n"}}