{"phonon": {"ph_bandstructure": [[0.0, 0.0, 0.0, 75.58473873072714, 75.58473873564036, 105.56607880429952, 105.56607880782093, 153.96570180179242, 157.31804517945415, 266.342005374296, 339.72661392658387, 420.1364697977667, 420.1364698166619, 434.55531518494115, 434.555315204546, 463.2008753888017, 502.2561081407286, 502.2561081636449, 509.86743015026127, 649.2602859469954, 687.8833832776786, 757.0236837578034, 798.0942913252513, 838.287254570026]]}, "dielectric": {"eps_electronic": [[6.3284810363070925, 1.7763568394002505e-15, -2.4121591198522998e-24], [6.661338147750939e-16, 6.328481036498651, -2.088991075799953e-24], [-4.824318239704599e-24, -6.266973227399857e-24, 4.601361641946809]], "eps_total": [[10.71350878397724, 1.7763568394002505e-15, -2.4121591198522998e-24], [0.0, 10.71350878436766, -2.088991075799953e-24], [-4.824318239704599e-24, -6.266973227399857e-24, 7.192972825569239]], "becs": [[[3.0320432134085116, -6.938893903907228e-18, 1.1353866995556488e-23], [-1.8561541192951836e-16, 3.032043213408511, 1.7698927049133048e-22], [-4.23783875422551e-23, 6.818720471038673e-24, 2.965832056371055]], [[3.0320432134085116, 6.938893903907228e-18, 3.065544088800252e-22], [-1.474514954580286e-16, 3.032043213408511, 2.1632021948940394e-22], [-1.458928095716979e-23, 3.6099108376087104e-24, 2.965832056371055]], [[0.8611294629798985, 0.0, -2.2707733991112985e-23], [-1.6653345369377348e-16, 0.8611294629798996, -3.933094899807345e-23], [-2.5704923591203913e-23, -2.8077084292512165e-24, 1.4952988583311155]], [[0.8611294629798985, 0.0, -2.2707733991112985e-23], [-1.6653345369377348e-16, 0.8611294629798996, -3.933094899807345e-23], [-2.5704923591203913e-23, -2.8077084292512165e-24, 1.4952988583311155]], [[-1.9465863381942055, 1.1102230246251565e-15, 1.135386699555649e-22], [4.274358644806853e-15, -1.9465863381942052, 1.966547449903672e-22], [-2.570492359120391e-23, -5.414866256413064e-23, -2.2305654573510854]], [[-1.9465863381942055, -1.1102230246251565e-15, 6.812320197333892e-23], [-4.6074255521944e-15, -1.9465863381942052, 1.1799284699422033e-22], [6.322021748106908e-23, -2.8077084292512165e-24, -2.2305654573510862]], [[-1.9465863381942041, -1.1102230246251565e-15, -2.043696059200168e-22], [-3.2751579226442118e-15, -1.9465863381942052, -1.966547449903672e-22], [-5.905185149330628e-23, -6.056628183099055e-23, -2.2305654573510854]], [[-1.9465863381942055, 1.1102230246251565e-15, -2.4978507390224277e-22], [4.274358644806853e-15, -1.9465863381942052, -4.326404389788079e-22], [1.299140732852738e-22, 1.1270943837422748e-22, -2.2305654573510854]]]}, "metadata": {"formula": "AlCuO2", "nsites": 8, "structure": "# generated using pymatgen\ndata_AlCuO2\n_symmetry_space_group_name_H-M   'P 1'\n_cell_length_a   2.84579582\n_cell_length_b   2.84579582\n_cell_length_c   11.26313048\n_cell_angle_alpha   90.00000000\n_cell_angle_beta   90.00000000\n_cell_angle_gamma   120.00000000\n_symmetry_Int_Tables_number   1\n_chemical_formula_structural   AlCuO2\n_chemical_formula_sum   'Al2 Cu2 O4'\n_cell_volume   78.9945667263\n_cell_formula_units_Z   2\nloop_\n _symmetry_equiv_pos_site_id\n _symmetry_equiv_pos_as_xyz\n  1  'x, y, z'\nloop_\n _atom_site_type_symbol\n _atom_site_label\n _atom_site_symmetry_multiplicity\n _atom_site_fract_x\n _atom_site_fract_y\n _atom_site_fract_z\n _atom_site_occupancy\n  Al  Al1  1  0.000000  0.000000  0.000000  1\n  Al  Al2  1  0.000000  0.000000  0.500000  1\n  Cu  Cu3  1  0.666667  0.333333  0.750000  1\n  Cu  Cu4  1  0.333333  0.666667  0.250000  1\n  O  O5  1  0.333333  0.666667  0.414379  1\n  O  O6  1  0.666667  0.333333  0.914379  1\n  O  O7  1  0.333333  0.666667  0.085621  1\n  O  O8  1  0.666667  0.333333  0.585621  1\n"}}