{"phonon": {"ph_bandstructure": [[0.0, 0.0, 0.0, 52.980929762178235, 52.98092977054461, 89.49058898191404, 89.4905889831896, 89.49058898692535, 101.52749862871403, 178.73635121009104, 178.73635121273347, 224.84608822883575, 400.73506010388826, 400.7350601053882, 488.2430386479493]]}, "dielectric": {"eps_electronic": [[2.1872229722719063, 0.0, 0.0], [0.0, 2.1872229722719063, 0.0], [0.0, 0.0, 2.1872229722719063]], "eps_total": [[18.867902201581, 1.2517476062569222e-11, 1.5380791984025048e-10], [1.2517476062569222e-11, 18.86790220492725, 1.836040398612014e-11], [1.5380791984025048e-10, 1.836040398612014e-11, 18.867902206398593]], "becs": [[[1.2251881648246719, 0.0, 0.0], [0.0, 1.2251881648246719, 0.0], [0.0, 0.0, 1.2251881648246719]], [[2.371335521450733, 0.0, 0.0], [0.0, 2.371335521450733, 0.0], [0.0, 0.0, 2.371335521450733]], [[-0.9648560920470078, 0.0, 0.0], [0.0, -1.666811502180193, 0.0], [0.0, 0.0, -0.9648560920470078]], [[-0.9648560920470078, 0.0, 0.0], [0.0, -0.9648560920470078, 0.0], [0.0, 0.0, -1.666811502180193]], [[-1.666811502180193, 0.0, 0.0], [0.0, -0.9648560920470078, 0.0], [0.0, 0.0, -0.9648560920470078]]]}, "metadata": {"formula": "RbCaF3", "nsites": 5, "structure": "# generated using pymatgen\ndata_RbCaF3\n_symmetry_space_group_name_H-M   'P 1'\n_cell_length_a   4.43216130\n_cell_length_b   4.43216130\n_cell_length_c   4.43216130\n_cell_angle_alpha   90.00000000\n_cell_angle_beta   90.00000000\n_cell_angle_gamma   90.00000000\n_symmetry_Int_Tables_number   1\n_chemical_formula_structural   RbCaF3\n_chemical_formula_sum   'Rb1 Ca1 F3'\n_cell_volume   87.0656147878\n_cell_formula_units_Z   1\nloop_\n _symmetry_equiv_pos_site_id\n _symmetry_equiv_pos_as_xyz\n  1  'x, y, z'\nloop_\n _atom_site_type_symbol\n _atom_site_label\n _atom_site_symmetry_multiplicity\n _atom_site_fract_x\n _atom_site_fract_y\n _atom_site_fract_z\n _atom_site_occupancy\n  Rb  Rb1  1  0.000000  0.000000  0.000000  1\n  Ca  Ca2  1  0.500000  0.500000  0.500000  1\n  F  F3  1  0.500000  0.000000  0.500000  1\n  F  F4  1  0.500000  0.500000  0.000000  1\n  F  F5  1  0.000000  0.500000  0.500000  1\n"}}