{"phonon": {"ph_bandstructure": [[-0.00796282789072308, -0.007842935358155613, -0.007711868186761413, 120.46870300081261, 183.10577892997037, 183.96988807719424, 227.2295719644382, 258.3308877750162, 258.6622672318447, 266.8166167635725, 269.2762214670833, 289.63351028962137, 297.2955064313492, 313.83642456221423, 317.10509987915196, 327.2714357753876, 330.59947958910294, 352.0441168445895, 359.0170703113339, 363.60957069644996, 383.0758035978406, 416.8781899633628, 438.0161828391955, 446.14934163028454, 461.8606420458701, 463.7709558481128, 475.8943887954785, 491.6891782711175, 494.0144865707253, 498.85076479344406, 499.35628253379366, 501.1031706600855, 532.6215075511872, 537.5659358081756, 591.1720103458175, 608.389723800299, 633.2090690233234, 660.0759928581747, 670.2917343187737, 673.2329698222545, 780.2711719680353, 787.580537902432, 801.8226642817438, 801.9894406720884, 809.5748266935004, 832.818165557466, 832.8743953035193, 922.3555882264211]]}, "dielectric": {"eps_electronic": [[2.7870759587803953, 0.0, 0.0], [0.0, 2.7870759587803953, 0.0], [0.0, 0.0, 2.720213961775004]], "eps_total": [[6.7357654700965535, 5.156313860503941e-16, 0.0], [5.156313860503941e-16, 6.735765470154356, 0.0], [0.0, 0.0, 5.088666669406095]], "becs": [[[1.0038329032265236, -0.054292496976779216, -0.0161295833560215], [-0.054292496976779195, 1.0038329032265239, -0.0161295833560215], [0.01080659617289482, 0.010806596172894818, 1.0267914702315042]], [[1.0038329032265236, 0.054292496976779216, 0.016129583356021507], [0.05429249697677922, 1.0038329032265239, -0.0161295833560215], [-0.010806596172894816, 0.010806596172894818, 1.0267914702315042]], [[1.0038329032265236, -0.054292496976779216, 0.016129583356021507], [-0.05429249697677921, 1.0038329032265239, 0.016129583356021507], [-0.010806596172894818, -0.010806596172894822, 1.0267914702315042]], [[1.0038329032265236, 0.054292496976779216, -0.0161295833560215], [0.05429249697677922, 1.0038329032265239, 0.016129583356021507], [0.010806596172894822, -0.010806596172894822, 1.0267914702315042]], [[2.51014928717317, 0.08477651744704229, 0.06357640779089074], [0.08477651744704229, 2.51014928717317, -0.06357640779089076], [-0.1112595633906364, 0.11125956339063642, 2.3837853497874986]], [[2.51014928717317, -0.08477651744704229, 0.06357640779089074], [-0.08477651744704232, 2.51014928717317, 0.06357640779089074], [-0.1112595633906364, -0.11125956339063642, 2.3837853497874986]], [[2.51014928717317, -0.08477651744704229, -0.06357640779089077], [-0.08477651744704229, 2.51014928717317, -0.06357640779089076], [0.1112595633906364, 0.11125956339063642, 2.3837853497874986]], [[2.51014928717317, 0.08477651744704229, -0.06357640779089077], [0.08477651744704229, 2.51014928717317, 0.06357640779089074], [0.1112595633906364, -0.11125956339063642, 2.3837853497874986]], [[-1.4973655605267533, -0.172389780164527, -0.07675100395971038], [-0.15193038064524697, -2.0166166298729404, -0.22420142419125072], [-0.1364861029591727, -0.23948879893758246, -1.705288410009501]], [[-2.0166166298729404, 0.151930380645247, 0.22420142419125075], [0.172389780164527, -1.4973655605267524, -0.07675100395971036], [0.23948879893758246, -0.1364861029591727, -1.705288410009501]], [[-1.4973655605267533, 0.172389780164527, 0.07675100395971038], [0.15193038064524697, -2.0166166298729404, -0.22420142419125072], [0.1364861029591727, -0.23948879893758246, -1.705288410009501]], [[-2.0166166298729404, 0.151930380645247, -0.22420142419125075], [0.172389780164527, -1.4973655605267533, 0.07675100395971038], [-0.23948879893758246, 0.1364861029591727, -1.7052884100095027]], [[-1.4973655605267533, 0.172389780164527, -0.07675100395971038], [0.15193038064524694, -2.0166166298729404, 0.22420142419125075], [-0.1364861029591727, 0.23948879893758246, -1.705288410009501]], [[-2.0166166298729404, -0.151930380645247, -0.22420142419125075], [-0.172389780164527, -1.4973655605267524, -0.07675100395971036], [-0.23948879893758246, -0.1364861029591727, -1.705288410009501]], [[-2.0166166298729404, -0.151930380645247, 0.22420142419125075], [-0.17238978016452705, -1.4973655605267533, 0.07675100395971038], [0.23948879893758243, 0.1364861029591727, -1.7052884100095027]], [[-1.4973655605267533, -0.172389780164527, 0.07675100395971038], [-0.15193038064524694, -2.0166166298729404, 0.22420142419125075], [0.1364861029591727, 0.23948879893758246, -1.705288410009501]]]}, "metadata": {"formula": "LiAlO2", "nsites": 16, "structure": "# generated using pymatgen\ndata_LiAlO2\n_symmetry_space_group_name_H-M   'P 1'\n_cell_length_a   5.16712675\n_cell_length_b   5.16712675\n_cell_length_c   6.25285238\n_cell_angle_alpha   90.00000000\n_cell_angle_beta   90.00000000\n_cell_angle_gamma   90.00000000\n_symmetry_Int_Tables_number   1\n_chemical_formula_structural   LiAlO2\n_chemical_formula_sum   'Li4 Al4 O8'\n_cell_volume   166.946149311\n_cell_formula_units_Z   4\nloop_\n _symmetry_equiv_pos_site_id\n _symmetry_equiv_pos_as_xyz\n  1  'x, y, z'\nloop_\n _atom_site_type_symbol\n _atom_site_label\n _atom_site_symmetry_multiplicity\n _atom_site_fract_x\n _atom_site_fract_y\n _atom_site_fract_z\n _atom_site_occupancy\n  Li  Li1  1  0.686449  0.313551  0.250000  1\n  Li  Li2  1  0.186449  0.186449  0.500000  1\n  Li  Li3  1  0.313551  0.686449  0.750000  1\n  Li  Li4  1  0.813551  0.813551  0.000000  1\n  Al  Al5  1  0.824340  0.824340  0.500000  1\n  Al  Al6  1  0.675660  0.324340  0.750000  1\n  Al  Al7  1  0.324340  0.675660  0.250000  1\n  Al  Al8  1  0.175660  0.175660  0.000000  1\n  O  O9  1  0.292669  0.334865  0.229330  1\n  O  O10  1  0.165135  0.792669  0.479330  1\n  O  O11  1  0.792669  0.165135  0.520670  1\n  O  O12  1  0.834865  0.207331  0.979330  1\n  O  O13  1  0.207331  0.834865  0.020670  1\n  O  O14  1  0.665135  0.707331  0.270670  1\n  O  O15  1  0.334865  0.292669  0.770670  1\n  O  O16  1  0.707331  0.665135  0.729330  1\n"}}