{"phonon": {"ph_bandstructure": [[0.0, 0.0, 0.0, 205.3919136198896, 205.39191362138163, 210.78629865014153, 246.5798664804831, 246.57986648180162, 265.0255190945895]]}, "dielectric": {"eps_electronic": [[18.082854053985677, 5.608365952568563e-16, -3.552713678800501e-15], [5.608365952568563e-16, 18.082854053985685, 1.7763568394002505e-15], [-7.229690906719126e-15, -1.9006203885183737e-15, 18.082854053985677]], "eps_total": [[22.001141379567557, 8.338444610775981e-11, -3.573497053821484e-11], [8.338744020319511e-11, 22.001141379768484, -4.865441383117286e-11], [-3.573118070630297e-11, -4.865595306977919e-11, 22.001141379574644]], "becs": [[[2.0254863899148123, 0.0, 0.0], [0.0, 2.0254863899148123, 0.0], [-4.581200796199033e-19, -4.581200796199033e-19, 2.0254863899148123]], [[-2.8547705242321726, 0.0, 0.0], [0.0, -2.8547705242321726, 0.0], [1.2187741123568293e-18, 1.2187741123568293e-18, -2.8547705242321726]], [[0.8292841349226829, 0.0, 0.0], [0.0, 0.8292841349226829, 0.0], [-7.606540859703466e-19, -7.606540859703466e-19, 0.8292841349226829]]]}, "metadata": {"formula": "ScNiSb", "nsites": 3, "structure": "# generated using pymatgen\ndata_ScNiSb\n_symmetry_space_group_name_H-M   'P 1'\n_cell_length_a   4.26657610\n_cell_length_b   4.26657610\n_cell_length_c   4.26657610\n_cell_angle_alpha   60.00000000\n_cell_angle_beta   60.00000000\n_cell_angle_gamma   60.00000000\n_symmetry_Int_Tables_number   1\n_chemical_formula_structural   ScNiSb\n_chemical_formula_sum   'Sc1 Ni1 Sb1'\n_cell_volume   54.9191102207\n_cell_formula_units_Z   1\nloop_\n _symmetry_equiv_pos_site_id\n _symmetry_equiv_pos_as_xyz\n  1  'x, y, z'\nloop_\n _atom_site_type_symbol\n _atom_site_label\n _atom_site_symmetry_multiplicity\n _atom_site_fract_x\n _atom_site_fract_y\n _atom_site_fract_z\n _atom_site_occupancy\n  Sc  Sc1  1  0.500000  0.500000  0.500000  1\n  Ni  Ni2  1  0.250000  0.250000  0.250000  1\n  Sb  Sb3  1  0.000000  0.000000  0.000000  1\n"}}