{"phonon": {"ph_bandstructure": [[-0.0036819614213989575, -0.002230262894878438, 0.0, 122.24009889862562, 128.2445544250439, 143.34094888297892, 150.47444888351893, 154.9139001785553, 159.9465249504054, 165.67457231466557, 192.99657715859414, 212.94496042050713, 235.21496068129414, 237.3562869250605, 268.70072284662376, 278.71168136866936, 303.43419273162584, 311.15987312697507, 328.18882869481416, 364.8059041190392, 388.2768564499782, 400.83079286181606, 410.9397627097647, 416.2811257996325, 438.23955529525233, 448.68828521855664, 458.5473278865995, 462.5113184903512, 469.4585776397473, 478.69756726960424]]}, "dielectric": {"eps_electronic": [[12.195797538946548, 0.0, 0.0], [0.0, 9.986991606841908, 0.5527788726080439], [0.0, 0.5527788726080439, 10.972124095933635]], "eps_total": [[15.019625260465405, 0.0, 0.0], [0.0, 14.34768618824155, 0.42845023856818576], [0.0, 0.4284502385681853, 12.49030928572375]], "becs": [[[1.8489848390942583, -0.12530047986256418, 0.1827922496996851], [0.30810060857975174, 2.7443179417124632, -0.13213932432339265], [0.24279027753585897, 0.1321679472998713, 2.0636890088671613]], [[1.8489848390942583, 0.1253004798625642, -0.1827922496996851], [-0.30810060857975174, 2.7443179417124632, -0.13213932432339265], [-0.24279027753585897, 0.1321679472998713, 2.0636890088671613]], [[-1.3025111214291392, 0.0478132764287801, -0.10740493114910024], [-0.2415515787894263, -1.0085656352489467, -0.10880480371384897], [0.11077760579319217, -0.3866556087608406, -1.4818386294516444]], [[-1.3025111214291392, -0.0478132764287801, 0.10740493114910024], [0.2415515787894263, -1.0085656352489467, -0.10880480371384897], [-0.11077760579319217, -0.3866556087608406, -1.4818386294516444]], [[-1.3025111214291392, 0.0478132764287801, -0.10740493114910024], [-0.2415515787894263, -1.0085656352489467, -0.10880480371384897], [0.11077760579319217, -0.3866556087608406, -1.4818386294516444]], [[-1.3025111214291392, -0.0478132764287801, 0.10740493114910023], [0.2415515787894263, -1.0085656352489467, -0.10880480371384897], [-0.11077760579319217, -0.3866556087608406, -1.4818386294516444]], [[0.37801870182109854, -0.5777514156998754, -0.07546239604774929], [-0.3872580672429722, -0.3635933356666966, 0.17487446587681182], [-0.11337451270517401, 0.3205716351121552, 0.4499941250399681]], [[0.37801870182109854, 0.5777514156998754, 0.07546239604774929], [0.3872580672429722, -0.3635933356666966, 0.17487446587681182], [0.11337451270517401, 0.3205716351121552, 0.4499941250399681]], [[0.37801870182109854, -0.5777514156998754, -0.07546239604774929], [-0.3872580672429722, -0.3635933356666966, 0.17487446587681182], [-0.11337451270517401, 0.32057163511215525, 0.4499941250399681]], [[0.37801870182109854, 0.5777514156998754, 0.07546239604774929], [0.3872580672429722, -0.3635933356666966, 0.17487446587681182], [0.11337451270517399, 0.3205716351121552, 0.4499941250399681]]]}, "metadata": {"formula": "MgP4", "nsites": 10, "structure": "# generated using pymatgen\ndata_MgP4\n_symmetry_space_group_name_H-M   'P 1'\n_cell_length_a   5.05717866\n_cell_length_b   5.13059383\n_cell_length_c   7.52894941\n_cell_angle_alpha   81.39761969\n_cell_angle_beta   90.00000000\n_cell_angle_gamma   90.00000000\n_symmetry_Int_Tables_number   1\n_chemical_formula_structural   MgP4\n_chemical_formula_sum   'Mg2 P8'\n_cell_volume   193.150964155\n_cell_formula_units_Z   2\nloop_\n _symmetry_equiv_pos_site_id\n _symmetry_equiv_pos_as_xyz\n  1  'x, y, z'\nloop_\n _atom_site_type_symbol\n _atom_site_label\n _atom_site_symmetry_multiplicity\n _atom_site_fract_x\n _atom_site_fract_y\n _atom_site_fract_z\n _atom_site_occupancy\n  Mg  Mg1  1  0.000000  0.000000  0.000000  1\n  Mg  Mg2  1  0.500000  0.000000  0.500000  1\n  P  P3  1  0.708019  0.748754  0.254436  1\n  P  P4  1  0.208019  0.251246  0.245564  1\n  P  P5  1  0.291981  0.251246  0.745564  1\n  P  P6  1  0.791981  0.748754  0.754436  1\n  P  P7  1  0.110455  0.605549  0.598456  1\n  P  P8  1  0.610455  0.394451  0.901544  1\n  P  P9  1  0.889545  0.394451  0.401544  1\n  P  P10  1  0.389545  0.605549  0.098456  1\n"}}