{"phonon": {"ph_bandstructure": [[0.0, 0.0, 0.0, 181.31406725433746, 181.3140672559762, 183.58706310047734, 222.5699035389884, 222.56990354039803, 238.30053043056793]]}, "dielectric": {"eps_electronic": [[22.286107384323326, -9.017795580146252e-15, -1.4210854715202004e-14], [-9.017795580146252e-15, 22.286107384323326, -1.4210854715202004e-14], [-1.437485045821799e-14, -1.437485045821799e-14, 22.286107384323326]], "eps_total": [[26.192232074954337, -5.438056346507455e-10, 4.0968117787087976e-11], [-5.438061545776009e-10, 26.192232075129844, 8.746070534471073e-11], [4.09724969742576e-11, 8.745975546136215e-11, 26.192232075010562]], "becs": [[[1.9795946395212076, 0.0, 0.0], [0.0, 1.9795946395212076, 0.0], [-1.1015792968096721e-18, -1.1015792968096721e-18, 1.9795946395212076]], [[-2.7089718109638645, 0.0, 0.0], [0.0, -2.7089718109638645, 0.0], [1.1752217643534535e-18, 1.1752217643534535e-18, -2.7089718109638645]], [[0.7293771728888649, 0.0, 0.0], [0.0, 0.7293771728888649, 0.0], [-7.364249712316327e-20, -7.364249712316327e-20, 0.7293771728888649]]]}, "metadata": {"formula": "ScNiBi", "nsites": 3, "structure": "# generated using pymatgen\ndata_ScNiBi\n_symmetry_space_group_name_H-M   'P 1'\n_cell_length_a   4.36206324\n_cell_length_b   4.36206324\n_cell_length_c   4.36206324\n_cell_angle_alpha   60.00000000\n_cell_angle_beta   60.00000000\n_cell_angle_gamma   60.00000000\n_symmetry_Int_Tables_number   1\n_chemical_formula_structural   ScNiBi\n_chemical_formula_sum   'Sc1 Ni1 Bi1'\n_cell_volume   58.6895629849\n_cell_formula_units_Z   1\nloop_\n _symmetry_equiv_pos_site_id\n _symmetry_equiv_pos_as_xyz\n  1  'x, y, z'\nloop_\n _atom_site_type_symbol\n _atom_site_label\n _atom_site_symmetry_multiplicity\n _atom_site_fract_x\n _atom_site_fract_y\n _atom_site_fract_z\n _atom_site_occupancy\n  Sc  Sc1  1  0.500000  0.500000  0.500000  1\n  Ni  Ni2  1  0.750000  0.750000  0.750000  1\n  Bi  Bi3  1  0.000000  0.000000  0.000000  1\n"}}