{"phonon": {"ph_bandstructure": [[-0.011148388138281827, -0.009402785074129694, -0.005101221094671419, 138.74743394550816, 175.8440066261961, 176.4782065650394, 194.1060266707158, 194.21780470778648, 216.8926324940433, 247.42921678312717, 257.72530158818665, 277.0252838061704, 281.47319132936514, 308.86355603861045, 332.135545492791, 358.0375753472635, 358.83196502372283, 371.8295965334998, 372.25610703149766, 379.57136157505107, 435.8734447319191, 443.40277703863995, 448.6482475164699, 458.90866375243075, 575.9445684426215, 582.2703909334471, 658.8529486174864, 659.2229889210424, 832.5421302739858, 903.9902993708449]]}, "dielectric": {"eps_electronic": [[5.081967885897832, 0.0, 0.02706061818835579], [0.0, 4.998251172970785, 0.0], [0.027060618188355024, 0.0, 5.00699825620405]], "eps_total": [[37.902627953292296, -6.217248937900877e-14, -1.4648977343966914], [-4.765303971399344e-14, 42.43454300714848, 1.1266435147982645e-14], [-1.464897734396693, 1.2434497875801753e-14, 41.96102897468216]], "becs": [[[1.0474567743251604, 0.05149226243436434, -0.03781502157613448], [-0.05149226243291874, 1.1644440980896404, 0.15930023905123467], [-0.037815021574876734, -0.15930023905041152, 1.1522207578956651]], [[1.0474567743251604, -0.051492262434364354, -0.03781502157613448], [0.05149226243291874, 1.1644440980896404, -0.15930023905123467], [-0.037815021574876734, 0.15930023905041152, 1.1522207578956651]], [[7.27084114940269, -0.4610470486439593, 0.013785739063565948], [0.4610470486310122, 7.228192576112443, -1.426328958772523], [0.013785739063107778, 1.4263289587651529, 7.232648683007954]], [[7.27084114940269, 0.4610470486439593, 0.013785739063565948], [-0.4610470486310122, 7.228192576112443, 1.426328958772523], [0.013785739063107778, -1.4263289587651529, 7.232648683007954]], [[-2.231156800422762, 1.2990264853606095, -0.8365348720042064], [1.2914718354018617, -3.5293425067241166, 1.3490285213744446], [-0.8844838240539767, 1.3908394323385496, -2.6047687058171545]], [[-3.95605240252692, 0.20779594913614013, 1.8296387273420183], [0.14722385961805562, -1.6477684710826295, -0.12313929382390118], [1.8362508889671059, -0.1429288948035167, -2.7614471393544826]], [[-2.231156800422762, -1.2990264853606095, -0.8365348720042064], [-1.2914718354018617, -3.5293425067241166, -1.3490285213744446], [-0.8844838240539767, -1.3908394323385496, -2.6047687058171545]], [[-2.13108872082784, 1.1085132131974644, -0.9690745728406717], [1.1269652988112955, -3.2155256963972807, 1.5256347720397327], [-0.9277377824167884, 1.480301370300956, -3.0186535957389116]], [[-2.13108872082784, -1.1085132131974644, -0.9690745728406717], [-1.1269652988112955, -3.2155256963972807, -1.5256347720397327], [-0.9277377824167884, -1.480301370300956, -3.0186535957389116]], [[-3.95605240252692, -0.20779594913614013, 1.8296387273420183], [-0.14722385961805562, -1.6477684710826295, 0.12313929382390118], [1.8362508889671059, 0.1429288948035167, -2.7614471393544826]]]}, "metadata": {"formula": "LiTaO3", "nsites": 10, "structure": "# generated using pymatgen\ndata_LiTaO3\n_symmetry_space_group_name_H-M   'P 1'\n_cell_length_a   5.45665544\n_cell_length_b   5.45665544\n_cell_length_c   5.45665544\n_cell_angle_alpha   56.09105125\n_cell_angle_beta   56.09105125\n_cell_angle_gamma   56.09105125\n_symmetry_Int_Tables_number   1\n_chemical_formula_structural   LiTaO3\n_chemical_formula_sum   'Li2 Ta2 O6'\n_cell_volume   104.485745121\n_cell_formula_units_Z   2\nloop_\n _symmetry_equiv_pos_site_id\n _symmetry_equiv_pos_as_xyz\n  1  'x, y, z'\nloop_\n _atom_site_type_symbol\n _atom_site_label\n _atom_site_symmetry_multiplicity\n _atom_site_fract_x\n _atom_site_fract_y\n _atom_site_fract_z\n _atom_site_occupancy\n  Li  Li1  1  0.717685  0.717685  0.717685  1\n  Li  Li2  1  0.217685  0.217685  0.217685  1\n  Ta  Ta3  1  0.000673  0.000673  0.000673  1\n  Ta  Ta4  1  0.500673  0.500673  0.500673  1\n  O  O5  1  0.135895  0.774863  0.382684  1\n  O  O6  1  0.635895  0.882684  0.274863  1\n  O  O7  1  0.274863  0.635895  0.882684  1\n  O  O8  1  0.882684  0.274863  0.635895  1\n  O  O9  1  0.774863  0.382684  0.135895  1\n  O  O10  1  0.382684  0.135895  0.774863  1\n"}}