{"phonon": {"ph_bandstructure": [[0.0, 0.0, 0.0, 40.90586132887069, 41.890483738331405, 47.95555181719289, 55.69184530840908, 57.578566069001, 61.18541780777218, 63.03102449137245, 63.41782208601318, 63.811839309232866, 72.10971877229392, 73.45542019642794, 83.34731569197989, 101.96572654188212, 106.6409381459661, 114.20878646106507, 125.74225082867137, 128.4719313073012, 138.33249476475606, 161.77803753023716, 162.8026511140063, 180.5103282451601, 201.44522779964348, 208.80600392117356, 221.73047864296225, 236.62985355184526, 241.39894238671883, 324.2147167666155, 334.1904073669251, 354.1478276567168, 355.07124009339645, 391.4313826212691, 450.81744154640324, 469.85630620172856]]}, "dielectric": {"eps_electronic": [[4.729626917562873, 0.0, 1.8320436334827619e-22], [-4.440892098500626e-16, 4.1561394350766285, -3.79044280670587e-38], [1.8320436334827614e-22, -4.70197740328915e-38, 7.519455077377495]], "eps_total": [[8.204800874412532, -8.881784197001252e-16, 1.8320436334827619e-22], [0.0, 8.712572795533752, -3.79044280670587e-38], [1.8320436334827614e-22, -4.70197740328915e-38, 20.927294854992944]], "becs": [[[1.5113418054504284, -0.2674245833448553, -1.1564449598958126e-17], [-0.41837386259466025, 1.432468520888636, -3.831669083603246e-18], [4.625929407134921e-17, -6.981940369051616e-20, 1.2002912306303255]], [[1.5113418054504284, -0.2674245833448553, -1.1564449598958126e-17], [-0.41837386259466025, 1.432468520888636, -3.831669083603246e-18], [4.625929407134921e-17, -6.981940369051616e-20, 1.2002912306303224]], [[1.5113418054504302, 0.2674245833448551, -1.1565010477276891e-17], [0.4183738625946598, 1.4324685208886365, -3.831929553040103e-18], [4.625929407134921e-17, -6.981940369051616e-20, 1.2002912306303237]], [[1.5113418054504293, 0.26742458334485486, -1.1564449598958126e-17], [0.4183738625946589, 1.4324685208886365, -3.830627205855818e-18], [4.625929407134921e-17, -6.981940369051616e-20, 1.2002912306303237]], [[2.45918191655972, -1.295260233997778e-16, -1.1563327842320597e-17], [-2.220446115424762e-16, 1.7136835119206781, -3.8311481447295316e-18], [4.625929407134921e-17, -6.981940369051616e-20, 6.66711975930939]], [[2.45918191655972, -1.295260233997778e-16, -1.1563210992670855e-17], [-2.220446115424762e-16, 1.7136835119206781, -3.8309853513314965e-18], [4.625929407134921e-17, -6.981940369051616e-20, 6.66711975930939]], [[-1.0007324528564392, 7.586523963003474e-16, 0.41847538320794825], [1.5543122278577743e-15, -1.7874835793843056, -3.8311481447295316e-18], [1.2737380407850192, -6.981940369051616e-20, -3.9006161323071673]], [[-1.0007324528564383, -1.295260233997778e-16, -0.4184753832079482], [-2.220446115424762e-16, -1.7874835793843047, -3.8311481447295316e-18], [-1.2737380407850192, -6.981940369051616e-20, -3.9006161323071673]], [[-3.4804006217510444, 3.1456318645028483e-16, -1.156454307867792e-17], [6.66133808157649e-16, -1.0036533949381041, -3.83127837944796e-18], [4.625929407134921e-17, -6.981940369051616e-20, -1.2664699571011107]], [[-3.4804006217510444, 3.1456318645028483e-16, -1.1564636558397714e-17], [6.66133808157649e-16, -1.0036533949381041, -3.8314086141663884e-18], [4.625929407134921e-17, -6.981940369051616e-20, -1.2664699571011107]], [[-1.0007324528564383, -1.295260233997778e-16, -0.4184753832079482], [-2.220446115424762e-16, -1.7874835793843047, 4.214415847984108e-17], [-1.2737380407850196, -8.16608806119436e-17, -3.9006161323071673]], [[-1.0007324528564405, -1.295260233997778e-16, 0.41847538320794825], [-2.220446115424762e-16, -1.787483579384307, -3.8311481447295316e-18], [1.2737380407850192, 8.235907462387939e-17, -3.9006161323071673]]]}, "metadata": {"formula": "Cs2TiS3", "nsites": 12, "structure": "# generated using pymatgen\ndata_Cs2TiS3\n_symmetry_space_group_name_H-M   'P 1'\n_cell_length_a   7.66905118\n_cell_length_b   7.66905118\n_cell_length_c   6.44910425\n_cell_angle_alpha   90.00000000\n_cell_angle_beta   90.00000000\n_cell_angle_gamma   108.66003309\n_symmetry_Int_Tables_number   1\n_chemical_formula_structural   Cs2TiS3\n_chemical_formula_sum   'Cs4 Ti2 S6'\n_cell_volume   359.361456473\n_cell_formula_units_Z   2\nloop_\n _symmetry_equiv_pos_site_id\n _symmetry_equiv_pos_as_xyz\n  1  'x, y, z'\nloop_\n _atom_site_type_symbol\n _atom_site_label\n _atom_site_symmetry_multiplicity\n _atom_site_fract_x\n _atom_site_fract_y\n _atom_site_fract_z\n _atom_site_occupancy\n  Cs  Cs1  1  0.006138  0.316529  0.250000  1\n  Cs  Cs2  1  0.993862  0.683471  0.750000  1\n  Cs  Cs3  1  0.683471  0.993862  0.750000  1\n  Cs  Cs4  1  0.316529  0.006138  0.250000  1\n  Ti  Ti5  1  0.421430  0.421430  0.750000  1\n  Ti  Ti6  1  0.578570  0.578570  0.250000  1\n  S  S7  1  0.370832  0.629168  0.500000  1\n  S  S8  1  0.629168  0.370832  1.000000  1\n  S  S9  1  0.172958  0.172958  0.750000  1\n  S  S10  1  0.827042  0.827042  0.250000  1\n  S  S11  1  0.370832  0.629168  0.000000  1\n  S  S12  1  0.629168  0.370832  0.500000  1\n"}}