{"phonon": {"ph_bandstructure": [[0.0, 0.0, 0.0, 31.62851321953135, 31.628513231417035, 48.990005559535966, 75.1714029950856, 75.17140299904102, 82.98839784486923, 86.94649415362029, 112.56940997494783, 120.06147171353945, 154.8423806303857, 155.79960782902873, 155.79960783200204, 158.88502005447893, 172.66161452131732, 175.99267678477]]}, "dielectric": {"eps_electronic": [[14.728248958273571, 0.0, -3.9293001558335516e-25], [-1.7763568394002505e-15, 14.728248958567292, 0.0], [-1.9646500779167756e-25, -3.4028737540824125e-25, 7.706190517539726]], "eps_total": [[17.021848975981683, 0.0, -3.9293001558335516e-25], [0.0, 17.02184897652938, 0.0], [-1.9646500779167756e-25, -3.4028737540824125e-25, 11.056690842713417]], "becs": [[[0.9235546960984228, -3.700744187452427e-17, -2.357880497486676e-23], [-5.18104106834001e-16, 0.9235546960984224, -3.430533789992846e-23], [0.0, 0.0, 1.7533240052484427]], [[0.9235546960984228, -2.590520467995556e-16, -4.715761017459853e-24], [-1.8503717363841888e-15, 0.9235546960984224, -1.6335873799450646e-24], [0.0, 0.0, 1.7533240052484427]], [[1.036247251886941, -3.700744187452427e-17, 2.8294565655029094e-24], [8.141635227161869e-16, 1.036247251886942, -1.6335873799450632e-24], [0.0, 0.0, -0.5430642524825474]], [[1.036247251886942, 4.0708176797553835e-16, 2.8294565655029094e-24], [1.7023419424163121e-15, 1.0362472518869428, 1.1435112828048293e-23], [0.0, 0.0, -0.5430642524825474]], [[-1.9598019445089552, -2.590520467995556e-16, 8.488369752724982e-24], [-9.621933166840636e-16, -1.9598019445089552, 8.167937776049954e-24], [0.0, 0.0, -1.2102597535419721]], [[-1.9598019445089552, 1.8503716305050704e-16, 1.4147282939947053e-23], [8.141635227161869e-16, -1.9598019445089552, 1.7969462932044972e-23], [0.0, 0.0, -1.2102597535419721]]]}, "metadata": {"formula": "KSnSb", "nsites": 6, "structure": "# generated using pymatgen\ndata_KSnSb\n_symmetry_space_group_name_H-M   'P 1'\n_cell_length_a   4.36751589\n_cell_length_b   4.36751589\n_cell_length_c   13.00564544\n_cell_angle_alpha   90.00000000\n_cell_angle_beta   90.00000000\n_cell_angle_gamma   120.00000000\n_symmetry_Int_Tables_number   1\n_chemical_formula_structural   KSnSb\n_chemical_formula_sum   'K2 Sn2 Sb2'\n_cell_volume   214.848105527\n_cell_formula_units_Z   2\nloop_\n _symmetry_equiv_pos_site_id\n _symmetry_equiv_pos_as_xyz\n  1  'x, y, z'\nloop_\n _atom_site_type_symbol\n _atom_site_label\n _atom_site_symmetry_multiplicity\n _atom_site_fract_x\n _atom_site_fract_y\n _atom_site_fract_z\n _atom_site_occupancy\n  K  K1  1  0.333333  0.666667  0.999028  1\n  K  K2  1  0.666667  0.333333  0.499028  1\n  Sn  Sn3  1  0.000000  0.000000  0.297709  1\n  Sn  Sn4  1  0.000000  0.000000  0.797709  1\n  Sb  Sb5  1  0.333333  0.666667  0.687763  1\n  Sb  Sb6  1  0.666667  0.333333  0.187763  1\n"}}