{"phonon": {"ph_bandstructure": [[0.0, 0.0, 0.0, 162.9377569783753, 162.93775698016015, 167.9593121227858, 235.23188657145366, 235.23188657281239, 289.6485082042045]]}, "dielectric": {"eps_electronic": [[19.45734993882641, 2.196290466795563e-15, 0.0], [2.196290466795563e-15, 19.45734993882641, 0.0], [-8.359621768223703e-16, -8.359621768223703e-16, 19.457349938826408]], "eps_total": [[31.347189278532305, -4.312218632712463e-11, -1.2816414596272807e-11], [-4.312016024058128e-11, 31.347189278927925, -6.940403807220719e-11], [-1.281717584961083e-11, -6.940479932554521e-11, 31.347189279151415]], "becs": [[[4.735336612720001, 0.0, 0.0], [0.0, 4.735336612720001, 0.0], [1.0095451577660642e-18, 1.0095451577660642e-18, 4.735336612720001]], [[2.466204939417387, 0.0, 0.0], [0.0, 2.466204939417387, 0.0], [1.1211524288031427e-18, 1.1211524288031427e-18, 2.466204939417387]], [[-7.201541552005049, 0.0, 0.0], [0.0, -7.201541552005049, 0.0], [-2.130697519632552e-18, -2.130697519632552e-18, -7.201541552005049]]]}, "metadata": {"formula": "TaSbRu", "nsites": 3, "structure": "# generated using pymatgen\ndata_TaSbRu\n_symmetry_space_group_name_H-M   'P 1'\n_cell_length_a   4.33200059\n_cell_length_b   4.33200059\n_cell_length_c   4.33200059\n_cell_angle_alpha   60.00000000\n_cell_angle_beta   60.00000000\n_cell_angle_gamma   60.00000000\n_symmetry_Int_Tables_number   1\n_chemical_formula_structural   TaSbRu\n_chemical_formula_sum   'Ta1 Sb1 Ru1'\n_cell_volume   57.484468738\n_cell_formula_units_Z   1\nloop_\n _symmetry_equiv_pos_site_id\n _symmetry_equiv_pos_as_xyz\n  1  'x, y, z'\nloop_\n _atom_site_type_symbol\n _atom_site_label\n _atom_site_symmetry_multiplicity\n _atom_site_fract_x\n _atom_site_fract_y\n _atom_site_fract_z\n _atom_site_occupancy\n  Ta  Ta1  1  0.000000  0.000000  0.000000  1\n  Sb  Sb2  1  0.500000  0.500000  0.500000  1\n  Ru  Ru3  1  0.250000  0.250000  0.250000  1\n"}}