{"phonon": {"ph_bandstructure": [[0.0, 0.0, 0.0, 155.23107834935513, 157.19613247162627, 158.76866216968583, 159.9499699366071, 179.2071355375973, 185.59149793539476, 217.75715219991145, 222.5193979167949, 234.66362705202877, 246.84526164295357, 251.39439770186257, 259.0243174583903, 259.3207181324933, 267.8736469032107, 268.56211018703533, 268.69517836915236, 283.829131513859, 285.5199228641021, 292.1910406761098, 293.21475478214865, 296.59146909488874, 339.8736881935586, 345.1469409347513, 350.6153943022034, 356.376799951127, 365.1065759363647, 365.40438945586124, 369.58278408317716, 373.1739652051615, 388.68157236918495, 398.4405290696755, 398.45280918551697, 400.8794738088978]]}, "dielectric": {"eps_electronic": [[23.441016109597268, 0.0, 0.0], [0.0, 23.588608556043212, 0.0], [0.0, 0.0, 23.675268706025765]], "eps_total": [[31.141375756589056, 0.0, 0.0], [0.0, 31.250750251750787, 0.0], [0.0, 0.0, 30.676738508674376]], "becs": [[[-4.495448086293166, 0.24381464131462205, -0.7828897678912794], [0.6583504088624161, -4.571045841956831, 0.16317002073212752], [-0.30134788170448457, 0.677965466438822, -4.603953789605082]], [[-4.495448086293166, 0.24381464131462205, 0.7828897678912794], [0.6583504088624161, -4.571045841956831, -0.16317002073212752], [0.30134788170448457, -0.677965466438822, -4.603953789605082]], [[-4.495448086293166, -0.24381464131462205, -0.7828897678912794], [-0.6583504088624161, -4.571045841956831, -0.16317002073212752], [-0.30134788170448457, -0.677965466438822, -4.603953789605082]], [[-4.495448086293166, -0.24381464131462205, 0.7828897678912794], [-0.6583504088624161, -4.571045841956838, 0.16317002073212752], [0.30134788170448457, 0.677965466438822, -4.603953789605082]], [[3.4343551385312905, 0.042015239569064666, -0.1475390000549688], [0.22286187933587598, 3.3920425825744154, 0.07105476857129452], [-0.18556357345627267, -0.22038353988808682, 3.1825989994528956]], [[3.4343551385312905, -0.042015239569064666, -0.1475390000549688], [-0.22286187933587598, 3.3920425825744154, -0.07105476857129452], [-0.18556357345627267, 0.22038353988808682, 3.1825989994528956]], [[3.4343551385312905, 0.042015239569064666, 0.1475390000549688], [0.22286187933587598, 3.3920425825744127, -0.07105476857129452], [0.18556357345627272, 0.2203835398880868, 3.1825989994528956]], [[3.4343551385312905, -0.042015239569064666, 0.1475390000549688], [-0.222861879335876, 3.3920425825744127, 0.07105476857129452], [0.18556357345627272, -0.2203835398880868, 3.1825989994528956]], [[1.0610929476028301, -0.059236203453647385, -0.15238085187277572], [-0.008810344397657092, 1.1790032591270667, -0.15790951023494615], [0.2038601956631813, -0.027038641465043794, 1.4213547898989423]], [[1.0610929476028301, 0.059236203453647385, -0.15238085187277572], [0.008810344397657096, 1.1790032591270667, 0.15790951023494615], [0.2038601956631813, 0.027038641465043797, 1.4213547898989423]], [[1.0610929476028301, 0.059236203453647385, 0.15238085187277572], [0.008810344397657096, 1.1790032591270667, -0.15790951023494615], [-0.2038601956631813, -0.027038641465043794, 1.4213547898989423]], [[1.0610929476028301, -0.059236203453647385, 0.15238085187277572], [-0.008810344397657092, 1.1790032591270667, 0.15790951023494615], [-0.2038601956631813, 0.027038641465043794, 1.4213547898989423]]]}, "metadata": {"formula": "CoAsS", "nsites": 12, "structure": "# generated using pymatgen\ndata_CoAsS\n_symmetry_space_group_name_H-M   'P 1'\n_cell_length_a   5.49151298\n_cell_length_b   5.49736270\n_cell_length_c   5.50200707\n_cell_angle_alpha   90.00000000\n_cell_angle_beta   90.00000000\n_cell_angle_gamma   90.00000000\n_symmetry_Int_Tables_number   1\n_chemical_formula_structural   CoAsS\n_chemical_formula_sum   'Co4 As4 S4'\n_cell_volume   166.099203838\n_cell_formula_units_Z   4\nloop_\n _symmetry_equiv_pos_site_id\n _symmetry_equiv_pos_as_xyz\n  1  'x, y, z'\nloop_\n _atom_site_type_symbol\n _atom_site_label\n _atom_site_symmetry_multiplicity\n _atom_site_fract_x\n _atom_site_fract_y\n _atom_site_fract_z\n _atom_site_occupancy\n  Co  Co1  1  0.501230  0.492332  0.237907  1\n  Co  Co2  1  0.501230  0.992332  0.762093  1\n  Co  Co3  1  0.001230  0.007668  0.237907  1\n  Co  Co4  1  0.001230  0.507668  0.762093  1\n  As  As5  1  0.382086  0.877708  0.371281  1\n  As  As6  1  0.882086  0.622292  0.371281  1\n  As  As7  1  0.382086  0.377708  0.628719  1\n  As  As8  1  0.882086  0.122292  0.628719  1\n  S  S9  1  0.623684  0.119481  0.128186  1\n  S  S10  1  0.123684  0.380519  0.128186  1\n  S  S11  1  0.123684  0.880519  0.871814  1\n  S  S12  1  0.623684  0.619481  0.871814  1\n"}}