{"phonon": {"ph_bandstructure": [[0.0, 0.0, 0.0, 68.39965883221332, 68.3996588380425, 89.53089266639016, 98.89534998966431, 105.88765656854136, 111.00872610060486, 111.00872610423096, 111.13296114341276, 123.95423684767123, 259.68385514334483, 279.5752735362942, 289.6200769327312, 289.6200769342446, 298.0089758203581, 333.9390580891041]]}, "dielectric": {"eps_electronic": [[4.677204144096977, 0.0, -1.868100657735816e-24], [0.0, 4.677204144096977, -1.868100657735816e-24], [-1.868100657735816e-24, -1.868100657735816e-24, 4.351374201053776]], "eps_total": [[8.440869653987406, -1.8910315479313267e-15, -1.868100657735816e-24], [-1.8910315479313267e-15, 8.440869654176337, -1.868100657735816e-24], [-1.868100657735816e-24, -1.868100657735816e-24, 8.503547076739904]], "becs": [[[1.0722519695099724, 0.0, 0.0], [0.0, 1.0722519695099717, 0.0], [-1.5471206537544777e-24, -2.593184893753865e-25, 1.2360102149530623]], [[1.0722519695099724, 0.0, 0.0], [0.0, 1.0722519695099717, 0.0], [-1.96906265137614e-24, -1.1032024846187108e-24, 1.2360102149530623]], [[1.0133962787886241, 0.0, 0.0], [0.0, 1.0133962787886235, 0.0], [1.4064733673217125e-25, 8.74650629232831e-25, 0.5723044086767647]], [[1.0133962787886241, 0.0, 0.0], [0.0, 1.0133962787886235, 0.0], [1.4064733673217125e-25, 1.0065075034896005e-24, 0.5723044086767647]], [[-2.085648248391337, 0.0, 0.0], [0.0, -2.085648248391334, 0.0], [-1.5471206537544777e-24, 1.0065075034896005e-24, -1.80831462362673]], [[-2.0856482483913332, 0.0, 0.0], [0.0, -2.085648248391334, 0.0], [4.782009310570456e-24, -1.5251444822403735e-24, -1.80831462362673]]]}, "metadata": {"formula": "KLiTe", "nsites": 6, "structure": "# generated using pymatgen\ndata_KLiTe\n_symmetry_space_group_name_H-M   'P 1'\n_cell_length_a   4.77343824\n_cell_length_b   4.77343824\n_cell_length_c   7.64950950\n_cell_angle_alpha   90.00000000\n_cell_angle_beta   90.00000000\n_cell_angle_gamma   90.00000000\n_symmetry_Int_Tables_number   1\n_chemical_formula_structural   KLiTe\n_chemical_formula_sum   'K2 Li2 Te2'\n_cell_volume   174.299524861\n_cell_formula_units_Z   2\nloop_\n _symmetry_equiv_pos_site_id\n _symmetry_equiv_pos_as_xyz\n  1  'x, y, z'\nloop_\n _atom_site_type_symbol\n _atom_site_label\n _atom_site_symmetry_multiplicity\n _atom_site_fract_x\n _atom_site_fract_y\n _atom_site_fract_z\n _atom_site_occupancy\n  K  K1  1  0.500000  0.000000  0.664699  1\n  K  K2  1  0.000000  0.500000  0.335301  1\n  Li  Li3  1  0.500000  0.500000  0.000000  1\n  Li  Li4  1  0.000000  0.000000  0.000000  1\n  Te  Te5  1  0.500000  0.000000  0.199364  1\n  Te  Te6  1  0.000000  0.500000  0.800636  1\n"}}