{"phonon": {"ph_bandstructure": [[-0.0028250190215246395, -0.002777453993767902, 0.0, 92.61612603040281, 92.61612603220905, 154.37177908884928, 227.1065913222011, 227.5680615266182, 250.85338183609156, 322.2524596730486, 331.01186583728213, 349.86335850692427, 362.0527273513387, 362.0527273540831, 412.94594602100267, 475.1865230560566, 475.1865230587576, 536.9706856149528, 542.0220049637004, 544.4809960651321, 643.4534259392188, 648.6287548568688, 692.0454965251203, 792.5897767402444]]}, "dielectric": {"eps_electronic": [[1.9735382140719218, 0.0, 0.0009784476560792605], [0.0, 1.9706883479615014, 0.0], [0.0009784476560789725, 0.0, 1.9710242794483832]], "eps_total": [[4.922927246828289, -1.9984014443252818e-14, 0.06021739058126594], [-2.0527447042703727e-14, 4.747535645273586, -7.315993480254926e-15], [0.06021739058126507, -7.327471962526033e-15, 4.76821014783402]], "becs": [[[2.945153679405988, 0.037700771962542776, 0.007294559279054431], [-0.03770077196310849, 2.9239072517030245, 0.10980878970478805], [0.007294559279029883, -0.10980878970276743, 2.926411700724732]], [[2.945153679405988, -0.037700771962542776, 0.007294559279054431], [0.03770077196310849, 2.9239072517030245, -0.10980878970478805], [0.007294559279029883, 0.10980878970276743, 2.926411700724732]], [[-0.8433189760073477, 0.256907208243929, -0.20327133793292423], [0.25637679214188824, -1.1079363340543025, 0.33213435610766984], [-0.20294755575561313, 0.3323164644437717, -0.980568900549597]], [[-1.2585157273912924, 0.0, 0.3992481165867941], [0.0, -0.7080345835944194, 0.0], [0.39860055223219637, 0.0, -0.9652738996255379]], [[-0.8433189760073477, -0.256907208243929, -0.20327133793292423], [-0.25637679214188824, -1.1079363340543025, -0.33213435610766984], [-0.20294755575561313, -0.3323164644437717, -0.980568900549597]], [[-1.2585157273912924, 0.0, 0.3992481165867941], [0.0, -0.7080345835944194, 0.0], [0.39860055223219637, 0.0, -0.9652738996255379]], [[-0.8433189760073477, 0.256907208243929, -0.20327133793292423], [0.25637679214188824, -1.1079363340543025, 0.33213435610766984], [-0.20294755575561313, 0.3323164644437717, -0.980568900549597]], [[-0.8433189760073477, -0.256907208243929, -0.20327133793292423], [-0.25637679214188824, -1.1079363340543025, -0.33213435610766984], [-0.20294755575561313, -0.3323164644437717, -0.980568900549597]]]}, "metadata": {"formula": "AlF3", "nsites": 8, "structure": "# generated using pymatgen\ndata_AlF3\n_symmetry_space_group_name_H-M   'P 1'\n_cell_length_a   5.04955434\n_cell_length_b   5.04955434\n_cell_length_c   5.04955434\n_cell_angle_alpha   58.71036328\n_cell_angle_beta   58.71036328\n_cell_angle_gamma   58.71036329\n_symmetry_Int_Tables_number   1\n_chemical_formula_structural   AlF3\n_chemical_formula_sum   'Al2 F6'\n_cell_volume   88.359796707\n_cell_formula_units_Z   2\nloop_\n _symmetry_equiv_pos_site_id\n _symmetry_equiv_pos_as_xyz\n  1  'x, y, z'\nloop_\n _atom_site_type_symbol\n _atom_site_label\n _atom_site_symmetry_multiplicity\n _atom_site_fract_x\n _atom_site_fract_y\n _atom_site_fract_z\n _atom_site_occupancy\n  Al  Al1  1  0.500000  0.500000  0.500000  1\n  Al  Al2  1  0.000000  0.000000  0.000000  1\n  F  F3  1  0.176396  0.750000  0.323604  1\n  F  F4  1  0.323604  0.176396  0.750000  1\n  F  F5  1  0.250000  0.676396  0.823604  1\n  F  F6  1  0.676396  0.823604  0.250000  1\n  F  F7  1  0.823604  0.250000  0.676396  1\n  F  F8  1  0.750000  0.323604  0.176396  1\n"}}