{"phonon": {"ph_bandstructure": [[0.0, 0.0, 0.0, 63.93369252389321, 64.05861693411342, 86.27564704164854, 106.45524033436716, 150.1075038364565, 153.34936515997322, 240.15313315236776, 242.46396947855945, 282.58937333996863, 286.2003922799479, 293.43523214278645, 293.4611579628708, 302.81188072442365, 318.8219450093236, 373.6196127895497, 441.2371560518174, 443.1630310242902, 446.42052106158474, 475.2922389126881, 476.3834164969927, 495.7317081832556]]}, "dielectric": {"eps_electronic": [[11.204126327788154, 2.947522918046606e-16, -1.6292245231371725e-15], [2.947522918046606e-16, 11.204126327788154, -1.6292245231371725e-15], [3.4761616799785396e-15, 3.4761616799785396e-15, 11.005982926095548]], "eps_total": [[13.549165713243317, 5.512473932813271e-15, -3.7934955735979715e-17], [7.19639711587288e-15, 13.549165713285252, -1.0394867001746298e-15], [3.436189804875382e-16, 3.008154239587914e-15, 13.168122366746877]], "becs": [[[2.054613597888124, -0.043239416606645265, 4.691036733943884e-16], [0.04323941660664895, 2.0546135978881237, -5.16219260960438e-16], [-3.191891195797325e-15, -1.6514567491299204e-15, 1.6012434383785865]], [[2.054613597888124, 0.043239416606647374, -8.042694716982374e-16], [-0.043239416606646354, 2.0546135978881255, 8.749428530473118e-16], [3.608224830031759e-16, -1.6514567491299204e-15, 1.6012434383785883]], [[2.216955075172359, 0.09183687769113558, -6.938893903907228e-18], [-0.09183687769113622, 2.216955075172359, 6.938893903907228e-18], [2.498001805406602e-16, 1.249000902703301e-16, 2.470560964449363]], [[2.2169550751723595, -0.09183687769113591, 1.551774734555491e-16], [0.09183687769113533, 2.2169550751723586, -1.6401164612418342e-16], [2.498001805406602e-16, 1.3877787807814457e-17, 2.470560964449363]], [[-2.0804882414500967, -9.43689570931383e-16, 1.0408340855860843e-16], [-1.1449174941446927e-15, -2.191080431610386, 0.38271535891422237], [1.2490009027033011e-15, 0.26911390798779167, -2.035902201413975]], [[-2.1910804316103865, -1.3877787807814457e-15, 0.3827153589142226], [-2.5673907444456745e-16, -2.0804882414500963, 3.677613769070831e-16], [0.2691139079877892, 1.457167719820518e-15, -2.035902201413975]], [[-2.0804882414500963, 3.885780586188048e-16, 4.371503159461554e-16], [-1.1449174941446927e-15, -2.191080431610388, -0.38271535891422337], [1.6930901125533637e-15, -0.2691139079877901, -2.035902201413975]], [[-2.1910804316103865, 1.6653345369377348e-16, -0.3827153589142229], [8.534839501805891e-16, -2.0804882414500963, 4.2327252813834093e-16], [-0.2691139079877899, 1.249000902703301e-16, -2.0359022014139754]]]}, "metadata": {"formula": "CdSiP2", "nsites": 8, "structure": "# generated using pymatgen\ndata_CdSiP2\n_symmetry_space_group_name_H-M   'P 1'\n_cell_length_a   6.59380382\n_cell_length_b   6.59380382\n_cell_length_c   6.59380382\n_cell_angle_alpha   129.32039698\n_cell_angle_beta   129.32039698\n_cell_angle_gamma   74.49558491\n_symmetry_Int_Tables_number   1\n_chemical_formula_structural   CdSiP2\n_chemical_formula_sum   'Cd2 Si2 P4'\n_cell_volume   167.206691499\n_cell_formula_units_Z   2\nloop_\n _symmetry_equiv_pos_site_id\n _symmetry_equiv_pos_as_xyz\n  1  'x, y, z'\nloop_\n _atom_site_type_symbol\n _atom_site_label\n _atom_site_symmetry_multiplicity\n _atom_site_fract_x\n _atom_site_fract_y\n _atom_site_fract_z\n _atom_site_occupancy\n  Cd  Cd1  1  0.000000  0.000000  0.000000  1\n  Cd  Cd2  1  0.750000  0.250000  0.500000  1\n  Si  Si3  1  0.250000  0.750000  0.500000  1\n  Si  Si4  1  0.500000  0.500000  0.000000  1\n  P  P5  1  0.375000  0.417751  0.542751  1\n  P  P6  1  0.167751  0.625000  0.042751  1\n  P  P7  1  0.875000  0.832249  0.457249  1\n  P  P8  1  0.582249  0.125000  0.957249  1\n"}}