{"phonon": {"ph_bandstructure": [[0.0, 0.0, 0.0, 248.8891345261371, 248.88913452790445, 252.4045766747192, 275.8036520639248, 379.3406544904459, 640.9153895954757, 657.7533108805643, 1296.8324687469612, 2063.9240073837514]]}, "dielectric": {"eps_electronic": [[4.675669402527039, -2.220446049250313e-16, 0.40387251143922337], [-1.0893724825627471e-15, 2.7898925057481456, 1.7182319507664052e-16], [0.4038725114392231, 0.0, 2.876388954928765]], "eps_total": [[10.91645964332912, -3.752553823233029e-14, 0.9236044593891348], [-3.7028375816498486e-14, 6.603930560695643, -1.2371270045518117e-14], [0.9236044593891346, -1.199040866595169e-14, 6.801736808785674]], "becs": [[[2.855267830081333, 0.0, 0.09952188538359164], [0.0, 2.3905764562740153, 0.0], [0.0995218853848587, 0.0, 2.4118908301331214]], [[4.2903209635514745, 0.0, 0.9387264226901678], [0.0, -0.09281616561153905, 0.0], [0.9387264227021284, 0.0, 0.10822871861187067]], [[-3.5727943968164033, 0.0, -0.5191241540368797], [0.0, -1.1488801453312383, 0.0], [-0.5191241540434934, 0.0, -1.2600597743724962]], [[-3.5727943968164033, 0.0, -0.5191241540368797], [0.0, -1.1488801453312383, 0.0], [-0.5191241540434934, 0.0, -1.2600597743724962]]]}, "metadata": {"formula": "CaCN2", "nsites": 4, "structure": "# generated using pymatgen\ndata_CaCN2\n_symmetry_space_group_name_H-M   'P 1'\n_cell_length_a   5.35973807\n_cell_length_b   5.35973807\n_cell_length_c   5.35973807\n_cell_angle_alpha   39.87384037\n_cell_angle_beta   39.87384037\n_cell_angle_gamma   39.87384037\n_symmetry_Int_Tables_number   1\n_chemical_formula_structural   CaCN2\n_chemical_formula_sum   'Ca1 C1 N2'\n_cell_volume   57.0051365979\n_cell_formula_units_Z   1\nloop_\n _symmetry_equiv_pos_site_id\n _symmetry_equiv_pos_as_xyz\n  1  'x, y, z'\nloop_\n _atom_site_type_symbol\n _atom_site_label\n _atom_site_symmetry_multiplicity\n _atom_site_fract_x\n _atom_site_fract_y\n _atom_site_fract_z\n _atom_site_occupancy\n  Ca  Ca1  1  0.000000  0.000000  0.000000  1\n  C  C2  1  0.500000  0.500000  0.500000  1\n  N  N3  1  0.583545  0.583545  0.583545  1\n  N  N4  1  0.416455  0.416455  0.416455  1\n"}}