{"phonon": {"ph_bandstructure": [[0.0, 0.0, 0.0, 58.63956579300358, 60.40714341759466, 65.6292535159836, 126.12638082967263, 126.67619557257878, 153.54184031024957, 214.67574909295385, 226.45831180348148, 233.46449697219418, 236.16445322465097, 296.5960968281258, 304.98653698462886, 307.2158574847809, 335.21133491425854, 341.09039118457883, 348.38406605335325, 359.1944216700713, 365.9933345940224]]}, "dielectric": {"eps_electronic": [[7.137633665238743, 4.062294313289853e-16, 6.223895227810001e-16], [4.062294313289853e-16, 7.137633665238743, -1.1539673166192504e-15], [4.3247915160504937e-16, 4.3247915160504937e-16, 6.7970238672165]], "eps_total": [[11.868502639572556, 1.0008170513406989e-10, 2.3283048624651717e-15], [1.0008293491588288e-10, 11.868502639946199, -2.1463523538311608e-15], [1.3486710084183886e-15, 1.3486710084183886e-15, 11.207600423891835]], "becs": [[[2.464473525669502, -0.05888109640373761, -1.844707708547718e-16], [0.058881096403738266, 2.464473525669503, 3.5874548927055145e-16], [1.3322676096978531e-15, -5.075305482313112e-16, 3.095522292453058]], [[2.8321262036753816, -0.5686946922761831, -3.806478913211487e-16], [0.5686946922761833, 2.8321262036753834, 3.8461297372920583e-16], [-2.2204460691026478e-15, -1.3957089679314365e-15, 2.507836278369374]], [[2.588359555728703, 0.2746778257622362, 5.247755180180794e-16], [-0.2746778257622351, 2.5883595557286996, -9.30409666181879e-16], [1.3322676096978531e-15, 3.80647871468814e-16, 2.140668639738448]], [[-2.107591322710148, 0.5395248673048665, -0.5798094590845893], [0.3630758858434393, -1.8348883196099686, -0.27557625996664376], [-0.5536504356482794, -0.4644518132810274, -1.9360068025708057]], [[-1.8348883196099677, -0.3630758858434395, -0.2755762599666439], [-0.5395248673048678, -2.1075913227101473, 0.5798094590845893], [-0.46445181328102647, 0.5536504356482799, -1.9360068025708044]], [[-1.8348883196099695, -0.36307588584343975, 0.27557625996664403], [-0.5395248673048672, -2.1075913227101473, -0.579809459084589], [0.4644518132810269, -0.5536504356482794, -1.9360068025708062]], [[-2.1075913227101473, 0.5395248673048674, 0.5798094590845893], [0.3630758858434391, -1.834888319609969, 0.2755762599666438], [0.5536504356482785, 0.46445181328102864, -1.9360068025708057]]]}, "metadata": {"formula": "Ga2HgS4", "nsites": 7, "structure": "# generated using pymatgen\ndata_Ga2HgS4\n_symmetry_space_group_name_H-M   'P 1'\n_cell_length_a   6.43472493\n_cell_length_b   6.43472493\n_cell_length_c   6.43472493\n_cell_angle_alpha   129.31126302\n_cell_angle_beta   129.31126302\n_cell_angle_gamma   74.51025137\n_symmetry_Int_Tables_number   1\n_chemical_formula_structural   Ga2HgS4\n_chemical_formula_sum   'Ga2 Hg1 S4'\n_cell_volume   155.431652881\n_cell_formula_units_Z   1\nloop_\n _symmetry_equiv_pos_site_id\n _symmetry_equiv_pos_as_xyz\n  1  'x, y, z'\nloop_\n _atom_site_type_symbol\n _atom_site_label\n _atom_site_symmetry_multiplicity\n _atom_site_fract_x\n _atom_site_fract_y\n _atom_site_fract_z\n _atom_site_occupancy\n  Ga  Ga1  1  0.250000  0.750000  0.500000  1\n  Ga  Ga2  1  0.500000  0.500000  0.000000  1\n  Hg  Hg3  1  0.000000  0.000000  0.000000  1\n  S  S4  1  0.595924  0.135041  0.007840  1\n  S  S5  1  0.411916  0.404076  0.539117  1\n  S  S6  1  0.864959  0.872799  0.460883  1\n  S  S7  1  0.127201  0.588084  0.992160  1\n"}}