{"phonon": {"ph_bandstructure": [[0.0, 0.0, 0.0, 577.0486289819273, 577.0486289828095, 669.5069972455203]]}, "dielectric": {"eps_electronic": [[5.3974071983260945, 1.1247502329720855e-16, 1.3322676295501878e-15], [2.0572840297599027e-16, 5.397407198326094, 0.0], [1.4510742719529062e-16, -7.430709925048346e-16, 5.3974071983260945]], "eps_total": [[7.2655851606314545, 4.3285053729545283e-16, 0.0], [4.827849947595777e-16, 7.265585160634803, 0.0], [-3.7775195767166404e-16, 5.104264620284612e-16, 7.265585160637166]], "becs": [[[1.5877202383430022, 0.0, 0.0], [0.0, 1.5877202383430022, 0.0], [4.712375392270748e-20, 4.712375392270748e-20, 1.5877202383430022]], [[-1.5877202383430022, 0.0, 0.0], [0.0, -1.5877202383430022, 0.0], [-4.7123753922707487e-20, -4.7123753922707487e-20, -1.5877202383430022]]]}, "metadata": {"formula": "BeS", "nsites": 2, "structure": "# generated using pymatgen\ndata_BeS\n_symmetry_space_group_name_H-M   'P 1'\n_cell_length_a   3.42236272\n_cell_length_b   3.42236272\n_cell_length_c   3.42236272\n_cell_angle_alpha   60.00000000\n_cell_angle_beta   60.00000000\n_cell_angle_gamma   60.00000000\n_symmetry_Int_Tables_number   1\n_chemical_formula_structural   BeS\n_chemical_formula_sum   'Be1 S1'\n_cell_volume   28.3441286801\n_cell_formula_units_Z   1\nloop_\n _symmetry_equiv_pos_site_id\n _symmetry_equiv_pos_as_xyz\n  1  'x, y, z'\nloop_\n _atom_site_type_symbol\n _atom_site_label\n _atom_site_symmetry_multiplicity\n _atom_site_fract_x\n _atom_site_fract_y\n _atom_site_fract_z\n _atom_site_occupancy\n  Be  Be1  1  0.000000  0.000000  0.000000  1\n  S  S2  1  0.250000  0.250000  0.250000  1\n"}}