{"phonon": {"ph_bandstructure": [[0.0, 0.0, 0.0, 130.1554834700037, 130.2347557813532, 342.118680232118, 360.1747108207061, 360.17471083097826, 380.136862357028, 513.9180972130391, 626.422299384219, 707.6394576179744]]}, "dielectric": {"eps_electronic": [[5.1347216658054995, 0.0, -0.21031535326779738], [0.0, 6.533779599879663, 0.0], [-0.21031535326779885, 0.0, 6.50216364823925]], "eps_total": [[7.656222315379373, -8.881784197001252e-16, -0.67800742018813], [1.195409672876277e-15, 12.166457283849866, 5.646236898576474e-16], [-0.6780074201881301, 8.881784197001252e-16, 12.06453486382751]], "becs": [[[2.7993734634272895, 0.0, -0.09834212099615325], [0.0, 3.4535640516593284, 0.0], [-0.09834212098455884, 0.0, 3.438780633898736]], [[1.5479529367619558, 0.0, 0.1272610286478093], [0.0, 0.7013882466086907, 0.0], [0.12726102863280367, 0.0, 0.7205189398669423]], [[-2.173663200094623, 0.0, -0.014459453825828028], [0.0, -2.07747614913401, 0.0], [-0.014459453824122417, 0.0, -2.079649786882839]], [[-2.173663200094623, 0.0, -0.014459453825828028], [0.0, -2.07747614913401, 0.0], [-0.014459453824122417, 0.0, -2.079649786882839]]]}, "metadata": {"formula": "GaCuO2", "nsites": 4, "structure": "# generated using pymatgen\ndata_GaCuO2\n_symmetry_space_group_name_H-M   'P 1'\n_cell_length_a   5.95396344\n_cell_length_b   5.95396344\n_cell_length_c   5.95396344\n_cell_angle_alpha   28.87777647\n_cell_angle_beta   28.87777647\n_cell_angle_gamma   28.87777647\n_symmetry_Int_Tables_number   1\n_chemical_formula_structural   GaCuO2\n_chemical_formula_sum   'Ga1 Cu1 O2'\n_cell_volume   43.5338295555\n_cell_formula_units_Z   1\nloop_\n _symmetry_equiv_pos_site_id\n _symmetry_equiv_pos_as_xyz\n  1  'x, y, z'\nloop_\n _atom_site_type_symbol\n _atom_site_label\n _atom_site_symmetry_multiplicity\n _atom_site_fract_x\n _atom_site_fract_y\n _atom_site_fract_z\n _atom_site_occupancy\n  Ga  Ga1  1  0.500000  0.500000  0.500000  1\n  Cu  Cu2  1  0.000000  0.000000  0.000000  1\n  O  O3  1  0.107595  0.107595  0.107595  1\n  O  O4  1  0.892405  0.892405  0.892405  1\n"}}