{"phonon": {"ph_bandstructure": [[0.0, 0.0, 0.0, 162.1131681807167, 162.11947937130037, 162.1194793732672, 172.28667948346455, 189.95124746537132, 195.3752083950943, 229.0467819834316, 232.301462380652, 240.0694659954095, 240.06946599601295, 256.8170382552985, 261.4259606285453, 289.48812294153134, 297.93812534533026, 319.24777959227276, 369.89380977117804, 369.8938097724707, 376.67555718959386, 446.2173235446325, 474.151866939908, 474.15186694003665, 488.5664189950968, 571.9574311583018, 615.0200374097675]]}, "dielectric": {"eps_electronic": [[2.35697187977519, 0.0, -1.1048519849298653e-23], [0.0, 2.3569718797764425, -5.740979318228198e-23], [-1.1048519849298655e-23, -5.740979318228199e-23, 2.389625966811934]], "eps_total": [[8.948684405767022, -8.881784197001252e-16, -1.1048519849298653e-23], [8.881784197001252e-16, 8.948684405907372, -5.740979318228198e-23], [-1.1048519849298655e-23, -5.740979318228199e-23, 11.433623352080176]], "becs": [[[1.175992169381687, -1.4802973771959502e-16, 1.2335811476632919e-17], [-9.868649181306335e-17, 1.175992169381686, 1.2335811476632919e-17], [6.167997379591481e-18, 1.4345269430697095e-17, 1.2715335649483845]], [[1.175992169381687, -1.4802973771959502e-16, 1.2335811476632919e-17], [-9.868649181306335e-17, 1.175992169381686, 1.2335811476632919e-17], [6.167942394826468e-18, 1.4345243731984193e-17, 1.2715335649483845]], [[4.526810948894448, -1.4802973771959502e-16, 1.2335811476632919e-17], [-9.868649181306335e-17, 4.526810948894449, 1.2335811476632919e-17], [6.16786122684002e-18, 1.4345239196917207e-17, 4.58219204306642]], [[-0.9603117458018493, -0.32242842068090527, 0.3042851495687956], [-0.32242842068120325, -1.3326200167510338, 0.5270373390420919], [0.29531190574979715, 0.5114952248384046, -1.187543195493836]], [[-0.9603117458018471, 0.3224284206809046, 0.30428514956879565], [0.3224284206812017, -1.3326200167510311, -0.527037339042092], [0.29531190574979727, -0.5114952248384046, -1.187543195493836]], [[-0.9603117458018484, -0.32242842068090505, 0.3042851495687956], [-0.3224284206812037, -1.332620016751032, 0.5270373390420919], [0.29531190574979715, 0.5114952248384046, -1.187543195493836]], [[-1.5187741522256235, 2.960594721304676e-16, -0.6085702991375913], [7.894919278870619e-16, -0.7741576103272563, 1.2335811476632919e-17], [-0.5906238114995944, 3.7893547682843087e-17, -1.1875431954938334]], [[-0.9603117458018475, 0.3224284206809057, 0.30428514956879565], [0.3224284206812039, -1.3326200167510311, -0.527037339042092], [0.29531190574979727, -0.5114952248384046, -1.1875431954938334]], [[-1.5187741522256235, 2.960594721304676e-16, -0.6085702991375913], [7.894919278870619e-16, -0.7741576103272549, 1.2335811476632919e-17], [-0.5906238114995945, -3.7398157406002835e-18, -1.187543195493836]]]}, "metadata": {"formula": "Li2ZrF6", "nsites": 9, "structure": "# generated using pymatgen\ndata_Li2ZrF6\n_symmetry_space_group_name_H-M   'P 1'\n_cell_length_a   4.97044848\n_cell_length_b   4.97044848\n_cell_length_c   4.63382318\n_cell_angle_alpha   90.00000000\n_cell_angle_beta   90.00000000\n_cell_angle_gamma   120.00000000\n_symmetry_Int_Tables_number   1\n_chemical_formula_structural   Li2ZrF6\n_chemical_formula_sum   'Li2 Zr1 F6'\n_cell_volume   99.1428144263\n_cell_formula_units_Z   1\nloop_\n _symmetry_equiv_pos_site_id\n _symmetry_equiv_pos_as_xyz\n  1  'x, y, z'\nloop_\n _atom_site_type_symbol\n _atom_site_label\n _atom_site_symmetry_multiplicity\n _atom_site_fract_x\n _atom_site_fract_y\n _atom_site_fract_z\n _atom_site_occupancy\n  Li  Li1  1  0.333333  0.666667  0.500000  1\n  Li  Li2  1  0.666667  0.333333  0.500000  1\n  Zr  Zr3  1  0.000000  0.000000  0.000000  1\n  F  F4  1  0.000000  0.328322  0.743850  1\n  F  F5  1  0.328322  0.000000  0.743850  1\n  F  F6  1  0.000000  0.671678  0.256150  1\n  F  F7  1  0.328322  0.328322  0.256150  1\n  F  F8  1  0.671678  0.000000  0.256150  1\n  F  F9  1  0.671678  0.671678  0.743850  1\n"}}