{"phonon": {"ph_bandstructure": [[-0.011267780977044919, -0.010421299101264008, -0.00402023155801407, 177.04235699646284, 208.342081888734, 239.06063272922935, 267.18436991876865, 313.65201319252424, 353.5956368568075, 389.1068822202369, 414.91150758108375, 436.60970749969584, 450.19123735449426, 470.4976915979418, 493.99040432857225, 607.9155204760132, 635.9864857762524, 666.2143242088484, 709.7391159264024, 718.0495358882332, 880.6105057882586, 886.4212999401512, 902.1513205062191, 935.4176641779368, 965.9073587195657, 971.3658803743386, 972.1302640591185, 1058.2938260010762, 1059.8009770609008, 1122.9157939114136]]}, "dielectric": {"eps_electronic": [[3.40592035865873, 0.0, 5.122966599960748e-22], [0.0, 3.1457647277313465, 0.0], [5.122966599960748e-22, 0.0, 3.5499047537787694]], "eps_total": [[6.334964889382034, 0.0, 5.122966599960748e-22], [0.0, 5.584169770510273, 0.0], [5.122966599960748e-22, 0.0, 6.726011564572397]], "becs": [[[3.2645130082378784, 0.38035462538165393, -0.01900101379731327], [0.0013540152554610274, 3.289666606398741, 0.03679178799469573], [-0.0008919914209460991, -0.11051168659055877, 3.399065501149942]], [[3.2645130082378784, 0.38035462538165393, 0.019001013797313285], [0.0013540152554610274, 3.289666606398741, -0.03679178799469573], [0.0008919914209460824, 0.11051168659055877, 3.399065501149942]], [[3.2645130082378784, -0.38035462538165393, 0.019001013797313285], [-0.0013540152554610274, 3.289666606398741, 0.03679178799469573], [0.0008919914209460824, -0.11051168659055877, 3.399065501149942]], [[3.2645130082378784, -0.38035462538165393, -0.01900101379731327], [-0.0013540152554610274, 3.289666606398741, -0.03679178799469573], [-0.0008919914209460991, 0.11051168659055877, 3.399065501149942]], [[-2.6594194446558763, -0.5348861804914247, 0.08812368896198228], [-0.49659930035846633, -1.5529557228598425, -0.30532315283362416], [0.12751760457248346, -0.23311554973475782, -2.7663119054263574]], [[-2.6594194446558768, -0.534886180491424, -0.0881236889619823], [-0.4965993003584659, -1.5529557228598425, 0.3053231528336242], [-0.12751760457248346, 0.23311554973475782, -2.7663119054263574]], [[-2.6594194446558768, 0.534886180491424, -0.0881236889619823], [0.4965993003584659, -1.5529557228598425, -0.3053231528336242], [-0.12751760457248335, -0.2331155497347578, -2.7663119054263574]], [[-2.6594194446558763, 0.5348861804914247, 0.08812368896198228], [0.49659930035846633, -1.5529557228598425, 0.30532315283362416], [0.12751760457248346, 0.23311554973475782, -2.7663119054263574]], [[-1.2101871271603861, 0.0, 0.03104372486972264], [0.0, -3.4734217670764864, 0.0], [-0.02331502887977542, -4.163336404382883e-18, -1.265507191447179]], [[-1.2101871271603861, 0.0, -0.03104372486972262], [0.0, -3.4734217670764864, 0.0], [0.0233150288797754, -4.163336404382883e-18, -1.2655071914471798]]]}, "metadata": {"formula": "Si2N2O", "nsites": 10, "structure": "# generated using pymatgen\ndata_Si2N2O\n_symmetry_space_group_name_H-M   'P 1'\n_cell_length_a   5.24104063\n_cell_length_b   5.24104063\n_cell_length_c   4.86466112\n_cell_angle_alpha   90.00000000\n_cell_angle_beta   90.00000000\n_cell_angle_gamma   116.47171383\n_symmetry_Int_Tables_number   1\n_chemical_formula_structural   Si2N2O\n_chemical_formula_sum   'Si4 N4 O2'\n_cell_volume   119.615004736\n_cell_formula_units_Z   2\nloop_\n _symmetry_equiv_pos_site_id\n _symmetry_equiv_pos_as_xyz\n  1  'x, y, z'\nloop_\n _atom_site_type_symbol\n _atom_site_label\n _atom_site_symmetry_multiplicity\n _atom_site_fract_x\n _atom_site_fract_y\n _atom_site_fract_z\n _atom_site_occupancy\n  Si  Si1  1  0.026021  0.672634  0.729017  1\n  Si  Si2  1  0.973979  0.327366  0.229017  1\n  Si  Si3  1  0.327366  0.973979  0.229017  1\n  Si  Si4  1  0.672634  0.026021  0.729017  1\n  N  N5  1  0.094738  0.657523  0.384105  1\n  N  N6  1  0.905262  0.342477  0.884105  1\n  N  N7  1  0.342477  0.905262  0.884105  1\n  N  N8  1  0.657523  0.094738  0.384105  1\n  O  O9  1  0.789276  0.789276  0.781036  1\n  O  O10  1  0.210724  0.210724  0.281036  1\n"}}