{"phonon": {"ph_bandstructure": [[-0.0039461207640899346, -0.003211096079661985, -0.003042013252439431, 81.2682507428732, 81.30412646630872, 113.54566356818678, 117.09321799252812, 142.76347916155342, 142.776778442332, 212.6794352670278, 212.94986594788318, 258.18351961347366, 282.1961224365346, 283.03220112668527, 286.06985471810935, 301.228942478371, 318.77244928194295, 356.8918815231161, 426.54652046936314, 428.1939652945571, 434.87541695914274, 437.9661897741271, 438.4783198866482, 477.18921092505695]]}, "dielectric": {"eps_electronic": [[7.001569837499616, -3.5755618604707927e-16, -5.265812253221222e-16], [-9.405397982842143e-16, 7.001569837499615, 6.348326275834158e-16], [4.077069541593821e-16, 1.2958853738595074e-15, 6.934683691235054]], "eps_total": [[8.710351271226191, -1.7317551589132988e-15, -6.689088941774487e-16], [-5.762038035123009e-16, 8.71035127123942, 7.209075500468475e-16], [-2.0560883801799287e-15, 1.4966252986205725e-15, 9.048078898396403]], "becs": [[[2.6223284549593355, -0.034267426240470425, -4.9942083235829594e-17], [0.0342674262404707, 2.6223284549593355, 9.038514947381849e-18], [-6.38378239159465e-16, -5.342948306008566e-16, 2.6613551044319492]], [[2.6223284549593355, 0.034267426240470786, -5.2771499414299836e-17], [-0.03426742624047048, 2.6223284549593355, 2.008688657672606e-17], [-6.938893903907228e-16, -5.342948306008566e-16, 2.6613551044319492]], [[0.5423264932974948, -0.10277949466735839, 4.1743416705837594e-16], [0.1027794946673587, 0.5423264932974932, -4.117636544585379e-16], [-6.661338147750939e-16, -5.620504062164855e-16, 0.5503259353157472]], [[0.542326493297493, 0.10277949466735789, -5.145786817130771e-16], [-0.10277949466735847, 0.5423264932974949, 4.325803361702596e-16], [-6.661338147750939e-16, -5.620504062164855e-16, 0.5503259353157472]], [[-1.5064419032755076, 1.97758476261356e-16, -7.632783294297951e-17], [1.1102230246251565e-16, -1.6582130449813222, 0.6515445076473139], [-1.1102230246251565e-15, 0.6426591305274177, -1.6058405198738488]], [[-1.6582130449813224, 1.97758476261356e-16, 0.6515445076473138], [1.1102230246251565e-16, -1.5064419032755083, -1.5612511283791264e-16], [0.6426591305274176, -1.0061396160665481e-15, -1.6058405198738497]], [[-1.5064419032755076, -4.683753385137379e-16, -3.2612801348363973e-16], [3.3306690738754696e-16, -1.6582130449813208, -0.6515445076473132], [2.220446049250313e-16, -0.6426591305274144, -1.605840519873847]], [[-1.6582130449813215, 1.97758476261356e-16, -0.6515445076473132], [-9.992007221626409e-16, -1.5064419032755083, -5.169475958410885e-16], [-0.6426591305274141, -1.1796119636642288e-16, -1.605840519873848]]]}, "metadata": {"formula": "AlCuS2", "nsites": 8, "structure": "# generated using pymatgen\ndata_AlCuS2\n_symmetry_space_group_name_H-M   'P 1'\n_cell_length_a   6.41446340\n_cell_length_b   6.41446340\n_cell_length_c   6.41446340\n_cell_angle_alpha   131.67659856\n_cell_angle_beta   131.67659856\n_cell_angle_gamma   70.74028638\n_symmetry_Int_Tables_number   1\n_chemical_formula_structural   AlCuS2\n_chemical_formula_sum   'Al2 Cu2 S4'\n_cell_volume   144.22448951\n_cell_formula_units_Z   2\nloop_\n _symmetry_equiv_pos_site_id\n _symmetry_equiv_pos_as_xyz\n  1  'x, y, z'\nloop_\n _atom_site_type_symbol\n _atom_site_label\n _atom_site_symmetry_multiplicity\n _atom_site_fract_x\n _atom_site_fract_y\n _atom_site_fract_z\n _atom_site_occupancy\n  Al  Al1  1  0.750000  0.250000  0.500000  1\n  Al  Al2  1  0.000000  0.000000  0.000000  1\n  Cu  Cu3  1  0.500000  0.500000  0.000000  1\n  Cu  Cu4  1  0.250000  0.750000  0.500000  1\n  S  S5  1  0.875000  0.876213  0.501213  1\n  S  S6  1  0.626213  0.125000  0.001213  1\n  S  S7  1  0.375000  0.373787  0.498787  1\n  S  S8  1  0.123787  0.625000  0.998787  1\n"}}