{"phonon": {"ph_bandstructure": [[0.0, 0.0, 0.0, 105.37325551381376, 105.37325551746044, 192.1165039541473, 196.39225031426093, 216.59956999067617, 219.9307885582558, 296.53308108900455, 348.236644661558, 348.23664466442386, 382.7097912537072, 404.2678703528534, 462.93735595605176]]}, "dielectric": {"eps_electronic": [[5.36504273104483, -1.7763568394002505e-15, -8.55065352450892e-25], [-6.661338147750939e-16, 5.365042731026629, 1.4810166342336463e-24], [-9.405718876959809e-24, 1.6291182976570114e-23, 5.412029492268731]], "eps_total": [[16.621000753474753, -5.329070518200751e-15, -8.55065352450892e-25], [-7.993605777301127e-15, 16.62100075355797, 1.4810166342336463e-24], [-9.405718876959809e-24, 1.6291182976570114e-23, 15.984930424658419]], "becs": [[[4.013741147793759, -1.332267616315298e-16, 2.0100455888989663e-24], [-7.993605697891788e-16, 4.013741147793759, -1.7975913623091397e-23], [1.1777542250331008e-23, -2.9003088815880726e-23, 4.1524508396428725]], [[4.013741147793759, -1.332267616315298e-16, 3.70217577303971e-24], [-7.993605697891788e-16, 4.013741147793759, -1.3091154536513835e-23], [1.6584702332040567e-23, -1.790142814700703e-23, 4.1524508396428725]], [[-2.283680703755179, 8.88178432935015e-17, 5.753242662907277e-24], [5.32907059761009e-16, -2.2836807037551794, 4.67160577831366e-24], [3.365012107339279e-24, -2.137069710603006e-23, -2.5211970283542566]], [[-2.871900795914134, 8.88178432935015e-17, -6.553158676298128e-24], [5.32907059761009e-16, -2.8719007959141343, 1.7460793204989458e-23], [-1.5863628219498958e-23, 3.413760623833841e-23, -2.891852325465954]], [[-2.871900795914134, 8.88178432935015e-17, -4.912305164404074e-24], [5.32907059761009e-16, -2.8719007959141343, 8.93466825387226e-24], [-1.5863628219498958e-23, 3.413760623833841e-23, -2.891852325465954]]]}, "metadata": {"formula": "La2SO2", "nsites": 5, "structure": "# generated using pymatgen\ndata_La2SO2\n_symmetry_space_group_name_H-M   'P 1'\n_cell_length_a   4.01402789\n_cell_length_b   4.01402789\n_cell_length_c   6.87052260\n_cell_angle_alpha   90.00000000\n_cell_angle_beta   90.00000000\n_cell_angle_gamma   120.00000000\n_symmetry_Int_Tables_number   1\n_chemical_formula_structural   La2SO2\n_chemical_formula_sum   'La2 S1 O2'\n_cell_volume   95.8696573342\n_cell_formula_units_Z   1\nloop_\n _symmetry_equiv_pos_site_id\n _symmetry_equiv_pos_as_xyz\n  1  'x, y, z'\nloop_\n _atom_site_type_symbol\n _atom_site_label\n _atom_site_symmetry_multiplicity\n _atom_site_fract_x\n _atom_site_fract_y\n _atom_site_fract_z\n _atom_site_occupancy\n  La  La1  1  0.666667  0.333333  0.779801  1\n  La  La2  1  0.333333  0.666667  0.220199  1\n  S  S3  1  0.000000  0.000000  0.500000  1\n  O  O4  1  0.666667  0.333333  0.128382  1\n  O  O5  1  0.333333  0.666667  0.871618  1\n"}}