{"phonon": {"ph_bandstructure": [[0.0, 0.0, 0.0, 76.78769900965418, 76.78769901049809, 76.787699012985, 136.9647723862784, 136.9647723879443, 137.29099701705164, 148.8367705518885, 148.83677055480575, 149.17941704185026, 170.55475656283616, 170.5547565654435, 180.3619846979045, 180.3619846980404, 180.3619846984536, 198.2891976336301, 198.28919763709575, 198.58155470542823, 238.056067227573, 315.96976225475044, 315.96976225645676, 318.9376243703031]]}, "dielectric": {"eps_electronic": [[8.011683590082612, 0.0, 0.0], [0.0, 8.011683590082612, 0.0], [0.0, 0.0, 8.011683590082612]], "eps_total": [[8.263949358700147, 2.437996441352814e-13, -3.2559725039502894e-11], [2.437996441352814e-13, 8.263949358648764, 4.946274840746143e-12], [-3.2559725039502894e-11, 4.946274840746143e-12, 8.263949358679373]], "becs": [[[1.3614042796944137, 0.0, 0.0], [0.0, 1.3614042796944137, 0.0], [0.0, 0.0, 1.3614042796944137]], [[0.1453505843386953, 0.0, 0.0], [0.0, 0.30576822448345276, 0.0], [0.0, 0.0, 0.30576822448345276]], [[0.30576822448345276, 0.0, 0.0], [0.0, 0.30576822448345276, 0.0], [0.0, 0.0, 0.1453505843386953]], [[0.30576822448345276, 0.0, 0.0], [0.0, 0.1453505843386953, 0.0], [0.0, 0.0, 0.30576822448345276]], [[-0.5295728282500036, -0.4940619027175181, -0.4940619027175181], [-0.4940619027175181, -0.5295728282500036, -0.4940619027175181], [-0.4940619027175181, -0.4940619027175181, -0.5295728282500036]], [[-0.5295728282500036, -0.4940619027175181, 0.4940619027175181], [-0.4940619027175181, -0.5295728282500036, 0.4940619027175181], [0.4940619027175181, 0.4940619027175181, -0.5295728282500036]], [[-0.5295728282500036, 0.4940619027175181, -0.4940619027175181], [0.4940619027175181, -0.5295728282500036, 0.4940619027175181], [-0.4940619027175181, 0.4940619027175181, -0.5295728282500036]], [[-0.5295728282500036, 0.4940619027175181, 0.4940619027175181], [0.4940619027175181, -0.5295728282500036, -0.4940619027175181], [0.4940619027175181, -0.4940619027175181, -0.5295728282500036]]]}, "metadata": {"formula": "NbCu3Se4", "nsites": 8, "structure": "# generated using pymatgen\ndata_NbCu3Se4\n_symmetry_space_group_name_H-M   'P 1'\n_cell_length_a   5.58470682\n_cell_length_b   5.58470682\n_cell_length_c   5.58470682\n_cell_angle_alpha   90.00000000\n_cell_angle_beta   90.00000000\n_cell_angle_gamma   90.00000000\n_symmetry_Int_Tables_number   1\n_chemical_formula_structural   NbCu3Se4\n_chemical_formula_sum   'Nb1 Cu3 Se4'\n_cell_volume   174.18114291\n_cell_formula_units_Z   1\nloop_\n _symmetry_equiv_pos_site_id\n _symmetry_equiv_pos_as_xyz\n  1  'x, y, z'\nloop_\n _atom_site_type_symbol\n _atom_site_label\n _atom_site_symmetry_multiplicity\n _atom_site_fract_x\n _atom_site_fract_y\n _atom_site_fract_z\n _atom_site_occupancy\n  Nb  Nb1  1  0.000000  0.000000  0.000000  1\n  Cu  Cu2  1  0.500000  0.000000  0.000000  1\n  Cu  Cu3  1  0.000000  0.000000  0.500000  1\n  Cu  Cu4  1  0.000000  0.500000  0.000000  1\n  Se  Se5  1  0.252689  0.252689  0.252689  1\n  Se  Se6  1  0.747311  0.747311  0.252689  1\n  Se  Se7  1  0.747311  0.252689  0.747311  1\n  Se  Se8  1  0.252689  0.747311  0.747311  1\n"}}