{"phonon": {"ph_bandstructure": [[0.0, 0.0, 0.0, 147.49876168830295, 171.06559458730322, 174.76765401560843, 183.22504825510958, 191.04603674461097, 191.93110110697427, 191.93110110883143, 219.52360910427132, 219.52360910628957, 279.49252227831636, 283.6702763290396, 298.4255340370442, 298.42553404016854, 299.76564180752, 345.59780579433027, 470.65077343484705, 470.6507734380112, 489.9097568487486, 517.0781526265367, 532.0186455900315, 559.4122351207503, 574.1573864678738, 621.9812473589184, 627.806889104286, 628.9913274687839, 628.991327473758, 659.0216439479078]]}, "dielectric": {"eps_electronic": [[2.869394576453576, 0.0, -0.2327432978922721], [0.0, 3.6753051334816718, 0.0], [-0.23274329789227152, 0.0, 3.608089929242258]], "eps_total": [[6.59191202801709, 6.23945339839338e-13, -0.6898262779590316], [6.212212175865328e-13, 8.980544847856546, -1.530071347712243e-14], [-0.6898262779590316, -1.509903313490213e-14, 8.781326161109734]], "becs": [[[1.356097178188865, -0.008343334939256382, 0.08426678366779927], [0.008343334939020716, 1.06431008406095, -0.02889011958539832], [0.08426678366617824, 0.02889011958565769, 1.0886459473409977]], [[1.356097178188865, -0.008343334939256382, 0.08426678366779927], [0.008343334939020716, 1.06431008406095, -0.02889011958539832], [0.08426678366617824, 0.02889011958565769, 1.0886459473409977]], [[2.694389342424094, -0.002721778351502512, -0.6311549304946851], [0.002721778351425604, 4.8798633227716515, -0.009424588924253676], [-0.6311549304825494, 0.009424588924338086, 4.69758865381552]], [[2.694389342424094, -0.002721778351502512, -0.6311549304946851], [0.002721778351425604, 4.8798633227716515, -0.009424588924253676], [-0.6311549304825494, 0.009424588924338086, 4.69758865381552]], [[-1.2443912836934787, 0.21362427548300572, -0.08379091288292595], [0.2140140755616462, -2.295499716862122, -0.44757569172519096], [0.02196756445624482, -0.4753617727687042, -1.7204071756424089]], [[-1.4008308515266603, -0.197134407660095, 0.3781828283196227], [-0.12040087031918435, -1.389006500491103, -0.04246782822497659], [0.3183026985615224, -0.09230163283048891, -2.470460824180246]], [[-1.4052643854009834, -0.005424754532098182, 0.25249623138528654], [-0.10467831853296185, -2.259667189470563, 0.5283582284600055], [0.20661788379370138, 0.5293486970890114, -1.595366601326465]], [[-1.2443912836934787, 0.21362427548300572, -0.08379091288292595], [0.2140140755616462, -2.295499716862122, -0.44757569172519096], [0.02196756445624482, -0.4753617727687042, -1.7204071756424089]], [[-1.4052643854009834, -0.005424754532098182, 0.25249623138528654], [-0.10467831853296185, -2.259667189470563, 0.5283582284600055], [0.20661788379370138, 0.5293486970890114, -1.595366601326465]], [[-1.4008308515266603, -0.197134407660095, 0.3781828283196227], [-0.12040087031918435, -1.389006500491103, -0.04246782822497659], [0.3183026985615224, -0.09230163283048891, -2.470460824180246]]]}, "metadata": {"formula": "NaSbO3", "nsites": 10, "structure": "# generated using pymatgen\ndata_NaSbO3\n_symmetry_space_group_name_H-M   'P 1'\n_cell_length_a   6.16790629\n_cell_length_b   6.16790629\n_cell_length_c   6.16790629\n_cell_angle_alpha   51.33501713\n_cell_angle_beta   51.33501713\n_cell_angle_gamma   51.33501713\n_symmetry_Int_Tables_number   1\n_chemical_formula_structural   NaSbO3\n_chemical_formula_sum   'Na2 Sb2 O6'\n_cell_volume   132.057170396\n_cell_formula_units_Z   2\nloop_\n _symmetry_equiv_pos_site_id\n _symmetry_equiv_pos_as_xyz\n  1  'x, y, z'\nloop_\n _atom_site_type_symbol\n _atom_site_label\n _atom_site_symmetry_multiplicity\n _atom_site_fract_x\n _atom_site_fract_y\n _atom_site_fract_z\n _atom_site_occupancy\n  Na  Na1  1  0.638514  0.638514  0.638514  1\n  Na  Na2  1  0.361486  0.361486  0.361486  1\n  Sb  Sb3  1  0.839242  0.839242  0.839242  1\n  Sb  Sb4  1  0.160758  0.160758  0.160758  1\n  O  O5  1  0.560322  0.959740  0.192475  1\n  O  O6  1  0.959740  0.192475  0.560322  1\n  O  O7  1  0.192475  0.560322  0.959740  1\n  O  O8  1  0.439678  0.040260  0.807525  1\n  O  O9  1  0.807525  0.439678  0.040260  1\n  O  O10  1  0.040260  0.807525  0.439678  1\n"}}