{"phonon": {"ph_bandstructure": [[-0.0022540311563415084, 0.0, 0.0, 92.18721443636123, 110.17062662110895, 115.34224081463658, 151.0042863197115, 159.5872452056395, 159.587245206752, 164.75035613522076, 181.56873516651146, 197.5938321077765, 259.75340465404355, 259.7534046543435, 273.2766568711147, 304.1142776714272, 325.6497963565634, 363.6822981046617, 689.7642821055912, 689.7642821063306, 697.3062034354617, 698.7648042495872, 816.1610393868996, 820.6647521579139, 1074.1017930332778, 1075.4787023796082, 1378.9091085732869, 1382.1383593798025, 1382.1383593941277, 1513.9495833346596]]}, "dielectric": {"eps_electronic": [[2.8507905493338495, 0.0, -0.22284683198937272], [0.0, 3.6922974134041304, 0.0], [-0.2228468319893737, 0.0, 3.6332833843730996]], "eps_total": [[10.883698429997553, -8.43769498715119e-15, 0.24725910595162412], [-7.941109498738139e-15, 9.950006741994581, -3.0318626966922366e-14], [0.24725910595162634, -3.108624468950438e-14, 10.015485600183554]], "becs": [[[2.441137896145241, 0.04354574454851963, -0.04706414184444929], [-0.04354574454826765, 2.6188599578007405, 0.1644360057173504], [-0.04706414184460704, -0.16443600571885453, 2.606396488567218]], [[2.441137896145241, -0.04354574454851963, -0.04706414184444929], [0.04354574454826765, 2.6188599578007405, -0.1644360057173504], [-0.04706414184460704, 0.16443600571885453, 2.606396488567218]], [[0.3569412936670264, 0.0, -0.8149937621659602], [0.0, 3.434493884070653, 0.0], [-0.8149937621686891, 0.0, 3.2186682197285412]], [[0.3569412936670264, 0.0, -0.8149937621659602], [0.0, 3.434493884070653, 0.0], [-0.8149937621686891, 0.0, 3.2186682197285412]], [[-1.000582472948969, 0.0, 0.2620141447835733], [0.0, -2.839713803597003, 0.0], [0.33341218900590197, 0.0, -1.0518696367786449]], [[-0.8987483584329041, 0.3582781352232515, 0.30002187961251936], [0.4180502858023506, -1.6068200191350566, -0.6256404101147874], [0.2643228575027984, -0.6414691988883283, -2.386597535756656]], [[-0.8987483584329041, -0.3582781352232515, 0.30002187961251936], [-0.4180502858023506, -1.6068200191350566, 0.6256404101147874], [0.2643228575027984, 0.6414691988883283, -2.386597535756656]], [[-1.000582472948969, 0.0, 0.2620141447835733], [0.0, -2.839713803597003, 0.0], [0.33341218900590197, 0.0, -1.0518696367786449]], [[-0.8987483584329041, 0.3582781352232515, 0.30002187961251936], [0.4180502858023506, -1.6068200191350566, -0.6256404101147874], [0.2643228575027984, -0.6414691988883283, -2.386597535756656]], [[-0.8987483584329041, -0.3582781352232515, 0.30002187961251936], [-0.4180502858023506, -1.6068200191350566, 0.6256404101147874], [0.2643228575027984, 0.6414691988883283, -2.386597535756656]]]}, "metadata": {"formula": "CdCO3", "nsites": 10, "structure": "# generated using pymatgen\ndata_CdCO3\n_symmetry_space_group_name_H-M   'P 1'\n_cell_length_a   6.09671471\n_cell_length_b   6.09671471\n_cell_length_c   6.09671471\n_cell_angle_alpha   47.82457361\n_cell_angle_beta   47.82457361\n_cell_angle_gamma   47.82457361\n_symmetry_Int_Tables_number   1\n_chemical_formula_structural   CdCO3\n_chemical_formula_sum   'Cd2 C2 O6'\n_cell_volume   113.977624319\n_cell_formula_units_Z   2\nloop_\n _symmetry_equiv_pos_site_id\n _symmetry_equiv_pos_as_xyz\n  1  'x, y, z'\nloop_\n _atom_site_type_symbol\n _atom_site_label\n _atom_site_symmetry_multiplicity\n _atom_site_fract_x\n _atom_site_fract_y\n _atom_site_fract_z\n _atom_site_occupancy\n  Cd  Cd1  1  0.500000  0.500000  0.500000  1\n  Cd  Cd2  1  0.000000  0.000000  0.000000  1\n  C  C3  1  0.250000  0.250000  0.250000  1\n  C  C4  1  0.750000  0.750000  0.750000  1\n  O  O5  1  0.988973  0.511027  0.250000  1\n  O  O6  1  0.511027  0.250000  0.988973  1\n  O  O7  1  0.750000  0.011027  0.488973  1\n  O  O8  1  0.011027  0.488973  0.750000  1\n  O  O9  1  0.488973  0.750000  0.011027  1\n  O  O10  1  0.250000  0.988973  0.511027  1\n"}}