{"phonon": {"ph_bandstructure": [[0.0, 0.0, 0.0, 149.45233937018116, 202.02462168839753, 287.9597308731738, 345.92925439212524, 347.76259611817335, 433.85188050460084, 438.82735772745065, 488.1723123362558, 507.69219611406277, 507.6921961140632, 622.5457835694366, 626.9036780559246, 670.4713460800002, 790.8735099456787, 818.4331954514685]]}, "dielectric": {"eps_electronic": [[4.360214962176886, 0.0, 3.225432664113432e-23], [0.0, 4.360214962176886, 3.225432664113432e-23], [3.225432664113433e-23, 3.225432664113433e-23, 4.7084955261825785]], "eps_total": [[15.805478948677521, -1.025221574302293e-15, 3.225432664113432e-23], [-1.025221574302293e-15, 15.805478948764863, 3.225432664113432e-23], [3.225432664113433e-23, 3.225432664113433e-23, 11.331688580508242]], "becs": [[[4.154654373785891, -0.6240144265202973, -5.385771420465899e-24], [-0.624014426520297, 4.154654373785891, -5.385771420465899e-24], [0.0, 0.0, 4.483095047201117]], [[4.154654373785891, 0.6240144265202973, 7.540080527960827e-24], [0.624014426520297, 4.154654373785891, 7.540080527960827e-24], [0.0, 0.0, 4.483095047201119]], [[-2.077327186926556, -0.7603070323258847, 5.924348832166773e-23], [-0.7603070323258847, -2.077327186926556, 5.924348832166773e-23], [0.0, 0.0, -2.2415475236263016]], [[-2.077327186926556, 0.7603070323258847, -3.123747531731935e-23], [0.7603070323258846, -2.077327186926556, -4.4163327265746075e-23], [0.0, 0.0, -2.2415475236263]], [[-2.077327186926556, -0.7603070323258847, 1.400300650217419e-23], [-0.7603070323258847, -2.077327186926556, 1.400300650217419e-23], [0.0, 0.0, -2.2415475236263]], [[-2.077327186926556, 0.7603070323258847, -4.4163327265746075e-23], [0.7603070323258846, -2.077327186926556, -3.123747531731935e-23], [0.0, 0.0, -2.2415475236263]]]}, "metadata": {"formula": "GeO2", "nsites": 6, "structure": "# generated using pymatgen\ndata_GeO2\n_symmetry_space_group_name_H-M   'P 1'\n_cell_length_a   4.42347507\n_cell_length_b   4.42347507\n_cell_length_c   2.88339977\n_cell_angle_alpha   90.00000000\n_cell_angle_beta   90.00000000\n_cell_angle_gamma   90.00000000\n_symmetry_Int_Tables_number   1\n_chemical_formula_structural   GeO2\n_chemical_formula_sum   'Ge2 O4'\n_cell_volume   56.4198629382\n_cell_formula_units_Z   2\nloop_\n _symmetry_equiv_pos_site_id\n _symmetry_equiv_pos_as_xyz\n  1  'x, y, z'\nloop_\n _atom_site_type_symbol\n _atom_site_label\n _atom_site_symmetry_multiplicity\n _atom_site_fract_x\n _atom_site_fract_y\n _atom_site_fract_z\n _atom_site_occupancy\n  Ge  Ge1  1  0.500000  0.500000  0.500000  1\n  Ge  Ge2  1  0.000000  0.000000  0.000000  1\n  O  O3  1  0.693657  0.693657  0.000000  1\n  O  O4  1  0.806343  0.193657  0.500000  1\n  O  O5  1  0.306343  0.306343  0.000000  1\n  O  O6  1  0.193657  0.806343  0.500000  1\n"}}