{"phonon": {"ph_bandstructure": [[0.0, 0.0, 0.0, 118.74016461929263, 179.01569867647765, 179.015698680167, 227.39662210309362, 227.3966221065659, 240.3586909816409, 250.26526883711438, 271.0414095314005, 305.4514296312629, 320.53098379678136, 320.5309837992469, 324.8739660101232, 330.06307394226076, 340.3404790598029, 345.32030950065655, 406.2011604609129, 411.97884731668154, 457.2968682069306, 482.0733444811568, 501.5989073244707, 546.0104460775876, 565.551261787161, 565.5512617881225, 622.9436846967386, 640.9929863741811, 967.1549127704213, 972.612472671401, 993.3079974668167, 1012.084496935509, 1012.0844969364639, 1052.1764518713437, 1061.6060737924056, 1108.3422042314387]]}, "dielectric": {"eps_electronic": [[3.618504852687928, 4.307275220202756e-16, 4.2989211817890556e-16], [1.3979346738427116e-15, 3.618504852687926, 8.410914058885524e-17], [-1.211982634854216e-16, -1.211982634854216e-16, 4.1629030038283386]], "eps_total": [[10.556799682834502, 3.932723471360893e-15, 6.811952748935028e-16], [4.259491204842439e-15, 10.556799682963941, 1.5317218117615221e-15], [-8.81154991944378e-16, 2.671558686856123e-15, 13.20364969450429]], "becs": [[[3.950568381346762, -4.440892164675075e-16, 3.6771468618799426e-17], [-9.251859476014332e-17, 3.950568381346762, -1.2282309592735535e-16], [1.9428903509966668e-16, 1.1564823517837303e-16, 4.117573214735216]], [[3.950568381346762, -4.440892164675075e-16, 3.6771468618799426e-17], [-9.251859476014332e-17, 3.950568381346762, -1.2282309592735535e-16], [1.9428903509966668e-16, 1.1564823517837303e-16, 4.117573214735216]], [[3.4688118474536003, -2.220446115424762e-16, 2.0401282222741273e-16], [-4.255855021476903e-16, 3.4688118474536003, -2.88648649706289e-16], [1.3877788386840886e-16, 8.095376565883688e-17, 4.778967471139607]], [[3.4688118474536003, -2.220446115424762e-16, 2.0401282222741273e-16], [-4.255855021476903e-16, 3.4688118474536003, -2.88648649706289e-16], [1.3877788386840886e-16, 8.095376565883688e-17, 4.778967471139607]], [[-1.0363044831475343, 2.220445983075864e-16, -4.9034850143987e-16], [-9.251859476014332e-17, -2.6733856312683653, 0.5804480706744963], [-2.4980017475039593e-16, 0.44469649790945776, -2.22413517147734]], [[-2.673385631268366, -2.220446115424762e-16, 0.5804480706744957], [1.2952601016488799e-16, -1.0363044831475348, 1.8272420248284264e-16], [0.4446964979094574, 3.3769284010340433e-16, -2.22413517147734]], [[-2.6733856312683644, 4.440892032326177e-16, -0.580448070674495], [5.736152200149506e-16, -1.0363044831475343, -4.2789846106099346e-16], [-0.44469649790945764, -7.725301845217522e-16, -2.22413517147734]], [[-1.0363044831475343, 2.220445983075864e-16, -2.683038965148387e-16], [-9.251859476014332e-17, -2.6733856312683653, -0.5804480706744957], [1.9428903509966668e-16, -0.44469649790945753, -2.224135171477339]], [[-2.673385631268366, -2.220446115424762e-16, 0.5804480706744957], [1.2952601016488799e-16, -1.0363044831475348, 1.8272420248284264e-16], [0.4446964979094574, 3.3769284010340433e-16, -2.22413517147734]], [[-1.0363044831475343, 2.220445983075864e-16, -4.9034850143987e-16], [-9.251859476014332e-17, -2.6733856312683653, 0.5804480706744963], [-2.4980017475039593e-16, 0.44469649790945776, -2.22413517147734]], [[-1.0363044831475343, 2.220445983075864e-16, -2.683038965148387e-16], [-9.251859476014332e-17, -2.6733856312683653, -0.5804480706744957], [1.9428903509966668e-16, -0.44469649790945753, -2.224135171477339]], [[-2.6733856312683644, 4.440892032326177e-16, -0.580448070674495], [5.736152200149506e-16, -1.0363044831475343, -4.2789846106099346e-16], [-0.44469649790945764, -7.725301845217522e-16, -2.22413517147734]]]}, "metadata": {"formula": "ScPO4", "nsites": 12, "structure": "# generated using pymatgen\ndata_ScPO4\n_symmetry_space_group_name_H-M   'P 1'\n_cell_length_a   5.47266459\n_cell_length_b   5.47266459\n_cell_length_c   5.47266459\n_cell_angle_alpha   106.14044729\n_cell_angle_beta   106.14044729\n_cell_angle_gamma   116.36029310\n_symmetry_Int_Tables_number   1\n_chemical_formula_structural   ScPO4\n_chemical_formula_sum   'Sc2 P2 O8'\n_cell_volume   124.791441321\n_cell_formula_units_Z   2\nloop_\n _symmetry_equiv_pos_site_id\n _symmetry_equiv_pos_as_xyz\n  1  'x, y, z'\nloop_\n _atom_site_type_symbol\n _atom_site_label\n _atom_site_symmetry_multiplicity\n _atom_site_fract_x\n _atom_site_fract_y\n _atom_site_fract_z\n _atom_site_occupancy\n  Sc  Sc1  1  1.000000  1.000000  0.000000  1\n  Sc  Sc2  1  0.250000  0.750000  0.500000  1\n  P  P3  1  0.750000  0.250000  0.500000  1\n  P  P4  1  0.500000  0.500000  0.000000  1\n  O  O5  1  0.489427  0.670109  0.819318  1\n  O  O6  1  0.920109  0.239427  0.319318  1\n  O  O7  1  0.920109  0.600791  0.680682  1\n  O  O8  1  0.850791  0.670109  0.180682  1\n  O  O9  1  0.329891  0.510573  0.180682  1\n  O  O10  1  0.760573  0.079891  0.680682  1\n  O  O11  1  0.399209  0.079891  0.319318  1\n  O  O12  1  0.329891  0.149209  0.819318  1\n"}}