{"phonon": {"ph_bandstructure": [[-0.004267857988071385, -0.004141796668465162, 0.0, 46.530465548053485, 46.65969875194062, 76.34965269408643, 82.77813657688216, 82.98806821697403, 85.59113683334793, 89.93430218771056, 116.1871170639507, 142.10580224820836, 276.5577455516104, 286.1498789602711, 290.8624049129174, 292.627579301538, 296.52377069946436, 308.4402730031997, 310.1166648173157, 312.03554904048605, 325.93433447961996, 325.9392536312935, 337.24525994400506, 351.34954842822543]]}, "dielectric": {"eps_electronic": [[6.166435189791917, -2.0941573776122334e-16, -1.0238882540811205e-16], [-2.0941573776122334e-16, 6.166435189791917, -1.0238882540811205e-16], [-4.946463865648467e-16, 8.376212429853411e-16, 6.506205640678532]], "eps_total": [[8.084694572593282, 1.919661713817733e-15, -1.320958576742563e-15], [1.521385454103016e-15, 8.084694572622062, -5.670542168428381e-16], [-1.3858121082330819e-15, -1.3858121082330819e-15, 8.764031562119532]], "becs": [[[1.078138755018545, 0.1476090331898898, -2.702872847190175e-16], [-0.14760903318988913, 1.0781387550185453, 2.952325684494216e-16], [-1.4363510381087963e-15, -9.020562075079397e-17, 0.7960085613776678]], [[1.078138755018545, -0.14760903318988958, -1.249000902703301e-16], [0.1476090331898902, 1.078138755018545, 1.9081958235744878e-16], [-7.7021722333370235e-16, -6.453171330633722e-16, 0.7960085613776676]], [[2.2633437871254536, -0.5388735458305228, -1.6653345369377348e-16], [0.5388735458305236, 2.263343787125454, 1.8388068845354155e-16], [-1.214306433183765e-15, -7.563394355258879e-16, 2.5798574777697363]], [[2.2633437871254536, 0.5388735458305234, -1.457167719820518e-16], [-0.5388735458305227, 2.2633437871254536, 9.020562075079397e-17], [-1.0477729794899915e-15, -8.118505867571457e-16, 2.5798574777697363]], [[-1.5107851128361878, 2.498001805406602e-16, 2.7755575615628914e-16], [-2.248201624865942e-15, -1.8306974293078122, -0.37767779651071176], [4.225786387479502e-15, -0.3560844633235484, -1.6879330195737001]], [[-1.8306974293078122, -2.4147350785597155e-15, -0.3776777965107116], [-4.718447854656915e-16, -1.5107851128361878, 1.3530843112619095e-16], [-0.3560844633235434, 6.349087922075114e-15, -1.6879330195737001]], [[-1.8306974293078087, 1.1379786002407855e-15, 0.3776777965107126], [4.163336342344337e-16, -1.5107851128361895, -1.1830814106161824e-15], [0.35608446332354826, -2.5326962749261384e-15, -1.6879330195737037]], [[-1.5107851128361895, 2.498001805406602e-16, -5.967448757360216e-16], [4.163336342344337e-16, -1.8306974293078087, 0.377677796510712], [-4.65599780952175e-15, 0.3560844633235468, -1.6879330195737037]]]}, "metadata": {"formula": "LiAlTe2", "nsites": 8, "structure": "# generated using pymatgen\ndata_LiAlTe2\n_symmetry_space_group_name_H-M   'P 1'\n_cell_length_a   7.38924064\n_cell_length_b   7.38924064\n_cell_length_c   7.38924064\n_cell_angle_alpha   129.24309528\n_cell_angle_beta   129.24309528\n_cell_angle_gamma   74.61973644\n_symmetry_Int_Tables_number   1\n_chemical_formula_structural   LiAlTe2\n_chemical_formula_sum   'Li2 Al2 Te4'\n_cell_volume   235.78876352\n_cell_formula_units_Z   2\nloop_\n _symmetry_equiv_pos_site_id\n _symmetry_equiv_pos_as_xyz\n  1  'x, y, z'\nloop_\n _atom_site_type_symbol\n _atom_site_label\n _atom_site_symmetry_multiplicity\n _atom_site_fract_x\n _atom_site_fract_y\n _atom_site_fract_z\n _atom_site_occupancy\n  Li  Li1  1  0.500000  0.500000  0.000000  1\n  Li  Li2  1  0.250000  0.750000  0.500000  1\n  Al  Al3  1  0.000000  0.000000  0.000000  1\n  Al  Al4  1  0.750000  0.250000  0.500000  1\n  Te  Te5  1  0.375000  0.359717  0.484717  1\n  Te  Te6  1  0.109717  0.625000  0.984717  1\n  Te  Te7  1  0.640283  0.125000  0.015283  1\n  Te  Te8  1  0.875000  0.890283  0.515283  1\n"}}