{"phonon": {"ph_bandstructure": [[0.0, 0.0, 0.0, 108.39180825524686, 108.39180825835035, 118.69465969118468, 122.50517239020449, 202.30207291797655, 226.23821574416812, 226.23821574574183, 226.87014314592628, 253.75213047481373, 334.44932928969746, 611.2438867266966, 626.2217183744293]]}, "dielectric": {"eps_electronic": [[3.4195656732376647, 4.046009091727613e-16, -1.4973901170798314e-15], [4.046009091727613e-16, 3.4195656732376647, -1.4973901170798314e-15], [7.568880799806224e-17, 7.568880799806224e-17, 4.166471330777224]], "eps_total": [[6.3278378132497215, -5.629812638123826e-15, 1.3852541970554854e-16], [-5.114991845133123e-15, 6.327837813298347, -5.2604635626114574e-15], [-7.309560893959067e-16, -2.95140213864622e-15, 8.027911882913312]], "becs": [[[1.0397933602516778, -7.993605697891788e-16, -6.653914987928305e-17], [-2.220445983075864e-16, 1.0397933602516782, 6.668761175224675e-17], [1.4210854397564648e-15, 3.019806605804602e-15, 1.3261699863480163]], [[1.0397933602516778, -7.993605697891788e-16, -6.653914987928305e-17], [-2.220445983075864e-16, 1.0397933602516782, 6.668761175224675e-17], [1.4210854397564648e-15, 3.019806605804602e-15, 1.3261699863480163]], [[0.2077079428561013, -2.1316281993393667e-15, 4.4147345967244417e-17], [-2.220446042632868e-15, 0.2077079428561013, -4.4670497326257087e-17], [4.973799118556966e-15, 5.684341864904978e-15, 2.101536215476742]], [[-1.1436473317071347, 1.865174689311197e-15, 4.4465478550812164e-17], [1.3322676361676327e-15, -1.1436473317071352, -4.435236474268934e-17], [-3.9079850784442865e-15, -5.86197759119665e-15, -2.3769380940882248]], [[-1.1436473317071347, 1.865174689311197e-15, 4.4465478550812164e-17], [1.3322676361676327e-15, -1.1436473317071352, -4.435236474268934e-17], [-3.9079850784442865e-15, -5.86197759119665e-15, -2.3769380940882248]]]}, "metadata": {"formula": "Na2HgO2", "nsites": 5, "structure": "# generated using pymatgen\ndata_Na2HgO2\n_symmetry_space_group_name_H-M   'P 1'\n_cell_length_a   7.05824132\n_cell_length_b   7.05824132\n_cell_length_c   7.05824132\n_cell_angle_alpha   152.13696419\n_cell_angle_beta   152.13696419\n_cell_angle_gamma   39.81332290\n_symmetry_Int_Tables_number   1\n_chemical_formula_structural   Na2HgO2\n_chemical_formula_sum   'Na2 Hg1 O2'\n_cell_volume   76.6598587965\n_cell_formula_units_Z   1\nloop_\n _symmetry_equiv_pos_site_id\n _symmetry_equiv_pos_as_xyz\n  1  'x, y, z'\nloop_\n _atom_site_type_symbol\n _atom_site_label\n _atom_site_symmetry_multiplicity\n _atom_site_fract_x\n _atom_site_fract_y\n _atom_site_fract_z\n _atom_site_occupancy\n  Na  Na1  1  0.676036  0.676036  0.000000  1\n  Na  Na2  1  0.323964  0.323964  0.000000  1\n  Hg  Hg3  1  0.000000  0.000000  0.000000  1\n  O  O4  1  0.851711  0.851711  0.000000  1\n  O  O5  1  0.148289  0.148289  0.000000  1\n"}}