{"phonon": {"ph_bandstructure": [[-0.014035942202514024, -0.011814825571946483, -0.003392075188417093, 135.88475513941404, 164.1609867725219, 177.67760432231447, 180.41168960733296, 192.62126264736702, 193.4556453142161, 193.80893345945742, 194.84566371302398, 210.98310730342646, 228.1074126981138, 232.88192970968726, 233.79293523670938, 240.8414527782123, 257.5947857475057, 260.3200168568921, 275.0663488995618, 289.0452355589991, 291.46087905349657, 370.0226210372859, 378.5589598236903, 396.29231517790726, 424.9761896035746, 477.536929317358, 499.0429875194953, 526.0982432304055, 563.4751708184552, 702.9066288024787, 855.194347280529, 883.3949388850377, 945.9323304719483, 999.0747088964489, 1000.0164131938378, 1008.0248433013312]]}, "dielectric": {"eps_electronic": [[2.450453761556996, 0.0, 0.0], [0.0, 2.4251209018604443, 0.0], [0.0, 0.0, 2.4804511085145555]], "eps_total": [[5.093873581846094, 0.0, 0.0], [0.0, 4.769776971247482, 0.0], [0.0, 0.0, 6.789320110434409]], "becs": [[[1.0289312881417814, -0.06019357961862304, -0.013687002375248454], [0.016182588979293477, 1.0563948754078383, 0.004741111014389562], [-0.01512359778598381, 0.013819007365493317, 1.0412416940331024]], [[1.0289312881417814, 0.06019357961862304, -0.013687002375248454], [-0.016182588979293477, 1.0563948754078383, -0.004741111014389562], [-0.015123597785983805, -0.013819007365493314, 1.0412416940331024]], [[1.0289312881417814, -0.06019357961862304, 0.013687002375248454], [0.016182588979293477, 1.0563948754078383, -0.004741111014389562], [0.015123597785983814, -0.013819007365493317, 1.0412416940331024]], [[1.0289312881417814, 0.06019357961862304, 0.013687002375248454], [-0.016182588979293477, 1.0563948754078383, 0.004741111014389562], [0.015123597785983814, 0.013819007365493317, 1.0412416940331024]], [[2.7899199147346074, 0.0, -0.2480728625120187], [0.0, 2.5790721377066035, 0.0], [0.16730592441916145, 0.0, 3.00212358099461]], [[2.7899199147346074, 0.0, 0.2480728625120187], [0.0, 2.5790721377066035, 0.0], [-0.16730592441916145, 0.0, 3.00212358099461]], [[-1.8376077474895693, 0.0, -0.6451516683146316], [0.0, -1.0222661790788012, 0.0], [-0.7629332005735012, 0.0, -2.330121582756341]], [[-1.8376077474895693, 0.0, 0.6451516683146316], [0.0, -1.0222661790788012, 0.0], [0.7629332005735012, 0.0, -2.330121582756341]], [[-1.5050873717591966, 0.3760191339951967, 0.0894211255603844], [0.26202318287569026, -1.8347978547240795, -0.07221322456473842], [0.024101323375072047, -0.09425671383098014, -1.3772426931579829]], [[-1.5050873717591948, 0.3760191339951968, -0.0894211255603844], [0.2620231828756898, -1.8347978547240773, 0.07221322456473839], [-0.024101323375072065, 0.09425671383098014, -1.3772426931579829]], [[-1.5050873717591966, -0.3760191339951967, 0.0894211255603844], [-0.26202318287569026, -1.8347978547240795, 0.07221322456473842], [0.024101323375072047, 0.09425671383098014, -1.3772426931579815]], [[-1.5050873717591948, -0.3760191339951968, -0.0894211255603844], [-0.2620231828756898, -1.8347978547240773, -0.07221322456473839], [-0.024101323375072047, -0.09425671383098014, -1.3772426931579829]]]}, "metadata": {"formula": "Na2SiO3", "nsites": 12, "structure": "# generated using pymatgen\ndata_Na2SiO3\n_symmetry_space_group_name_H-M   'P 1'\n_cell_length_a   6.08285482\n_cell_length_b   6.08285482\n_cell_length_c   4.81098727\n_cell_angle_alpha   90.00000000\n_cell_angle_beta   90.00000000\n_cell_angle_gamma   119.95190233\n_symmetry_Int_Tables_number   1\n_chemical_formula_structural   Na2SiO3\n_chemical_formula_sum   'Na4 Si2 O6'\n_cell_volume   154.23751693\n_cell_formula_units_Z   2\nloop_\n _symmetry_equiv_pos_site_id\n _symmetry_equiv_pos_as_xyz\n  1  'x, y, z'\nloop_\n _atom_site_type_symbol\n _atom_site_label\n _atom_site_symmetry_multiplicity\n _atom_site_fract_x\n _atom_site_fract_y\n _atom_site_fract_z\n _atom_site_occupancy\n  Na  Na1  1  0.503699  0.173180  0.498017  1\n  Na  Na2  1  0.173180  0.503699  0.498017  1\n  Na  Na3  1  0.496301  0.826820  0.998017  1\n  Na  Na4  1  0.826820  0.496301  0.998017  1\n  Si  Si5  1  0.841749  0.841749  0.461113  1\n  Si  Si6  1  0.158251  0.158251  0.961113  1\n  O  O7  1  0.085959  0.085959  0.622310  1\n  O  O8  1  0.914041  0.914041  0.122310  1\n  O  O9  1  0.581187  0.841481  0.516971  1\n  O  O10  1  0.418813  0.158519  0.016971  1\n  O  O11  1  0.841481  0.581187  0.516971  1\n  O  O12  1  0.158519  0.418813  0.016971  1\n"}}