{"phonon": {"ph_bandstructure": [[-0.0035494864242380684, -0.0035087751758475128, 0.0, 117.50932841028249, 126.18121190113526, 126.80442220519564, 138.87148020716646, 141.71433144773533, 145.45924747607594, 147.81386863808316, 152.7305709127732, 177.74802537406194, 179.6476940283506, 179.79219638876776, 195.86278269038908, 210.402977557865, 211.72976712868385, 226.33732455984676, 234.19560492566782, 240.4813272769425, 244.44379633520305, 256.24603332938807, 262.125669128165, 271.5555769593094, 287.7457328388817, 319.9068097019534, 354.4867082647178, 370.5339737155264, 437.92961986377696, 438.7038171259968]]}, "dielectric": {"eps_electronic": [[2.3405214182314125, 0.0, -0.0006755423143249462], [0.0, 2.342565415134193, 0.0], [-0.0006755423143249971, 0.0, 2.342342147966326]], "eps_total": [[6.915180197936672, -3.552713678800501e-15, 0.37477992997146975], [-2.2094531507008326e-15, 5.7812038471955525, 1.7041326049475878e-15], [0.3747799299714698, 1.3322676295501878e-15, 5.9050688603825074]], "becs": [[[1.0403448759526772, -0.011740547694978724, -0.010158960647205494], [0.011740547695133552, 1.0710829710790657, -0.0355235229679242], [-0.01015896064742168, 0.03552352296821884, 1.0677254279063582]], [[1.0403448759526772, 0.011740547694978724, -0.010158960647205494], [-0.011740547695133552, 1.0710829710790657, 0.0355235229679242], [-0.01015896064742168, -0.03552352296821884, 1.0677254279063582]], [[2.300736474542295, 0.05312357370547355, 0.0014630710900868774], [-0.05312357370616949, 2.2963096419256996, 0.1607366657580644], [0.0014630710901171627, -0.1607366657593984, 2.296793187882841]], [[2.300736474542295, -0.05312357370547355, 0.0014630710900868774], [0.05312357370616949, 2.2963096419256996, -0.1607366657580644], [0.0014630710901171627, 0.1607366657593984, 2.296793187882841]], [[-0.9699449562138256, -0.24312919813531564, -0.21704687825855556], [-0.23884340344822208, -1.2142186077715098, -0.27314698661476267], [-0.19491430720693204, -0.2872408042406228, -1.1735006291106265]], [[-1.365268142370776, -0.04565388557707098, 0.38596409759285066], [-0.035263534888470005, -0.9116805992749549, 0.011268920127368265], [0.3675434959849828, -0.004842457267064596, -1.0807154514502324]], [[-1.0058682519103614, 0.2944490048241452, -0.16022132977735476], [0.2684410172248599, -1.2414934059577516, 0.27902151532616054], [-0.16393329922092456, 0.27493981266877876, -1.1103025352278504]], [[-0.9699449562138256, 0.24312919813531564, -0.21704687825855556], [0.23884340344822208, -1.2142186077715098, 0.27314698661476267], [-0.19491430720693204, 0.2872408042406228, -1.1735006291106265]], [[-1.365268142370776, 0.04565388557707098, 0.38596409759285066], [0.035263534888470005, -0.9116805992749549, -0.011268920127368265], [0.3675434959849828, 0.004842457267064596, -1.0807154514502324]], [[-1.0058682519103614, -0.2944490048241452, -0.16022132977735476], [-0.2684410172248599, -1.2414934059577516, -0.27902151532616054], [-0.16393329922092456, -0.27493981266877876, -1.1103025352278504]]]}, "metadata": {"formula": "NaCdF3", "nsites": 10, "structure": "# generated using pymatgen\ndata_NaCdF3\n_symmetry_space_group_name_H-M   'P 1'\n_cell_length_a   6.01372907\n_cell_length_b   6.01372907\n_cell_length_c   6.01372907\n_cell_angle_alpha   57.05064778\n_cell_angle_beta   57.05064778\n_cell_angle_gamma   57.05064778\n_symmetry_Int_Tables_number   1\n_chemical_formula_structural   NaCdF3\n_chemical_formula_sum   'Na2 Cd2 F6'\n_cell_volume   143.330291251\n_cell_formula_units_Z   2\nloop_\n _symmetry_equiv_pos_site_id\n _symmetry_equiv_pos_as_xyz\n  1  'x, y, z'\nloop_\n _atom_site_type_symbol\n _atom_site_label\n _atom_site_symmetry_multiplicity\n _atom_site_fract_x\n _atom_site_fract_y\n _atom_site_fract_z\n _atom_site_occupancy\n  Na  Na1  1  0.289967  0.289967  0.289967  1\n  Na  Na2  1  0.789967  0.789967  0.789967  1\n  Cd  Cd3  1  0.001615  0.001615  0.001615  1\n  Cd  Cd4  1  0.501615  0.501615  0.501615  1\n  F  F5  1  0.706090  0.115431  0.382897  1\n  F  F6  1  0.115431  0.382897  0.706090  1\n  F  F7  1  0.382897  0.706090  0.115431  1\n  F  F8  1  0.615431  0.206090  0.882897  1\n  F  F9  1  0.882897  0.615431  0.206090  1\n  F  F10  1  0.206090  0.882897  0.615431  1\n"}}