{"phonon": {"ph_bandstructure": [[-0.0035268826867185573, -0.0033475549277061827, -0.0031016496432721475, 23.454079075318447, 23.4540791354222, 31.432100169784526, 105.8867060674048, 105.88670607745749, 116.61106595393397, 119.30637649079837, 119.3063764918447, 119.30637649220145, 153.04590082988162, 153.04590083556093, 185.96158670143245, 185.9615867025597, 185.9615867058413, 187.74570693693244, 187.7457069371797, 191.00790690479823, 264.6574610508314, 270.6503657129277, 270.65036571685175, 270.92969973827417, 376.73429723670836, 376.7342972370188, 376.73429723713895, 467.3699550313174, 472.7350493683034, 517.3167259872636, 517.3167259873826, 517.8914046208952, 531.4752824623611, 531.4752824634643, 531.4752824639046, 536.0782471296137, 536.0782471301509, 536.0782471314787, 560.4518192952064, 560.4518192969988, 598.3220772556771, 598.3220772573837, 613.5170936854861, 613.5170936863916, 613.5170936867784, 615.2254487470024, 615.2254487485538, 626.237789885912]]}, "dielectric": {"eps_electronic": [[12.660848358147115, 4.5767657844091444e-17, 0.0], [-1.2877661638004856e-16, 12.660848358147115, 1.7763568394002505e-15], [1.2877661638004856e-16, 1.0169550360801738e-15, 12.660848358147113]], "eps_total": [[29.703158010258104, 9.223113420815585e-11, 5.003215619581169e-10], [9.223133331871769e-11, 29.70315806105121, 6.330402868570673e-11], [5.003235748022177e-10, 6.330604152980743e-11, 29.703158078539474]], "becs": [[[2.438736109001293, -5.551115123125783e-17, 2.7755575615628914e-16], [0.0, 2.438736109001293, 8.326672684688674e-17], [6.5184410970692026e-18, 1.6611300088693545e-16, 2.438736109001293]], [[3.4389177431942386, -5.551115123125783e-17, 2.7755575615628914e-16], [0.0, 3.4389177431942386, 8.326672684688674e-17], [6.990278784231038e-18, 1.6658483857409728e-16, 3.4389177431942386]], [[1.8170984207601908, -5.551115123125783e-17, 2.7755575615628914e-16], [7.993605777301127e-15, -0.18813235268780376, -2.0289397068024693], [7.889522368742519e-15, -2.0289397068024693, -0.18813235268780204]], [[-0.18813235268780376, 7.93809462606987e-15, -2.028939706802469], [0.0, 1.8170984207601908, 8.326672684688674e-17], [-2.0289397068024684, 7.16093850883226e-15, -0.18813235268780382]], [[-0.18813235268780198, -2.0289397068024684, 5.6066262743570405e-15], [-2.0289397068024675, -0.18813235268780376, 6.300515664747763e-15], [6.985696198070404e-18, 1.6658025598793665e-16, 1.8170984207601908]], [[1.817098420760182, 8.326672684688674e-16, -6.106226635438361e-16], [-4.440892098500626e-15, -0.18813235268779843, 2.028939706802465], [-5.2111093218343285e-15, 2.0289397068024657, -0.18813235268780026]], [[-0.18813235268779843, 2.028939706802464, -3.2751579226442118e-15], [2.028939706802465, -0.18813235268779843, -4.3576253716537394e-15], [1.7832957333041577e-15, -1.609823385706477e-15, 1.8170984207601855]], [[-0.18813235268779843, -4.496403249731884e-15, 2.0289397068024653], [0.0, 1.817098420760182, 8.326672684688674e-17], [2.0289397068024657, -5.051514762044462e-15, -0.18813235268780026]], [[-1.0949151603705882, 0.37135752534966987, -0.37135752534966965], [0.37135752534967015, -1.0949151603705882, -0.37135752534967004], [-0.37135752534966904, -0.3713575253496693, -1.0949151603705891]], [[-1.0949151603705864, -0.37135752534967, 0.3713575253496702], [-0.37135752534966837, -1.0949151603705882, -0.3713575253496696], [0.3713575253496708, -0.37135752534967065, -1.0949151603705873]], [[-1.0949151603705887, -0.37135752534966865, -0.3713575253496694], [-0.3713575253496708, -1.0949151603705864, 0.3713575253496709], [-0.37135752534967126, 0.3713575253496714, -1.094915160370587]], [[-1.0949151603705878, 0.371357525349669, 0.37135752534966954], [0.3713575253496686, -1.0949151603705873, 0.3713575253496698], [0.3713575253496686, 0.3713575253496697, -1.0949151603705873]], [[-1.0949151603705887, -0.37135752534966865, -0.3713575253496694], [-0.3713575253496708, -1.0949151603705864, 0.3713575253496709], [-0.37135752534967126, 0.3713575253496714, -1.094915160370587]], [[-1.0949151603705878, 0.371357525349669, 0.37135752534966954], [0.3713575253496686, -1.0949151603705873, 0.3713575253496698], [0.3713575253496686, 0.3713575253496697, -1.0949151603705873]], [[-1.0949151603705882, 0.37135752534966987, -0.37135752534966965], [0.37135752534967015, -1.0949151603705882, -0.37135752534967004], [-0.37135752534966904, -0.3713575253496693, -1.0949151603705891]], [[-1.0949151603705864, -0.37135752534967, 0.3713575253496702], [-0.37135752534966837, -1.0949151603705882, -0.3713575253496696], [0.3713575253496708, -0.37135752534967065, -1.0949151603705873]]]}, "metadata": {"formula": "TlPd3O4", "nsites": 16, "structure": "# generated using pymatgen\ndata_TlPd3O4\n_symmetry_space_group_name_H-M   'P 1'\n_cell_length_a   6.76853575\n_cell_length_b   6.76853575\n_cell_length_c   6.76853575\n_cell_angle_alpha   60.00000000\n_cell_angle_beta   60.00000000\n_cell_angle_gamma   60.00000000\n_symmetry_Int_Tables_number   1\n_chemical_formula_structural   TlPd3O4\n_chemical_formula_sum   'Tl2 Pd6 O8'\n_cell_volume   219.264934577\n_cell_formula_units_Z   2\nloop_\n _symmetry_equiv_pos_site_id\n _symmetry_equiv_pos_as_xyz\n  1  'x, y, z'\nloop_\n _atom_site_type_symbol\n _atom_site_label\n _atom_site_symmetry_multiplicity\n _atom_site_fract_x\n _atom_site_fract_y\n _atom_site_fract_z\n _atom_site_occupancy\n  Tl  Tl1  1  0.500000  0.500000  0.500000  1\n  Tl  Tl2  1  0.000000  0.000000  0.000000  1\n  Pd  Pd3  1  0.000000  0.500000  0.500000  1\n  Pd  Pd4  1  0.500000  0.000000  0.500000  1\n  Pd  Pd5  1  0.500000  0.500000  1.000000  1\n  Pd  Pd6  1  0.500000  0.000000  0.000000  1\n  Pd  Pd7  1  1.000000  1.000000  0.500000  1\n  Pd  Pd8  1  0.000000  0.500000  1.000000  1\n  O  O9  1  0.142187  0.142187  0.573438  1\n  O  O10  1  0.857813  0.426562  0.857813  1\n  O  O11  1  0.426562  0.857813  0.857813  1\n  O  O12  1  0.857813  0.857813  0.857813  1\n  O  O13  1  0.573438  0.142187  0.142187  1\n  O  O14  1  0.142187  0.142187  0.142187  1\n  O  O15  1  0.857813  0.857813  0.426562  1\n  O  O16  1  0.142187  0.573438  0.142187  1\n"}}