{"phonon": {"ph_bandstructure": [[0.0, 0.0, 0.0022948483902671952, 70.63750663959442, 95.43670287204773, 95.43670287900936, 95.4367028813616, 109.05167397087708, 109.05167397393333, 109.05167398301015, 110.55631929600236, 110.55631930246791, 111.3178981901643, 114.78492247570308, 114.78492248117016, 114.78492248301264, 119.22330675256589, 119.22330675914814, 119.22379454205226, 120.79010699549907, 120.79010699958489, 130.49296419945003, 130.49296420761308, 133.46297488234148, 133.4629748956065, 135.14413239150934, 136.96717513852008, 146.32634650490874, 146.32634650496564, 146.32634650498048, 148.37340907056665, 148.37340907626597, 148.43739468584582, 150.7569896045374, 150.7569896081166, 151.47732694705817, 158.11966626260391, 158.11966626543705, 158.16985009359695, 176.3108187813653, 176.3108187836732, 185.28287317929116, 206.4802988199924, 206.4802988277544, 207.30910644952027, 221.79699588902557, 221.7969958901776, 221.79699589351773, 230.30404791868003, 230.30404792290778, 230.68986312239494, 230.68986312424911, 230.68986312489073, 233.9226772693637, 236.7506658057659, 236.7506658064954, 242.18077962983668, 249.40518009066454, 249.40518009470136, 253.82984393137266]]}, "dielectric": {"eps_electronic": [[23.701052339597066, -5.761699173508346e-15, -4.896441862893157e-15], [7.069020183308814e-15, 23.70105233959706, 3.589120853092689e-15], [-5.009576691355151e-15, 5.6485643450463515e-15, 23.70105233959707]], "eps_total": [[27.10910744906175, 2.63650465174103e-11, -1.538683329952398e-12], [2.6380770694211473e-11, 27.109107449307984, 4.367966195806864e-12], [-1.537271786949145e-12, 4.367338347217288e-12, 27.1091074493962]], "becs": [[[-3.759327432499263, -0.1337971263353087, -1.957527051592004e-17], [-0.13379712633530877, -3.759327432499263, 9.144974410642844e-17], [0.0, -2.2204460823375376e-17, -3.5603330028745974]], [[-3.759327432499261, 8.88178432935015e-17, 0.1337971263353101], [-8.215650372299991e-16, -3.5603330028745956, -3.803950413592631e-16], [0.1337971263353097, -2.2204460823375376e-17, -3.759327432499263]], [[-3.759327432499263, 8.88178432935015e-17, -0.13379712633530744], [-8.215650372299991e-16, -3.5603330028745974, -1.1714289464046871e-15], [-0.13379712633530705, -2.2204460823375376e-17, -3.759327432499261]], [[-3.5603330028745956, -7.993605764066237e-16, -5.330534194050549e-16], [6.661338247012613e-17, -3.759327432499261, 0.13379712633531018], [0.0, 0.13379712633530969, -3.759327432499263]], [[-3.5603330028745974, 9.769962629936267e-16, 4.314528332380498e-16], [6.661338247012613e-17, -3.759327432499263, -0.13379712633530916], [0.0, -0.13379712633530885, -3.759327432499263]], [[-3.759327432499261, 0.13379712633530982, -1.9084444176188006e-17], [0.13379712633530977, -3.759327432499261, 9.194057044616048e-17], [-8.881784197001252e-16, -9.103828805235006e-16, -3.5603330028745956]], [[2.5396278660460245, -0.08728366699522541, -0.08728366699522552], [-0.08728366699522588, 2.5396278660460228, 0.08728366699522559], [-0.08728366699522594, 0.08728366699522547, 2.5396278660460228]], [[2.5396278660460228, 0.08728366699522558, 0.08728366699522558], [0.08728366699522555, 2.5396278660460228, 0.0872836669952257], [0.0872836669952255, 0.08728366699522547, 2.5396278660460228]], [[2.5396278660460228, -0.08728366699522586, 0.08728366699522458], [-0.08728366699522455, 2.5396278660460245, -0.08728366699522451], [0.0872836669952246, -0.08728366699522597, 2.5396278660460228]], [[2.5396278660460228, 0.08728366699522469, -0.08728366699522608], [0.08728366699522466, 2.5396278660460228, -0.08728366699522595], [-0.0872836669952246, -0.08728366699522463, 2.5396278660460245]], [[1.8754648441635169, -0.2558751099628095, 0.2558751099628078], [-0.2558751099628077, 1.8754648441635187, -0.2558751099628077], [0.2558751099628078, -0.2558751099628096, 1.8754648441635169]], [[0.30194961214534016, -1.2434497862566863e-15, -1.597306271916826e-15], [-3.774758273799365e-16, 0.973426417883525, 0.0013246242885752283], [1.3322676295501878e-15, -0.0013246242885727399, 0.9734264178835277]], [[1.8754648441635142, 0.25587510996280927, 0.2558751099628092], [0.25587510996280927, 1.8754648441635142, 0.2558751099628093], [0.25587510996280916, 0.25587510996280916, 1.8754648441635142]], [[0.9734264178835267, -0.0013246242885744052, 2.1683272486803647e-15], [0.0013246242885736727, 0.9734264178835232, -2.161539835197913e-15], [4.440892098500626e-16, -2.2204460823375376e-17, 0.3019496121453411]], [[0.30194961214534194, -7.993605764066237e-16, -1.5912347397509073e-15], [3.619327061270627e-15, 0.9734264178835286, -0.0013246242885724215], [-3.552713678800501e-15, 0.001324624288574028, 0.9734264178835241]], [[0.973426417883524, 0.0013246242885763594, -8.742131157363419e-16], [-0.0013246242885739832, 0.9734264178835241, 5.690795284361944e-16], [-8.881784197001252e-16, -1.3544720903735632e-15, 0.30194961214533844]], [[1.8754648441635169, -0.2558751099628086, -0.2558751099628087], [-0.2558751099628095, 1.875464844163516, 0.2558751099628088], [-0.2558751099628096, 0.2558751099628087, 1.875464844163516]], [[1.875464844163516, 0.25587510996280793, -0.2558751099628106], [0.2558751099628088, 1.8754648441635169, -0.2558751099628087], [-0.2558751099628087, -0.2558751099628078, 1.8754648441635178]], [[0.9734264178835276, 1.4210854728436894e-15, -0.0013246242885721193], [-3.774758273799365e-16, 0.301949612145342, -1.954981856459961e-15], [0.0013246242885753823, -2.2426505100736885e-15, 0.973426417883525]], [[0.973426417883524, -7.993605764066237e-16, 0.0013246242885752192], [-2.5979218766302496e-15, 0.30194961214533933, -1.3842036227549674e-15], [-0.0013246242885727177, 1.754152378576875e-15, 0.9734264178835277]]]}, "metadata": {"formula": "Nb3Sb2Te5", "nsites": 20, "structure": "# generated using pymatgen\ndata_Nb3Sb2Te5\n_symmetry_space_group_name_H-M   'P 1'\n_cell_length_a   8.47355881\n_cell_length_b   8.47355881\n_cell_length_c   8.47355881\n_cell_angle_alpha   109.47122063\n_cell_angle_beta   109.47122063\n_cell_angle_gamma   109.47122063\n_symmetry_Int_Tables_number   1\n_chemical_formula_structural   Nb3Sb2Te5\n_chemical_formula_sum   'Nb6 Sb4 Te10'\n_cell_volume   468.355530028\n_cell_formula_units_Z   2\nloop_\n _symmetry_equiv_pos_site_id\n _symmetry_equiv_pos_as_xyz\n  1  'x, y, z'\nloop_\n _atom_site_type_symbol\n _atom_site_label\n _atom_site_symmetry_multiplicity\n _atom_site_fract_x\n _atom_site_fract_y\n _atom_site_fract_z\n _atom_site_occupancy\n  Nb  Nb1  1  0.343011  0.343011  0.000000  1\n  Nb  Nb2  1  0.656989  1.000000  0.656989  1\n  Nb  Nb3  1  0.343011  1.000000  0.343011  1\n  Nb  Nb4  1  1.000000  0.656989  0.656989  1\n  Nb  Nb5  1  1.000000  0.343011  0.343011  1\n  Nb  Nb6  1  0.656989  0.656989  0.000000  1\n  Sb  Sb7  1  0.667334  1.000000  0.000000  1\n  Sb  Sb8  1  0.332666  0.332666  0.332666  1\n  Sb  Sb9  1  1.000000  0.667334  0.000000  1\n  Sb  Sb10  1  1.000000  1.000000  0.667334  1\n  Te  Te11  1  1.000000  0.325482  1.000000  1\n  Te  Te12  1  0.500000  0.750000  0.250000  1\n  Te  Te13  1  0.674518  0.674518  0.674518  1\n  Te  Te14  1  0.250000  0.750000  0.500000  1\n  Te  Te15  1  0.500000  0.250000  0.750000  1\n  Te  Te16  1  0.750000  0.250000  0.500000  1\n  Te  Te17  1  0.325482  0.000000  0.000000  1\n  Te  Te18  1  1.000000  0.000000  0.325482  1\n  Te  Te19  1  0.250000  0.500000  0.750000  1\n  Te  Te20  1  0.750000  0.500000  0.250000  1\n"}}