{"phonon": {"ph_bandstructure": [[-51.46902167111568, -51.46902166437791, -51.469021661918454, 0.0, 0.0, 0.0, 97.04106975521665, 97.04106975752127, 97.04106976433484, 106.08279718239193, 106.08279719080224, 148.39221652129365, 233.42853213521278, 233.42853213627262, 233.42853213921947, 257.70007669570447, 257.7000766993801, 307.9710175313224, 355.6407000372179, 355.6407000400501, 367.1813202096959, 367.18132021062837, 367.18132021096886, 421.5122744654522, 589.5930186675392, 589.5930186688261, 639.3607953810185, 639.3607953830351, 718.1535193092315, 728.5257453229733]]}, "dielectric": {"eps_electronic": [[4.041940592873069, -2.3692870952848814e-15, -1.7763568394002505e-15], [-2.1364359778819558e-15, 4.041940592873068, -3.552713678800501e-15], [-1.5243428256974877e-15, -3.744788874947801e-15, 4.041940592873068]], "eps_total": null, "becs": [[[2.7398686553457723, -8.88178432935015e-17, 1.3322676494025225e-16], [0.0, 2.7398686553457727, -1.77635686587003e-16], [2.5517723930881456e-16, -1.445030555119422e-16, 2.7398686553457727]], [[2.7398686553457723, -8.88178432935015e-17, 1.3322676494025225e-16], [0.0, 2.7398686553457727, -1.77635686587003e-16], [2.5517723930881456e-16, -1.445030555119422e-16, 2.7398686553457727]], [[2.8750943310367507, -8.88178432935015e-17, 1.3322676494025225e-16], [0.0, 2.8750943310367507, -1.77635686587003e-16], [2.553409854629405e-16, -1.4433930935781624e-16, 2.8750943310367507]], [[4.814800758498363, -8.88178432935015e-17, 1.3322676494025225e-16], [0.0, 4.814800758498363, -1.77635686587003e-16], [2.547954655887616e-16, -1.4488482923199514e-16, 4.814800758498363]], [[-1.850389452218163, 1.687538996106749e-15, -1.421085469534967e-15], [1.7763568394002505e-15, -1.8503894522181639, -1.2878587112121595e-15], [2.554656966660191e-16, -1.4421459815473778e-16, -2.884037295672715]], [[-2.884037295672714, -5.329070531435641e-16, 5.773159747903149e-16], [-8.881784197001252e-16, -1.8503894522181643, 9.325873380381535e-16], [-5.76888231097304e-16, 5.777437085571584e-16, -1.8503894522181634]], [[-1.8503894522181648, -9.769962629936267e-16, 5.773159747903149e-16], [-8.881784197001252e-16, -2.884037295672714, 7.105427331131222e-16], [-1.8882291138455973e-16, -1.4441399635525385e-16, -1.8503894522181639]], [[-1.8503894522181648, -9.769962629936267e-16, 5.773159747903149e-16], [-8.881784197001252e-16, -2.884037295672714, 7.105427331131222e-16], [-1.8882291138455973e-16, -1.4441399635525385e-16, -1.8503894522181639]], [[-2.884037295672714, -5.329070531435641e-16, 5.773159747903149e-16], [-8.881784197001252e-16, -1.8503894522181643, 9.325873380381535e-16], [-5.76888231097304e-16, 5.777437085571584e-16, -1.8503894522181634]], [[-1.850389452218163, 1.687538996106749e-15, -1.421085469534967e-15], [1.7763568394002505e-15, -1.8503894522181639, -1.2878587112121595e-15], [2.554656966660191e-16, -1.4421459815473778e-16, -2.884037295672715]]]}, "metadata": {"formula": "Ba2CaTeO6", "nsites": 10, "structure": "# generated using pymatgen\ndata_Ba2CaTeO6\n_symmetry_space_group_name_H-M   'P 1'\n_cell_length_a   5.93216319\n_cell_length_b   5.93216319\n_cell_length_c   5.93216319\n_cell_angle_alpha   60.00000000\n_cell_angle_beta   60.00000000\n_cell_angle_gamma   60.00000000\n_symmetry_Int_Tables_number   1\n_chemical_formula_structural   Ba2CaTeO6\n_chemical_formula_sum   'Ba2 Ca1 Te1 O6'\n_cell_volume   147.612886354\n_cell_formula_units_Z   1\nloop_\n _symmetry_equiv_pos_site_id\n _symmetry_equiv_pos_as_xyz\n  1  'x, y, z'\nloop_\n _atom_site_type_symbol\n _atom_site_label\n _atom_site_symmetry_multiplicity\n _atom_site_fract_x\n _atom_site_fract_y\n _atom_site_fract_z\n _atom_site_occupancy\n  Ba  Ba1  1  0.250000  0.250000  0.250000  1\n  Ba  Ba2  1  0.750000  0.750000  0.750000  1\n  Ca  Ca3  1  0.000000  0.000000  0.000000  1\n  Te  Te4  1  0.500000  0.500000  0.500000  1\n  O  O5  1  0.731964  0.731964  0.268036  1\n  O  O6  1  0.268036  0.731964  0.731964  1\n  O  O7  1  0.731964  0.268036  0.731964  1\n  O  O8  1  0.268036  0.731964  0.268036  1\n  O  O9  1  0.731964  0.268036  0.268036  1\n  O  O10  1  0.268036  0.268036  0.731964  1\n"}}