{"phonon": {"ph_bandstructure": [[0.0, 0.0, 0.0, 145.76447123091356, 147.9260849771656, 156.53744372877225, 222.60989158266602, 392.77731837681915, 416.74666857440656, 868.9553425918704, 905.7960438874561, 1237.4253557340403]]}, "dielectric": {"eps_electronic": [[16.266725068637804, 3.552713678800501e-15, 3.9887116105707075e-25], [0.0, 16.26672506828641, 6.908651166168843e-25], [0.0, 0.0, 13.535334158757962]], "eps_total": [[20.49291250891485, 7.105427357601002e-15, 3.9887116105707075e-25], [2.6645352591003757e-15, 20.49291250849417, 6.908651166168843e-25], [0.0, 0.0, 19.391641104700483]], "becs": [[[1.774838244762238, 0.0, 1.782322156692515e-24], [0.0, 1.7748382447622375, -3.0870725308116467e-24], [-5.186250371915375e-24, -5.449595147987171e-24, 2.0766359242713865]], [[2.454847198842521, 0.0, -7.426342319552149e-25], [0.0, 2.4548471988425216, 7.717681327029119e-25], [1.867050133889535e-24, 2.6948547435101394e-24, 1.4893782426574065]], [[-2.8991717006164315, 0.0, -5.941073855641719e-25], [0.0, -2.899171700616432, 1.0290241769372156e-24], [1.867050133889535e-24, 5.389709487020277e-25, -2.0474944174067384]], [[-1.3305137429883276, 0.0, -4.455805391731289e-25], [0.0, -1.3305137429883276, 1.2862802211715195e-24], [1.452150104136305e-24, 2.2157694557750035e-24, -1.5185197495220548]]]}, "metadata": {"formula": "BaAlSiH", "nsites": 4, "structure": "# generated using pymatgen\ndata_BaAlSiH\n_symmetry_space_group_name_H-M   'P 1'\n_cell_length_a   4.30246218\n_cell_length_b   4.30246218\n_cell_length_c   5.08477004\n_cell_angle_alpha   90.00000000\n_cell_angle_beta   90.00000000\n_cell_angle_gamma   120.00000000\n_symmetry_Int_Tables_number   1\n_chemical_formula_structural   BaAlSiH\n_chemical_formula_sum   'Ba1 Al1 Si1 H1'\n_cell_volume   81.5147256917\n_cell_formula_units_Z   1\nloop_\n _symmetry_equiv_pos_site_id\n _symmetry_equiv_pos_as_xyz\n  1  'x, y, z'\nloop_\n _atom_site_type_symbol\n _atom_site_label\n _atom_site_symmetry_multiplicity\n _atom_site_fract_x\n _atom_site_fract_y\n _atom_site_fract_z\n _atom_site_occupancy\n  Ba  Ba1  1  0.000000  0.000000  0.995371  1\n  Al  Al2  1  0.666667  0.333333  0.530852  1\n  Si  Si3  1  0.333333  0.666667  0.456371  1\n  H  H4  1  0.666667  0.333333  0.874506  1\n"}}