{"phonon": {"ph_bandstructure": [[-0.003305711147001598, 0.0, 0.0, 89.63194868607351, 92.28851793550324, 131.0156913094923, 138.99766517533243, 151.74762228112786, 163.35613714161508, 165.9243537838892, 178.85149354555995, 186.63634121766245, 233.48521580159752, 255.2498899359992, 269.6004376372127, 284.6226340892312, 286.66024428946827, 647.238635806923, 650.1434433956516, 1276.6497623308005, 2087.4741488874733]]}, "dielectric": {"eps_electronic": [[2.902741233007519, 0.0, 0.0], [0.0, 3.670232892869672, 0.18199085195771494], [0.0, 0.18199085195771503, 3.0237386335577625]], "eps_total": [[6.720471254942932, 0.0, 0.0], [0.0, 8.341840374647441, 0.3167515063223077], [0.0, 0.31675150632230775, 6.928664831782636]], "becs": [[[2.403768510381263, 0.0, -1.0081291598789631e-17], [6.396892952415048e-18, 2.6390007421636366, -0.022861976015655865], [3.2553120199895294e-17, 0.03809710579220999, 2.39521064624969]], [[2.403768510381263, 0.0, -1.0598000071141623e-17], [6.396892952415048e-18, 2.6390007421636366, -0.022861976015655754], [3.2553120199895294e-17, 0.03809710579220999, 2.395210646249691]], [[-0.132006234239241, 0.0, -1.0598000071141623e-17], [-3.851539250841219e-17, 4.105882399976405, 1.3555491958836994], [-1.971129774002079e-16, 1.1325630320175595, 0.35255260895482826]], [[-1.2729166769293712, 0.0, 2.67533527558438e-17], [6.396892952415048e-18, -3.364259110924066, -0.6247513297988029], [3.2553120199895294e-17, -0.5925137180896081, -1.3744779917463519]], [[-1.2729166769293712, 0.0, 2.67533527558438e-17], [6.396892952415048e-18, -3.364259110924066, -0.6247513297988029], [3.2553120199895294e-17, -0.5925137180896081, -1.3744779917463519]], [[-1.0648487163338114, 0.0, -1.1631417015845606e-17], [6.396892952415048e-18, -1.3276828312341866, -0.030161292126746668], [3.2553120199895294e-17, -0.011864903712654213, -1.1970089589846413]], [[-1.0648487163338114, 0.0, -1.0598000071141623e-17], [6.53092974808066e-18, -1.3276828312341866, -0.030161292126746557], [3.43473865873961e-17, -0.011864903712654213, -1.1970089589846404]]]}, "metadata": {"formula": "Sr2C(NCl)2", "nsites": 7, "structure": "# generated using pymatgen\ndata_Sr2C(NCl)2\n_symmetry_space_group_name_H-M   'P 1'\n_cell_length_a   5.24264466\n_cell_length_b   5.24264466\n_cell_length_c   7.18025340\n_cell_angle_alpha   82.47276522\n_cell_angle_beta   82.47276522\n_cell_angle_gamma   47.50064651\n_symmetry_Int_Tables_number   1\n_chemical_formula_structural   Sr2C(NCl)2\n_chemical_formula_sum   'Sr2 C1 N2 Cl2'\n_cell_volume   144.006474184\n_cell_formula_units_Z   1\nloop_\n _symmetry_equiv_pos_site_id\n _symmetry_equiv_pos_as_xyz\n  1  'x, y, z'\nloop_\n _atom_site_type_symbol\n _atom_site_label\n _atom_site_symmetry_multiplicity\n _atom_site_fract_x\n _atom_site_fract_y\n _atom_site_fract_z\n _atom_site_occupancy\n  Sr  Sr1  1  0.317614  0.317614  0.770586  1\n  Sr  Sr2  1  0.682386  0.682386  0.229414  1\n  C  C3  1  0.000000  0.000000  0.000000  1\n  N  N4  1  0.883665  0.883665  0.945040  1\n  N  N5  1  0.116335  0.116335  0.054960  1\n  Cl  Cl6  1  0.629485  0.629485  0.649218  1\n  Cl  Cl7  1  0.370515  0.370515  0.350782  1\n"}}