{"phonon": {"ph_bandstructure": [[-34.65520128820709, -34.6552012786238, -34.655201275394624, 0.0, 0.0, 0.0, 29.783171146262752, 29.78317115364277, 29.783171175752052, 32.27870044401694, 32.278700471336926, 54.65485442624483, 68.49246415478396, 68.4924641580333, 68.49246416771263, 110.43796920885124, 110.43796921693752, 125.17646014519575, 125.17646014782815, 125.17646014871528, 127.54388843560245, 189.98456956993334, 189.9845695747597, 190.42478007912678, 227.1774372938659, 227.1774372963504, 293.3231989469509, 302.85511429861924, 302.8551143018307, 346.12689021641216]]}, "dielectric": {"eps_electronic": [[2.828064680890248, -1.950231030116814e-16, 6.661338147750939e-16], [2.70215019133499e-17, 2.828064680890248, 6.661338147750939e-16], [6.39112312861744e-16, 1.950231030116814e-16, 2.828064680890248]], "eps_total": null, "becs": [[[1.333915401131573, 4.440892164675075e-17, 4.440892164675075e-17], [4.440892164675075e-17, 1.3339154011315728, 4.440892164675075e-17], [-9.596058193426922e-20, 8.872188271156722e-17, 1.333915401131573]], [[1.333915401131573, 4.440892164675075e-17, 4.440892164675075e-17], [4.440892164675075e-17, 1.3339154011315728, 4.440892164675075e-17], [-9.596058193426922e-20, 8.872188271156722e-17, 1.333915401131573]], [[1.3172028755164091, 4.440892164675075e-17, 4.440892164675075e-17], [4.440892164675075e-17, 1.317202875516409, 4.440892164675075e-17], [1.719192929410595e-19, 8.898976258644255e-17, 1.3172028755164091]], [[3.3501278816978584, 4.440892164675075e-17, 4.440892164675075e-17], [4.440892164675075e-17, 3.3501278816978584, 4.440892164675075e-17], [1.085327662487116e-20, 8.882869657012636e-17, 3.3501278816978584]], [[-0.8447379929103344, -6.217248931283432e-16, 4.884981314968134e-16], [4.440892164675075e-17, -0.844737992910335, -1.7763568327828056e-16], [8.883231021465245e-16, -7.992158939602246e-16, -1.9781047938971312]], [[-0.8447379929103344, 4.884981314968134e-16, -6.217248931283432e-16], [4.440892164675075e-17, -1.9781047938971306, 4.440892164675075e-17], [-6.662038688523276e-16, 5.328369990663304e-16, -0.8447379929103345]], [[-1.9781047938971321, 4.440892164675075e-17, 4.440892164675075e-17], [-1.7763568327828056e-16, -0.844737992910335, 4.440892164675075e-17], [-2.221146590022649e-16, 8.874778921626787e-17, -0.8447379929103349]], [[-0.8447379929103344, 4.884981314968134e-16, -6.217248931283432e-16], [4.440892164675075e-17, -1.9781047938971306, 4.440892164675075e-17], [-6.662038688523276e-16, 5.328369990663304e-16, -0.8447379929103345]], [[-1.9781047938971321, 4.440892164675075e-17, 4.440892164675075e-17], [-1.7763568327828056e-16, -0.844737992910335, 4.440892164675075e-17], [-2.221146590022649e-16, 8.874778921626787e-17, -0.8447379929103349]], [[-0.8447379929103344, -6.217248931283432e-16, 4.884981314968134e-16], [4.440892164675075e-17, -0.844737992910335, -1.7763568327828056e-16], [8.883231021465245e-16, -7.992158939602246e-16, -1.9781047938971312]]]}, "metadata": {"formula": "Cs2KScCl6", "nsites": 10, "structure": "# generated using pymatgen\ndata_Cs2KScCl6\n_symmetry_space_group_name_H-M   'P 1'\n_cell_length_a   7.64428016\n_cell_length_b   7.64428016\n_cell_length_c   7.64428016\n_cell_angle_alpha   60.00000000\n_cell_angle_beta   60.00000000\n_cell_angle_gamma   60.00000000\n_symmetry_Int_Tables_number   1\n_chemical_formula_structural   Cs2KScCl6\n_chemical_formula_sum   'Cs2 K1 Sc1 Cl6'\n_cell_volume   315.860115026\n_cell_formula_units_Z   1\nloop_\n _symmetry_equiv_pos_site_id\n _symmetry_equiv_pos_as_xyz\n  1  'x, y, z'\nloop_\n _atom_site_type_symbol\n _atom_site_label\n _atom_site_symmetry_multiplicity\n _atom_site_fract_x\n _atom_site_fract_y\n _atom_site_fract_z\n _atom_site_occupancy\n  Cs  Cs1  1  0.250000  0.250000  0.250000  1\n  Cs  Cs2  1  0.750000  0.750000  0.750000  1\n  K  K3  1  0.500000  0.500000  0.500000  1\n  Sc  Sc4  1  0.000000  0.000000  0.000000  1\n  Cl  Cl5  1  0.771884  0.771884  0.228116  1\n  Cl  Cl6  1  0.771884  0.228116  0.771884  1\n  Cl  Cl7  1  0.228116  0.771884  0.771884  1\n  Cl  Cl8  1  0.228116  0.771884  0.228116  1\n  Cl  Cl9  1  0.771884  0.228116  0.228116  1\n  Cl  Cl10  1  0.228116  0.228116  0.771884  1\n"}}