{"phonon": {"ph_bandstructure": [[-0.018323467274888334, 0.0, 0.0, 36.32575051174437, 43.12371372951236, 110.198789163122, 126.97682297502061, 149.31257302743737, 152.8584323921126, 170.63663741504084, 178.58572993592958, 216.17924728154173, 257.78810654138454, 263.9483877813053, 271.36626659444823, 286.6116590855663, 294.4982371877086, 306.6957137905844, 323.2321924740254, 361.79493122227404, 383.29183030619186, 401.07111199120266, 475.026868384423, 488.44134016372624, 519.6853319271797, 552.25585140942, 694.8946910038696, 697.8310714664597, 731.8148486771373, 762.9754049664826, 773.9206422113176, 791.1530101836931, 1017.1917777601949]]}, "dielectric": {"eps_electronic": [[3.91984449704218, 0.0, 0.0], [0.0, 4.190804846184966, -0.003497814880078577], [0.0, -0.003497814880078552, 3.873052967747596]], "eps_total": null, "becs": [[[3.4838392802958733, 2.4223048531906495e-16, -2.0185873776588746e-17], [4.130509147881873e-17, 3.6117877712743836, 0.021260754414418364], [6.103727794908297e-18, -0.05069690207125413, 3.185508241848596]], [[3.4838392802958733, 2.4223048531906495e-16, -2.0185873776588746e-17], [4.0764734476017546e-17, 3.6117877712743836, 0.021260754414418142], [1.8395807976059726e-18, -0.05069690207125413, 3.185508241848594]], [[3.381561000837852, 2.4223048531906495e-16, -3.2304100246519665e-17], [4.184544848161991e-17, 4.067428887728387, 0.0978963022210179], [6.898427840257007e-18, 0.2068047413743206, 3.667556062482567]], [[3.381561000837852, 2.4223048531906495e-16, -3.2304100246519665e-17], [4.184544848161991e-17, 4.067428887728387, 0.0978963022210179], [6.898427840257007e-18, 0.2068047413743206, 3.667556062482567]], [[-2.2263260022282347, -0.16821934221164955, 0.7697717254599643], [-0.1482457862036637, -1.9647506315044656, -0.09667500224508947], [0.7523736821696552, -0.11455097124375693, -1.7809472062598253]], [[-2.226326002228234, 0.1682193422116474, -0.7697717254599641], [0.1482457862036633, -1.9647506315044656, -0.0966750022450897], [-0.7523736821696552, -0.11455097124375693, -1.7809472062598253]], [[-2.2263260022282347, -0.16821934221164822, 0.7697717254599641], [-0.1482457862036637, -1.9647506315044656, -0.09667500224508947], [0.7523736821696552, -0.11455097124375693, -1.7809472062598253]], [[-2.2263260022282347, 0.16821934221164872, -0.7697717254599641], [0.14824578620366374, -1.9647506315044656, -0.09667500224508947], [-0.7523736821696552, -0.11455097124375693, -1.7809472062598253]], [[-1.163610945484351, 2.4223048531906495e-16, -2.0185873776588746e-17], [3.6441878453608085e-17, -3.6860012523150454, -0.7063694546949424], [-1.8395807372998165e-17, -0.789218864291438, -1.4191100039969056]], [[-1.8309428039971487, 2.4223048531906495e-16, -2.0185873776588746e-17], [4.0764734476017546e-17, -1.9067147698532443, 0.42737767519787473], [1.8395807976059726e-18, 0.46760353532225196, -2.5816148898543982]], [[-1.8309428039971487, 2.4223048531906495e-16, -2.0185873776588746e-17], [4.0764734476017546e-17, -1.9067147698532443, 0.4273776751978744], [1.8395807976059726e-18, 0.46760353532225196, -2.581614889854399]]]}, "metadata": {"formula": "In2Ge2O7", "nsites": 11, "structure": "# generated using pymatgen\ndata_In2Ge2O7\n_symmetry_space_group_name_H-M   'P 1'\n_cell_length_a   5.54537910\n_cell_length_b   5.54537910\n_cell_length_c   4.95750087\n_cell_angle_alpha   82.79624985\n_cell_angle_beta   82.79624985\n_cell_angle_gamma   106.22631174\n_symmetry_Int_Tables_number   1\n_chemical_formula_structural   In2Ge2O7\n_chemical_formula_sum   'In2 Ge2 O7'\n_cell_volume   143.146542055\n_cell_formula_units_Z   1\nloop_\n _symmetry_equiv_pos_site_id\n _symmetry_equiv_pos_as_xyz\n  1  'x, y, z'\nloop_\n _atom_site_type_symbol\n _atom_site_label\n _atom_site_symmetry_multiplicity\n _atom_site_fract_x\n _atom_site_fract_y\n _atom_site_fract_z\n _atom_site_occupancy\n  In  In1  1  0.693005  0.306995  0.000000  1\n  In  In2  1  0.306995  0.693005  0.000000  1\n  Ge  Ge3  1  0.763298  0.763298  0.405937  1\n  Ge  Ge4  1  0.236702  0.236702  0.594063  1\n  O  O5  1  0.074094  0.407019  0.787934  1\n  O  O6  1  0.592981  0.925906  0.212066  1\n  O  O7  1  0.925906  0.592981  0.212066  1\n  O  O8  1  0.407019  0.074094  0.787934  1\n  O  O9  1  0.000000  0.000000  0.500000  1\n  O  O10  1  0.412736  0.412736  0.273632  1\n  O  O11  1  0.587264  0.587264  0.726368  1\n"}}