{"phonon": {"ph_bandstructure": [[0.0, 0.0, 0.0, 29.172630901936277, 29.172630911952243, 79.26269137094687, 261.27963833422757, 265.8414234167083, 265.84142342858013, 270.2187288991488, 305.8016165501662, 332.02006649025526]]}, "dielectric": {"eps_electronic": [[3.2719625061670765, 0.0, -2.4422147380849874e-23], [0.0, 3.2719625060960302, 4.2300400092905774e-23], [0.0, 0.0, 3.3163362753282732]], "eps_total": [[4.939762732544429, -8.881784197001252e-16, -2.4422147380849874e-23], [-1.3322676295501878e-15, 4.939762732434969, 4.2300400092905774e-23], [0.0, 0.0, 5.204364582940132]], "becs": [[[1.018150818409084, -1.1102230246251565e-16, -5.561494581721379e-23], [-1.1102230246251565e-16, 1.018150818409084, 2.4081977953524584e-22], [3.1769830331661845e-23, -7.074894893546762e-23, 1.0474528209203535]], [[1.018150818409084, 1.1102230246251565e-16, -6.951868227151724e-23], [1.1102230246251565e-16, 1.018150818409084, 2.408197795352458e-23], [-4.084692471213664e-23, -2.882364586259792e-23, 1.0474528209203535]], [[-1.018150818409084, 6.661338147750939e-16, 6.951868227151727e-24], [8.881784197001252e-16, -1.018150818409084, -3.2510670237258194e-22], [1.0438658537546035e-22, -4.978629739903278e-23, -1.0474528209203535]], [[-1.018150818409084, -6.661338147750939e-16, 1.1818175986157929e-22], [-8.881784197001252e-16, -1.018150818409084, 6.020494488381146e-23], [-9.530949099498552e-23, 1.4935889219709832e-22, -1.0474528209203535]]]}, "metadata": {"formula": "LiI", "nsites": 4, "structure": "# generated using pymatgen\ndata_LiI\n_symmetry_space_group_name_H-M   'P 1'\n_cell_length_a   4.49723752\n_cell_length_b   4.49723752\n_cell_length_c   7.26747393\n_cell_angle_alpha   90.00000000\n_cell_angle_beta   90.00000000\n_cell_angle_gamma   120.00000000\n_symmetry_Int_Tables_number   1\n_chemical_formula_structural   LiI\n_chemical_formula_sum   'Li2 I2'\n_cell_volume   127.293364241\n_cell_formula_units_Z   2\nloop_\n _symmetry_equiv_pos_site_id\n _symmetry_equiv_pos_as_xyz\n  1  'x, y, z'\nloop_\n _atom_site_type_symbol\n _atom_site_label\n _atom_site_symmetry_multiplicity\n _atom_site_fract_x\n _atom_site_fract_y\n _atom_site_fract_z\n _atom_site_occupancy\n  Li  Li1  1  0.333333  0.666667  0.998423  1\n  Li  Li2  1  0.666667  0.333333  0.498423  1\n  I  I3  1  0.333333  0.666667  0.376577  1\n  I  I4  1  0.666667  0.333333  0.876577  1\n"}}