{"phonon": {"ph_bandstructure": [[-15.09177238409692, -15.091772364328868, -15.091772357692586, 0.0, 0.0, 0.0, 40.68210281778847, 40.682102822647614, 40.68210283718432, 41.28158247350688, 41.28158249275134, 58.59138681213916, 60.61708784852703, 60.61708785182701, 60.61708786166565, 93.62467516874479, 93.62467517188847, 93.62467517294384, 104.42927506151408, 104.42927506920965, 108.07870479515964, 139.07958465033556, 139.07958465385502, 179.30947253709982, 210.70191473920963, 210.70191474318273, 229.03216465133664]]}, "dielectric": {"eps_electronic": [[3.663683294128565, -3.919211986263782e-15, -3.1086244689504383e-15], [-3.475122776413719e-15, 3.663683294128565, -2.6645352591003757e-15], [-3.0247792686895533e-15, -3.468868478539616e-15, 3.6636832941285653]], "eps_total": null, "becs": [[[1.3131043093380002, -3.454027213457217e-16, 2.4671622953265837e-16], [-4.934324590653167e-16, 1.3131043093380002, 1.973729836261267e-16], [-2.5408736175637512e-16, -7.371132223716778e-18, 1.3131043093380004]], [[1.3131043093380002, -3.454027213457217e-16, 2.4671622953265837e-16], [-4.934324590653167e-16, 1.3131043093380002, 1.973729836261267e-16], [-2.5408736175637512e-16, -7.371132223716778e-18, 1.3131043093380004]], [[3.4940548367424142, -3.454027213457217e-16, 2.4671622953265837e-16], [-4.934324590653167e-16, 3.4940548367424147, 1.973729836261267e-16], [-2.5385633891344376e-16, -7.140109380785396e-18, 3.494054836742415]], [[-0.7055418852264397, 1.4309541180545287e-15, -1.529640609867592e-15], [1.9490581951100276e-15, -0.7055418852264403, -1.5789838557741238e-15], [4.119490756372918e-16, -6.736023243802377e-16, -1.6490479572470707]], [[-0.7055418852264397, 1.4309541180545287e-15, -1.529640609867592e-15], [1.9490581951100276e-15, -0.7055418852264403, -1.5789838557741238e-15], [4.119490756372918e-16, -6.736023243802377e-16, -1.6490479572470707]], [[-1.6490479572470718, 5.427756983544035e-16, -6.414621901674669e-16], [-1.6036554836904733e-15, -0.7055418852264412, 1.973729823026377e-15], [-2.0304495485993528e-15, 2.4351141745089004e-15, -0.7055418852264415]], [[-0.7055418852264415, -1.4556257459708783e-15, 1.8010284640078775e-15], [3.947459606348085e-16, -1.6490479572470718, -6.908054360739985e-16], [1.9663533400512108e-15, -1.7837333190666944e-15, -0.7055418852264415]], [[-1.6490479572470718, 5.427756983544035e-16, -6.414621901674669e-16], [-1.6036554836904733e-15, -0.7055418852264412, 1.973729823026377e-15], [-2.0304495485993528e-15, 2.4351141745089004e-15, -0.7055418852264415]], [[-0.7055418852264415, -1.4556257459708783e-15, 1.8010284640078775e-15], [3.947459606348085e-16, -1.6490479572470718, -6.908054360739985e-16], [2.0326786512608616e-15, -1.7174080078570438e-15, -0.7055418852264415]]]}, "metadata": {"formula": "Rb2SnBr6", "nsites": 9, "structure": "# generated using pymatgen\ndata_Rb2SnBr6\n_symmetry_space_group_name_H-M   'P 1'\n_cell_length_a   7.51619977\n_cell_length_b   7.51619977\n_cell_length_c   7.51619977\n_cell_angle_alpha   60.00000000\n_cell_angle_beta   60.00000000\n_cell_angle_gamma   60.00000000\n_symmetry_Int_Tables_number   1\n_chemical_formula_structural   Rb2SnBr6\n_chemical_formula_sum   'Rb2 Sn1 Br6'\n_cell_volume   300.247876969\n_cell_formula_units_Z   1\nloop_\n _symmetry_equiv_pos_site_id\n _symmetry_equiv_pos_as_xyz\n  1  'x, y, z'\nloop_\n _atom_site_type_symbol\n _atom_site_label\n _atom_site_symmetry_multiplicity\n _atom_site_fract_x\n _atom_site_fract_y\n _atom_site_fract_z\n _atom_site_occupancy\n  Rb  Rb1  1  0.750000  0.750000  0.750000  1\n  Rb  Rb2  1  0.250000  0.250000  0.250000  1\n  Sn  Sn3  1  0.000000  0.000000  0.000000  1\n  Br  Br4  1  0.246378  0.246378  0.753622  1\n  Br  Br5  1  0.753622  0.753622  0.246378  1\n  Br  Br6  1  0.753622  0.246378  0.246378  1\n  Br  Br7  1  0.246378  0.753622  0.246378  1\n  Br  Br8  1  0.246378  0.753622  0.753622  1\n  Br  Br9  1  0.753622  0.246378  0.753622  1\n"}}