{"phonon": {"ph_bandstructure": [[0.0, 0.0, 0.0, 28.233940519102713, 37.560891889798796, 50.280704129466926, 51.892508159245544, 53.18573243224109, 55.92800943911541, 68.7118424074911, 69.67417323856215, 77.8827338522538, 78.8099900012293, 83.22303883785274, 83.80510110738177, 85.936063279954, 94.88752845766156, 95.2757874618818, 96.91550880764734, 102.82285756568916, 111.09537094309312, 114.6790869326446, 119.32854113893683, 120.96005199009004, 126.09693409441296, 126.83213212020144, 127.00896559503654, 128.74061042845779, 128.81062673897685, 129.2494124796647, 138.2447379946238, 138.81034894154485, 147.37526558985334, 149.92081108669132, 154.06432555261014, 177.45282932611784]]}, "dielectric": {"eps_electronic": [[3.2599101651688263, 0.0, 0.0], [0.0, 3.292186532250297, 0.0], [0.0, 0.0, 3.257865625800218]], "eps_total": [[6.550900198148756, 0.0, 0.0], [0.0, 6.350893919536293, 0.0], [0.0, 0.0, 6.416345677598322]], "becs": [[[2.4304442704158484, 0.0, 0.0], [-5.775122953177901e-25, 2.38191538272973, -0.03660549335344513], [0.0, -0.221310600788228, 2.3181429810189713]], [[2.4304442704158484, 0.0, 0.0], [-5.775122953177901e-25, 2.38191538272973, -0.036605493353445144], [0.0, -0.221310600788228, 2.3181429810189713]], [[2.4304442704158484, 0.0, 0.0], [-5.775122953177901e-25, 2.381915382729729, 0.03660549335344516], [0.0, 0.221310600788228, 2.3181429810189713]], [[2.4304442704158484, 0.0, 0.0], [-5.775122953177901e-25, 2.38191538272973, 0.036605493353445144], [0.0, 0.22131060078822803, 2.3181429810189713]], [[-1.1310280271476754, 0.0, 0.0], [-5.775122953177901e-25, -1.0883649366183374, 0.13727391515628146], [0.0, 0.11047871695590193, -1.405938638420836]], [[-1.1310280271476754, 0.0, 0.0], [-2.310049129637539e-24, -1.0883649366183374, 0.13727391515628148], [0.0, 0.11047871695590193, -1.405938638420837]], [[-1.2994162432698855, 0.0, 0.0], [2.887561373321708e-24, -1.2935504461140321, 0.2559014647602108], [0.0, 0.2610713554009887, -0.9122043425997044]], [[-1.1310280271476754, 0.0, 0.0], [1.1550245390019589e-24, -1.0883649366183374, -0.13727391515628148], [0.0, -0.11047871695590195, -1.405938638420836]], [[-1.2994162432698855, 0.0, 0.0], [-5.775122953177901e-25, -1.2935504461140321, -0.2559014647602108], [0.0, -0.26107135540098864, -0.9122043425997035]], [[-1.2994162432698837, 0.0, 0.0], [2.887561373321708e-24, -1.2935504461140321, 0.2559014647602108], [0.0, 0.2610713554009887, -0.9122043425997044]], [[-1.1310280271476754, 0.0, 0.0], [2.887561373321708e-24, -1.0883649366183374, -0.13727391515628146], [0.0, -0.11047871695590195, -1.405938638420836]], [[-1.2994162432698855, 0.0, 0.0], [-4.042585963957288e-24, -1.2935504461140312, -0.2559014647602108], [0.0, -0.26107135540098864, -0.9122043425997035]]]}, "metadata": {"formula": "SrBr2", "nsites": 12, "structure": "# generated using pymatgen\ndata_SrBr2\n_symmetry_space_group_name_H-M   'P 1'\n_cell_length_a   4.68204694\n_cell_length_b   7.70207555\n_cell_length_c   11.22512056\n_cell_angle_alpha   90.00000000\n_cell_angle_beta   90.00000000\n_cell_angle_gamma   90.00000000\n_symmetry_Int_Tables_number   1\n_chemical_formula_structural   SrBr2\n_chemical_formula_sum   'Sr4 Br8'\n_cell_volume   404.794452232\n_cell_formula_units_Z   4\nloop_\n _symmetry_equiv_pos_site_id\n _symmetry_equiv_pos_as_xyz\n  1  'x, y, z'\nloop_\n _atom_site_type_symbol\n _atom_site_label\n _atom_site_symmetry_multiplicity\n _atom_site_fract_x\n _atom_site_fract_y\n _atom_site_fract_z\n _atom_site_occupancy\n  Sr  Sr1  1  0.250000  0.636505  0.831799  1\n  Sr  Sr2  1  0.750000  0.363495  0.168201  1\n  Sr  Sr3  1  0.250000  0.863495  0.331799  1\n  Sr  Sr4  1  0.750000  0.136505  0.668201  1\n  Br  Br5  1  0.750000  0.117449  0.390428  1\n  Br  Br6  1  0.250000  0.882551  0.609572  1\n  Br  Br7  1  0.250000  0.119588  0.124802  1\n  Br  Br8  1  0.250000  0.617449  0.109572  1\n  Br  Br9  1  0.250000  0.380412  0.624802  1\n  Br  Br10  1  0.750000  0.880412  0.875198  1\n  Br  Br11  1  0.750000  0.382551  0.890428  1\n  Br  Br12  1  0.750000  0.619588  0.375198  1\n"}}