{"phonon": {"ph_bandstructure": [[-0.03329978713959048, -0.0316852012001347, -0.029121103671651025, 34.53366036150638, 34.53366036447182, 83.12085554249748, 88.80710162767672, 110.86616425064592, 110.86616425149047, 111.50617444503943, 125.91860296958183, 171.62648330017356, 173.44499513107993, 181.0642185777666, 207.20498168627435, 211.56935385677966, 233.63376040891438, 263.2124136858469, 303.5369235277158, 313.76073237962123, 333.5042569782644, 350.5209295892456, 350.5209295908717, 398.4669460829918, 519.783407926918, 519.7834079275023, 558.0570687169082, 564.3331667219796, 663.4590536071859, 699.1600656133062]]}, "dielectric": {"eps_electronic": [[4.346299910218522, 4.440892098500626e-16, -0.03614774630619207], [8.881784197001252e-16, 4.446916242083203, 0.0], [-0.03614774630619093, 0.0, 4.433929686768844]], "eps_total": [[28.330349320684572, -9.335110462416196e-11, 2.699645320018586], [-9.334929810481182e-11, 20.81595528145205, -1.3403009148724622e-10], [2.699645320018588, -1.340296762464277e-10, 21.785838524062875]], "becs": [[[2.6110163322947946, -0.0002761008821574892, -0.05200574306890471], [0.00027610088215768603, 2.7557729945583156, -0.0007685197785914151], [-0.052005743069434354, 0.0007685197785994111, 2.737089244395212]], [[2.6110163322947946, -0.0002761008821574892, -0.05200574306890471], [0.00027610088215768603, 2.7557729945583156, -0.0007685197785914151], [-0.052005743069434354, 0.0007685197785994111, 2.737089244395212]], [[4.226092937611202, 0.06952679828422989, -0.10180075598037841], [-0.06952679828419506, 4.50945275100908, 0.19352607353483736], [-0.10180075598141465, -0.19352607353690499, 4.4728794846943885]], [[5.110772501136526, -0.051045691992850833, 0.03234237690125208], [0.0510456919928255, 5.020748318159445, -0.1420843845255258], [0.03234237690158194, 0.1420843845270439, 5.032367744285196]], [[-2.1573918918870496, 0.4656741264158877, -0.31858256220213677], [0.4337440050571493, -2.717941236886191, 0.6080425589956363], [-0.35172647804038903, 0.6382958252912345, -2.554678684290138]], [[-2.1686488580811107, -0.47577205388905586, -0.3579688956248044], [-0.4778556147259776, -2.777685337374478, -0.6060204250545547], [-0.306514736799243, -0.5864899298949228, -2.4836776176077886]], [[-2.953408301525189, 0.0011334752090331874, 0.7632863904392153], [0.05307606193295845, -2.0252469547171947, -0.026974458668824603], [0.7449761474527892, -0.026853570668302018, -2.4513565568209956]], [[-2.953408301525189, 0.0011334752090331874, 0.7632863904392153], [0.05307606193295845, -2.0252469547171947, -0.026974458668824603], [0.7449761474527892, -0.026853570668302018, -2.4513565568209956]], [[-2.1686488580811107, -0.47577205388905586, -0.3579688956248044], [-0.4778556147259776, -2.777685337374478, -0.6060204250545547], [-0.306514736799243, -0.5864899298949228, -2.4836776176077886]], [[-2.1573918918870496, 0.4656741264158877, -0.31858256220213677], [0.4337440050571493, -2.717941236886191, 0.6080425589956363], [-0.35172647804038903, 0.6382958252912345, -2.554678684290138]]]}, "metadata": {"formula": "Ba2LaSbO6", "nsites": 10, "structure": "# generated using pymatgen\ndata_Ba2LaSbO6\n_symmetry_space_group_name_H-M   'P 1'\n_cell_length_a   6.05624819\n_cell_length_b   6.05624819\n_cell_length_c   6.05624819\n_cell_angle_alpha   60.70784406\n_cell_angle_beta   60.70784406\n_cell_angle_gamma   60.70784406\n_symmetry_Int_Tables_number   1\n_chemical_formula_structural   Ba2LaSbO6\n_chemical_formula_sum   'Ba2 La1 Sb1 O6'\n_cell_volume   159.580256745\n_cell_formula_units_Z   1\nloop_\n _symmetry_equiv_pos_site_id\n _symmetry_equiv_pos_as_xyz\n  1  'x, y, z'\nloop_\n _atom_site_type_symbol\n _atom_site_label\n _atom_site_symmetry_multiplicity\n _atom_site_fract_x\n _atom_site_fract_y\n _atom_site_fract_z\n _atom_site_occupancy\n  Ba  Ba1  1  0.747727  0.747727  0.747727  1\n  Ba  Ba2  1  0.252273  0.252273  0.252273  1\n  La  La3  1  0.000000  0.000000  0.000000  1\n  Sb  Sb4  1  0.500000  0.500000  0.500000  1\n  O  O5  1  0.322041  0.725976  0.216894  1\n  O  O6  1  0.274024  0.783106  0.677959  1\n  O  O7  1  0.216894  0.322041  0.725976  1\n  O  O8  1  0.783106  0.677959  0.274024  1\n  O  O9  1  0.725976  0.216894  0.322041  1\n  O  O10  1  0.677959  0.274024  0.783106  1\n"}}