{"phonon": {"ph_bandstructure": [[0.0, 0.0, 0.0, 36.40951187644939, 36.40951188293919, 115.71396433212018, 147.98146237830883, 148.04119926045044, 148.04119926372, 148.83802888987466, 154.62014329972143, 157.8834975987924]]}, "dielectric": {"eps_electronic": [[6.605579447978468, 0.0, -1.3094127402512353e-23], [0.0, 6.605579448105551, 0.0], [-6.5470637012561745e-24, -1.1339846971094183e-23, 6.617743382231089]], "eps_total": [[7.519167653819278, -8.881784197001252e-16, -1.3094127402512353e-23], [-1.7763568394002505e-15, 7.519167653990037, 0.0], [-6.5470637012561745e-24, -1.1339846971094183e-23, 7.614950382098513]], "becs": [[[0.9518237598845478, 4.440892098500626e-16, 1.0228543596776533e-23], [2.220446049250313e-15, 0.951823759884548, 6.791270258946249e-23], [0.0, 0.0, 1.0001854991439763]], [[0.951823759884546, 0.0, 1.0228543596776533e-23], [-1.3322676295501878e-15, 0.9518237598845445, -2.657453579587663e-23], [0.0, 0.0, 1.0001854991439763]], [[-0.9518237598845469, -2.220446049250313e-16, 3.409514532258844e-24], [-8.881784197001252e-16, -0.9518237598845463, -3.838544059404402e-23], [0.0, 0.0, -1.0001854991439763]], [[-0.9518237598845469, -2.220446049250313e-16, -2.386660172581191e-23], [0.0, -0.9518237598845463, -2.952726199541847e-24], [0.0, 0.0, -1.0001854991439763]]]}, "metadata": {"formula": "CuI", "nsites": 4, "structure": "# generated using pymatgen\ndata_CuI\n_symmetry_space_group_name_H-M   'P 1'\n_cell_length_a   4.19394871\n_cell_length_b   4.19394871\n_cell_length_c   6.90939088\n_cell_angle_alpha   90.00000000\n_cell_angle_beta   90.00000000\n_cell_angle_gamma   120.00000000\n_symmetry_Int_Tables_number   1\n_chemical_formula_structural   CuI\n_chemical_formula_sum   'Cu2 I2'\n_cell_volume   105.24867189\n_cell_formula_units_Z   2\nloop_\n _symmetry_equiv_pos_site_id\n _symmetry_equiv_pos_as_xyz\n  1  'x, y, z'\nloop_\n _atom_site_type_symbol\n _atom_site_label\n _atom_site_symmetry_multiplicity\n _atom_site_fract_x\n _atom_site_fract_y\n _atom_site_fract_z\n _atom_site_occupancy\n  Cu  Cu1  1  0.333333  0.666667  0.626267  1\n  Cu  Cu2  1  0.666667  0.333333  0.126267  1\n  I  I3  1  0.333333  0.666667  0.998733  1\n  I  I4  1  0.666667  0.333333  0.498733  1\n"}}