{"phonon": {"ph_bandstructure": [[-47.57503628445799, -47.57503627817355, -47.57503627605535, -0.0038005338956659165, -0.0035858882146739433, -0.0035851240345035015, 29.42530753641415, 29.425307563384635, 39.40056005124128, 39.400560056176225, 39.40056007093819, 70.45043006186603, 74.20854025953103, 74.20854026223894, 74.20854027028795, 115.03728564884916, 115.03728565585546, 115.27230590628471, 126.57131124161644, 126.57131124386937, 126.57131124462903, 245.06154017404398, 245.06154017614355, 259.78204496983915, 259.7820449731507, 292.3339437978272, 307.0062664759521]]}, "dielectric": {"eps_electronic": [[3.4598577566490274, 1.3610787497880523e-15, 1.5543122344752192e-15], [1.139034144863021e-15, 3.459857756649027, 8.881784197001252e-16], [1.6524217516248425e-15, 1.4303771466998112e-15, 3.4598577566490265]], "eps_total": null, "becs": [[[1.2687716570037122, -4.9343245906531674e-17, -4.9343245906531674e-17], [-1.973729836261267e-16, 1.2687716570037122, 0.0], [-4.9125368197114125e-17, -4.9125368197114125e-17, 1.2687716570037122]], [[1.2687716570037122, -4.9343245906531674e-17, -4.9343245906531674e-17], [-1.973729836261267e-16, 1.2687716570037122, 0.0], [-4.9125368197114125e-17, -4.9125368197114125e-17, 1.2687716570037122]], [[4.2604299823698675, -4.9343245906531674e-17, -4.9343245906531674e-17], [-1.973729836261267e-16, 4.2604299823698675, 0.0], [-4.9770118878288384e-17, -4.9770118878288384e-17, 4.2604299823698675]], [[-2.310607280995857, -4.9343245906531674e-17, -4.9343245906531674e-17], [-1.5296406131763145e-15, -0.5441896835948639, 1.9984014443252818e-15], [-1.6036467352407552e-15, 1.7270223386347145e-15, -0.5441896835948639]], [[-0.5441896835948639, 2.1711028033437814e-15, -2.0477446902318134e-15], [2.0230730656241864e-15, -0.5441896835948639, -1.9984014443252818e-15], [-4.9365177411769193e-17, -4.9365177411769193e-17, -2.310607280995857]], [[-0.5441896835948639, -2.0477446902318134e-15, 2.1711028033437814e-15], [-1.973729836261267e-16, -2.310607280995857, 0.0], [1.7270223386347145e-15, -1.6036467352407552e-15, -0.5441896835948639]], [[-2.310607280995857, -4.9343245906531674e-17, -4.9343245906531674e-17], [-1.5296406131763145e-15, -0.5441896835948639, 1.9984014443252818e-15], [-1.6036467352407552e-15, 1.7270223386347145e-15, -0.5441896835948639]], [[-0.5441896835948639, 2.1711028033437814e-15, -2.0477446902318134e-15], [2.0230730656241864e-15, -0.5441896835948639, -1.9984014443252818e-15], [-4.9365177411769193e-17, -4.9365177411769193e-17, -2.310607280995857]], [[-0.5441896835948639, -2.0477446902318134e-15, 2.1711028033437814e-15], [-1.973729836261267e-16, -2.310607280995857, 0.0], [1.7270223386347145e-15, -1.6036467352407552e-15, -0.5441896835948639]]]}, "metadata": {"formula": "K2TeCl6", "nsites": 9, "structure": "# generated using pymatgen\ndata_K2TeCl6\n_symmetry_space_group_name_H-M   'P 1'\n_cell_length_a   7.13857269\n_cell_length_b   7.13857269\n_cell_length_c   7.13857269\n_cell_angle_alpha   60.00000000\n_cell_angle_beta   60.00000000\n_cell_angle_gamma   60.00000000\n_symmetry_Int_Tables_number   1\n_chemical_formula_structural   K2TeCl6\n_chemical_formula_sum   'K2 Te1 Cl6'\n_cell_volume   257.228544668\n_cell_formula_units_Z   1\nloop_\n _symmetry_equiv_pos_site_id\n _symmetry_equiv_pos_as_xyz\n  1  'x, y, z'\nloop_\n _atom_site_type_symbol\n _atom_site_label\n _atom_site_symmetry_multiplicity\n _atom_site_fract_x\n _atom_site_fract_y\n _atom_site_fract_z\n _atom_site_occupancy\n  K  K1  1  0.750000  0.750000  0.750000  1\n  K  K2  1  0.250000  0.250000  0.250000  1\n  Te  Te3  1  0.000000  0.000000  0.000000  1\n  Cl  Cl4  1  0.251444  0.748556  0.748556  1\n  Cl  Cl5  1  0.748556  0.748556  0.251444  1\n  Cl  Cl6  1  0.251444  0.748556  0.251444  1\n  Cl  Cl7  1  0.748556  0.251444  0.251444  1\n  Cl  Cl8  1  0.251444  0.251444  0.748556  1\n  Cl  Cl9  1  0.748556  0.251444  0.748556  1\n"}}