{"phonon": {"ph_bandstructure": [[-115.54182630767177, 0.0, 0.0, 0.0, 167.0268739870915, 169.60653780146086, 173.67089248852528, 287.17751731618745, 291.41853919222734, 292.26851461173027, 318.9892320411567, 447.94470344465407, 467.72451266709476, 521.2738452906607, 664.1322017698162]]}, "dielectric": {"eps_electronic": [[6.371959037774562, 0.0, 0.0], [0.0, 6.371959037774562, 0.0], [0.0, 0.0, 5.626860531945293]], "eps_total": null, "becs": [[[2.740732323706554, 0.0, 0.0], [0.0, 2.740732323706554, 0.0], [0.0, 0.0, 2.842923333404412]], [[7.000049541986754, 0.0, 0.0], [0.0, 7.000049541986754, 0.0], [0.0, 0.0, 5.666831200765998]], [[-5.59009765465338, 0.0, 0.0], [0.0, -2.134487054087587, 0.0], [0.0, 0.0, -1.952199453974921]], [[-2.134487054087587, 0.0, 0.0], [0.0, -5.59009765465338, 0.0], [0.0, 0.0, -1.952199453974921]], [[-2.016197156934827, 0.0, 0.0], [0.0, -2.016197156934827, 0.0], [0.0, 0.0, -4.605355626400222]]]}, "metadata": {"formula": "BaTiO3", "nsites": 5, "structure": "# generated using pymatgen\ndata_BaTiO3\n_symmetry_space_group_name_H-M   'P 1'\n_cell_length_a   3.95731970\n_cell_length_b   3.95731970\n_cell_length_c   4.05244886\n_cell_angle_alpha   90.00000000\n_cell_angle_beta   90.00000000\n_cell_angle_gamma   90.00000000\n_symmetry_Int_Tables_number   1\n_chemical_formula_structural   BaTiO3\n_chemical_formula_sum   'Ba1 Ti1 O3'\n_cell_volume   63.462885901\n_cell_formula_units_Z   1\nloop_\n _symmetry_equiv_pos_site_id\n _symmetry_equiv_pos_as_xyz\n  1  'x, y, z'\nloop_\n _atom_site_type_symbol\n _atom_site_label\n _atom_site_symmetry_multiplicity\n _atom_site_fract_x\n _atom_site_fract_y\n _atom_site_fract_z\n _atom_site_occupancy\n  Ba  Ba1  1  0.000000  0.000000  0.013319  1\n  Ti  Ti2  1  0.500000  0.500000  0.529251  1\n  O  O3  1  0.000000  0.500000  0.494431  1\n  O  O4  1  0.500000  0.000000  0.494431  1\n  O  O5  1  0.500000  0.500000  0.982567  1\n"}}