{"phonon": {"ph_bandstructure": [[-0.00440926580509417, -0.002727813325774459, 0.0, 130.95499643752723, 145.116060420323, 167.70171030801987, 169.2386327481157, 170.48225795191144, 175.6443950097158, 180.92601372645163, 190.95828831825298, 191.54398077286248, 204.72717915436795, 221.57851972167396, 222.48816052050606, 229.48491499485735, 236.4824694485418, 243.83186219270678, 244.12859077147752, 246.5661262817019, 264.71890962629027, 280.2550921338599, 298.1811510229248, 314.5482755194183, 343.8610125757603, 367.1312253974969, 376.8419948849001, 379.3771838999146, 442.8852495281468, 546.5016236202526, 672.739593207139, 768.9473623387415, 777.530596367459, 779.4040179774883, 779.4064492314064, 780.5144246377816]]}, "dielectric": {"eps_electronic": [[2.735198175410982, 0.0, 0.0], [7.771561172376096e-16, 2.6969805320950666, 0.0], [0.0, 0.0, 2.809370604461335]], "eps_total": [[5.433805846751234, 8.881784197001252e-16, 0.0], [8.881784197001252e-16, 5.0080166111462985, 0.0], [0.0, 0.0, 8.125324382864381]], "becs": [[[1.0369392180466988, -0.09757039191849626, 0.007144098444560838], [0.06687084629876949, 1.0826952234318787, 0.003228831043179996], [0.024988766536804315, -0.02655705354642822, 1.0387763277892779]], [[1.0369392180467, 0.09757039191849715, 0.007144098444560839], [-0.06687084629876816, 1.0826952234318787, -0.003228831043180026], [0.02498876653680432, 0.02655705354642822, 1.0387763277892779]], [[1.0369392180467, -0.09757039191849715, -0.007144098444560839], [0.06687084629876816, 1.0826952234318787, -0.003228831043180026], [-0.02498876653680432, 0.02655705354642822, 1.0387763277892792]], [[1.0369392180466988, 0.09757039191849626, -0.007144098444560838], [-0.06687084629876949, 1.0826952234318787, 0.003228831043179996], [-0.024988766536804315, -0.02655705354642822, 1.0387763277892779]], [[2.865885097897055, 0.0, 0.3823873689353596], [0.0, 2.553744263166541, 6.11552268611801e-17], [-0.33067331624554835, -1.1564823517837303e-18, 3.173856522113637]], [[2.865885097897055, 0.0, -0.3823873689353596], [0.0, 2.553744263166541, 6.11552268611801e-17], [0.3306733162455484, 1.6030599991377912e-17, 3.173856522113637]], [[-1.901987019960187, 0.0, 0.6160814568005264], [0.0, -0.9983546977738482, -1.4456029397296628e-17], [0.7605783632939658, -1.1564823517837303e-18, -2.4717309805561025]], [[-1.901987019960187, 0.0, -0.6160814568005264], [0.0, -0.9983546977738482, -1.4456029397296628e-17], [-0.7605783632939658, -1.1564823517837303e-18, -2.4717309805561025]], [[-1.5188882570057447, 0.42330326767766335, -0.11232941581453998], [0.26256813146020974, -1.8603900061354322, 0.08238658203585766], [-0.02399817315937048, 0.11091133100178724, -1.3898390985789453]], [[-1.5188882570057447, 0.42330326767766313, 0.11232941581453995], [0.26256813146020885, -1.8603900061354335, -0.08238658203585769], [0.02399817315937048, -0.11091133100178724, -1.3898390985789453]], [[-1.5188882570057447, -0.42330326767766313, -0.11232941581453995], [-0.26256813146020885, -1.8603900061354335, -0.08238658203585769], [-0.02399817315937048, -0.11091133100178724, -1.3898390985789453]], [[-1.5188882570057447, -0.42330326767766335, 0.11232941581453998], [-0.26256813146020974, -1.8603900061354322, 0.08238658203585766], [0.02399817315937048, 0.11091133100178724, -1.3898390985789453]]]}, "metadata": {"formula": "Na2GeO3", "nsites": 12, "structure": "# generated using pymatgen\ndata_Na2GeO3\n_symmetry_space_group_name_H-M   'P 1'\n_cell_length_a   6.26503645\n_cell_length_b   6.26503645\n_cell_length_c   4.91063728\n_cell_angle_alpha   90.00000000\n_cell_angle_beta   90.00000000\n_cell_angle_gamma   120.17180103\n_symmetry_Int_Tables_number   1\n_chemical_formula_structural   Na2GeO3\n_chemical_formula_sum   'Na4 Ge2 O6'\n_cell_volume   166.633088481\n_cell_formula_units_Z   2\nloop_\n _symmetry_equiv_pos_site_id\n _symmetry_equiv_pos_as_xyz\n  1  'x, y, z'\nloop_\n _atom_site_type_symbol\n _atom_site_label\n _atom_site_symmetry_multiplicity\n _atom_site_fract_x\n _atom_site_fract_y\n _atom_site_fract_z\n _atom_site_occupancy\n  Na  Na1  1  0.993720  0.328053  0.499990  1\n  Na  Na2  1  0.328053  0.993720  0.499990  1\n  Na  Na3  1  0.006280  0.671947  0.999990  1\n  Na  Na4  1  0.671947  0.006280  0.999990  1\n  Ge  Ge5  1  0.663964  0.663964  0.465409  1\n  Ge  Ge6  1  0.336036  0.336036  0.965409  1\n  O  O7  1  0.394082  0.394082  0.599436  1\n  O  O8  1  0.605918  0.605918  0.099436  1\n  O  O9  1  0.933268  0.659371  0.525288  1\n  O  O10  1  0.066732  0.340629  0.025288  1\n  O  O11  1  0.659371  0.933268  0.525288  1\n  O  O12  1  0.340629  0.066732  0.025288  1\n"}}