{"phonon": {"ph_bandstructure": [[0.0, 0.0, 0.0, 112.16117970791622, 149.91061564786466, 149.9106156527157, 181.0705130783305, 203.66455318862262, 203.66455319229112, 219.1323483946382, 221.80043236229076, 280.69987460669125, 290.18252692980104, 290.1825269323247, 299.0813866337136, 306.2872533345511, 312.8113642690904, 328.843526080757, 360.05518265433534, 395.7690983619258, 467.5397458148401, 495.89682743638735, 512.7103241192417, 536.624829430604, 553.703988984306, 553.7039889852721, 610.8460068161786, 629.6568501420422, 956.3563196219303, 967.7315501576204, 968.9496318832944, 998.0134479882754, 998.0134479892592, 1036.8658529398797, 1037.181803607242, 1095.3148842588605]]}, "dielectric": {"eps_electronic": [[3.190378392440127, -8.542916440117548e-17, 5.08627565321788e-16], [1.3661544052385583e-16, 3.1903783924401266, 6.45383554717254e-17], [4.48355847354791e-16, -4.3982257234533425e-16, 3.5982362449444003]], "eps_total": [[8.594163445719456, 2.4866700132452143e-15, -2.617970303056405e-16], [3.2057147566067792e-15, 8.594163445863343, -1.9460298434503897e-16], [1.7085842934663817e-15, -1.8441293853341192e-15, 9.808463724213492]], "becs": [[[3.817271122185597, -1.8503711011094784e-17, 4.907446644582349e-16], [-7.308968264749828e-16, 3.8172711221855966, -4.159374861053198e-16], [2.521131460714083e-16, -1.642204939532897e-16, 4.176187251409541]], [[3.817271122185597, -1.8503711011094784e-17, 4.907446644582349e-16], [-7.308968264749828e-16, 3.8172711221855966, -4.159374861053198e-16], [2.521131460714083e-16, -1.642204939532897e-16, 4.176187251409541]], [[3.37838628782894, 9.251859145142087e-17, 2.1326813908582137e-16], [-1.2027416293114672e-16, 3.37838628782894, -1.3830249916515508e-16], [7.170190456982036e-17, -6.70759792985885e-17, 4.458264137092433]], [[3.37838628782894, 9.251859145142087e-17, 2.1326813908582137e-16], [-1.2027416293114672e-16, 3.37838628782894, -1.3830249916515508e-16], [7.170190456982036e-17, -6.70759792985885e-17, 4.458264137092433]], [[-2.576021311530374, -6.846375257861887e-16, -0.5538130984492882], [-5.088522215499515e-16, -1.021807393489891, -2.77555814058932e-17], [-0.49815903720008725, 7.239579257468355e-16, -2.1586128471319874]], [[-1.0218073934898904, 1.5358085234641244e-15, 1.378526930238982e-15], [-5.088522215499515e-16, -2.576021311530374, 0.5538130984492864], [-1.9197606377865432e-16, 0.4981590372000864, -2.158612847131989]], [[-1.0218073934898926, -9.0668213071122e-16, -3.978299091612685e-16], [-6.47630116998889e-17, -2.576021311530374, -0.5538130984492873], [6.962023559214709e-16, -0.49815903720008653, -2.1586128471319883]], [[-2.576021311530374, -1.8503711011094784e-17, 0.5538130984492865], [1.933638432625393e-15, -1.0218073934898906, 1.4155343506068103e-15], [0.49815903720008636, -3.86265098878321e-16, -2.15861284713199]], [[-1.0218073934898904, 1.5358085234641244e-15, 1.378526930238982e-15], [-5.088522215499515e-16, -2.576021311530374, 0.5538130984492864], [-1.9197606377865432e-16, 0.4981590372000864, -2.158612847131989]], [[-2.576021311530374, -6.846375257861887e-16, -0.5538130984492882], [-5.088522215499515e-16, -1.021807393489891, -2.77555814058932e-17], [-0.49815903720008725, 7.239579257468355e-16, -2.1586128471319874]], [[-2.576021311530374, -1.8503711011094784e-17, 0.5538130984492865], [1.933638432625393e-15, -1.0218073934898906, 1.4155343506068103e-15], [0.49815903720008636, -3.86265098878321e-16, -2.15861284713199]], [[-1.0218073934898926, -9.0668213071122e-16, -3.978299091612685e-16], [-6.47630116998889e-17, -2.576021311530374, -0.5538130984492873], [6.962023559214709e-16, -0.49815903720008653, -2.1586128471319883]]]}, "metadata": {"formula": "YPO4", "nsites": 12, "structure": "# generated using pymatgen\ndata_YPO4\n_symmetry_space_group_name_H-M   'P 1'\n_cell_length_a   5.71632094\n_cell_length_b   5.71632094\n_cell_length_c   5.71632094\n_cell_angle_alpha   105.96661635\n_cell_angle_beta   105.96661635\n_cell_angle_gamma   116.73377497\n_symmetry_Int_Tables_number   1\n_chemical_formula_structural   YPO4\n_chemical_formula_sum   'Y2 P2 O8'\n_cell_volume   142.036142492\n_cell_formula_units_Z   2\nloop_\n _symmetry_equiv_pos_site_id\n _symmetry_equiv_pos_as_xyz\n  1  'x, y, z'\nloop_\n _atom_site_type_symbol\n _atom_site_label\n _atom_site_symmetry_multiplicity\n _atom_site_fract_x\n _atom_site_fract_y\n _atom_site_fract_z\n _atom_site_occupancy\n  Y  Y1  1  0.750000  0.250000  0.500000  1\n  Y  Y2  1  0.500000  0.500000  0.000000  1\n  P  P3  1  0.000000  0.000000  0.000000  1\n  P  P4  1  0.250000  0.750000  0.500000  1\n  O  O5  1  0.410968  0.086264  0.675296  1\n  O  O6  1  0.985672  0.160968  0.824704  1\n  O  O7  1  0.336264  0.160968  0.175296  1\n  O  O8  1  0.410968  0.735672  0.324704  1\n  O  O9  1  0.264328  0.589032  0.675296  1\n  O  O10  1  0.839032  0.663736  0.824704  1\n  O  O11  1  0.839032  0.014328  0.175296  1\n  O  O12  1  0.913736  0.589032  0.324704  1\n"}}