{"phonon": {"ph_bandstructure": [[-0.008585519671132712, -0.007727594991946611, 0.0, 62.795533964318054, 73.7297087101879, 86.35628170817121, 131.20006795715042, 131.20006795724137, 133.36334849189487, 139.82861091580608, 218.68581394697932, 218.68581394781313, 235.08411845343673, 255.39341249396168, 260.25622285238126, 307.9882351892204, 377.79494086762605, 399.7614854883763, 413.40991255210395, 413.40991255379686, 415.1687836110311, 428.09810244719137, 485.47871470432494, 485.9286543586998, 600.7400973928824, 600.7400973945828, 603.7355831083281, 624.0478823189529, 889.1775337801457, 889.1775337829872, 930.8728386342708, 962.0786508911151, 967.45758894373, 1051.0656398540032, 1189.2319408429678, 1242.301871860863]]}, "dielectric": {"eps_electronic": [[2.750693556504153, -2.220446049250313e-16, -0.01709173852527208], [4.457417131773163e-16, 2.856842545396514, 2.2709055127477285e-16], [-0.01709173852527276, 1.1102230246251565e-16, 2.854090493495458]], "eps_total": [[7.429437595713002, 5.986100504173919e-11, -0.2871465490828648], [5.98581657680609e-11, 9.212773785500868, 2.3959869883898735e-11], [-0.28714654908286114, 2.3959056960620728e-11, 9.166538453921628]], "becs": [[[1.455003725552117, -0.0005299690676593868, 0.03908185551004463], [0.0005299690676689186, 1.2122841543910297, -0.003291396049466177], [0.03908185551055671, 0.0032913960494532456, 1.2185769779273505]], [[3.372945304773389, -0.1132205526122374, -0.2877015705585534], [0.11322055261415734, 5.159728478627336, -0.7031611886929565], [-0.2877015705623067, 0.7031611886901978, 5.113403779069973]], [[3.115228381632027, 0.13352158330447972, -0.09843308459692399], [-0.13352158330674552, 3.7265513541374187, 0.8292416267750746], [-0.09843308459820721, -0.8292416267718211, 3.7107020035009075]], [[3.115228381632027, 0.13352158330447972, -0.09843308459692399], [-0.13352158330674552, 3.7265513541374187, 0.8292416267750746], [-0.09843308459820721, -0.8292416267718211, 3.7107020035009075]], [[-1.908283591562712, -0.015000780790481349, -0.12653454578235734], [0.015000780790736384, -1.1224352665909967, -0.09316300449515431], [-0.12653454578400963, 0.09316300449478854, -1.142809416115502]], [[-1.3418868296060444, 0.6499612929270774, 0.514514373835704], [0.8385204915188287, -2.0440636004293418, -0.7531963472228245], [0.516141998160936, -0.521705303044905, -1.662357795020956]], [[-1.908283591562712, -0.015000780790481349, -0.12653454578235734], [0.015000780790736384, -1.1224352665909967, -0.09316300449515431], [-0.12653454578400963, 0.09316300449478854, -1.142809416115502]], [[-1.295348900487575, -0.7461431904743414, 0.2719348815907604], [-0.7801688875069437, -2.520518426171613, 0.22211530592023931], [0.40047193492166855, 0.4894461906433937, -1.2324408983971546]], [[-1.295348900487575, -0.7461431904743414, 0.2719348815907604], [-0.7801688875069437, -2.520518426171613, 0.22211530592023931], [0.40047193492166855, 0.4894461906433937, -1.2324408983971546]], [[-0.9836835751428141, 0.03453635587322451, -0.4371717675242185], [0.0032939376632004926, -1.2255403774510079, 0.14822871139394167], [-0.5673364451758025, 0.41511144230865293, -2.839084272462521]], [[-0.9836835751428141, 0.03453635587322451, -0.4371717675242185], [0.0032939376632004926, -1.2255403774510079, 0.14822871139394167], [-0.5673364451758025, 0.41511144230865293, -2.839084272462521]], [[-1.3418868296060444, 0.6499612929270774, 0.514514373835704], [0.8385204915188287, -2.0440636004293418, -0.7531963472228245], [0.516141998160936, -0.521705303044905, -1.662357795020956]]]}, "metadata": {"formula": "KSb(PO4)2", "nsites": 12, "structure": "# generated using pymatgen\ndata_KSb(PO4)2\n_symmetry_space_group_name_H-M   'P 1'\n_cell_length_a   9.01180604\n_cell_length_b   9.01180604\n_cell_length_c   9.01180604\n_cell_angle_alpha   30.78896523\n_cell_angle_beta   30.78896523\n_cell_angle_gamma   30.78896523\n_symmetry_Int_Tables_number   1\n_chemical_formula_structural   KSb(PO4)2\n_chemical_formula_sum   'K1 Sb1 P2 O8'\n_cell_volume   170.062468742\n_cell_formula_units_Z   1\nloop_\n _symmetry_equiv_pos_site_id\n _symmetry_equiv_pos_as_xyz\n  1  'x, y, z'\nloop_\n _atom_site_type_symbol\n _atom_site_label\n _atom_site_symmetry_multiplicity\n _atom_site_fract_x\n _atom_site_fract_y\n _atom_site_fract_z\n _atom_site_occupancy\n  K  K1  1  0.500000  0.500000  0.500000  1\n  Sb  Sb2  1  0.000000  0.000000  0.000000  1\n  P  P3  1  0.735111  0.735111  0.735111  1\n  P  P4  1  0.264889  0.264889  0.264889  1\n  O  O5  1  0.792755  0.792755  0.792755  1\n  O  O6  1  0.396771  0.736450  0.004429  1\n  O  O7  1  0.207245  0.207245  0.207245  1\n  O  O8  1  0.004429  0.396771  0.736450  1\n  O  O9  1  0.995571  0.603229  0.263550  1\n  O  O10  1  0.736450  0.004429  0.396771  1\n  O  O11  1  0.263550  0.995571  0.603229  1\n  O  O12  1  0.603229  0.263550  0.995571  1\n"}}