{"phonon": {"ph_bandstructure": [[-0.006287687852348941, -0.0062028525662869965, 0.0, 34.79886004640085, 34.85103983680248, 60.924447902718725, 77.79439870075744, 116.85637167499598, 118.3127270900154, 206.14432753994296, 207.81233833044527, 229.7104996412022, 231.68404152180975, 235.21756495957524, 242.13953017438584, 252.08983200222545, 295.0566942599541, 363.9837328799369, 415.3511274668501, 420.7036153572038, 426.13738818491294, 436.5784903785146, 438.5670422961106, 478.29190778501237]]}, "dielectric": {"eps_electronic": [[6.259894487430765, 1.0272762421182267e-15, 1.8917626443817588e-15], [4.0235267988176082e-16, 6.259894487430764, 1.2753936745299929e-15], [1.7420906280795356e-15, -9.2244463102084e-16, 5.92796134802309]], "eps_total": [[8.301983249661134, -3.3608006417751015e-15, -1.904930544846499e-16], [-3.9307949689887616e-15, 8.30198324969069, 2.1268360404222587e-15], [1.8558535339183357e-15, 1.8558535339183357e-15, 8.156159985434424]], "becs": [[[2.605659196887558, -0.003967186511863115, 4.163336342344337e-17], [0.003967186511863634, 2.605659196887558, 1.5959455978986625e-16], [-4.510281037539698e-16, -5.342948306008566e-16, 2.671813539435907]], [[2.605659196887558, 0.003967186511863428, 4.85722573273506e-17], [-0.003967186511862923, 2.605659196887558, 1.5265566588595902e-16], [-4.787836793695988e-16, -5.342948306008566e-16, 2.671813539435907]], [[0.9858133972285283, -0.09523642890625156, -4.23416009888365e-16], [0.09523642890624853, 0.9858133972285287, 5.688458183703687e-16], [3.0461744238152733e-15, 1.214306433183765e-15, 0.8197053370699117]], [[0.9858133972285283, 0.09523642890625011, 7.647131469300358e-17], [-0.09523642890625048, 0.9858133972285269, -7.076236964485133e-16], [-2.282896094385478e-15, -5.620504062164855e-16, 0.8197053370699081]], [[-1.646976440942394, -5.204170427930421e-17, -1.734723475976807e-16], [5.84601811404184e-16, -1.9444961531736928, -0.7000648405829616], [-9.506284648352903e-16, -0.6256979886084363, -1.7457594382529082]], [[-1.9444961531736935, -5.204170427930421e-17, -0.7000648405829613], [-5.2562121322097255e-16, -1.6469764409423941, -2.3592239273284576e-16], [-0.6256979886084348, 3.2612801348363973e-16, -1.7457594382529087]], [[-1.6469764409423926, 1.0581813203458523e-15, -3.469446951953614e-17], [3.625572064791527e-16, -1.9444961531736928, 0.7000648405829616], [-9.506284648352903e-16, 0.6256979886084356, -1.7457594382529078]], [[-1.9444961531736926, 1.700029006457271e-16, 0.7000648405829617], [8.066464163292153e-16, -1.6469764409423924, -1.3877787807814457e-17], [0.6256979886084371, 7.7021722333370235e-16, -1.7457594382529074]]]}, "metadata": {"formula": "AlAgS2", "nsites": 8, "structure": "# generated using pymatgen\ndata_AlAgS2\n_symmetry_space_group_name_H-M   'P 1'\n_cell_length_a   6.56758681\n_cell_length_b   6.56758681\n_cell_length_c   6.56758681\n_cell_angle_alpha   129.25143461\n_cell_angle_beta   129.25143461\n_cell_angle_gamma   74.60633993\n_symmetry_Int_Tables_number   1\n_chemical_formula_structural   AlAgS2\n_chemical_formula_sum   'Al2 Ag2 S4'\n_cell_volume   165.518507643\n_cell_formula_units_Z   2\nloop_\n _symmetry_equiv_pos_site_id\n _symmetry_equiv_pos_as_xyz\n  1  'x, y, z'\nloop_\n _atom_site_type_symbol\n _atom_site_label\n _atom_site_symmetry_multiplicity\n _atom_site_fract_x\n _atom_site_fract_y\n _atom_site_fract_z\n _atom_site_occupancy\n  Al  Al1  1  0.250000  0.750000  0.500000  1\n  Al  Al2  1  0.500000  0.500000  0.000000  1\n  Ag  Ag3  1  0.000000  0.000000  0.000000  1\n  Ag  Ag4  1  0.750000  0.250000  0.500000  1\n  S  S5  1  0.875000  0.837689  0.462689  1\n  S  S6  1  0.587689  0.125000  0.962689  1\n  S  S7  1  0.375000  0.412311  0.537311  1\n  S  S8  1  0.162311  0.625000  0.037311  1\n"}}