{"phonon": {"ph_bandstructure": [[0.0, 0.0, 0.0, 130.19835286168254, 130.19835286384225, 163.47588435299926, 163.4758843534852, 163.47588435477914, 204.99598463663904]]}, "dielectric": {"eps_electronic": [[3.0252366343249615, 2.106183971077452e-15, 1.1102230246251565e-15], [1.7038794313918986e-15, 3.025236634324961, 1.1102230246251565e-15], [1.1958216867359948e-15, 1.8619555015110887e-15, 3.025236634324961]], "eps_total": [[7.499616909571209, -2.3474854008696186e-10, 8.881784197001252e-16], [-2.347477442812694e-10, 7.499616909685179, -9.138334533531633e-11], [1.607666143437461e-15, -9.1384402204432e-11, 7.499616909719663]], "becs": [[[2.6190065489002547, 0.0, 0.0], [0.0, 2.6190065489002547, 0.0], [5.312855793949111e-20, 5.312855793949111e-20, 2.6190065489002547]], [[-1.309503274439782, 0.0, 0.0], [0.0, -1.309503274439782, 0.0], [-2.6564287347510936e-20, -2.6564287347510936e-20, -1.309503274439782]], [[-1.309503274439782, 0.0, 0.0], [0.0, -1.309503274439782, 0.0], [-2.6564287347510936e-20, -2.6564287347510936e-20, -1.309503274439782]]]}, "metadata": {"formula": "BaCl2", "nsites": 3, "structure": "# generated using pymatgen\ndata_BaCl2\n_symmetry_space_group_name_H-M   'P 1'\n_cell_length_a   5.12459680\n_cell_length_b   5.12459680\n_cell_length_c   5.12459680\n_cell_angle_alpha   60.00000000\n_cell_angle_beta   60.00000000\n_cell_angle_gamma   60.00000000\n_symmetry_Int_Tables_number   1\n_chemical_formula_structural   BaCl2\n_chemical_formula_sum   'Ba1 Cl2'\n_cell_volume   95.1621194406\n_cell_formula_units_Z   1\nloop_\n _symmetry_equiv_pos_site_id\n _symmetry_equiv_pos_as_xyz\n  1  'x, y, z'\nloop_\n _atom_site_type_symbol\n _atom_site_label\n _atom_site_symmetry_multiplicity\n _atom_site_fract_x\n _atom_site_fract_y\n _atom_site_fract_z\n _atom_site_occupancy\n  Ba  Ba1  1  0.000000  0.000000  0.000000  1\n  Cl  Cl2  1  0.250000  0.250000  0.250000  1\n  Cl  Cl3  1  0.750000  0.750000  0.750000  1\n"}}