{"phonon": {"ph_bandstructure": [[0.0, 0.0, 0.0, 94.45353399243776, 98.22877233380865, 153.2786343452946, 159.7463055807594, 192.59167531744106, 194.55459679368394, 201.83316196547096, 204.27362551168207, 215.75868569307912, 233.43421280680965, 242.5189814788624, 265.85436225514053, 269.83328125386873, 303.65348330394664, 305.9478606034696, 316.3300498687313, 326.855974788834, 346.07588031015393, 349.03042944578976, 622.7078318895973, 643.5004945952636, 645.3765872759899, 660.3667461673471, 1306.8401291089506, 1308.6758070276812, 2034.5366424115607, 2068.7602201663703]]}, "dielectric": {"eps_electronic": [[3.7176004344047486, -8.881784197001252e-16, 2.851823086434276e-39], [-8.881784197001252e-16, 5.427130754998717, 7.457911945777536e-23], [2.938735877055719e-39, 7.457911945777534e-23, 4.102495084803585]], "eps_total": [[13.207711642404982, -3.552713678800501e-15, 2.851823086434276e-39], [-8.881784197001252e-16, 20.740318525346204, 7.457911945777536e-23], [2.938735877055719e-39, 7.457911945777534e-23, 12.025404768182367]], "becs": [[[4.332834417210876, 9.992007039646674e-17, 1.5135249710057314e-18], [1.0214051714054877e-15, 4.268550374278174, 1.8887371950662476e-24], [-7.681237228288083e-17, -1.6653345617531532e-17, 4.285235709437722]], [[4.332834417210876, 9.992007039646674e-17, 1.5135249710057314e-18], [1.0214051714054877e-15, 4.268550374278174, 1.8887371950662476e-24], [-7.681237228288083e-17, -1.6653345617531532e-17, 4.285235709437722]], [[0.035318292380759016, -1.2212453452856457e-16, 1.5135249710057314e-18], [-7.549516679947628e-16, 4.65764119923343, -1.6578011181277117], [2.7484603325527465e-16, -1.8037752700523408, 0.49958710953104635]], [[0.03531829238075857, -1.2212453452856457e-16, 1.5135249710057314e-18], [-7.549516679947628e-16, 4.65764119923343, 1.6578011181277117], [-7.681237228288083e-17, 1.8037752700523408, 0.49958710953104635]], [[-1.371969647553081, 9.992007039646674e-17, -1.3621716208459377e-17], [1.0214051714054877e-15, -3.5317061388666637, -0.5855601529835964], [3.3965293356183673e-16, -0.959273275664207, -1.9499062313098363]], [[-1.3719696475530792, 2.109423728589824e-16, 1.5135249710057314e-18], [-3.1086245814470016e-16, -3.531706138866662, 0.5855601529835964], [-2.526415750519586e-16, 0.959273275664207, -1.9499062313098345]], [[-1.37196964755308, -1.2212453452856457e-16, 1.5135249710057314e-18], [-7.549516679947628e-16, -3.531706138866663, 0.5855601529835964], [9.901683048619691e-17, 0.959273275664207, -1.9499062313098345]], [[-1.371969647553081, 9.992007039646674e-17, 1.5135249710057314e-18], [1.0214051714054877e-15, -3.5317061388666637, -0.5855601529835964], [-7.681237228288083e-17, -0.9592732756642071, -1.9499062313098345]], [[-1.6242134144845397, -1.2212453452856457e-16, 1.5135332760651428e-18], [-7.549516679947628e-16, -1.8627792957804372, -5.477337781258988e-23], [-7.681237228288083e-17, -1.6653345617531532e-17, -0.8850103563479085]], [[-1.6242134144845397, -1.2212453452856457e-16, 1.5135083608869085e-18], [-7.549516679947628e-16, -1.8627792957804372, 3.966348053350367e-23], [-7.681237228288083e-17, -1.6653345617531532e-17, -0.8850103563479085]]]}, "metadata": {"formula": "LaCN2F", "nsites": 10, "structure": "# generated using pymatgen\ndata_LaCN2F\n_symmetry_space_group_name_H-M   'P 1'\n_cell_length_a   4.75277082\n_cell_length_b   4.75277082\n_cell_length_c   7.76340088\n_cell_angle_alpha   90.00000000\n_cell_angle_beta   90.00000000\n_cell_angle_gamma   132.52838153\n_symmetry_Int_Tables_number   1\n_chemical_formula_structural   LaCN2F\n_chemical_formula_sum   'La2 C2 N4 F2'\n_cell_volume   129.234782245\n_cell_formula_units_Z   2\nloop_\n _symmetry_equiv_pos_site_id\n _symmetry_equiv_pos_as_xyz\n  1  'x, y, z'\nloop_\n _atom_site_type_symbol\n _atom_site_label\n _atom_site_symmetry_multiplicity\n _atom_site_fract_x\n _atom_site_fract_y\n _atom_site_fract_z\n _atom_site_occupancy\n  La  La1  1  0.224456  0.775544  0.750000  1\n  La  La2  1  0.775544  0.224456  0.250000  1\n  C  C3  1  0.500000  0.500000  0.500000  1\n  C  C4  1  0.500000  0.500000  0.000000  1\n  N  N5  1  0.633064  0.366936  0.946940  1\n  N  N6  1  0.366936  0.633064  0.446940  1\n  N  N7  1  0.633064  0.366936  0.553060  1\n  N  N8  1  0.366936  0.633064  0.053060  1\n  F  F9  1  0.081897  0.918103  0.250000  1\n  F  F10  1  0.918103  0.081897  0.750000  1\n"}}