{"phonon": {"ph_bandstructure": [[-0.004409797312578557, -0.004287193674513257, -0.002660687247125076, 34.80801780881049, 34.906900380357015, 62.244316623716365, 65.94350275313336, 97.2731327702509, 97.52572637160314, 155.5423964271103, 156.522012980562, 184.83038070540732, 215.51114121665353, 233.3534014398117, 238.3957160317856, 255.4129021662242, 290.66676989426753, 313.0098578268431, 327.85221122575217, 332.64541458427163, 343.386658941924, 350.77399312475956, 350.8386549394724, 367.36382007367683]]}, "dielectric": {"eps_electronic": [[7.822591951536539, 4.0120195800521634e-16, 6.09862484169416e-16], [-4.288725184484628e-17, 7.82259195153654, -2.942851194631085e-15], [1.339631460214095e-15, -4.8776174776867816e-15, 7.869943254159978]], "eps_total": [[10.35319224403274, 1.8050272835065117e-15, 1.26586779290974e-15], [1.5188373852682432e-15, 10.353192244053794, -2.6807769886381657e-15], [5.302550850108666e-16, -3.0224585937896342e-15, 10.880173266512132]], "becs": [[[2.7014766956857645, -0.22412775220290573, 2.7339681719273424e-16], [0.22412775220290665, 2.7014766956857637, -7.354787800262718e-17], [-2.220446049250313e-16, 3.885780586188048e-16, 2.9014873730511965]], [[2.7014766956857637, 0.22412775220290657, 3.955389394166592e-17], [-0.22412775220290565, 2.7014766956857645, 1.3669840859636712e-16], [1.5543122344752192e-15, 3.885780586188048e-16, 2.9014873730511965]], [[1.061837001983565, 0.11865397569989142, -8.663220032475148e-16], [-0.11865397569989183, 1.0618370019835668, 7.851347458824055e-16], [6.661338147750939e-16, 3.885780586188048e-16, 0.9151683123206712]], [[1.0618370019835668, -0.11865397569989192, 4.7774394462871e-16], [0.1186539756998915, 1.061837001983565, -5.353345653417453e-16], [-1.1102230246251565e-15, 3.885780586188048e-16, 0.9151683123206712]], [[-2.134559675486705, -2.7755575615628914e-17, -0.8728058364294058], [-1.6653345369377348e-16, -1.6287540221826253, -6.522560269672795e-16], [-0.7800086060471785, -4.996003610813204e-16, -1.908327842685934]], [[-1.6287540221826249, 4.163336342344337e-16, -8.326672684688674e-17], [-6.106226635438361e-16, -2.134559675486706, -0.8728058364294063], [2.220446049250313e-16, -0.7800086060471783, -1.908327842685934]], [[-2.134559675486705, -4.718447854656915e-16, 0.8728058364294062], [4.996003610813204e-16, -1.628754022182624, 1.249000902703301e-16], [0.7800086060471776, -5.551115123125783e-17, -1.908327842685934]], [[-1.628754022182624, -2.498001805406602e-16, -2.498001805406602e-16], [-3.885780586188048e-16, -2.1345596754867042, 0.8728058364294066], [-2.220446049250313e-16, 0.7800086060471774, -1.9083278426859331]]]}, "metadata": {"formula": "GaAgS2", "nsites": 8, "structure": "# generated using pymatgen\ndata_GaAgS2\n_symmetry_space_group_name_H-M   'P 1'\n_cell_length_a   6.59881183\n_cell_length_b   6.59881183\n_cell_length_c   6.59881183\n_cell_angle_alpha   129.27216966\n_cell_angle_beta   129.27216966\n_cell_angle_gamma   74.57303375\n_symmetry_Int_Tables_number   1\n_chemical_formula_structural   GaAgS2\n_chemical_formula_sum   'Ga2 Ag2 S4'\n_cell_volume   167.799635918\n_cell_formula_units_Z   2\nloop_\n _symmetry_equiv_pos_site_id\n _symmetry_equiv_pos_as_xyz\n  1  'x, y, z'\nloop_\n _atom_site_type_symbol\n _atom_site_label\n _atom_site_symmetry_multiplicity\n _atom_site_fract_x\n _atom_site_fract_y\n _atom_site_fract_z\n _atom_site_occupancy\n  Ga  Ga1  1  0.250000  0.750000  0.500000  1\n  Ga  Ga2  1  0.500000  0.500000  0.000000  1\n  Ag  Ag3  1  0.000000  0.000000  0.000000  1\n  Ag  Ag4  1  0.750000  0.250000  0.500000  1\n  S  S5  1  0.156738  0.125000  0.531738  1\n  S  S6  1  0.875000  0.406738  0.031738  1\n  S  S7  1  0.593262  0.625000  0.468262  1\n  S  S8  1  0.375000  0.843262  0.968262  1\n"}}