{"phonon": {"ph_bandstructure": [[-0.007917465564374624, -0.005606577364484794, -0.004491939548804383, 98.82771234168844, 108.72225989466443, 122.74493535709286, 124.28537136641599, 127.390326240794, 157.66741579386155, 161.83357945002763, 184.33724715116696, 184.9008628374818, 198.63207121454195, 216.0652395206907, 227.2640034609372, 236.88500493695346, 240.7946544006994, 246.77293073850552, 252.6517205062591, 257.1812079435931, 276.1033578929283, 284.5012675691393, 382.5707878928279, 416.1014070066301]]}, "dielectric": {"eps_electronic": [[15.434671199283768, 0.0, 0.0], [0.0, 9.259174007361764, 2.5933677031148576], [0.0, 2.593367703114858, 12.461457610447619]], "eps_total": [[29.354190353616463, 0.0, 0.0], [0.0, 15.415443026350896, 6.882544651217917], [0.0, 6.882544651217916, 23.6951948701584]], "becs": [[[1.1208525506556315, 0.19902028008987935, -0.09411841470771584], [0.033367482671468274, 1.166098771435338, -0.02502732383523404], [-0.00997552763918477, -0.013598517333555873, 1.1572374388658928]], [[1.1208525506556315, -0.19902028008987935, 0.09411841470771584], [-0.033367482671468274, 1.166098771435338, -0.02502732383523404], [0.00997552763918477, -0.013598517333555873, 1.1572374388658928]], [[4.150643432825772, 0.9120933721087985, -0.302077998216025], [0.11328665506801061, 2.8233750718107427, 0.9965376486007163], [-0.6061060698735237, 1.0389952376062133, 3.377004322869717]], [[4.150643432825772, -0.9120933721087985, 0.302077998216025], [-0.11328665506801061, 2.8233750718107427, 0.9965376486007163], [0.6061060698735237, 1.0389952376062133, 3.377004322869717]], [[-1.3422352311507935, -0.5634875920780709, 0.17515993025984558], [-0.11628079752360126, -2.3303603843064256, 0.3355015073808783], [-0.007147214562528749, 0.1380724113546173, -1.3577092743063668]], [[-1.3422352311507935, 0.5634875920780709, -0.17515993025984558], [0.11628079752360126, -2.3303603843064256, 0.3355015073808783], [0.007147214562528749, 0.1380724113546173, -1.3577092743063668]], [[-3.9292607523306105, 0.08701375609428741, -0.5362813482742173], [-0.06749136054224317, -1.6591134589396548, -1.3070118321463606], [-0.7664467980012275, -1.163469131627275, -3.1765324874292435]], [[-3.9292607523306105, -0.08701375609428741, 0.5362813482742173], [0.06749136054224317, -1.6591134589396548, -1.3070118321463606], [0.7664467980012275, -1.163469131627275, -3.1765324874292435]]]}, "metadata": {"formula": "LiAsS2", "nsites": 8, "structure": "# generated using pymatgen\ndata_LiAsS2\n_symmetry_space_group_name_H-M   'P 1'\n_cell_length_a   6.42557559\n_cell_length_b   6.42557559\n_cell_length_c   5.23811935\n_cell_angle_alpha   68.28094125\n_cell_angle_beta   68.28094125\n_cell_angle_gamma   47.98512742\n_symmetry_Int_Tables_number   1\n_chemical_formula_structural   LiAsS2\n_chemical_formula_sum   'Li2 As2 S4'\n_cell_volume   146.911861549\n_cell_formula_units_Z   2\nloop_\n _symmetry_equiv_pos_site_id\n _symmetry_equiv_pos_as_xyz\n  1  'x, y, z'\nloop_\n _atom_site_type_symbol\n _atom_site_label\n _atom_site_symmetry_multiplicity\n _atom_site_fract_x\n _atom_site_fract_y\n _atom_site_fract_z\n _atom_site_occupancy\n  Li  Li1  1  0.241642  0.762628  0.996407  1\n  Li  Li2  1  0.762628  0.241642  0.496407  1\n  As  As3  1  0.497210  0.948117  0.310687  1\n  As  As4  1  0.948117  0.497210  0.810687  1\n  S  S5  1  0.277231  0.759667  0.476484  1\n  S  S6  1  0.759667  0.277231  0.976484  1\n  S  S7  1  0.536711  0.983884  0.722673  1\n  S  S8  1  0.983884  0.536711  0.222673  1\n"}}