{"phonon": {"ph_bandstructure": [[0.0, 0.0, 0.0, 34.450524359422566, 37.20847465226791, 44.72968030088343, 46.26857323740054, 50.07543442867478, 56.66851402708918, 56.668514027089216, 60.65774502934496, 62.05393512019809, 62.0646576312224, 66.82427774600474, 70.64558546555934, 74.04664539805097, 74.046645398051, 77.3762022989959, 82.11818089657888, 82.37813330447902, 84.25049760343732, 100.48627943824717, 104.72930306323872, 105.10898663971042, 106.04335729127715, 111.10275295194194, 128.16989269469917]]}, "dielectric": {"eps_electronic": [[4.725157061647572, 0.0, 0.0], [0.0, 4.7251570615932215, 0.0], [0.0, 0.0, 4.567595812455918]], "eps_total": [[11.431032780407033, 1.7763568394002505e-15, 0.0], [2.220446049250313e-15, 11.431032782150432, 0.0], [0.0, 0.0, 15.421354842253972]], "becs": [[[2.5529249404502274, 3.454027196913605e-16, 3.251526522584098e-22], [2.4671622953265837e-16, 2.552924940450227, 7.921982105612968e-23], [0.0, 0.0, 2.955960693866876]], [[2.9314732054910766, -0.034261902293358446, -8.149606038173391e-23], [0.034261902292857443, 2.9314732054910766, 3.428057725795903e-22], [0.0, 0.0, 2.465857205239497]], [[2.931473205491077, 0.03426190229335847, -2.835730280127256e-22], [-0.034261902292856944, 2.931473205491077, 2.7366846985940735e-23], [0.0, 0.0, 2.465857205239497]], [[-1.4969086794766022, 0.19059529736934777, -1.912662592772412e-23], [0.19059529736656503, -1.2768281869932667, -2.4054018571003563e-22], [0.0, 0.0, -1.465032931511352]], [[-1.358377695548979, 0.10399981588072171, -2.4116180684044902e-23], [0.1039998158792044, -1.4784663389369164, -1.4547639991468921e-22], [0.0, 0.0, -1.1641921032710845]], [[-1.35837769554898, -0.10399981588072149, 8.56540239550123e-23], [-0.10399981587920434, -1.4784663389369164, -5.905477646437425e-23], [0.0, 0.0, -1.1641921032710818]], [[-1.496908679476603, -0.190595297369348, 1.0561224298029542e-22], [-0.1905952973665654, -1.2768281869932676, 1.8292576919650763e-22], [0.0, 0.0, -1.465032931511352]], [[-1.1667879407515993, -3.2073109508373343e-16, -3.409529019668647e-23], [-1.0855514000175295e-15, -1.6069489257182688, -1.281920752246262e-22], [0.0, 0.0, -1.465032931511351]], [[-1.5385106606308836, -9.868649015870212e-17, -7.401172824725271e-23], [6.90805439382721e-16, -1.298333373855011, -5.905477646437425e-23], [0.0, 0.0, -1.1641921032710818]]]}, "metadata": {"formula": "BaI2", "nsites": 9, "structure": "# generated using pymatgen\ndata_BaI2\n_symmetry_space_group_name_H-M   'P 1'\n_cell_length_a   9.05768460\n_cell_length_b   9.05768460\n_cell_length_c   5.09840814\n_cell_angle_alpha   90.00000000\n_cell_angle_beta   90.00000000\n_cell_angle_gamma   120.00000000\n_symmetry_Int_Tables_number   1\n_chemical_formula_structural   BaI2\n_chemical_formula_sum   'Ba3 I6'\n_cell_volume   362.242680306\n_cell_formula_units_Z   3\nloop_\n _symmetry_equiv_pos_site_id\n _symmetry_equiv_pos_as_xyz\n  1  'x, y, z'\nloop_\n _atom_site_type_symbol\n _atom_site_label\n _atom_site_symmetry_multiplicity\n _atom_site_fract_x\n _atom_site_fract_y\n _atom_site_fract_z\n _atom_site_occupancy\n  Ba  Ba1  1  0.000000  0.000000  0.000000  1\n  Ba  Ba2  1  0.666667  0.333333  0.500000  1\n  Ba  Ba3  1  0.333333  0.666667  0.500000  1\n  I  I4  1  0.000000  0.406632  0.000000  1\n  I  I5  1  0.743190  0.000000  0.500000  1\n  I  I6  1  0.000000  0.743190  0.500000  1\n  I  I7  1  0.406632  0.000000  0.000000  1\n  I  I8  1  0.593368  0.593368  0.000000  1\n  I  I9  1  0.256810  0.256810  0.500000  1\n"}}