{"phonon": {"ph_bandstructure": [[0.0, 0.0, 0.0, 199.80527647957308, 199.80527648109523, 216.55256205083109, 259.2137203626259, 259.21372036390466, 262.9847730082117]]}, "dielectric": {"eps_electronic": [[23.23413569583947, -1.3866456692317384e-15, -3.552713678800501e-15], [-2.610446305521985e-15, 23.23413569583947, 1.7763568394002505e-15], [-5.7187816883692635e-15, 3.163002508631989e-15, 23.23413569583947]], "eps_total": [[28.092119298094794, -7.188445040060507e-12, 7.065636964398436e-11], [-7.1854414496225804e-12, 28.092119298146027, -1.950439809661475e-12], [7.066055387847343e-11, -1.9533610025300093e-12, 28.09211929818526]], "becs": [[[1.0232804120672918, 0.0, 0.0], [0.0, 1.0232804120672918, 0.0], [5.04146396863214e-19, 5.04146396863214e-19, 1.0232804120672918]], [[1.8179625642241959, 0.0, 0.0], [0.0, 1.8179625642241959, 0.0], [4.051429930996556e-19, 4.051429930996556e-19, 1.8179625642241959]], [[-2.841242971546639, 0.0, 0.0], [0.0, -2.841242971546639, 0.0], [-9.092893464856388e-19, -9.092893464856388e-19, -2.841242971546639]]]}, "metadata": {"formula": "LiMgBi", "nsites": 3, "structure": "# generated using pymatgen\ndata_LiMgBi\n_symmetry_space_group_name_H-M   'P 1'\n_cell_length_a   4.77703950\n_cell_length_b   4.77703950\n_cell_length_c   4.77703950\n_cell_angle_alpha   60.00000000\n_cell_angle_beta   60.00000000\n_cell_angle_gamma   60.00000000\n_symmetry_Int_Tables_number   1\n_chemical_formula_structural   LiMgBi\n_chemical_formula_sum   'Li1 Mg1 Bi1'\n_cell_volume   77.0835129113\n_cell_formula_units_Z   1\nloop_\n _symmetry_equiv_pos_site_id\n _symmetry_equiv_pos_as_xyz\n  1  'x, y, z'\nloop_\n _atom_site_type_symbol\n _atom_site_label\n _atom_site_symmetry_multiplicity\n _atom_site_fract_x\n _atom_site_fract_y\n _atom_site_fract_z\n _atom_site_occupancy\n  Li  Li1  1  0.000000  0.000000  0.000000  1\n  Mg  Mg2  1  0.500000  0.500000  0.500000  1\n  Bi  Bi3  1  0.250000  0.250000  0.250000  1\n"}}