{"phonon": {"ph_bandstructure": [[-0.006514967455599108, -0.005653788749826937, -0.004958474398597505, 67.48502972987316, 136.76100127046638, 196.4406742090961, 204.35879563584965, 236.08201650103544, 241.96227567169876, 243.57472199112308, 250.81859044920387, 348.26069354522957, 359.29520130106266, 373.25635161600536, 387.5515617075329, 387.93179849551063, 404.59618701656035, 416.86388994390904, 429.2230171525455, 465.82966621472, 516.0714749553188, 531.2395808397946, 553.0812428205107, 553.668370649228, 636.3183160290068, 702.9872462721386, 962.6776760771143, 1020.9800986924565, 1055.8357290441866, 1093.1396842432694, 1094.8305383359125, 1108.8368139471581, 1199.7546295479735]]}, "dielectric": {"eps_electronic": [[2.732752401810898, 0.0, 0.0], [0.0, 2.8615193823497607, 0.017861521437780643], [0.0, 0.017861521437780692, 2.738593952220918]], "eps_total": [[7.636778433934197, -4.440892098500626e-16, 0.0], [-8.881784197001252e-16, 10.462331737352267, 2.323589305489877], [0.0, 2.3235893054898766, 7.975212294363848]], "becs": [[[2.2657015389213595, 3.2297398042541994e-16, -7.065055821806061e-17], [1.6736303481138214e-16, 2.195515852095003, -0.02280461914876192], [2.093301161375206e-18, -0.033051472568386364, 2.263468253648954]], [[2.2657015389213595, 3.2297398042541994e-16, -7.065055821806061e-17], [1.6763634025187103e-16, 2.195515852095003, -0.02280461914876192], [4.971590172486417e-18, -0.033051472568386364, 2.263468253648954]], [[3.3993811449931073, 3.2297398042541994e-16, -2.949298414757699e-17], [1.3742101567184196e-16, 4.351622980752004, 0.1477688154402047], [-2.0933010927514484e-17, 0.18752961046648756, 3.4802393660333193]], [[3.3993811449931073, 3.2297398042541994e-16, -7.065055821806061e-17], [1.3742101567184196e-16, 4.351622980752004, 0.1477688154402047], [-2.0933010927514484e-17, 0.18752961046648756, 3.4802393660333193]], [[-1.9540388101317738, -0.030699849455590688, -0.5352488800163698], [-0.07910871539216813, -1.4546554114373156, -0.12562144673316472], [-0.5696490622177686, -0.07797458194901585, -1.5307470686692086]], [[-1.954038810131772, 0.03069984945559, 0.5352488800163698], [0.07910871539216803, -1.4546554114373142, -0.12562144673316572], [0.5696490622177687, -0.07797458194901591, -1.5307470686692104]], [[-1.9540388101317734, -0.030699849455591132, -0.5352488800163696], [-0.07910871539216859, -1.4546554114373151, -0.12562144673316528], [-0.5696490622177687, -0.07797458194901587, -1.5307470686692104]], [[-1.954038810131772, 0.03069984945559, 0.5352488800163698], [0.07910871539216802, -1.4546554114373142, -0.12562144673316572], [0.5696490622177686, -0.07797458194901585, -1.5307470686692104]], [[-0.9104437583450302, 3.2297398042541994e-16, -7.065055821806061e-17], [1.6736303481138214e-16, -3.9345092407242888, -0.8190666321869255], [2.093301161375206e-18, -0.7940660815858105, -1.144134395771206]], [[-1.3017831844749241, -1.2111522942464268e-16, 4.037174424445504e-17], [-2.7891261856259175e-16, -1.6705733896113024, 0.5358120132688251], [-2.0933010927514484e-17, 0.39850406679207484, -2.1101462844654977]], [[-1.3017831844749241, 3.2297398042541994e-16, -7.065055821806061e-17], [1.6736303481138214e-16, -1.6705733896113033, 0.5358120132688253], [2.093301161375206e-18, 0.3985040667920748, -2.1101462844654977]]]}, "metadata": {"formula": "Mg2P2O7", "nsites": 11, "structure": "# generated using pymatgen\ndata_Mg2P2O7\n_symmetry_space_group_name_H-M   'P 1'\n_cell_length_a   5.26004595\n_cell_length_b   5.26004595\n_cell_length_c   4.50716619\n_cell_angle_alpha   81.80071210\n_cell_angle_beta   81.80071210\n_cell_angle_gamma   104.30779987\n_symmetry_Int_Tables_number   1\n_chemical_formula_structural   Mg2P2O7\n_chemical_formula_sum   'Mg2 P2 O7'\n_cell_volume   117.526723337\n_cell_formula_units_Z   1\nloop_\n _symmetry_equiv_pos_site_id\n _symmetry_equiv_pos_as_xyz\n  1  'x, y, z'\nloop_\n _atom_site_type_symbol\n _atom_site_label\n _atom_site_symmetry_multiplicity\n _atom_site_fract_x\n _atom_site_fract_y\n _atom_site_fract_z\n _atom_site_occupancy\n  Mg  Mg1  1  0.311822  0.688178  0.500000  1\n  Mg  Mg2  1  0.688178  0.311822  0.500000  1\n  P  P3  1  0.779005  0.779005  0.906249  1\n  P  P4  1  0.220995  0.220995  0.093751  1\n  O  O5  1  0.619891  0.925340  0.720028  1\n  O  O6  1  0.074660  0.380109  0.279972  1\n  O  O7  1  0.380109  0.074660  0.279972  1\n  O  O8  1  0.925340  0.619891  0.720028  1\n  O  O9  1  0.000000  0.000000  0.000000  1\n  O  O10  1  0.617956  0.617956  0.213590  1\n  O  O11  1  0.382044  0.382044  0.786410  1\n"}}