{"phonon": {"ph_bandstructure": [[0.0, 0.0, 0.0, 33.900216927607474, 42.412355505837, 44.8109048091851, 45.93611638614071, 47.68195778131203, 51.149546571407924, 52.57907995578765, 53.98929239159785, 56.51244251238578, 60.29995102688807, 60.50887119110381, 68.32388361289591, 68.34932396156485, 73.92814907500781, 103.5804445391354, 178.05992356288533, 200.83134079075055, 220.21085714031682, 220.25721396989857, 232.12134103726578, 240.53235384210464, 246.18158872298193, 251.86797988318472, 320.95551836422237, 331.0537945481523, 332.5830409599133, 332.76041427006794]]}, "dielectric": {"eps_electronic": [[5.690103645181852, 0.0, 0.0], [0.0, 4.583029609413619, 0.0], [0.0, 0.0, 5.907918836397263]], "eps_total": [[17.93402543018181, 0.0, 0.0], [0.0, 9.369876710632608, 0.0], [0.0, 0.0, 10.621299190535668]], "becs": [[[1.2715300489994021, 0.0, 0.0], [0.0, 1.8375572216660543, 5.204170505478604e-18], [3.330668810745228e-17, 0.0, 1.3981851232162859]], [[1.2715300489994021, 0.0, 0.0], [0.0, 1.8375572216660543, 5.204170505478604e-18], [3.3306672469398607e-17, 7.420497569287303e-24, 1.3981851232162859]], [[2.483764801983109, 0.0, 0.0], [0.0, 1.036910082460972, 5.204170505478604e-18], [3.3307063420740506e-17, -1.7809194166289527e-22, 2.2461940767514585]], [[2.483764801983109, 0.0, 0.0], [0.0, 1.036910082460972, 5.204170505478604e-18], [3.3306359708325085e-17, -1.558304489550334e-22, 2.2461940767514585]], [[0.1532532809857327, 0.0, 0.0], [0.0, -0.014502623578760573, -0.658215269683676], [-1.332267655863212e-16, -0.9225798743173679, 0.43719929053184625]], [[0.15325328098573804, 0.0, 0.0], [0.0, -0.01450262357875702, 0.658215269683676], [-1.332267655863212e-16, 0.9225798743173679, 0.43719929053183915]], [[-1.954274065973666, 0.0, 0.0], [0.0, -1.4299823402779035, -0.02229401712749722], [3.330668810745228e-17, -0.2506975491904635, -2.0407892452523777]], [[-1.9542740659736637, 0.0, 0.0], [0.0, -1.4299823402779017, 0.02229401712749723], [3.330668810745228e-17, 0.2506975491904635, -2.040789245252377]], [[-1.9542740659736637, 0.0, 0.0], [0.0, -1.4299823402779017, 0.02229401712749723], [3.330668810745228e-17, 0.2506975491904635, -2.0407892452523777]], [[-1.954274065973666, 0.0, 0.0], [0.0, -1.4299823402779035, -0.02229401712749722], [3.330668810745228e-17, -0.2506975491904635, -2.0407892452523795]]]}, "metadata": {"formula": "CsCdAuS2", "nsites": 10, "structure": "# generated using pymatgen\ndata_CsCdAuS2\n_symmetry_space_group_name_H-M   'P 1'\n_cell_length_a   7.63233956\n_cell_length_b   7.63233956\n_cell_length_c   6.07285608\n_cell_angle_alpha   90.00000000\n_cell_angle_beta   90.00000000\n_cell_angle_gamma   129.22987902\n_symmetry_Int_Tables_number   1\n_chemical_formula_structural   CsCdAuS2\n_chemical_formula_sum   'Cs2 Cd2 Au2 S4'\n_cell_volume   274.027494659\n_cell_formula_units_Z   2\nloop_\n _symmetry_equiv_pos_site_id\n _symmetry_equiv_pos_as_xyz\n  1  'x, y, z'\nloop_\n _atom_site_type_symbol\n _atom_site_label\n _atom_site_symmetry_multiplicity\n _atom_site_fract_x\n _atom_site_fract_y\n _atom_site_fract_z\n _atom_site_occupancy\n  Cs  Cs1  1  0.250000  0.750000  0.766838  1\n  Cs  Cs2  1  0.750000  0.250000  0.233162  1\n  Cd  Cd3  1  0.250000  0.250000  0.500000  1\n  Cd  Cd4  1  0.750000  0.750000  0.500000  1\n  Au  Au5  1  0.000000  0.000000  0.000000  1\n  Au  Au6  1  0.500000  0.500000  1.000000  1\n  S  S7  1  0.109544  0.890456  0.287022  1\n  S  S8  1  0.390456  0.609544  0.287022  1\n  S  S9  1  0.609544  0.390456  0.712978  1\n  S  S10  1  0.890456  0.109544  0.712978  1\n"}}