{"phonon": {"ph_bandstructure": [[0.0, 0.0, 0.0, 37.16584093107187, 37.64309448536381, 73.39417057340492, 74.29488700127068, 77.01862407204155, 77.09415671001574, 89.81531103001134, 91.12186534183482, 93.84595614451132, 94.14693355551917, 117.73180584861478, 118.31371495020858, 127.9918673914982, 138.77587866391715, 140.23050397868704, 144.3253562743485, 150.3818978869028, 181.0806624738028, 217.0896352994165, 226.76816425908294, 232.67754365272754]]}, "dielectric": {"eps_electronic": [[5.942743937483735, 7.27901438506141e-16, -1.6005509091029811e-15], [1.1720513021951308e-15, 5.942743937483735, 2.3342724345847343e-16], [-1.9484442091257206e-15, 1.6042694696747803e-15, 8.865798467208108]], "eps_total": [[10.258475420072466, -1.4799022626201607e-15, -2.142284484243104e-15], [1.1245252782129676e-15, 10.258475420656932, 1.2608560471373696e-15], [-6.428322093269407e-15, 4.229818943132096e-15, 14.820818994946817]], "becs": [[[1.3540954211882805, 3.885780586188048e-16, 5.732053939249743e-16], [-1.1102230246251565e-16, 1.391144791341083, -5.370176307001822e-16], [1.6653345369377348e-16, -2.7755575615628914e-16, 1.0493293872817024]], [[1.3911447913410824, -5.551115123125783e-17, 5.335481837482286e-16], [7.771561172376096e-16, 1.3540954211882799, -5.766748408769278e-16], [-2.7755575615628914e-16, 1.6653345369377348e-16, 1.049329387281701]], [[2.1922141663328354, -5.551115123125783e-17, 1.054800103298813e-16], [-9.992007221626409e-16, 2.1922141663328345, -1.1656459459515e-16], [1.6653345369377348e-16, -2.7755575615628914e-16, 4.224383608546825]], [[1.8577910211936561, -5.551115123125783e-17, -7.76352461609148e-16], [7.771561172376096e-16, 1.8577910211936564, 7.779597728660712e-16], [-1.1657341758564144e-15, 1.6653345369377348e-16, 3.5488838718535365]], [[-1.6988113500139648, 0.24138461644732784, -0.210251315398314], [0.24138461644732867, -1.6988113500139645, 0.210251315398314], [0.11166550556683691, -0.11166550556683569, -2.4679815637409406]], [[-1.6988113500139612, 0.24138461644732961, 0.21025131539831332], [0.24138461644732867, -1.698811350013961, -0.21025131539831332], [-0.11166550556683658, 0.11166550556683602, -2.4679815637409406]], [[-1.6988113500139648, -0.24138461644732973, -0.21025131539831327], [-0.24138461644732978, -1.6988113500139645, -0.2102513153983135], [0.11166550556683646, 0.11166550556683602, -2.4679815637409424]], [[-1.698811350013963, -0.24138461644732795, 0.2102513153983135], [-0.241384616447328, -1.6988113500139628, 0.21025131539831327], [-0.11166550556683569, -0.11166550556683613, -2.4679815637409406]]]}, "metadata": {"formula": "K2SnHgSe4", "nsites": 8, "structure": "# generated using pymatgen\ndata_K2SnHgSe4\n_symmetry_space_group_name_H-M   'P 1'\n_cell_length_a   6.64274465\n_cell_length_b   6.64274465\n_cell_length_c   6.64274465\n_cell_angle_alpha   105.93858278\n_cell_angle_beta   105.93858278\n_cell_angle_gamma   116.79415106\n_symmetry_Int_Tables_number   1\n_chemical_formula_structural   K2SnHgSe4\n_chemical_formula_sum   'K2 Sn1 Hg1 Se4'\n_cell_volume   222.844434319\n_cell_formula_units_Z   1\nloop_\n _symmetry_equiv_pos_site_id\n _symmetry_equiv_pos_as_xyz\n  1  'x, y, z'\nloop_\n _atom_site_type_symbol\n _atom_site_label\n _atom_site_symmetry_multiplicity\n _atom_site_fract_x\n _atom_site_fract_y\n _atom_site_fract_z\n _atom_site_occupancy\n  K  K1  1  1.000000  0.500000  0.500000  1\n  K  K2  1  0.500000  1.000000  0.500000  1\n  Sn  Sn3  1  0.500000  0.500000  0.000000  1\n  Hg  Hg4  1  0.000000  0.000000  0.000000  1\n  Se  Se5  1  0.908633  0.559060  0.000000  1\n  Se  Se6  1  0.559060  0.908633  1.000000  1\n  Se  Se7  1  0.440940  0.440940  0.349573  1\n  Se  Se8  1  0.091367  0.091367  0.650427  1\n"}}