{"phonon": {"ph_bandstructure": [[0.0, 0.0, 0.0, 44.18301757432857, 44.183017576463435, 72.14982878136695, 77.41017279017464, 111.18485325777561, 114.31673805916857, 122.16983617191288, 139.64941288065242, 145.85260198687752, 263.4596512777117, 263.45965128360103, 302.9168324309669, 363.6133097072662, 610.465040240299, 649.7623709009403]]}, "dielectric": {"eps_electronic": [[3.7716221505791108, 0.0, -0.03439587332631411], [0.0, 4.040647982677492, 0.0], [-0.03439587332631413, 0.0, 4.036250352615145]], "eps_total": [[7.6641921109234685, 1.4432899320127035e-15, -0.16782617704148753], [1.3081401175327712e-15, 8.976837280497218, -6.524969252687888e-15], [-0.16782617704148375, -6.661338147750939e-15, 8.955380129641739]], "becs": [[[2.2189296218361028, 0.0, -0.08112659516742003], [0.0, 2.8534577688297498, 0.0], [-0.08112659517062551, 0.0, 2.8430854559939824]], [[2.2189296218361028, 0.0, -0.08112659516742003], [0.0, 2.8534577688297498, 0.0], [-0.08112659517062551, 0.0, 2.8430854559939824]], [[1.3597904694837022, 0.0, 0.26919096138032694], [0.0, -0.745674964627038, 0.0], [0.2691909613909649, 0.0, -0.7112579789488434]], [[-1.5292050088475857, 0.0, -0.04240790471599485], [0.0, -1.1975134206354516, 0.0], [-0.042407904717672085, 0.0, -1.2029354163880892]], [[-2.134222352157021, 0.0, -0.03226493316708232], [0.0, -1.8818635761830915, 0.0], [-0.03226493316835719, 0.0, -1.8859887583104011]], [[-2.134222352157021, 0.0, -0.03226493316708232], [0.0, -1.8818635761830915, 0.0], [-0.03226493316835719, 0.0, -1.8859887583104011]]]}, "metadata": {"formula": "Ba2CuBrO2", "nsites": 6, "structure": "# generated using pymatgen\ndata_Ba2CuBrO2\n_symmetry_space_group_name_H-M   'P 1'\n_cell_length_a   9.96526915\n_cell_length_b   9.96526915\n_cell_length_c   9.96526915\n_cell_angle_alpha   24.77773321\n_cell_angle_beta   24.77773321\n_cell_angle_gamma   24.77773321\n_symmetry_Int_Tables_number   1\n_chemical_formula_structural   Ba2CuBrO2\n_chemical_formula_sum   'Ba2 Cu1 Br1 O2'\n_cell_volume   152.877375863\n_cell_formula_units_Z   1\nloop_\n _symmetry_equiv_pos_site_id\n _symmetry_equiv_pos_as_xyz\n  1  'x, y, z'\nloop_\n _atom_site_type_symbol\n _atom_site_label\n _atom_site_symmetry_multiplicity\n _atom_site_fract_x\n _atom_site_fract_y\n _atom_site_fract_z\n _atom_site_occupancy\n  Ba  Ba1  1  0.251713  0.251713  0.251713  1\n  Ba  Ba2  1  0.748287  0.748287  0.748287  1\n  Cu  Cu3  1  0.500000  0.500000  0.500000  1\n  Br  Br4  1  0.000000  0.000000  0.000000  1\n  O  O5  1  0.561564  0.561564  0.561564  1\n  O  O6  1  0.438436  0.438436  0.438436  1\n"}}