{"phonon": {"ph_bandstructure": [[0.0, 0.0, 0.0, 56.155365099619594, 56.170144266291835, 72.3903231574675, 75.42772359463213, 90.52334245564877, 90.63573838195168, 144.49842462467006, 145.09471740995446, 169.82990495443119, 277.61899879469246, 279.680584565059, 283.50320255051696, 284.3630557805446, 291.87291461489804, 306.02871236890684, 314.627959432976, 317.2849126658377, 327.428838623125, 330.76082347066335, 331.71645730241517, 339.4891381179651]]}, "dielectric": {"eps_electronic": [[20.27522464429058, 7.6812889447796905e-16, 6.0178368934065386e-15], [-1.847128953299663e-15, 20.275224644290578, -3.0535324916128372e-15], [1.3523238283768926e-14, -2.463973270833329e-15, 29.67930633271345]], "eps_total": [[22.99541830661934, 1.6618625903222148e-15, 3.7190300370324425e-15], [-5.393825830272569e-16, 22.995418306669873, -7.763481991645188e-15], [9.930817334611572e-15, -7.273237017899307e-16, 32.46999468375689]], "becs": [[[2.1766971131535033, -0.07858032954177116, -7.107217742757359e-17], [0.0785803295417686, 2.1766971131535016, 1.3929272895289966e-17], [5.551115123125783e-16, 0.0, 2.070659220095431]], [[2.1766971131535, 0.07858032954176966, -4.341957198689569e-17], [-0.07858032954176866, 2.1766971131535033, 4.158187833596786e-17], [-2.9976021664879227e-15, 0.0, 2.070659220095431]], [[2.5084572897883985, -0.3842693099488187, -5.724587470723463e-17], [0.3842693099488197, 2.5084572897883985, 2.7755575615628914e-17], [-1.2212453270876722e-15, -1.7763568394002505e-15, 2.707448126811091]], [[2.5084572897883985, 0.38426930994881936, -2.977255499260512e-16], [-0.38426930994881925, 2.5084572897883985, 2.3136511024687495e-16], [-3.3306690738754696e-16, 1.7763568394002505e-15, 2.707448126811091]], [[-2.477638312386806, 3.608224830031759e-16, -0.293681065081312], [-2.7755575615628914e-17, -2.207516090555095, -2.914335439641036e-16], [-0.17475432564271498, -8.881784197001252e-16, -2.3890536734532617]], [[-2.207516090555095, 3.608224830031759e-16, 1.7867651802561113e-16], [-2.7755575615628914e-17, -2.4776383123868064, -0.2936810650813124], [5.551115123125783e-16, -0.17475432564271642, -2.389053673453261]], [[-2.477638312386806, -3.0531133177191805e-16, 0.29368106508131175], [-2.498001805406602e-16, -2.207516090555095, 4.579669976578771e-16], [0.17475432564271742, 1.7763568394002505e-15, -2.389053673453261]], [[-2.207516090555094, 3.608224830031759e-16, 4.0072112295064244e-16], [-2.7755575615628914e-17, -2.4776383123868064, 0.29368106508131187], [9.992007221626409e-16, 0.17475432564271554, -2.389053673453261]]]}, "metadata": {"formula": "CdSnP2", "nsites": 8, "structure": "# generated using pymatgen\ndata_CdSnP2\n_symmetry_space_group_name_H-M   'P 1'\n_cell_length_a   7.12912999\n_cell_length_b   7.12912999\n_cell_length_c   7.12912999\n_cell_angle_alpha   131.20982411\n_cell_angle_beta   131.20982411\n_cell_angle_gamma   71.47992391\n_symmetry_Int_Tables_number   1\n_chemical_formula_structural   CdSnP2\n_chemical_formula_sum   'Cd2 Sn2 P4'\n_cell_volume   200.681805512\n_cell_formula_units_Z   2\nloop_\n _symmetry_equiv_pos_site_id\n _symmetry_equiv_pos_as_xyz\n  1  'x, y, z'\nloop_\n _atom_site_type_symbol\n _atom_site_label\n _atom_site_symmetry_multiplicity\n _atom_site_fract_x\n _atom_site_fract_y\n _atom_site_fract_z\n _atom_site_occupancy\n  Cd  Cd1  1  0.000000  0.000000  0.000000  1\n  Cd  Cd2  1  0.750000  0.250000  0.500000  1\n  Sn  Sn3  1  0.250000  0.750000  0.500000  1\n  Sn  Sn4  1  0.500000  0.500000  0.000000  1\n  P  P5  1  0.128588  0.125000  0.503588  1\n  P  P6  1  0.875000  0.378588  0.003588  1\n  P  P7  1  0.621412  0.625000  0.496412  1\n  P  P8  1  0.375000  0.871412  0.996412  1\n"}}