{"phonon": {"ph_bandstructure": [[0.0, 0.0, 0.0, 50.73405780097214, 50.73405781141468, 69.18074840160332, 71.97107157418685, 88.84006288204183, 109.42175145635818, 121.27415597905328, 121.27415598347173, 130.833546069397, 151.43106326527936, 151.4539549128828, 171.47296511726768, 171.4729651204355, 172.2377157552678, 200.66519508166778, 304.44201561518395, 309.49644096879666, 402.8045642063956, 436.1378768907847, 437.1751485585178, 437.1751485599452]]}, "dielectric": {"eps_electronic": [[8.63375201880899, 0.0, 3.4719892945629006e-26], [0.0, 8.63375201880899, 3.4719892945629006e-26], [3.471989294562899e-26, 3.471989294562899e-26, 7.357839376427472]], "eps_total": [[21.210233814284877, 8.229236790700117e-15, 3.4719892945629006e-26], [8.229236790700117e-15, 21.210233815081835, 3.4719892945629006e-26], [3.471989294562899e-26, 3.471989294562899e-26, 18.045754008966792]], "becs": [[[4.6712930501175585, 0.0, 0.0], [0.0, 4.671293050117557, 0.0], [-9.736423064453161e-26, -9.625781893266193e-26, 5.028635798354289]], [[4.6712930501175585, 0.0, 0.0], [0.0, 4.671293050117557, 0.0], [1.1506681803444643e-25, 1.161732297463161e-25, 5.028635798354289]], [[0.9769260264665937, 0.0, 0.0], [0.0, 0.9769260264665922, 0.0], [-9.736423064453161e-26, -1.0510911262761935e-25, 0.359877193580199]], [[0.9769260264665937, 0.0, 0.0], [0.0, 0.9769260264665922, 0.0], [-9.736423064453161e-26, -9.625781893266193e-26, 0.359877193580199]], [[-2.452614872858173, 0.0, 0.0], [0.0, -2.452614872858166, 0.0], [-9.736423064453161e-26, -9.625781893266193e-26, -1.6551687710568048]], [[-2.452614872858171, 0.0, 0.0], [0.0, -2.4526148728581676, 0.0], [-9.736423064453161e-26, -9.625781893266193e-26, -1.6551687710568048]], [[-3.1956042037259795, 0.0, 0.0], [0.0, -3.1956042037259813, 0.0], [1.858771675941058e-25, 1.8698357930597548e-25, -3.733344220877682]], [[-3.1956042037259795, 0.0, 0.0], [0.0, -3.195604203725983, 0.0], [1.858771675941058e-25, 1.8698357930597548e-25, -3.733344220877683]]]}, "metadata": {"formula": "LaCuSeO", "nsites": 8, "structure": "# generated using pymatgen\ndata_LaCuSeO\n_symmetry_space_group_name_H-M   'P 1'\n_cell_length_a   4.01303761\n_cell_length_b   4.01303761\n_cell_length_c   8.63394903\n_cell_angle_alpha   90.00000000\n_cell_angle_beta   90.00000000\n_cell_angle_gamma   90.00000000\n_symmetry_Int_Tables_number   1\n_chemical_formula_structural   LaCuSeO\n_chemical_formula_sum   'La2 Cu2 Se2 O2'\n_cell_volume   139.045180351\n_cell_formula_units_Z   2\nloop_\n _symmetry_equiv_pos_site_id\n _symmetry_equiv_pos_as_xyz\n  1  'x, y, z'\nloop_\n _atom_site_type_symbol\n _atom_site_label\n _atom_site_symmetry_multiplicity\n _atom_site_fract_x\n _atom_site_fract_y\n _atom_site_fract_z\n _atom_site_occupancy\n  La  La1  1  0.000000  0.500000  0.857413  1\n  La  La2  1  0.500000  0.000000  0.142587  1\n  Cu  Cu3  1  0.500000  0.500000  0.500000  1\n  Cu  Cu4  1  0.000000  0.000000  0.500000  1\n  Se  Se5  1  0.000000  0.500000  0.331376  1\n  Se  Se6  1  0.500000  0.000000  0.668624  1\n  O  O7  1  0.500000  0.500000  0.000000  1\n  O  O8  1  0.000000  0.000000  0.000000  1\n"}}