{"phonon": {"ph_bandstructure": [[0.0, 0.0, 0.0, 56.89203237602199, 56.89203237751415, 78.00602611572866, 83.22172072119683, 127.48505507089816, 134.55925172944262, 145.34845646455085, 149.9606496055978, 164.36467430401274, 317.3031759159321, 317.30317592686794, 348.3653030838498, 407.78495961677606, 619.1349230664354, 649.3640323928572]]}, "dielectric": {"eps_electronic": [[3.7531513853044354, 0.0, -0.03250019211938821], [0.0, 4.016135213280809, 0.0], [-0.032500192119385374, 0.0, 4.012118759211505]], "eps_total": [[7.939654243627932, 6.439293542825908e-15, 0.005172807241839591], [6.4332113805807626e-15, 7.897797117274571, -8.409035096274799e-15], [0.005172807241840204, -8.43769498715119e-15, 7.898436385846506]], "becs": [[[2.2314640600007576, 0.0, -0.043618524199980635], [0.0, 2.5844147881391892, 0.0], [-0.04361852419819866, 0.0, 2.579024303004504]], [[2.2314640600007576, 0.0, -0.043618524199980635], [0.0, 2.5844147881391892, 0.0], [-0.04361852419819866, 0.0, 2.579024303004504]], [[1.3455334848876688, 0.0, 0.24035489191022835], [0.0, -0.5993611594704287, 0.0], [0.2403548919004015, 0.0, -0.5696575072801194]], [[-1.4248125618254162, 0.0, -0.03518432257608323], [0.0, -1.1401093881153288, 0.0], [-0.0351843225746422, 0.0, -1.1444575537467638]], [[-2.191824521541854, 0.0, -0.05896676047440236], [0.0, -1.7146795142971267, 0.0], [-0.05896676047199144, 0.0, -1.721966772442782]], [[-2.191824521541854, 0.0, -0.05896676047440236], [0.0, -1.7146795142971267, 0.0], [-0.05896676047199144, 0.0, -1.721966772442782]]]}, "metadata": {"formula": "Sr2CuBrO2", "nsites": 6, "structure": "# generated using pymatgen\ndata_Sr2CuBrO2\n_symmetry_space_group_name_H-M   'P 1'\n_cell_length_a   9.63834946\n_cell_length_b   9.63834946\n_cell_length_c   9.63834946\n_cell_angle_alpha   23.98667739\n_cell_angle_beta   23.98667739\n_cell_angle_gamma   23.98667739\n_symmetry_Int_Tables_number   1\n_chemical_formula_structural   Sr2CuBrO2\n_chemical_formula_sum   'Sr2 Cu1 Br1 O2'\n_cell_volume   130.018457098\n_cell_formula_units_Z   1\nloop_\n _symmetry_equiv_pos_site_id\n _symmetry_equiv_pos_as_xyz\n  1  'x, y, z'\nloop_\n _atom_site_type_symbol\n _atom_site_label\n _atom_site_symmetry_multiplicity\n _atom_site_fract_x\n _atom_site_fract_y\n _atom_site_fract_z\n _atom_site_occupancy\n  Sr  Sr1  1  0.252805  0.252805  0.252805  1\n  Sr  Sr2  1  0.747195  0.747195  0.747195  1\n  Cu  Cu3  1  0.500000  0.500000  0.500000  1\n  Br  Br4  1  0.000000  0.000000  0.000000  1\n  O  O5  1  0.436278  0.436278  0.436278  1\n  O  O6  1  0.563722  0.563722  0.563722  1\n"}}