{"phonon": {"ph_bandstructure": [[-0.0030092929287033397, -0.002563897199212784, 0.0, 68.13388813307292, 77.48189004920465, 81.04194078543559, 94.33167176250542, 107.50814685703678, 110.20479017090243, 134.88735667805125, 139.63011954178845, 143.1197003436033, 150.60873534341266, 166.4480813346392, 226.45515436369132, 262.01484123450996, 276.2171762809365, 283.36168876048555, 300.3953923430823, 313.4222053848551, 320.0386842777496, 323.7589249245964, 327.8248994153325, 336.31799684258334, 337.63122375774435, 360.02263805819035, 377.9755567052007, 384.30647085362864, 392.23038360769874, 403.2187255607768]]}, "dielectric": {"eps_electronic": [[6.3167696731876255, 1.8765657923765867e-15, 1.666549350689201e-16], [1.3322676295501878e-15, 6.177447009394784, 0.08862208490608996], [2.220446049250313e-16, 0.088622084906089, 6.4597897617379]], "eps_total": [[9.380499460758836, 3.552713678800501e-15, 0.0], [2.6645352591003757e-15, 9.473314076363764, 1.8545635769801663], [4.440892098500626e-16, 1.8545635769801654, 12.580732702507456]], "becs": [[[2.6087879339285727, -0.642631392583308, -0.2819816540229825], [0.427962278909184, 2.5661407400214182, -0.04527350980775174], [-0.1997812650965025, 0.2734271462918211, 2.7470339868143006]], [[2.6087879339285727, 0.642631392583308, 0.2819816540229825], [-0.427962278909184, 2.5661407400214182, -0.04527350980775174], [0.1997812650965025, 0.2734271462918211, 2.7470339868143006]], [[2.5931744607826253, 0.5449885860459887, 0.12678863529500586], [-0.5600755265316664, 2.5460852621494734, 0.3738416375039308], [0.43527293196926276, 0.014631928096668856, 2.7168374287750074]], [[2.5931744607826253, -0.5449885860459887, -0.12678863529500586], [0.5600755265316664, 2.5460852621494734, 0.3738416375039308], [-0.43527293196926276, 0.014631928096668856, 2.7168374287750074]], [[-0.9616205206631377, 0.05600443565071067, -0.42607155115385575], [0.1235774767200056, -2.2760303405037074, 0.05599839514737965], [-0.49818747251350926, -0.04775182608514742, -2.1638509648163495]], [[-0.9616205206631377, -0.05600443565071067, 0.42607155115385575], [-0.1235774767200056, -2.2760303405037074, 0.05599839514737965], [0.49818747251350926, -0.04775182608514742, -2.1638509648163495]], [[-2.0854198790527563, -0.5251574298538451, 0.1270620429904071], [-0.6072689130705282, -1.3260859894491432, -0.5355633904309511], [0.17890822682045138, -0.40965033492653286, -2.1249907510026302]], [[-2.0854198790527563, 0.5251574298538451, -0.1270620429904071], [0.6072689130705282, -1.3260859894491432, -0.5355633904309511], [-0.17890822682045138, -0.40965033492653286, -2.1249907510026302]], [[-2.1549219949703375, -0.5569482984295326, -0.06071510088940624], [-0.6205080334649958, -1.5101096722775889, 0.15099686757215885], [0.035887277750605684, 0.16934308660736438, -1.1750296997639105]], [[-2.1549219949703375, 0.5569482984295326, 0.06071510088940624], [0.6205080334649958, -1.5101096722775889, 0.15099686757215885], [-0.035887277750605684, 0.16934308660736438, -1.1750296997639105]]]}, "metadata": {"formula": "Ga2S3", "nsites": 10, "structure": "# generated using pymatgen\ndata_Ga2S3\n_symmetry_space_group_name_H-M   'P 1'\n_cell_length_a   6.41392844\n_cell_length_b   6.41392844\n_cell_length_c   7.00625344\n_cell_angle_alpha   63.46182002\n_cell_angle_beta   63.46182002\n_cell_angle_gamma   59.76806157\n_symmetry_Int_Tables_number   1\n_chemical_formula_structural   Ga2S3\n_chemical_formula_sum   'Ga4 S6'\n_cell_volume   213.416022663\n_cell_formula_units_Z   2\nloop_\n _symmetry_equiv_pos_site_id\n _symmetry_equiv_pos_as_xyz\n  1  'x, y, z'\nloop_\n _atom_site_type_symbol\n _atom_site_label\n _atom_site_symmetry_multiplicity\n _atom_site_fract_x\n _atom_site_fract_y\n _atom_site_fract_z\n _atom_site_occupancy\n  Ga  Ga1  1  0.864152  0.730391  0.619344  1\n  Ga  Ga2  1  0.730391  0.864152  0.119344  1\n  Ga  Ga3  1  0.553117  0.359779  0.628286  1\n  Ga  Ga4  1  0.359779  0.553117  0.128286  1\n  S  S5  1  0.562785  0.755966  0.505065  1\n  S  S6  1  0.755966  0.562785  0.005065  1\n  S  S7  1  0.239008  0.405867  0.513035  1\n  S  S8  1  0.405867  0.239008  0.013035  1\n  S  S9  1  0.089806  0.917129  0.983270  1\n  S  S10  1  0.917129  0.089806  0.483270  1\n"}}