{"phonon": {"ph_bandstructure": [[0.0, 0.0, 0.0, 125.74742133158341, 138.5641569880316, 138.88461844222306, 138.88461844609785, 205.5420955407292, 205.5420955434031, 206.25361712807916, 258.9428174745214, 304.96557005590574, 313.3466883736123, 329.62269021905365, 334.4761961408289, 334.9146225699468, 334.9146225716921, 366.03800139638173, 397.45898309928987, 481.2963298867622, 489.24948889552275, 542.3570100671064, 542.3570100683521, 643.6851064992023]]}, "dielectric": {"eps_electronic": [[4.4897241861049375, -1.8925365523749143e-15, 2.4398740716204e-15], [-1.4484473425248515e-15, 4.489724186104937, 1.551695651920275e-15], [2.030351863700434e-15, 2.9185302834005593e-15, 4.427595340616945]], "eps_total": [[19.3591142841859, 6.286124983875629e-15, -3.169282913946359e-15], [6.2084173010783615e-15, 19.35911428452335, -3.620402737274843e-15], [1.2915728187327956e-15, -2.2611408600677053e-15, 32.750528660911016]], "becs": [[[1.0913477348598315, -4.163336342344337e-16, 2.5518694478904883e-17], [-4.718447854656915e-16, 1.0913477348598315, -2.2368811367240313e-18], [7.494005416219807e-16, 1.4155343563970746e-15, 1.1788101855635702]], [[1.0913477348598315, -4.163336342344337e-16, 2.5518694478904883e-17], [-4.718447854656915e-16, 1.0913477348598315, -2.2368811367240313e-18], [7.494005416219807e-16, 1.4155343563970746e-15, 1.1788101855635702]], [[3.404627947942423, 3.608224830031759e-16, 2.5591246759692082e-17], [3.0531133177191805e-16, 3.404627947942423, -2.164328855936833e-18], [-2.0261570199409107e-15, -1.3600232051658168e-15, 3.0829856749601388]], [[3.404627947942423, 3.608224830031759e-16, 2.5591246759692082e-17], [3.0531133177191805e-16, 3.404627947942423, -2.164328855936833e-18], [-2.0261570199409107e-15, -1.3600232051658168e-15, 3.0829856749601388]], [[-1.6245090766120593, -8.326672684688674e-17, 1.4550464421738051e-16], [3.0531133177191805e-16, -2.871466606190195, -2.1531783878579536e-16], [-2.498001805406602e-16, 4.163336342344337e-16, -2.1308979302618547]], [[-2.871466606190195, 1.3877787807814457e-16, -1.9661458545597745e-16], [-1.3877787807814457e-16, -1.6245090766120593, 2.1971904877845626e-16], [1.5265566588595902e-15, -4.718447854656915e-16, -2.1308979302618547]], [[-2.871466606190195, 1.3877787807814457e-16, -1.9661458545597745e-16], [-1.3877787807814457e-16, -1.6245090766120593, 2.1971904877845626e-16], [1.5265566588595902e-15, -4.718447854656915e-16, -2.1308979302618547]], [[-1.6245090766120593, -8.326672684688674e-17, 1.4550464421738051e-16], [3.0531133177191805e-16, -2.871466606190195, -2.1531783878579536e-16], [-2.498001805406602e-16, 4.163336342344337e-16, -2.1308979302618547]]]}, "metadata": {"formula": "LiInO2", "nsites": 8, "structure": "# generated using pymatgen\ndata_LiInO2\n_symmetry_space_group_name_H-M   'P 1'\n_cell_length_a   5.56411040\n_cell_length_b   5.56411040\n_cell_length_c   5.56411040\n_cell_angle_alpha   134.11776631\n_cell_angle_beta   134.11776631\n_cell_angle_gamma   66.90412581\n_symmetry_Int_Tables_number   1\n_chemical_formula_structural   LiInO2\n_chemical_formula_sum   'Li2 In2 O4'\n_cell_volume   87.3462236844\n_cell_formula_units_Z   2\nloop_\n _symmetry_equiv_pos_site_id\n _symmetry_equiv_pos_as_xyz\n  1  'x, y, z'\nloop_\n _atom_site_type_symbol\n _atom_site_label\n _atom_site_symmetry_multiplicity\n _atom_site_fract_x\n _atom_site_fract_y\n _atom_site_fract_z\n _atom_site_occupancy\n  Li  Li1  1  0.750000  0.250000  0.500000  1\n  Li  Li2  1  0.000000  0.000000  0.000000  1\n  In  In3  1  0.500000  0.500000  0.000000  1\n  In  In4  1  0.250000  0.750000  0.500000  1\n  O  O5  1  0.015383  0.515383  0.500000  1\n  O  O6  1  0.265383  0.265383  0.000000  1\n  O  O7  1  0.484617  0.984617  0.500000  1\n  O  O8  1  0.734617  0.734617  0.000000  1\n"}}