{"phonon": {"ph_bandstructure": [[0.0, 0.0, 0.0, 78.97637889289695, 121.54613338815005, 121.54613339354859, 122.74109797112325, 141.00564252643534, 148.03724403392465, 162.97780832494732, 162.97780832829488, 170.2018474395692, 181.2103232792442, 195.78981876073007, 216.2586574251515, 225.44747438970475, 245.17975492449497, 293.57231030081687, 293.5723103017463, 299.2178995460458, 312.1213417124265, 320.94349668194224, 351.6037622271223, 380.74212221026687, 380.7421222112241, 382.10196430779456, 410.14944023699775, 477.3380475709688, 633.6846133200859, 640.1881813189383, 656.7353506761074, 656.7353506765667, 687.5833410755927, 787.9318855457691, 792.1363654114791, 809.9808743542715]]}, "dielectric": {"eps_electronic": [[4.823813957556282, -6.365833683324064e-16, -2.2633728715812823e-16], [-7.82786908009815e-16, 4.823813957556283, 2.429211769951304e-17], [1.8655782131117815e-15, 9.77399793411656e-16, 4.605971351175907]], "eps_total": [[20.01717840781612, 6.698613674653194e-11, -4.3565565145170165e-15], [6.698618036482982e-11, 20.01717840830389, 3.971269410615891e-15], [7.665949106196862e-17, 2.7411947501623442e-15, 14.590695546157512]], "becs": [[[4.743914975217303, 0.26304554119965745, -1.553344680487295e-16], [-0.26304554119965673, 4.743914975217303, 1.0371756882465871e-16], [7.401484404437913e-17, 1.4062825000643466e-15, 4.495373765247416]], [[4.743914975217303, 0.26304554119965745, -1.553344680487295e-16], [-0.26304554119965673, 4.743914975217303, 1.0371756882465871e-16], [7.401484404437913e-17, 1.4062825000643466e-15, 4.495373765247416]], [[5.241257563412399, -0.27892990580978144, 1.721329473434761e-16], [0.2789299058097813, 5.241257563412397, -1.23926528095714e-16], [7.401484404437913e-17, -8.141635491859665e-16, 4.9150581701013]], [[5.241257563412399, -0.27892990580978144, 1.721329473434761e-16], [0.2789299058097813, 5.241257563412397, -1.23926528095714e-16], [7.401484404437913e-17, -8.141635491859665e-16, 4.9150581701013]], [[-2.20181456701581, -0.9522377231342616, -0.39649342143226946], [-0.9601799054393635, -2.79077170230477, -0.9216606113387166], [-0.2932011374118177, -0.973253432321564, -2.3526079838401475]], [[-2.790771702304771, 0.9601799054393625, 0.9216606113387167], [0.9522377231342604, -2.2018145670158105, -0.3964934214322692], [0.9732534323215664, -0.29320113741181897, -2.3526079838401484]], [[-2.7907717023047702, 0.9601799054393632, -0.9216606113387169], [0.9522377231342612, -2.2018145670158096, 0.3964934214322696], [-0.9732534323215657, 0.2932011374118183, -2.3526079838401475]], [[-2.2018145670158082, -0.95223772313426, 0.3964934214322698], [-0.9601799054393624, -2.7907717023047707, 0.9216606113387162], [0.2932011374118169, 0.973253432321564, -2.3526079838401475]], [[-2.2018145670158082, -0.95223772313426, 0.3964934214322698], [-0.9601799054393624, -2.7907717023047707, 0.9216606113387162], [0.2932011374118169, 0.973253432321564, -2.3526079838401475]], [[-2.7907717023047702, 0.9601799054393632, -0.9216606113387169], [0.9522377231342612, -2.2018145670158096, 0.3964934214322696], [-0.9732534323215657, 0.2932011374118183, -2.3526079838401475]], [[-2.790771702304771, 0.9601799054393625, 0.9216606113387167], [0.9522377231342604, -2.2018145670158105, -0.3964934214322692], [0.9732534323215664, -0.29320113741181897, -2.3526079838401484]], [[-2.20181456701581, -0.9522377231342616, -0.39649342143226946], [-0.9601799054393635, -2.79077170230477, -0.9216606113387166], [-0.2932011374118177, -0.973253432321564, -2.3526079838401475]]]}, "metadata": {"formula": "LaNbO4", "nsites": 12, "structure": "# generated using pymatgen\ndata_LaNbO4\n_symmetry_space_group_name_H-M   'P 1'\n_cell_length_a   6.88294130\n_cell_length_b   6.88294130\n_cell_length_c   6.88294130\n_cell_angle_alpha   134.11326656\n_cell_angle_beta   134.11326656\n_cell_angle_gamma   66.91114967\n_symmetry_Int_Tables_number   1\n_chemical_formula_structural   LaNbO4\n_chemical_formula_sum   'La2 Nb2 O8'\n_cell_volume   165.364432486\n_cell_formula_units_Z   2\nloop_\n _symmetry_equiv_pos_site_id\n _symmetry_equiv_pos_as_xyz\n  1  'x, y, z'\nloop_\n _atom_site_type_symbol\n _atom_site_label\n _atom_site_symmetry_multiplicity\n _atom_site_fract_x\n _atom_site_fract_y\n _atom_site_fract_z\n _atom_site_occupancy\n  La  La1  1  0.500000  0.500000  0.000000  1\n  La  La2  1  0.250000  0.750000  0.500000  1\n  Nb  Nb3  1  0.000000  0.000000  0.000000  1\n  Nb  Nb4  1  0.750000  0.250000  0.500000  1\n  O  O5  1  0.669740  0.748512  0.592581  1\n  O  O6  1  0.498512  0.405931  0.578772  1\n  O  O7  1  0.827158  0.919740  0.421228  1\n  O  O8  1  0.155931  0.077158  0.407419  1\n  O  O9  1  0.594069  0.172842  0.092581  1\n  O  O10  1  0.922842  0.330260  0.078772  1\n  O  O11  1  0.251488  0.844069  0.921228  1\n  O  O12  1  0.080260  0.501488  0.907419  1\n"}}