{"phonon": {"ph_bandstructure": [[-46.93152545505148, -0.16238758012064028, -0.16133817334582576, -0.04109316451039407, 48.84822905329076, 49.013476892753346, 172.03856455760712, 172.03856455846665, 275.29880542804534, 275.2988054301503, 280.99505769430505, 310.7646500922437, 340.41006633018935, 355.5243021922072, 359.810640374882, 383.8353211777491, 594.6343148519928, 594.6343148547776, 759.8732635873098, 760.0709289080581, 771.6359113908923, 801.4771120180136, 802.2226876363578, 814.3098184763277, 873.4796921539198, 873.4796921564939, 967.2236290842628]]}, "dielectric": {"eps_electronic": [[1.759617709423821, -2.220446049250313e-16, 0.0], [0.0, 1.7596177094385568, 0.0], [0.0, 0.0, 1.7655856977551903]], "eps_total": null, "becs": [[[1.9056070663876579, -0.08605653519348155, 4.62593154852872e-18], [-0.08605653519515127, 1.8062375388677276, -2.4671619065173123e-17], [-9.251858607474689e-18, -6.167905738316459e-18, 1.8794717481404253]], [[1.9056070663876576, 0.08605653519348178, 4.6259293037373444e-18], [0.08605653519515172, 1.8062375388677276, -2.4671622953265837e-17], [-9.251858607474689e-18, -6.167905738316459e-18, 1.8794717481404253]], [[1.7565527751077625, -4.934324549294137e-17, 4.625925455523557e-18], [6.167905738316459e-17, 1.955291830147622, -2.467161628796404e-17], [-9.251858607474689e-18, -6.167905738316459e-18, 1.8794717481404248]], [[-0.7679492000863757, 0.27714882934241736, 0.23188441232942264], [0.2771488293477954, -1.0879731025423487, -0.40163558364170665], [0.23163747473676816, -0.4012078751771432, -0.9397358740705588]], [[-1.247985053770333, -2.1587669918671485e-16, 0.4637688246588453], [-8.264993623169606e-16, -0.607937248858389, -2.4671622953265837e-17], [0.4632749494735363, 7.709882069497997e-18, -0.9397358740705588]], [[-1.2479850537703348, 6.167905738316459e-18, -0.4637688246588454], [-3.82410152466898e-16, -0.6079372488583894, -2.4671622953265837e-17], [-0.4632749494735363, 7.709882069497997e-18, -0.9397358740705566]], [[-0.7679492000863757, -0.27714882934241736, 0.2318844123294227], [-0.27714882934779517, -1.0879731025423487, 0.40163558364170676], [0.23163747473676816, 0.4012078751771432, -0.9397358740705588]], [[-0.767949200086377, -0.27714882934241625, -0.23188441232942264], [-0.27714882934779206, -1.0879731025423487, -0.40163558364170665], [-0.23163747473676816, -0.4012078751771432, -0.9397358740705588]], [[-0.7679492000863757, 0.27714882934241625, -0.2318844123294227], [0.2771488293477927, -1.0879731025423478, 0.40163558364170676], [-0.23163747473676816, 0.40120787517714324, -0.9397358740705588]]]}, "metadata": {"formula": "BeF2", "nsites": 9, "structure": "# generated using pymatgen\ndata_BeF2\n_symmetry_space_group_name_H-M   'P 1'\n_cell_length_a   4.88057697\n_cell_length_b   4.88057697\n_cell_length_c   5.34296626\n_cell_angle_alpha   90.00000000\n_cell_angle_beta   90.00000000\n_cell_angle_gamma   120.00000000\n_symmetry_Int_Tables_number   1\n_chemical_formula_structural   BeF2\n_chemical_formula_sum   'Be3 F6'\n_cell_volume   110.218728537\n_cell_formula_units_Z   3\nloop_\n _symmetry_equiv_pos_site_id\n _symmetry_equiv_pos_as_xyz\n  1  'x, y, z'\nloop_\n _atom_site_type_symbol\n _atom_site_label\n _atom_site_symmetry_multiplicity\n _atom_site_fract_x\n _atom_site_fract_y\n _atom_site_fract_z\n _atom_site_occupancy\n  Be  Be1  1  0.000000  0.500000  0.666667  1\n  Be  Be2  1  0.500000  0.000000  0.000000  1\n  Be  Be3  1  0.500000  0.500000  0.333333  1\n  F  F4  1  0.209508  0.419017  0.500000  1\n  F  F5  1  0.790492  0.209508  0.833333  1\n  F  F6  1  0.209508  0.790492  0.833333  1\n  F  F7  1  0.580983  0.790492  0.166667  1\n  F  F8  1  0.419017  0.209508  0.166667  1\n  F  F9  1  0.790492  0.580983  0.500000  1\n"}}