{"phonon": {"ph_bandstructure": [[0.0, 0.0, 0.0, 34.15753250108783, 34.33267532476226, 35.923735920085576, 36.93806634166453, 39.913840413137635, 40.942008265000915, 45.25806012611486, 47.74434722549825, 50.58078272550014, 51.16444130510706, 52.152060125046944, 53.763433300873295, 56.8058885050966, 59.727118360926745, 64.59310237971907, 65.49600688509904, 68.21979663000323, 68.90888991373461, 73.26171005853317, 79.04047013603122, 80.82330222693598, 81.65855760171284, 85.36559311935402, 87.48504530290039, 96.1857636954046, 285.97154848193765, 286.54288771733485, 311.4324320287137, 312.9416420535584, 319.92137518984924, 324.25924868538425, 978.0494902593691, 991.9286613523105]]}, "dielectric": {"eps_electronic": [[4.336070077085232, 4.440892098500626e-16, 0.0], [4.440892098500626e-16, 5.827000331316539, 0.9360742455225022], [0.0, 0.936074245522502, 4.973658569006652]], "eps_total": [[8.487686349906523, 0.0, 0.0], [0.0, 11.936897777382827, 1.6427446797312981], [0.0, 1.6427446797312986, 8.863829961409218]], "becs": [[[1.2227984621596215, -0.1048270165579843, 0.10244456001123409], [-0.12075717587893897, 1.0323415729494754, -0.14057791955581883], [0.10083198229963297, -0.12154038487376002, 1.1041066972542675]], [[1.1514945209582745, 9.251858814269842e-18, -3.700743525707937e-17], [2.0585385861750398e-16, 1.3642973450842566, 0.12375387863574898], [-1.633531321894519e-17, 0.08342361916086619, 1.372085626297249]], [[1.2227984621596224, -0.10482701655798475, 0.1024445600112342], [-0.12075717587893964, 1.0323415729494763, -0.14057791955581905], [0.10083198229963297, -0.12154038487376002, 1.1041066972542675]], [[1.1514945209582745, 9.251858814269842e-18, -3.700743525707937e-17], [2.0585385861750398e-16, 1.3642973450842566, 0.1237538786357492], [-1.633531321894519e-17, 0.08342361916086619, 1.3720856262972503]], [[1.2227984621596233, 0.10482701655798411, -0.10244456001123395], [0.12075717587893914, 1.0323415729494767, -0.1405779195558195], [-0.100831982299633, -0.12154038487376002, 1.1041066972542675]], [[1.2227984621596224, 0.10482701655798478, -0.10244456001123428], [0.12075717587894003, 1.0323415729494763, -0.14057791955581928], [-0.100831982299633, -0.12154038487376002, 1.104106697254267]], [[-1.0415322543749828, 6.476301004552767e-17, -3.700743525707937e-17], [-4.3946321923156237e-17, 2.247565848946387, 2.007875869977981], [-1.633531321894519e-17, 2.0509161672410814, 0.26834837600147254]], [[-1.0415322543749828, 6.476301004552767e-17, -3.700743525707937e-17], [-4.3946321923156237e-17, 2.247565848946387, 2.007875869977981], [-1.633531321894519e-17, 2.0509161672410814, 0.26834837600147254]], [[-1.2777795954467142, 0.03535408139015984, -0.019502778966687243], [0.08298059793372882, -2.838273169958593, -0.9252369547465771], [0.009563049090843493, -0.9456295083235738, -1.9243236983902943]], [[-1.2777795954467142, -0.035354081390159824, 0.019502778966687388], [-0.08298059793373018, -2.838273169958593, -0.9252369547465766], [-0.00956304909084343, -0.945629508323574, -1.9243236983902943]], [[-1.2777795954467142, -0.035354081390159824, 0.019502778966687388], [-0.08298059793373018, -2.838273169958593, -0.9252369547465766], [-0.00956304909084343, -0.945629508323574, -1.9243236983902943]], [[-1.2777795954467142, 0.03535408139015984, -0.019502778966687465], [0.0829805979337306, -2.838273169958593, -0.9252369547465766], [0.009563049090843493, -0.9456295083235738, -1.9243236983902943]]]}, "metadata": {"formula": "Cs3BAs2", "nsites": 12, "structure": "# generated using pymatgen\ndata_Cs3BAs2\n_symmetry_space_group_name_H-M   'P 1'\n_cell_length_a   6.95074318\n_cell_length_b   6.95074318\n_cell_length_c   9.94373637\n_cell_angle_alpha   75.63373414\n_cell_angle_beta   75.63373414\n_cell_angle_gamma   88.97433111\n_symmetry_Int_Tables_number   1\n_chemical_formula_structural   Cs3BAs2\n_chemical_formula_sum   'Cs6 B2 As4'\n_cell_volume   450.346167786\n_cell_formula_units_Z   2\nloop_\n _symmetry_equiv_pos_site_id\n _symmetry_equiv_pos_as_xyz\n  1  'x, y, z'\nloop_\n _atom_site_type_symbol\n _atom_site_label\n _atom_site_symmetry_multiplicity\n _atom_site_fract_x\n _atom_site_fract_y\n _atom_site_fract_z\n _atom_site_occupancy\n  Cs  Cs1  1  0.258007  0.150027  0.018218  1\n  Cs  Cs2  1  0.348122  0.651878  0.750000  1\n  Cs  Cs3  1  0.741993  0.849973  0.981782  1\n  Cs  Cs4  1  0.651878  0.348122  0.250000  1\n  Cs  Cs5  1  0.150027  0.258007  0.518218  1\n  Cs  Cs6  1  0.849973  0.741993  0.481782  1\n  B  B7  1  0.713008  0.286992  0.750000  1\n  B  B8  1  0.286992  0.713008  0.250000  1\n  As  As9  1  0.407997  0.838956  0.356159  1\n  As  As10  1  0.838956  0.407997  0.856159  1\n  As  As11  1  0.161044  0.592003  0.143841  1\n  As  As12  1  0.592003  0.161044  0.643841  1\n"}}