{"phonon": {"ph_bandstructure": [[-0.0031870380795445503, 0.0, 0.0, 94.67097017364638, 96.64333021222933, 96.6433302122299, 119.07884357323715, 124.85272554605113, 137.2477940140869, 142.99574466327715, 157.70059127568678, 157.74882189603355, 231.51867156308737, 264.9423128242237, 264.9423128242241, 269.33930642580776, 314.07661173679645, 317.6720748983558, 325.25667881629454, 358.02382430874485, 362.3987884714071, 385.45809983670506, 390.41532525096267, 452.6690181476132, 520.2884798946567, 540.2141221427737, 540.214122142774, 543.1181500773246, 544.5283958121167, 567.189147634636, 569.8242128054399, 582.6058983630743, 583.5336956403409, 592.0427149009021, 616.4396752257354, 649.9817313916598]]}, "dielectric": {"eps_electronic": [[6.396503502839013, -8.030027138847122e-16, -3.9246497974837434e-16], [-8.415035469197135e-16, 6.396503502839011, 3.3231682854565236e-17], [-1.1645387735512098e-15, 6.118180658490406e-16, 5.440836453608254]], "eps_total": [[9.666787207612595, -4.683520119932668e-16, -1.3866115180023687e-15], [-1.3598768089135473e-16, 9.666787207649978, 1.0154148281640625e-15], [-3.178690400658715e-17, -3.178690400658715e-17, 6.883535174916304]], "becs": [[[1.3086208083189632, -6.198745405560794e-16, -1.4293221896928655e-16], [-6.753856917873372e-16, 0.8559284926087463, 2.641495787847538e-16], [2.405483291710159e-16, 1.0177044861132949e-16, 1.1481288844679391]], [[1.3086208083189632, -6.198745405560794e-16, -1.4293221896928655e-16], [-6.753856917873372e-16, 0.8559284926087463, 2.641495787847538e-16], [2.405483291710159e-16, 1.0177044861132949e-16, 1.1481288844679391]], [[0.8559284926087469, -6.753856917873372e-16, -5.108375464455325e-16], [-6.198745405560794e-16, 1.3086208083189625, 5.623780660836019e-16], [2.405483291710159e-16, 1.5728159984258731e-16, 1.1481288844679391]], [[0.8559284926087469, -6.753856917873372e-16, -5.108375464455325e-16], [-6.198745405560794e-16, 1.3086208083189625, 5.623780660836019e-16], [2.405483291710159e-16, 1.5728159984258731e-16, 1.1481288844679391]], [[0.8806000607624409, 0.6689384319336631, 3.2814901990921844e-15], [0.6689384319336613, 0.8806000607624402, -3.0837884533672297e-15], [6.846375390210785e-16, 6.013708096926499e-16, -0.07474918918306059]], [[0.8806000607624409, -0.6689384319336609, -2.7377775976151575e-16], [-0.66893843193366, 0.880600060762442, 4.663709453800716e-16], [-1.5358085102292346e-15, -1.1749860297076005e-15, -0.07474918918306414]], [[0.8806000607624409, -0.6689384319336609, -2.7377775976151575e-16], [-0.66893843193366, 0.880600060762442, 4.663709453800716e-16], [-1.5358085102292346e-15, -1.1749860297076005e-15, -0.07474918918306414]], [[0.8806000607624409, 0.6689384319336631, 3.2814901990921844e-15], [0.6689384319336613, 0.8806000607624402, -3.0837884533672297e-15], [6.846375390210785e-16, 6.013708096926499e-16, -0.07474918918306059]], [[-2.3484658482716965, -1.2860083553311733e-15, -3.8240874102766526e-15], [2.683038791440458e-16, -1.5772835742034403, 3.1333102327658114e-15], [1.2952602670850024e-16, 6.013708096926499e-16, -1.0733796951967967]], [[-2.3484658482716965, -1.2860083553311733e-15, -3.8240874102766526e-15], [2.683038791440458e-16, -1.5772835742034403, 3.1333102327658114e-15], [1.2952602670850024e-16, 6.013708096926499e-16, -1.0733796951967967]], [[-1.5772835742034406, 2.683038791440458e-16, 1.4701446878353998e-15], [-3.978299356310481e-16, -2.3484658482716956, -1.3424202858235138e-15], [2.405483291710159e-16, -2.868076100074753e-16, -1.073379695196797]], [[-1.5772835742034406, 2.683038791440458e-16, 1.4701446878353998e-15], [-3.978299356310481e-16, -2.3484658482716956, -1.3424202858235138e-15], [2.405483291710159e-16, -2.868076100074753e-16, -1.073379695196797]]]}, "metadata": {"formula": "LiCuO", "nsites": 12, "structure": "# generated using pymatgen\ndata_LiCuO\n_symmetry_space_group_name_H-M   'P 1'\n_cell_length_a   6.20563758\n_cell_length_b   6.20563758\n_cell_length_c   6.20563758\n_cell_angle_alpha   95.47685744\n_cell_angle_beta   95.47685744\n_cell_angle_gamma   144.00932232\n_symmetry_Int_Tables_number   1\n_chemical_formula_structural   LiCuO\n_chemical_formula_sum   'Li4 Cu4 O4'\n_cell_volume   133.566774971\n_cell_formula_units_Z   4\nloop_\n _symmetry_equiv_pos_site_id\n _symmetry_equiv_pos_as_xyz\n  1  'x, y, z'\nloop_\n _atom_site_type_symbol\n _atom_site_label\n _atom_site_symmetry_multiplicity\n _atom_site_fract_x\n _atom_site_fract_y\n _atom_site_fract_z\n _atom_site_occupancy\n  Li  Li1  1  0.150372  0.500000  0.650372  1\n  Li  Li2  1  0.849628  0.500000  0.349628  1\n  Li  Li3  1  0.500000  0.849628  0.349628  1\n  Li  Li4  1  0.500000  0.150372  0.650372  1\n  Cu  Cu5  1  0.159415  0.840585  1.000000  1\n  Cu  Cu6  1  0.840585  0.840585  0.681170  1\n  Cu  Cu7  1  0.159415  0.159415  0.318830  1\n  Cu  Cu8  1  0.840585  0.159415  -0.000000  1\n  O  O9  1  0.690037  1.000000  0.690037  1\n  O  O10  1  0.309963  1.000000  0.309963  1\n  O  O11  1  -0.000000  0.309963  0.309963  1\n  O  O12  1  -0.000000  0.690037  0.690037  1\n"}}