{"phonon": {"ph_bandstructure": [[-0.0030251564835559455, -0.002411175100015471, 0.0, 59.811993738061005, 59.81199374361409, 72.94243732460345, 88.58755177627701, 99.24568151127423, 103.26080051733292, 132.8674485630166, 132.86744856557058, 213.88263978674448, 273.06595313202615, 615.1978744992342, 615.4474459147033]]}, "dielectric": {"eps_electronic": [[2.869540739302287, 5.13465226220941e-16, 4.053155778394956e-16], [8.243703598815794e-17, 2.8695407393022885, -2.7401220785079943e-16], [6.135213161293732e-16, 8.355659210544045e-16, 3.6776166595405115]], "eps_total": [[6.898909648788042, -5.059775156366798e-15, 3.1304670357043367e-15], [-5.025854337173806e-15, 6.898909649106408, -2.7860412338000384e-15], [2.561493175797948e-15, 7.851363363976977e-16, 7.18992966337982]], "becs": [[[1.2338656417748641, -1.0658141129045731e-15, -1.7759995283669074e-16], [-5.773159847164822e-16, 1.2338656417748646, 1.776714137198704e-16], [1.2434498193439108e-15, 3.1974423320962745e-15, 1.3238010382384877]], [[1.2338656417748641, -1.0658141129045731e-15, -1.7759995283669074e-16], [-5.773159847164822e-16, 1.2338656417748646, 1.776714137198704e-16], [1.2434498193439108e-15, 3.1974423320962745e-15, 1.3238010382384877]], [[-0.04678824330300632, 2.042810356045865e-15, 4.449246043043513e-17], [1.865174669458862e-15, -0.04678824330300632, -4.432538286306636e-17], [-4.973799118556966e-15, -5.684341864904978e-15, 2.436983120488972]], [[-1.2104715201294702, 4.44089117205834e-17, 1.5535372426694811e-16], [-3.552713797914509e-16, -1.2104715201294707, -1.555087239515847e-16], [1.2434498193439108e-15, -3.552713467042264e-16, -2.5422925984869926]], [[-1.2104715201294702, 4.44089117205834e-17, 1.5535372426694811e-16], [-3.552713797914509e-16, -1.2104715201294707, -1.555087239515847e-16], [1.2434498193439108e-15, -3.552713467042264e-16, -2.5422925984869926]]]}, "metadata": {"formula": "Rb2HgO2", "nsites": 5, "structure": "# generated using pymatgen\ndata_Rb2HgO2\n_symmetry_space_group_name_H-M   'P 1'\n_cell_length_a   7.63628893\n_cell_length_b   7.63628893\n_cell_length_c   7.63628893\n_cell_angle_alpha   148.71785101\n_cell_angle_beta   148.71785101\n_cell_angle_gamma   44.82678119\n_symmetry_Int_Tables_number   1\n_chemical_formula_structural   Rb2HgO2\n_chemical_formula_sum   'Rb2 Hg1 O2'\n_cell_volume   119.692370402\n_cell_formula_units_Z   1\nloop_\n _symmetry_equiv_pos_site_id\n _symmetry_equiv_pos_as_xyz\n  1  'x, y, z'\nloop_\n _atom_site_type_symbol\n _atom_site_label\n _atom_site_symmetry_multiplicity\n _atom_site_fract_x\n _atom_site_fract_y\n _atom_site_fract_z\n _atom_site_occupancy\n  Rb  Rb1  1  0.333081  0.333081  0.000000  1\n  Rb  Rb2  1  0.666919  0.666919  0.000000  1\n  Hg  Hg3  1  0.000000  0.000000  0.000000  1\n  O  O4  1  0.138716  0.138716  0.000000  1\n  O  O5  1  0.861284  0.861284  0.000000  1\n"}}