{"phonon": {"ph_bandstructure": [[-0.004402513101303946, -0.004059041296050634, 0.0, 104.188745909199, 124.51834383421591, 125.73079623641853, 131.91748764657112, 131.9174876501426, 137.1282118551182, 159.27083405962986, 159.27083406261295, 173.3589788972661, 208.40026166631756, 235.8231833171718, 237.5533035960238, 254.87469974133427, 274.8233194404768, 281.85912193239625, 307.4638479148818, 459.1209364460451, 494.8822477636936]]}, "dielectric": {"eps_electronic": [[8.325298670380711, 4.66120508029176e-15, -1.0585747343684939e-14], [6.147082930041251e-16, 8.325298670380713, -8.931447572446705e-15], [-1.6641086520346884e-15, -4.772733120985126e-15, 7.06978458939369]], "eps_total": [[31.877346424009612, -1.6634046005042334e-14, -1.164336855651665e-14], [-1.876887438532616e-14, 31.877346425437203, -5.694632863990095e-15], [-1.1698425923742575e-14, 2.512428791459429e-15, 25.479558482549734]], "becs": [[[2.4693396361740145, 3.8064790124731606e-16, -1.8891776369594287e-16], [6.661338147750939e-16, 2.4693396361740154, 1.9173012762520585e-16], [-6.344131455844696e-16, 1.268826370578278e-16, 2.2882650822492727]], [[2.4693396361740145, 3.8064790124731606e-16, -1.8891776369594287e-16], [6.661338147750939e-16, 2.4693396361740154, 1.9173012762520585e-16], [-6.344131455844696e-16, 1.268826370578278e-16, 2.2882650822492727]], [[2.1093824816894946, 3.8064790124731606e-16, 2.827473677543909e-17], [4.440892098500626e-16, 2.780476964175163, -3.516658175347481e-17], [-1.5225915652845949e-15, -7.612957826422974e-16, 2.1472654454031646]], [[2.7804769641751648, 1.04678171602241e-15, 2.827473677543909e-17], [8.881784197001252e-16, 2.1093824816894955, -3.516658175347481e-17], [-1.5225915652845949e-15, -2.537652622042548e-15, 2.1472654454031646]], [[-3.2749075902729183, -1.173664333227903e-15, 1.442057995872676e-16], [-1.3322676295501878e-15, -3.2749075902729192, -1.412801238666776e-16], [2.030122113515906e-15, 1.9032394764580783e-15, -3.1018583548351764]], [[-3.2749075902729183, -1.173664333227903e-15, 1.442057995872676e-16], [-1.3322676295501878e-15, -3.2749075902729192, -1.412801238666776e-16], [2.030122113515906e-15, 1.9032394764580783e-15, -3.1018583548351764]], [[-3.278723532085846, 1.5860329632228476e-16, 3.287446496658746e-17], [0.0, -3.2787235320858468, -3.0566853562326443e-17], [2.537652741156556e-16, -7.612957826422974e-16, -2.667344345572995]]]}, "metadata": {"formula": "Ca4P2O", "nsites": 7, "structure": "# generated using pymatgen\ndata_Ca4P2O\n_symmetry_space_group_name_H-M   'P 1'\n_cell_length_a   8.08687905\n_cell_length_b   8.08687905\n_cell_length_c   8.08687905\n_cell_angle_alpha   148.07730276\n_cell_angle_beta   148.07730276\n_cell_angle_gamma   45.77126429\n_symmetry_Int_Tables_number   1\n_chemical_formula_structural   Ca4P2O\n_chemical_formula_sum   'Ca4 P2 O1'\n_cell_volume   147.375734744\n_cell_formula_units_Z   1\nloop_\n _symmetry_equiv_pos_site_id\n _symmetry_equiv_pos_as_xyz\n  1  'x, y, z'\nloop_\n _atom_site_type_symbol\n _atom_site_label\n _atom_site_symmetry_multiplicity\n _atom_site_fract_x\n _atom_site_fract_y\n _atom_site_fract_z\n _atom_site_occupancy\n  Ca  Ca1  1  0.826777  0.826777  0.000000  1\n  Ca  Ca2  1  0.173223  0.173223  0.000000  1\n  Ca  Ca3  1  0.000000  0.500000  0.500000  1\n  Ca  Ca4  1  0.500000  1.000000  0.500000  1\n  P  P5  1  0.636008  0.636008  0.000000  1\n  P  P6  1  0.363992  0.363992  0.000000  1\n  O  O7  1  0.000000  0.000000  0.000000  1\n"}}