{"phonon": {"ph_bandstructure": [[0.0, 0.0, 0.0, 54.76319897028017, 54.763198973551695, 89.3259712389516]]}, "dielectric": {"eps_electronic": [[6.538024067907919, -1.6579375552770913e-15, -1.3322676295501878e-15], [-1.6579375552770913e-15, 6.538024067907919, -1.3322676295501878e-15], [-1.4611151891666916e-15, -1.4611151891666916e-15, 6.538024067907921]], "eps_total": [[17.394998282600216, -4.806368788775602e-11, -5.987388362882484e-11], [-4.80627100614131e-11, 17.39499828350737, 3.310773877274187e-11], [-5.987112470145429e-11, 3.310694498643363e-11, 17.39499828385176]], "becs": [[[2.0555128308856347, 0.0, 0.0], [0.0, 2.0555128308856347, 0.0], [1.0103993969189183e-19, 1.0103993969189183e-19, 2.0555128308856347]], [[-2.0555128308856347, 0.0, 0.0], [0.0, -2.0555128308856347, 0.0], [-1.0103993969189183e-19, -1.0103993969189183e-19, -2.0555128308856347]]]}, "metadata": {"formula": "TlI", "nsites": 2, "structure": "# generated using pymatgen\ndata_TlI\n_symmetry_space_group_name_H-M   'P 1'\n_cell_length_a   4.86770885\n_cell_length_b   4.86770885\n_cell_length_c   4.86770885\n_cell_angle_alpha   60.00000000\n_cell_angle_beta   60.00000000\n_cell_angle_gamma   60.00000000\n_symmetry_Int_Tables_number   1\n_chemical_formula_structural   TlI\n_chemical_formula_sum   'Tl1 I1'\n_cell_volume   81.5565384199\n_cell_formula_units_Z   1\nloop_\n _symmetry_equiv_pos_site_id\n _symmetry_equiv_pos_as_xyz\n  1  'x, y, z'\nloop_\n _atom_site_type_symbol\n _atom_site_label\n _atom_site_symmetry_multiplicity\n _atom_site_fract_x\n _atom_site_fract_y\n _atom_site_fract_z\n _atom_site_occupancy\n  Tl  Tl1  1  0.000000  0.000000  0.000000  1\n  I  I2  1  0.500000  0.500000  0.500000  1\n"}}