{"phonon": {"ph_bandstructure": [[-0.004435388313945816, -0.00364427632492312, 0.0, 130.1535739662606, 135.05366349180733, 210.66199159570692, 219.21632839910532, 221.87273304865454, 232.16210807366943, 235.38222990080655, 319.10809693624947, 635.390354914929, 649.3995174794088, 1259.9601856700492, 2077.1199374521584]]}, "dielectric": {"eps_electronic": [[2.3757768958191545, 0.0, 0.0], [0.0, 2.517469101775201, -0.2883294101192959], [0.0, -0.2883294101192959, 3.4430327091005317]], "eps_total": [[5.6027435082032735, -4.440892098500626e-16, 0.0], [-8.881784197001252e-16, 6.178891628762605, -0.4259225916783866], [0.0, -0.42592259167838614, 8.04362378050801]], "becs": [[[1.0383475839745488, 0.0, 0.0], [-4.568309730496954e-18, 1.0601777136762385, -0.0036125754848156917], [-2.9655537603453413e-17, 0.015208758494099871, 1.1864587623592873]], [[1.0383475839745488, 0.0, 0.0], [-4.568309730496954e-18, 1.0601777136762385, -0.003612575484816136], [-2.9655537603453413e-17, 0.015208758494099871, 1.1864587623592868]], [[-0.19825586485732166, 0.0, 0.0], [1.0659389144249165e-17, 0.18237721522725392, -1.164091233762072], [6.919625293505149e-17, -1.0519493425159125, 2.7403892693121397]], [[-0.9392196515531677, 0.0, 0.0], [-4.568309730496954e-18, -1.1513663212957659, 0.5856581923689446], [-2.9655537603453413e-17, 0.5107659127665065, -2.5566533970208103]], [[-0.9392196515531677, 0.0, 0.0], [3.045539706876106e-18, -1.1513663212957659, 0.5856581923689446], [1.977035766579904e-17, 0.5107659127665065, -2.5566533970208103]]]}, "metadata": {"formula": "Na2CN2", "nsites": 5, "structure": "# generated using pymatgen\ndata_Na2CN2\n_symmetry_space_group_name_H-M   'P 1'\n_cell_length_a   3.52047479\n_cell_length_b   3.52047479\n_cell_length_c   5.50303439\n_cell_angle_alpha   76.35836233\n_cell_angle_beta   76.35836233\n_cell_angle_gamma   89.28710225\n_symmetry_Int_Tables_number   1\n_chemical_formula_structural   Na2CN2\n_chemical_formula_sum   'Na2 C1 N2'\n_cell_volume   64.3420561602\n_cell_formula_units_Z   1\nloop_\n _symmetry_equiv_pos_site_id\n _symmetry_equiv_pos_as_xyz\n  1  'x, y, z'\nloop_\n _atom_site_type_symbol\n _atom_site_label\n _atom_site_symmetry_multiplicity\n _atom_site_fract_x\n _atom_site_fract_y\n _atom_site_fract_z\n _atom_site_occupancy\n  Na  Na1  1  0.324002  0.324002  0.310107  1\n  Na  Na2  1  0.675998  0.675998  0.689893  1\n  C  C3  1  0.000000  0.000000  0.000000  1\n  N  N4  1  0.159692  0.159692  0.772584  1\n  N  N5  1  0.840308  0.840308  0.227416  1\n"}}