{"phonon": {"ph_bandstructure": [[0.0, 0.0, 0.0, 64.76038964478954, 66.97450793788622, 83.94668366054779, 86.96752665760796, 86.96752666372834, 123.02750905838718, 123.02750906274444, 129.44914265930956, 152.7488300909913, 178.89280901600048, 180.3085251300451, 184.02912319631432, 184.02912319927822, 194.40268897857345, 216.92110663603003, 298.642775474974, 303.25134061995664, 389.1730862865806, 420.6156450974136, 425.45676788147136, 425.4567678829265]]}, "dielectric": {"eps_electronic": [[10.376487849986741, 0.0, 0.0], [0.0, 10.376487849986741, 0.0], [0.0, 0.0, 8.358650935182846]], "eps_total": [[25.070365097181522, -4.899557051307041e-15, 0.0], [-4.899557051307041e-15, 25.070365098027974, 0.0], [0.0, 0.0, 21.7948351673234]], "becs": [[[4.651854533921979, 0.0, -5.247688439348061e-24], [0.0, 4.651854533921977, -5.247688439348061e-24], [0.0, 0.0, 5.36528029519147]], [[4.651854533921979, 0.0, -5.247688439348061e-24], [0.0, 4.651854533921977, -5.247688439348061e-24], [0.0, 0.0, 5.36528029519147]], [[1.9644073218603775, 0.0, -3.3394380977669484e-24], [0.0, 1.964407321860378, -3.3394380977669484e-24], [0.0, 0.0, 0.7364250241652508]], [[1.9644073218603775, 0.0, -3.3394380977669484e-24], [0.0, 1.964407321860378, -3.3394380977669484e-24], [0.0, 0.0, 0.7364250241652508]], [[-3.2662238500205767, 0.0, -7.155938780929173e-24], [0.0, -3.2662238500205767, -7.155938780929173e-24], [0.0, 0.0, -1.9435484311873727]], [[-3.2662238500205767, 0.0, 4.293563268557505e-24], [0.0, -3.2662238500205767, 4.293563268557505e-24], [0.0, 0.0, -1.9435484311873727]], [[-3.3500380057617782, 0.0, 1.7651315659625296e-23], [0.0, -3.3500380057617782, 2.385312926976391e-24], [0.0, 0.0, -4.158156888169347]], [[-3.35003800576178, 0.0, 2.385312926976391e-24], [0.0, -3.3500380057617782, 1.7651315659625296e-23], [0.0, 0.0, -4.158156888169349]]]}, "metadata": {"formula": "LaZnAsO", "nsites": 8, "structure": "# generated using pymatgen\ndata_LaZnAsO\n_symmetry_space_group_name_H-M   'P 1'\n_cell_length_a   4.05011140\n_cell_length_b   4.05011140\n_cell_length_c   8.94132902\n_cell_angle_alpha   90.00000000\n_cell_angle_beta   90.00000000\n_cell_angle_gamma   90.00000000\n_symmetry_Int_Tables_number   1\n_chemical_formula_structural   LaZnAsO\n_chemical_formula_sum   'La2 Zn2 As2 O2'\n_cell_volume   146.668217263\n_cell_formula_units_Z   2\nloop_\n _symmetry_equiv_pos_site_id\n _symmetry_equiv_pos_as_xyz\n  1  'x, y, z'\nloop_\n _atom_site_type_symbol\n _atom_site_label\n _atom_site_symmetry_multiplicity\n _atom_site_fract_x\n _atom_site_fract_y\n _atom_site_fract_z\n _atom_site_occupancy\n  La  La1  1  0.000000  0.500000  0.864621  1\n  La  La2  1  0.500000  0.000000  0.135379  1\n  Zn  Zn3  1  0.500000  0.500000  0.500000  1\n  Zn  Zn4  1  0.000000  0.000000  0.500000  1\n  As  As5  1  0.500000  0.000000  0.672786  1\n  As  As6  1  0.000000  0.500000  0.327214  1\n  O  O7  1  0.500000  0.500000  0.000000  1\n  O  O8  1  0.000000  0.000000  0.000000  1\n"}}