{"phonon": {"ph_bandstructure": [[0.0, 0.0, 0.0, 24.40710637467148, 24.407106392145913, 38.95467709869706, 40.065412106653596, 48.447480655010594, 53.231517914279515, 53.485589980171355, 53.48558999116571, 54.50985443861178, 58.52564996715373, 59.10052166634975, 62.118077717828584, 62.118077720674215, 62.666996537554695, 67.56958513718659, 107.00193452522613, 114.71454740808342, 114.89083228315155, 114.94508164255191, 122.59811172125549, 172.75812507300105, 190.2365808300918, 256.6307641694233, 260.1027927777655]]}, "dielectric": {"eps_electronic": [[5.58620648303203, 6.75611974214934e-16, 2.027802925089936e-15], [7.146658600735933e-16, 5.586206483032032, 1.0478124026403785e-15], [1.8023271862744063e-15, 1.8023271862744063e-15, 30.072418071064767]], "eps_total": [[10.01012377979725, 4.266593398886342e-15, 2.2776546808207863e-15], [3.1982947015131288e-15, 10.01012378277817, -1.3719257718082106e-16], [9.547239462391564e-15, -4.66361525281044e-15, 86.70976211155818]], "becs": [[[1.4965171955203942, 5.427757049718484e-16, -6.910140560305325e-16], [1.3075960115600057e-15, 1.4965171955203949, 6.90596819426187e-16], [-1.5789838623915687e-15, -2.9605947543919004e-16, 1.4010208423093728]], [[1.4965171955203942, 5.427757049718484e-16, -6.910140560305325e-16], [1.3075960115600057e-15, 1.4965171955203949, 6.90596819426187e-16], [-1.5789838623915687e-15, -2.9605947543919004e-16, 1.4010208423093728]], [[1.6067292345131128, -1.233581134428402e-15, -2.6251679858167506e-17], [-1.1348946426153387e-15, 1.606729234513113, 2.3091566048364168e-17], [1.9737298164089323e-15, 2.3684757836611857e-15, -8.2773077522167]], [[-0.6008646353509313, 9.86864914821911e-16, 3.089050387335379e-16], [8.635068017099431e-16, -0.6008646353509317, -3.0788553013502437e-16], [-6.908054426914434e-16, -7.401486852892527e-16, 4.904712232918158]], [[-0.6008646353509313, 9.86864914821911e-16, 3.089050387335379e-16], [8.635068017099431e-16, -0.6008646353509317, -3.0788553013502437e-16], [-6.908054426914434e-16, -7.401486852892527e-16, 4.904712232918158]], [[-0.8495085887099314, 0.4124218939680405, 6.41310716794769e-16], [0.4124218939680393, -0.8495085887099323, -6.416136668488871e-16], [1.5296406065588696e-15, 1.4802973441087257e-16, -1.0835395980681755]], [[-0.8495085887099318, -0.4124218939680414, -2.460758603787805e-16], [-0.41242189396804085, -0.8495085887099314, 2.473565953778138e-16], [-2.467162328413808e-16, -2.9605947543919004e-16, -1.0835395980681772]], [[-0.8495085887099318, -0.4124218939680414, -2.460758603787805e-16], [-0.41242189396804085, -0.8495085887099314, 2.473565953778138e-16], [-2.467162328413808e-16, -2.9605947543919004e-16, -1.0835395980681772]], [[-0.8495085887099314, 0.4124218939680405, 6.41310716794769e-16], [0.4124218939680393, -0.8495085887099323, -6.416136668488871e-16], [1.5296406065588696e-15, 1.4802973441087257e-16, -1.0835395980681755]]]}, "metadata": {"formula": "Cs2Pd(IBr2)2", "nsites": 9, "structure": "# generated using pymatgen\ndata_Cs2Pd(IBr2)2\n_symmetry_space_group_name_H-M   'P 1'\n_cell_length_a   7.37257405\n_cell_length_b   7.37257405\n_cell_length_c   7.37257405\n_cell_angle_alpha   110.99978991\n_cell_angle_beta   110.99978991\n_cell_angle_gamma   106.45552248\n_symmetry_Int_Tables_number   1\n_chemical_formula_structural   Cs2Pd(IBr2)2\n_chemical_formula_sum   'Cs2 Pd1 I2 Br4'\n_cell_volume   307.849391394\n_cell_formula_units_Z   1\nloop_\n _symmetry_equiv_pos_site_id\n _symmetry_equiv_pos_as_xyz\n  1  'x, y, z'\nloop_\n _atom_site_type_symbol\n _atom_site_label\n _atom_site_symmetry_multiplicity\n _atom_site_fract_x\n _atom_site_fract_y\n _atom_site_fract_z\n _atom_site_occupancy\n  Cs  Cs1  1  0.250000  0.750000  0.500000  1\n  Cs  Cs2  1  0.750000  0.250000  0.500000  1\n  Pd  Pd3  1  0.000000  0.000000  0.000000  1\n  I  I4  1  0.664322  0.664322  0.000000  1\n  I  I5  1  0.335678  0.335678  0.000000  1\n  Br  Br6  1  0.207118  0.792882  0.000000  1\n  Br  Br7  1  0.207118  0.207118  0.414235  1\n  Br  Br8  1  0.792882  0.792882  0.585765  1\n  Br  Br9  1  0.792882  0.207118  1.000000  1\n"}}