{"phonon": {"ph_bandstructure": [[-0.0026280598855697814, 0.0, 0.0, 81.81983829727942, 82.0526441389756, 110.25964199595066, 121.10346000106365, 141.65343207963812, 146.97696294947968, 172.39355043128035, 189.9116274832379, 192.11463126466788, 203.03394296645914, 218.66178796197568, 222.25258362015157, 239.52436911045376, 261.03311572971137, 284.220710025948, 297.03708799234056, 316.0970522446427, 365.50339324369367, 550.978869850555, 551.7499238054742, 566.6861132799019, 579.2437366504497, 707.7820608461432, 743.0548428207458, 901.6047602159546, 910.7314791139271, 1181.3481153623698, 1198.5565573671877, 1210.7023064720195, 1312.0784790373682]]}, "dielectric": {"eps_electronic": [[3.590180394285474, 0.0, 0.0], [0.0, 3.6179031843786014, -0.09197291419488067], [0.0, -0.0919729141948812, 3.2263225623658496]], "eps_total": [[12.19573585861431, 0.0, 0.0], [0.0, 11.543085720084372, 0.23314469920477263], [0.0, 0.2331446992047716, 13.138058653664576]], "becs": [[[2.843631448307837, -2.0185873776588746e-17, 8.745811620799746e-18], [8.536323024990988e-17, 2.8559529139677733, -0.011276669952148589], [1.3762000254391786e-17, 0.009577561363376515, 2.4888944120460237]], [[2.843631448307837, -2.0185873776588746e-17, 1.3877788221404763e-17], [8.578996355050217e-17, 2.8559529139677733, -0.011276669952148589], [1.450859677692316e-17, 0.009577561363376513, 2.4888944120460237]], [[2.4146901159784084, -2.0185873776588746e-17, 1.3877788221404763e-17], [8.578996355050217e-17, 2.7455071043508132, 0.09558252311717065], [1.450859677692316e-17, -0.020867809491170848, 2.4796592704177693]], [[2.7265185714758453, -2.0185873776588746e-17, 1.3877788221404763e-17], [8.578996355050217e-17, 2.5085708773750994, -0.6113129388476299], [1.450859677692316e-17, -0.6569524275272569, 0.6703677944890108]], [[2.7265185714758453, -3.40636615844032e-17, 2.761118837456841e-17], [1.6845668889152434e-17, 2.5085708773750994, -0.6113129388476299], [-1.4429588312760053e-16, -0.6569524275272569, 0.6703677944890108]], [[-1.7913165014096823, 6.459479409985052e-16, -3.191891191661422e-16], [5.298791734005648e-16, -2.561631714001291, 0.49606782814402217], [1.450859677692316e-17, 0.46951338210062626, -1.4912700777278383]], [[-2.4930892881838256, 0.2691524343380143, -0.09178166181566169], [0.2843415291014249, -2.0878228147675353, 0.03936525954839966], [-0.09915253226068726, 0.09414769440452489, -1.4539108820090172]], [[-2.4930892881838256, -0.2691524343380147, 0.0917816618156619], [-0.28434152910142607, -2.0878228147675353, 0.03936525954839966], [0.09915253226068729, 0.09414769440452489, -1.4539108820090172]], [[-1.7913165014096823, -2.0185873776588746e-17, 1.3877788221404763e-17], [8.578996355050217e-17, -2.561631714001291, 0.4960678281440217], [1.450859677692316e-17, 0.46951338210062626, -1.4912700777278383]], [[-2.4930892881838256, -0.2691524343380143, 0.09178166181566179], [-0.2843415291014256, -2.087822814767536, 0.03936525954839966], [0.09915253226068729, 0.09414769440452489, -1.4539108820090172]], [[-2.4930892881838256, 0.2691524343380143, -0.09178166181566177], [0.2843415291014258, -2.087822814767536, 0.03936525954839966], [-0.09915253226068726, 0.09414769440452489, -1.4539108820090172]]]}, "metadata": {"formula": "Ba2Ca(BO3)2", "nsites": 11, "structure": "# generated using pymatgen\ndata_Ba2Ca(BO3)2\n_symmetry_space_group_name_H-M   'P 1'\n_cell_length_a   5.52675152\n_cell_length_b   5.52675152\n_cell_length_c   6.59298489\n_cell_angle_alpha   64.36755311\n_cell_angle_beta   64.36755311\n_cell_angle_gamma   58.67201858\n_symmetry_Int_Tables_number   1\n_chemical_formula_structural   Ba2Ca(BO3)2\n_chemical_formula_sum   'Ba2 Ca1 B2 O6'\n_cell_volume   149.34775321\n_cell_formula_units_Z   1\nloop_\n _symmetry_equiv_pos_site_id\n _symmetry_equiv_pos_as_xyz\n  1  'x, y, z'\nloop_\n _atom_site_type_symbol\n _atom_site_label\n _atom_site_symmetry_multiplicity\n _atom_site_fract_x\n _atom_site_fract_y\n _atom_site_fract_z\n _atom_site_occupancy\n  Ba  Ba1  1  0.211001  0.211001  0.814342  1\n  Ba  Ba2  1  0.788999  0.788999  0.185658  1\n  Ca  Ca3  1  0.000000  0.000000  0.500000  1\n  B  B4  1  0.561444  0.561444  0.745905  1\n  B  B5  1  0.438556  0.438556  0.254095  1\n  O  O6  1  0.723252  0.723252  0.672526  1\n  O  O7  1  0.298790  0.741243  0.224016  1\n  O  O8  1  0.258757  0.701210  0.775984  1\n  O  O9  1  0.276748  0.276748  0.327474  1\n  O  O10  1  0.741243  0.298790  0.224016  1\n  O  O11  1  0.701210  0.258757  0.775984  1\n"}}