{"phonon": {"ph_bandstructure": [[0.0, 0.0, 0.0, 188.4629503374779, 188.46295033906878, 191.28065724430698, 233.22460007570618, 233.2246000770727, 294.30405227590643]]}, "dielectric": {"eps_electronic": [[22.600471638875483, -1.5802391673414594e-14, -1.0658141036401503e-14], [-1.5802391673414594e-14, 22.60047163887548, -1.2434497875801753e-14], [-1.4318034281043637e-14, -1.6094391120443888e-14, 22.600471638875483]], "eps_total": [[37.07246054537087, -1.873702947201888e-14, -1.0658141036401503e-14], [-1.5441550914392332e-14, 37.07246054588059, 1.6757795151534083e-10], [-8.314541437546752e-15, 1.675767424012609e-10, 37.07246054562334]], "becs": [[[5.1118200459006555, 0.0, 0.0], [0.0, 5.1118200459006555, 0.0], [2.733886581307434e-19, 2.733886581307434e-19, 5.1118200459006555]], [[2.359174799250523, 0.0, 0.0], [0.0, 2.359174799250523, 0.0], [3.854378046873063e-19, 3.854378046873063e-19, 2.359174799250523]], [[-7.4709948450287555, 0.0, 0.0], [0.0, -7.4709948450287555, 0.0], [-6.588263890614027e-19, -6.588263890614027e-19, -7.4709948450287555]]]}, "metadata": {"formula": "NbSbRu", "nsites": 3, "structure": "# generated using pymatgen\ndata_NbSbRu\n_symmetry_space_group_name_H-M   'P 1'\n_cell_length_a   4.33240730\n_cell_length_b   4.33240730\n_cell_length_c   4.33240730\n_cell_angle_alpha   60.00000000\n_cell_angle_beta   60.00000000\n_cell_angle_gamma   60.00000000\n_symmetry_Int_Tables_number   1\n_chemical_formula_structural   NbSbRu\n_chemical_formula_sum   'Nb1 Sb1 Ru1'\n_cell_volume   57.5006612561\n_cell_formula_units_Z   1\nloop_\n _symmetry_equiv_pos_site_id\n _symmetry_equiv_pos_as_xyz\n  1  'x, y, z'\nloop_\n _atom_site_type_symbol\n _atom_site_label\n _atom_site_symmetry_multiplicity\n _atom_site_fract_x\n _atom_site_fract_y\n _atom_site_fract_z\n _atom_site_occupancy\n  Nb  Nb1  1  0.000000  0.000000  0.000000  1\n  Sb  Sb2  1  0.500000  0.500000  0.500000  1\n  Ru  Ru3  1  0.250000  0.250000  0.250000  1\n"}}