{"phonon": {"ph_bandstructure": [[0.0, 0.0, 0.0, 184.58566907890003, 216.9283799154254, 249.72283621529596, 271.9438033655826, 271.9438033691594, 331.7126226807004, 387.9210279313658, 469.4250841528127, 473.71649874113905, 473.7164987482748, 494.1423129082057, 636.7407460612488]]}, "dielectric": {"eps_electronic": [[5.669068929618923, 1.7763568394002505e-15, -9.733270547019635e-25], [2.4424906541753444e-15, 5.669068929677156, 0.0], [0.0, 1.6858519111356853e-24, 6.090558515135651]], "eps_total": [[14.405927384242865, 1.7763568394002505e-15, -9.733270547019635e-25], [8.881784197001252e-16, 14.4059273845156, 0.0], [0.0, 1.6858519111356853e-24, 24.610677998094463]], "becs": [[[2.2527002713076136, 8.88178432935015e-17, -2.951312915849454e-24], [1.77635686587003e-16, 2.252700271307614, 8.519706532195639e-24], [-1.2628301245244385e-23, -1.3818092223402594e-23, 2.342998678176257]], [[1.6808410643376586, -1.332267616315298e-16, -4.5909311780002696e-24], [-2.664535232630596e-16, 1.6808410643376583, 1.2695352213192152e-31], [3.247277703083712e-23, 4.3467971079803875e-23, 1.8085407495368078]], [[1.6808410643376586, -1.332267616315298e-16, -6.230549440151083e-24], [-2.664535232630596e-16, 1.6808410643376583, 8.519706532195639e-24], [4.3898383527444435e-23, 4.242640629247285e-23, 1.8085407495368104]], [[-2.807191199929079, 8.88178432935015e-17, -9.509785964452711e-24], [1.77635686587003e-16, -2.8071911999290786, -2.8399020081271887e-24], [-3.18714279763725e-23, -2.4928116621600205e-23, -2.9800400886596865]], [[-2.807191199929079, 8.88178432935015e-17, 2.3282579278563577e-23], [1.77635686587003e-16, -2.8071911999290786, -1.4199510548450015e-23], [-3.1871427976372493e-23, -4.7148165417995445e-23, -2.9800400886596865]]]}, "metadata": {"formula": "CaMg2N2", "nsites": 5, "structure": "# generated using pymatgen\ndata_CaMg2N2\n_symmetry_space_group_name_H-M   'P 1'\n_cell_length_a   3.52631333\n_cell_length_b   3.52631333\n_cell_length_c   6.04028388\n_cell_angle_alpha   90.00000000\n_cell_angle_beta   90.00000000\n_cell_angle_gamma   120.00000000\n_symmetry_Int_Tables_number   1\n_chemical_formula_structural   CaMg2N2\n_chemical_formula_sum   'Ca1 Mg2 N2'\n_cell_volume   65.0473757881\n_cell_formula_units_Z   1\nloop_\n _symmetry_equiv_pos_site_id\n _symmetry_equiv_pos_as_xyz\n  1  'x, y, z'\nloop_\n _atom_site_type_symbol\n _atom_site_label\n _atom_site_symmetry_multiplicity\n _atom_site_fract_x\n _atom_site_fract_y\n _atom_site_fract_z\n _atom_site_occupancy\n  Ca  Ca1  1  0.000000  0.000000  0.500000  1\n  Mg  Mg2  1  0.666667  0.333333  0.141802  1\n  Mg  Mg3  1  0.333333  0.666667  0.858198  1\n  N  N4  1  0.666667  0.333333  0.764046  1\n  N  N5  1  0.333333  0.666667  0.235954  1\n"}}