{"phonon": {"ph_bandstructure": [[0.0, 0.0, 0.0, 89.69047849712621, 89.69047850159033, 164.70083144650727, 189.9315851737401, 192.56742239294135, 204.7244027019609, 204.7344863180729, 215.3344573942119, 215.33445739616013, 240.8407286745327, 251.27088438649403, 278.0594983663273, 278.0594983678917, 327.38600832978875, 334.6567090258618]]}, "dielectric": {"eps_electronic": [[6.2379039335145885, 0.0, 6.640638141911356e-32], [0.0, 6.2379039335145885, 6.640638141911356e-32], [6.640638141911356e-32, 6.640638141911356e-32, 5.00035416927167]], "eps_total": [[18.028122333722376, 1.0209019921449158e-14, 6.640638141911356e-32], [1.0209019921449158e-14, 18.028122333986204, 6.640638141911356e-32], [6.640638141911356e-32, 6.640638141911356e-32, 16.35697339422185]], "becs": [[[4.275331089222101, 0.0, 0.0], [0.0, 4.275331089222101, 0.0], [-5.182783350886812e-32, -5.957383962263247e-32, 4.089697189195934]], [[4.275331089222101, 0.0, 0.0], [0.0, 4.275331089222101, 0.0], [2.185782463047581e-31, -5.492623659907219e-33, 4.089697189195935]], [[-2.800178724413342, 0.0, 0.0], [0.0, -2.8001787244133425, 0.0], [-2.47872255275055e-32, 4.8588592302818023e-32, -1.671184730759808]], [[-2.800178724413342, 0.0, 0.0], [0.0, -2.8001787244133425, 0.0], [-2.47872255275055e-32, 4.8588592302818023e-32, -1.6711847307598071]], [[-1.4751523648144613, 0.0, 0.0], [0.0, -1.4751523648144598, 0.0], [-6.534813749954943e-32, -1.3097794654665456e-32, -2.4185124584550146]], [[-1.4751523648144604, 0.0, 0.0], [0.0, -1.4751523648144598, 0.0], [-5.182783350886812e-32, -1.901292765058853e-32, -2.4185124584550137]]]}, "metadata": {"formula": "LaSF", "nsites": 6, "structure": "# generated using pymatgen\ndata_LaSF\n_symmetry_space_group_name_H-M   'P 1'\n_cell_length_a   4.00195199\n_cell_length_b   4.00195199\n_cell_length_c   6.89537274\n_cell_angle_alpha   90.00000000\n_cell_angle_beta   90.00000000\n_cell_angle_gamma   90.00000000\n_symmetry_Int_Tables_number   1\n_chemical_formula_structural   LaSF\n_chemical_formula_sum   'La2 S2 F2'\n_cell_volume   110.433667472\n_cell_formula_units_Z   2\nloop_\n _symmetry_equiv_pos_site_id\n _symmetry_equiv_pos_as_xyz\n  1  'x, y, z'\nloop_\n _atom_site_type_symbol\n _atom_site_label\n _atom_site_symmetry_multiplicity\n _atom_site_fract_x\n _atom_site_fract_y\n _atom_site_fract_z\n _atom_site_occupancy\n  La  La1  1  0.000000  0.500000  0.769814  1\n  La  La2  1  0.500000  0.000000  0.230186  1\n  S  S3  1  0.500000  0.000000  0.650098  1\n  S  S4  1  0.000000  0.500000  0.349902  1\n  F  F5  1  0.500000  0.500000  0.000000  1\n  F  F6  1  0.000000  0.000000  0.000000  1\n"}}