{"phonon": {"ph_bandstructure": [[-0.008700340379944946, -0.00867826841650572, -0.003968580439261422, 67.5865540937149, 72.29563942896556, 81.78926167306885, 127.1429191328862, 137.64024158455382, 205.70959699610697, 211.12259596527474, 339.3353339227805, 339.7392689435659, 347.9457412256832, 389.84267704736646, 577.7405025279436, 638.3048355674375, 639.4411834187447, 700.8086946225824, 734.8308721651395, 767.3302373126829, 776.1398820174846, 823.4251788835132, 853.3584246393405, 858.6940463683187, 970.2404894331002, 1289.9001327986218, 1367.198833048662]]}, "dielectric": {"eps_electronic": [[2.2137777559315928, 1.1102230246251565e-16, -0.03476726142407031], [7.08150952582353e-16, 2.404511443206454, -1.0545496405974993e-16], [-0.034767261424070925, -3.3306690738754696e-16, 2.39817400757238]], "eps_total": [[5.29735816621508, 8.770761894538737e-14, -0.014852733395123403], [8.905573283021378e-14, 5.3788404718776395, 2.6152831086817982e-14], [-0.014852733395122919, 2.5979218776228663e-14, 5.3761330904399545]], "becs": [[[1.3475684754266595, 0.0, 0.0008787727168622272], [0.0, 1.3427475158895796, 0.0], [0.0008787727168847887, 0.0, 1.3429077000773924]], [[1.7069375959699593, -0.0267497873836898, -0.0344444967022932], [0.02674978738428499, 1.8959005913957405, -0.1467497114182993], [-0.034444496703159924, 0.14674971141872317, 1.8896219898609226]], [[1.7069375959699593, 0.0267497873836898, -0.0344444967022932], [-0.02674978738428499, 1.8959005913957405, 0.1467497114182993], [-0.034444496703159924, -0.14674971141872317, 1.8896219898609226]], [[0.655866473257492, 0.0, -0.3755932484185933], [0.0, 2.716376339210943, 0.0], [-0.37559324842803976, 0.0, 2.647912562069113]], [[-0.8486364605549669, -0.23038532871541434, 0.13618505577188422], [-0.22656912262305884, -1.7836045880592932, 0.28375274095805403], [0.13842464818545513, 0.2830571164105632, -2.146136632874364]], [[-0.8486364605549669, 0.23038532871541434, 0.13618505577188422], [0.22656912262305884, -1.7836045880592932, -0.28375274095805403], [0.13842464818545513, -0.2830571164105632, -2.146136632874364]], [[-0.937132739303156, 0.0, 0.32374361882989255], [0.0, -2.337484829031542, 0.0], [0.3192644340177456, 0.0, -1.5037601131539264]], [[-1.391452240102825, -0.005554880254158977, -0.07625513063302501], [0.005554880254282857, -0.9731155163718208, -0.030474151535055345], [-0.07625513063494377, 0.03047415153514351, -0.9870154314836133]], [[-1.391452240102825, 0.005554880254158977, -0.07625513063302501], [-0.005554880254282857, -0.9731155163718208, 0.030474151535055345], [-0.07625513063494377, -0.03047415153514351, -0.9870154314836133]]]}, "metadata": {"formula": "CsBe2BO3F2", "nsites": 9, "structure": "# generated using pymatgen\ndata_CsBe2BO3F2\n_symmetry_space_group_name_H-M   'P 1'\n_cell_length_a   7.51704724\n_cell_length_b   7.51704724\n_cell_length_c   7.51704724\n_cell_angle_alpha   34.50992207\n_cell_angle_beta   34.50992207\n_cell_angle_gamma   34.50992207\n_symmetry_Int_Tables_number   1\n_chemical_formula_structural   CsBe2BO3F2\n_chemical_formula_sum   'Cs1 Be2 B1 O3 F2'\n_cell_volume   121.632262002\n_cell_formula_units_Z   1\nloop_\n _symmetry_equiv_pos_site_id\n _symmetry_equiv_pos_as_xyz\n  1  'x, y, z'\nloop_\n _atom_site_type_symbol\n _atom_site_label\n _atom_site_symmetry_multiplicity\n _atom_site_fract_x\n _atom_site_fract_y\n _atom_site_fract_z\n _atom_site_occupancy\n  Cs  Cs1  1  0.000000  0.000000  0.000000  1\n  Be  Be2  1  0.807128  0.807128  0.807128  1\n  Be  Be3  1  0.192872  0.192872  0.192872  1\n  B  B4  1  0.500000  0.500000  0.500000  1\n  O  O5  1  0.500000  0.808508  0.191492  1\n  O  O6  1  0.191492  0.500000  0.808508  1\n  O  O7  1  0.808508  0.191492  0.500000  1\n  F  F8  1  0.265390  0.265390  0.265390  1\n  F  F9  1  0.734610  0.734610  0.734610  1\n"}}