{"phonon": {"ph_bandstructure": [[-23.59393407714517, -23.593934065617756, -23.593934061554467, 0.0, 0.0, 0.0, 152.4435969980159, 152.44359699924794, 152.44359700279094, 163.58924180139354, 163.58924180586465, 205.6886913976696, 250.49168624289146, 250.49168624397734, 250.49168624435987, 259.94735573376573, 259.9473557367361, 276.68806778353826, 545.8484062363196, 545.848406237433, 624.0710740080633, 627.5725438208452, 627.572543822595, 670.2692517288243]]}, "dielectric": {"eps_electronic": [[1.7583898389807802, 2.7326060000901147e-16, 2.220446049250313e-16], [3.900874630341431e-16, 1.7583898389807802, 0.0], [2.818509123035668e-16, -5.121599508398016e-17, 1.7583898389807806]], "eps_total": null, "becs": [[[1.2168270675488926, -5.551115123125783e-17, 0.0], [-5.551115123125783e-17, 1.2168270675488926, -5.551115123125783e-17], [-3.476466551756784e-18, -5.89876177830146e-17, 1.2168270675488926]], [[3.67840763917684, -5.551115123125783e-17, 0.0], [-5.551115123125783e-17, 3.67840763917684, -5.551115123125783e-17], [-3.5416840315984255e-18, -5.905283526285626e-17, 3.67840763917684]], [[-0.5632371419089187, 1.6653345369377348e-16, -2.220446049250313e-16], [-5.551115123125783e-17, -1.321143069545029, -5.551115123125783e-17], [-2.2555821031844943e-16, 1.6301984830035536e-16, -0.5632371419089187]], [[-0.5632371419089187, -5.551115123125783e-17, 2.220446049250313e-16], [-5.551115123125783e-17, -0.5632371419089187, 1.6653345369377348e-16], [-3.4215754547183375e-18, -5.893272668597616e-17, -1.321143069545029]], [[-0.5632371419089187, 1.6653345369377348e-16, -2.220446049250313e-16], [-5.551115123125783e-17, -1.321143069545029, -5.551115123125783e-17], [-2.2555821031844943e-16, 1.6301984830035536e-16, -0.5632371419089187]], [[-1.321143069545029, -5.551115123125783e-17, 0.0], [1.6653345369377348e-16, -0.5632371419089187, -5.551115123125783e-17], [2.3248886106484534e-16, -4.50668950914438e-17, -0.5632371419089187]], [[-1.321143069545029, -5.551115123125783e-17, 0.0], [1.6653345369377348e-16, -0.5632371419089187, -5.551115123125783e-17], [2.3248886106484534e-16, -4.50668950914438e-17, -0.5632371419089187]], [[-0.5632371419089187, -5.551115123125783e-17, 2.220446049250313e-16], [-5.551115123125783e-17, -0.5632371419089187, 1.6653345369377348e-16], [-3.4215754547183375e-18, -5.893272668597616e-17, -1.321143069545029]]]}, "metadata": {"formula": "NaSbF6", "nsites": 8, "structure": "# generated using pymatgen\ndata_NaSbF6\n_symmetry_space_group_name_H-M   'P 1'\n_cell_length_a   5.95261062\n_cell_length_b   5.95261062\n_cell_length_c   5.95261062\n_cell_angle_alpha   60.00000000\n_cell_angle_beta   60.00000000\n_cell_angle_gamma   60.00000000\n_symmetry_Int_Tables_number   1\n_chemical_formula_structural   NaSbF6\n_chemical_formula_sum   'Na1 Sb1 F6'\n_cell_volume   149.144563152\n_cell_formula_units_Z   1\nloop_\n _symmetry_equiv_pos_site_id\n _symmetry_equiv_pos_as_xyz\n  1  'x, y, z'\nloop_\n _atom_site_type_symbol\n _atom_site_label\n _atom_site_symmetry_multiplicity\n _atom_site_fract_x\n _atom_site_fract_y\n _atom_site_fract_z\n _atom_site_occupancy\n  Na  Na1  1  0.500000  0.500000  0.500000  1\n  Sb  Sb2  1  0.000000  0.000000  1.000000  1\n  F  F3  1  0.226495  0.773505  0.226495  1\n  F  F4  1  0.226495  0.226495  0.773505  1\n  F  F5  1  0.773505  0.226495  0.773505  1\n  F  F6  1  0.773505  0.226495  0.226495  1\n  F  F7  1  0.226495  0.773505  0.773505  1\n  F  F8  1  0.773505  0.773505  0.226495  1\n"}}