{"phonon": {"ph_bandstructure": [[0.0, 0.0, 0.0, 43.507927120135584, 43.507927129267635, 55.64520691248943, 57.76423248166986, 64.53294170372249, 67.66726607684708, 67.66726608273859, 68.05749418252074, 80.95495358511076, 136.8088190258464, 137.15698294580946, 162.50801633976957, 163.04042385765084, 163.04042386016337, 170.86935112586366]]}, "dielectric": {"eps_electronic": [[4.4960797104783845, 0.0, -5.441598366579351e-23], [0.0, 4.4960797104783845, -5.441598366579351e-23], [-5.441598366579351e-23, -5.441598366579351e-23, 4.366776912711654]], "eps_total": [[8.76156382150874, -1.765592744706543e-15, -5.441598366579351e-23], [-1.765592744706543e-15, 8.76156382220127, -5.441598366579351e-23], [-5.441598366579351e-23, -5.441598366579351e-23, 8.419988046005505]], "becs": [[[1.1690212139991605, 0.0, 0.0], [0.0, 1.1690212139991623, 0.0], [-3.647312774678029e-23, -3.647312774678029e-23, 1.2302731676048004]], [[1.1690212139991605, 0.0, 0.0], [0.0, 1.1690212139991623, 0.0], [1.8236564688628088e-23, 1.8236564688628088e-23, 1.230273167604799]], [[1.0361604206853952, 0.0, 0.0], [0.0, 1.0361604206853983, 0.0], [4.5591415797759945e-24, 4.5591415797759945e-24, 0.8146435900504889]], [[1.0361604206853952, 0.0, 0.0], [0.0, 1.0361604206853996, 0.0], [4.5591415797759945e-24, 4.5591415797759945e-24, 0.8146435900504889]], [[-2.2051816347357778, 0.0, 0.0], [0.0, -2.205181634735783, 0.0], [1.8236564688628088e-23, 1.8236564688628088e-23, -2.044916757669786]], [[-2.2051816347357778, 0.0, 0.0], [0.0, -2.205181634735783, 0.0], [-9.118281529076099e-24, -9.118281529076099e-24, -2.044916757669786]]]}, "metadata": {"formula": "CsNaTe", "nsites": 6, "structure": "# generated using pymatgen\ndata_CsNaTe\n_symmetry_space_group_name_H-M   'P 1'\n_cell_length_a   5.24390814\n_cell_length_b   5.24390814\n_cell_length_c   8.51253488\n_cell_angle_alpha   90.00000000\n_cell_angle_beta   90.00000000\n_cell_angle_gamma   90.00000000\n_symmetry_Int_Tables_number   1\n_chemical_formula_structural   CsNaTe\n_chemical_formula_sum   'Cs2 Na2 Te2'\n_cell_volume   234.082557935\n_cell_formula_units_Z   2\nloop_\n _symmetry_equiv_pos_site_id\n _symmetry_equiv_pos_as_xyz\n  1  'x, y, z'\nloop_\n _atom_site_type_symbol\n _atom_site_label\n _atom_site_symmetry_multiplicity\n _atom_site_fract_x\n _atom_site_fract_y\n _atom_site_fract_z\n _atom_site_occupancy\n  Cs  Cs1  1  0.500000  0.000000  0.655899  1\n  Cs  Cs2  1  0.000000  0.500000  0.344101  1\n  Na  Na3  1  0.500000  0.500000  0.000000  1\n  Na  Na4  1  0.000000  0.000000  0.000000  1\n  Te  Te5  1  0.500000  0.000000  0.203847  1\n  Te  Te6  1  0.000000  0.500000  0.796153  1\n"}}