{"phonon": {"ph_bandstructure": [[-0.002786677044836005, -0.002544561568068764, 0.0, 70.33041506993156, 73.83503397228964, 89.19829759260614, 96.50728720221878, 99.1044104313382, 101.5804453136868, 114.80645602279729, 123.44716184909791, 130.48674416942822, 140.098831627019, 150.1991336002784, 155.64063689833824, 167.1301651164963, 173.2609365232443, 185.10145356604542, 187.60610064680407, 197.57176368236338, 203.15806316091474, 216.71880731750565, 219.35091261812934, 228.6137023559923, 241.19673761014482, 243.0646285416362, 251.2682801210027, 268.4485246364782, 268.60053607780213, 305.602139171566, 310.20358818125305, 314.86754977375557, 376.3824105501983, 388.4702756140593, 391.7246437306604, 406.79848906691063]]}, "dielectric": {"eps_electronic": [[7.495854217330416, -4.496933198672286e-16, -2.399043640035845e-15], [1.2301537776790507e-16, 6.325823282580846, 7.336638954794573e-17], [6.677486864962739e-16, 1.2201216758477984e-15, 6.231782908684043]], "eps_total": [[28.742073562390456, 4.959823364681413e-16, -4.000156770881396e-15], [-2.0613576104718742e-16, 11.562168202852513, -2.511979251519547e-15], [-6.097863207447119e-16, 2.582275173687333e-16, 10.326258465382502]], "becs": [[[0.8317636860513627, 9.251858814269842e-17, 3.8896176227825637e-17], [5.88071262647137e-16, 1.3863177797337753, -1.0177044695696826e-16], [-9.355941961232582e-16, -4.625929407134921e-17, 0.39402794839380784]], [[0.8317636860513636, 3.1456319306772973e-16, 5.768506490131475e-17], [-3.001071570529882e-16, 1.3863177797337753, -1.9171733881127918e-16], [-4.741577642313294e-17, -4.625929407134921e-17, 0.39402794839380784]], [[1.1918135759672335, -1.295260167823329e-16, 1.0828511526689792e-16], [-7.441963669030508e-16, 0.9337297242527621, 0.31738814990828823], [8.407626432769923e-16, 0.18742767973400193, 1.4069367622566888]], [[1.1918135759672326, -3.515706217073642e-16, -3.049276281124665e-17], [1.4398205279707442e-16, 0.9337297242527621, -0.31738814990828834], [-9.355941961232582e-16, -0.1874276797340016, 1.4069367622566888]], [[1.1918135759672326, 5.36607797992761e-16, -1.415150652737623e-16], [1.0321604724971996e-15, 0.933729724252763, -0.31738814990828806], [-2.7119510355235086e-15, -0.18742767973400426, 1.406936762256688]], [[1.1918135759672335, -1.295260167823329e-16, -2.7371871956177334e-18], [-7.441963669030508e-16, 0.9337297242527621, 0.31738814990828823], [8.407626432769923e-16, 0.18742767973400237, 1.4069367622566884]], [[3.081963338806097, -1.8503714319817234e-17, 6.606561271894303e-17], [5.724587899823406e-17, 1.332834017992179, -4.108474509300991e-18], [3.481011760995791e-16, -3.7932620145889617e-16, 1.170974120583554]], [[3.081963338806097, -1.8503714319817234e-17, 8.129526255224586e-17], [5.724587899823406e-17, 1.3328340179921785, -4.591432386373306e-17], [1.2605657117454777e-16, -4.625929407134921e-17, 1.1709741205835542]], [[-3.1486770882359503, -7.956598315574268e-16, 1.1140600612196723e-17], [-7.441963669030508e-16, -2.2933056230824422, -0.747007257743915], [1.284851853127055e-15, -0.7076728733879913, -2.189437796762369]], [[-3.1486770882359503, -3.515706217073642e-16, 1.2216290307471238e-16], [-5.221517619780195e-16, -2.2933056230824427, -0.7470072577439151], [1.284851853127055e-15, -0.7076728733879918, -2.189437796762369]], [[-3.1486770882359494, 9.251858814269842e-17, -3.774374580066081e-16], [5.88071262647137e-16, -2.293305623082441, 0.7470072577439154], [-9.355941961232582e-16, 0.7076728733879931, -2.189437796762369]], [[-3.1486770882359494, 7.586524029177923e-16, 6.665175184345455e-17], [5.88071262647137e-16, -2.293305623082441, 0.747007257743915], [8.407626432769923e-16, 0.7076728733879922, -2.189437796762369]]]}, "metadata": {"formula": "Na3AlP2", "nsites": 12, "structure": "# generated using pymatgen\ndata_Na3AlP2\n_symmetry_space_group_name_H-M   'P 1'\n_cell_length_a   7.98847684\n_cell_length_b   7.98847684\n_cell_length_c   7.98847684\n_cell_angle_alpha   135.86853168\n_cell_angle_beta   130.15557607\n_cell_angle_gamma   68.73947333\n_symmetry_Int_Tables_number   1\n_chemical_formula_structural   Na3AlP2\n_chemical_formula_sum   'Na6 Al2 P4'\n_cell_volume   266.446965977\n_cell_formula_units_Z   2\nloop_\n _symmetry_equiv_pos_site_id\n _symmetry_equiv_pos_as_xyz\n  1  'x, y, z'\nloop_\n _atom_site_type_symbol\n _atom_site_label\n _atom_site_symmetry_multiplicity\n _atom_site_fract_x\n _atom_site_fract_y\n _atom_site_fract_z\n _atom_site_occupancy\n  Na  Na1  1  0.500000  0.250000  0.750000  1\n  Na  Na2  1  0.500000  0.750000  0.250000  1\n  Na  Na3  1  0.379794  0.191086  0.188708  1\n  Na  Na4  1  0.002378  0.691086  0.311292  1\n  Na  Na5  1  0.997622  0.308914  0.688708  1\n  Na  Na6  1  0.620206  0.808914  0.811292  1\n  Al  Al7  1  1.000000  0.750000  0.750000  1\n  Al  Al8  1  1.000000  0.250000  0.250000  1\n  P  P9  1  0.299582  0.601685  0.697897  1\n  P  P10  1  0.700418  0.398315  0.302103  1\n  P  P11  1  0.903788  0.101685  0.802103  1\n  P  P12  1  0.096212  0.898315  0.197897  1\n"}}