{"phonon": {"ph_bandstructure": [[0.0, 0.0, 0.0, 55.340822330173715, 55.82251122406495, 96.96052774383871, 162.82280508328606, 187.10135508732307, 187.10135508779098, 206.94964658199024, 238.44328255971953, 271.8982580135284]]}, "dielectric": {"eps_electronic": [[4.424038015130866, 0.0, -0.12914589161566403], [0.0, 5.251595133397368, 0.0], [-0.12914589161566595, 0.0, 5.231441042588809]], "eps_total": [[9.91950950514536, -5.10702591327572e-15, -0.7825084263055584], [7.373292002946623e-16, 14.933764393203163, -4.882440727051058e-15], [-0.7825084263055561, -5.329070518200751e-15, 14.811648655114565]], "becs": [[[2.0169443846170627, 0.0, 0.14255453892798275], [0.0, 1.1034656672326113, 0.0], [0.14255453892926367, 0.0, 1.1257122682561573]], [[2.1804471347999552, 0.0, -0.3587346993878482], [0.0, 4.479191990925907, 0.0], [-0.3587346993910697, 0.0, 4.423209012126367]], [[-2.0986957597085087, 0.0, 0.10809008022993272], [0.0, -2.791328829079259, 0.0], [0.10809008023090302, 0.0, -2.7744606401912626]], [[-2.0986957597085087, 0.0, 0.10809008022993272], [0.0, -2.791328829079259, 0.0], [0.10809008023090302, 0.0, -2.7744606401912626]]]}, "metadata": {"formula": "CsLaS2", "nsites": 4, "structure": "# generated using pymatgen\ndata_CsLaS2\n_symmetry_space_group_name_H-M   'P 1'\n_cell_length_a   8.29950183\n_cell_length_b   8.29950183\n_cell_length_c   8.29950183\n_cell_angle_alpha   29.90553050\n_cell_angle_beta   29.90553050\n_cell_angle_gamma   29.90553050\n_symmetry_Int_Tables_number   1\n_chemical_formula_structural   CsLaS2\n_chemical_formula_sum   'Cs1 La1 S2'\n_cell_volume   125.856870713\n_cell_formula_units_Z   1\nloop_\n _symmetry_equiv_pos_site_id\n _symmetry_equiv_pos_as_xyz\n  1  'x, y, z'\nloop_\n _atom_site_type_symbol\n _atom_site_label\n _atom_site_symmetry_multiplicity\n _atom_site_fract_x\n _atom_site_fract_y\n _atom_site_fract_z\n _atom_site_occupancy\n  Cs  Cs1  1  0.000000  0.000000  0.000000  1\n  La  La2  1  0.500000  0.500000  0.500000  1\n  S  S3  1  0.229498  0.229498  0.229498  1\n  S  S4  1  0.770502  0.770502  0.770502  1\n"}}