{"phonon": {"ph_bandstructure": [[0.0, 0.0, 0.0, 89.63871658572421, 89.63871658777909, 152.16821395310413]]}, "dielectric": {"eps_electronic": [[2.975249497314106, 0.0, 0.0], [0.0, 2.975249497314106, 0.0], [0.0, 0.0, 2.975249497314106]], "eps_total": [[8.573931652411327, 0.0, 0.0], [0.0, 8.573931652601043, 0.0], [0.0, 0.0, 8.573931652668023]], "becs": [[[1.2081121771677445, 0.0, 0.0], [0.0, 1.2081121771677445, 0.0], [0.0, 0.0, 1.2081121771677445]], [[-1.2081121771677445, 0.0, 0.0], [0.0, -1.2081121771677445, 0.0], [0.0, 0.0, -1.2081121771677445]]]}, "metadata": {"formula": "KBr", "nsites": 2, "structure": "# generated using pymatgen\ndata_KBr\n_symmetry_space_group_name_H-M   'P 1'\n_cell_length_a   3.93244557\n_cell_length_b   3.93244557\n_cell_length_c   3.93244557\n_cell_angle_alpha   90.00000000\n_cell_angle_beta   90.00000000\n_cell_angle_gamma   90.00000000\n_symmetry_Int_Tables_number   1\n_chemical_formula_structural   KBr\n_chemical_formula_sum   'K1 Br1'\n_cell_volume   60.8118421734\n_cell_formula_units_Z   1\nloop_\n _symmetry_equiv_pos_site_id\n _symmetry_equiv_pos_as_xyz\n  1  'x, y, z'\nloop_\n _atom_site_type_symbol\n _atom_site_label\n _atom_site_symmetry_multiplicity\n _atom_site_fract_x\n _atom_site_fract_y\n _atom_site_fract_z\n _atom_site_occupancy\n  K  K1  1  0.000000  0.000000  0.000000  1\n  Br  Br2  1  0.500000  0.500000  0.500000  1\n"}}