{"phonon": {"ph_bandstructure": [[-0.006169628454708379, -0.006060136104037437, 0.0, 25.541803542439244, 25.81623861264377, 54.771869739770274, 59.188756674389225, 79.21880745298901, 79.49487165817033, 132.78763892949488, 134.05775257052824, 153.2463174724491, 156.8816184025371, 160.04680494922124, 165.69360704713202, 167.23066943789723, 173.26127302547366, 195.2397499291368, 233.53750455061407, 234.303632801417, 236.3748311297934, 236.37492066122707, 236.38916594569943, 247.23089440316315]]}, "dielectric": {"eps_electronic": [[16.164291528862247, 1.5414980742556268e-16, -5.059272875590313e-15], [6.167739926620145e-16, 16.164291528862243, -2.5926875726676913e-15], [-3.74858677829891e-15, 3.3568405793020914e-15, 63.815323712109276]], "eps_total": [[19.219621238087463, -7.504415183074227e-15, -8.027935255275041e-15], [-6.973335311498648e-15, 19.219621238000826, -2.47956340994792e-15], [3.3344397355740244e-15, -3.770987622026977e-15, 68.62452210307168]], "becs": [[[2.5833665054509067, 0.36445229330890094, -3.4230136177045987e-16], [-0.3644522933089001, 2.5833665054509076, -1.2372620379738217e-16], [4.440892098500626e-16, 4.440892098500626e-16, 2.711890872530425]], [[2.583366505450906, -0.3644522933088996, 3.2383245300463406e-16], [0.3644522933089, 2.583366505450906, -3.457708087224135e-16], [2.220446049250313e-15, 4.440892098500626e-16, 2.7118908725304234]], [[1.3834913073125281, -0.16795857490340338, 3.2383245300463406e-16], [0.16795857490339933, 1.3834913073125252, -3.457708087224135e-16], [2.220446049250313e-15, -4.440892098500626e-16, 1.8769507888270367]], [[1.3834913073125263, 0.16795857490340116, 2.8679021053920204e-16], [-0.16795857490340166, 1.383491307312527, -3.828130511878455e-16], [-1.3322676295501878e-15, -4.440892098500626e-16, 1.8769507888270367]], [[-1.6940140713853293, -1.5543122344752192e-15, -3.885780586188048e-16], [1.6653345369377348e-16, -2.2728437413781055, -0.8971648330357598], [2.220446049250313e-15, -1.0376685121663862, -2.29442083067873]], [[-2.272843741378108, 2.220446049250313e-16, -0.8971648330357593], [1.6653345369377348e-16, -1.6940140713853287, -5.030698080332741e-16], [-1.0376685121663871, 1.3322676295501878e-15, -2.29442083067873]], [[-1.6940140713853258, 1.9984014443252818e-15, -2.7755575615628914e-17], [1.0547118733938987e-15, -2.2728437413781073, 0.8971648330357602], [-3.1086244689504383e-15, 1.0376685121663853, -2.2944208306787335]], [[-2.2728437413781046, 2.220446049250313e-16, 0.8971648330357591], [1.0547118733938987e-15, -1.6940140713853251, 1.2177758801357186e-15], [1.0376685121663844, -4.440892098500626e-16, -2.29442083067873]]]}, "metadata": {"formula": "GaAgSe2", "nsites": 8, "structure": "# generated using pymatgen\ndata_GaAgSe2\n_symmetry_space_group_name_H-M   'P 1'\n_cell_length_a   6.95358919\n_cell_length_b   6.95358919\n_cell_length_c   6.95358919\n_cell_angle_alpha   129.64427751\n_cell_angle_beta   129.64427751\n_cell_angle_gamma   73.97608930\n_symmetry_Int_Tables_number   1\n_chemical_formula_structural   GaAgSe2\n_chemical_formula_sum   'Ga2 Ag2 Se4'\n_cell_volume   194.428290247\n_cell_formula_units_Z   2\nloop_\n _symmetry_equiv_pos_site_id\n _symmetry_equiv_pos_as_xyz\n  1  'x, y, z'\nloop_\n _atom_site_type_symbol\n _atom_site_label\n _atom_site_symmetry_multiplicity\n _atom_site_fract_x\n _atom_site_fract_y\n _atom_site_fract_z\n _atom_site_occupancy\n  Ga  Ga1  1  0.250000  0.750000  0.500000  1\n  Ga  Ga2  1  0.500000  0.500000  0.000000  1\n  Ag  Ag3  1  0.000000  0.000000  0.000000  1\n  Ag  Ag4  1  0.750000  0.250000  0.500000  1\n  Se  Se5  1  0.875000  0.849949  0.474949  1\n  Se  Se6  1  0.599949  0.125000  0.974949  1\n  Se  Se7  1  0.375000  0.400051  0.525051  1\n  Se  Se8  1  0.150051  0.625000  0.025051  1\n"}}