{"phonon": {"ph_bandstructure": [[-0.003787096190959305, -0.002282315438858923, 0.0, 100.99676403023959, 134.90837738577542, 168.6405041161582, 259.5516521449857, 269.9656036633818, 308.76291147709105, 321.41073621877524, 360.1727918294105, 417.8948044051345, 429.23001123380266, 453.9932589369424, 461.58476818509257, 505.72057569166236, 510.70050309326206, 579.5257592995115, 1189.3592588340973, 1223.521387017303, 1301.7964578387744, 1345.4113025252398, 1977.3543574236992, 2012.5135728351852]]}, "dielectric": {"eps_electronic": [[4.311661744316156, 0.0, 0.0], [0.0, 4.285814604858603, 0.0], [0.0, 0.0, 4.346989139950024]], "eps_total": [[9.552658291563054, 0.0, 0.0], [0.0, 15.46884226497788, 0.0], [0.0, 0.0, 12.083047380464341]], "becs": [[[3.495957369175171, 0.0, 0.0], [0.0, 3.148538175934281, 0.26502558909748003], [0.0, 0.008613569874617446, 3.4004816784553418]], [[3.495957369175171, 0.0, 0.0], [0.0, 3.1485381759342803, -0.26502558909748003], [0.0, -0.008613569874617448, 3.4004816784553418]], [[0.16522525965198803, 0.0, 0.0], [0.0, 1.649108296728322, -1.0164086027295887], [0.0, -0.8806430288409033, 0.8216710774936921]], [[0.16522525965198803, 0.0, 0.0], [0.0, 1.649108296728322, 1.0164086027295887], [0.0, 0.8806430288409033, 0.8216710774936921]], [[-1.993628858496667, 0.0, 0.0], [0.0, -2.3102487283369935, -0.040768602795450304], [0.0, -0.12000653866074595, -2.226112638829954]], [[-1.993628858496667, 0.0, 0.0], [0.0, -2.3102487283369935, 0.040768602795450304], [0.0, 0.12000653866074595, -2.226112638829952]], [[-1.6675537703304923, 0.0, 0.0], [0.0, -2.487397744325611, 0.0913093668949311], [0.0, 0.03437846259239993, -1.9960401171190805]], [[-1.6675537703304915, 0.0, 0.0], [0.0, -2.4873977443256092, -0.0913093668949311], [0.0, -0.03437846259239993, -1.9960401171190805]]]}, "metadata": {"formula": "InHO2", "nsites": 8, "structure": "# generated using pymatgen\ndata_InHO2\n_symmetry_space_group_name_H-M   'P 1'\n_cell_length_a   3.29475642\n_cell_length_b   4.55972159\n_cell_length_c   5.29546300\n_cell_angle_alpha   90.00000000\n_cell_angle_beta   90.00000000\n_cell_angle_gamma   90.00000000\n_symmetry_Int_Tables_number   1\n_chemical_formula_structural   InHO2\n_chemical_formula_sum   'In2 H2 O4'\n_cell_volume   79.5546513794\n_cell_formula_units_Z   2\nloop_\n _symmetry_equiv_pos_site_id\n _symmetry_equiv_pos_as_xyz\n  1  'x, y, z'\nloop_\n _atom_site_type_symbol\n _atom_site_label\n _atom_site_symmetry_multiplicity\n _atom_site_fract_x\n _atom_site_fract_y\n _atom_site_fract_z\n _atom_site_occupancy\n  In  In1  1  0.000000  0.232907  0.999465  1\n  In  In2  1  0.500000  0.767093  0.499465  1\n  H  H3  1  0.000000  0.289129  0.483690  1\n  H  H4  1  0.500000  0.710871  0.983690  1\n  O  O5  1  0.000000  0.027250  0.633616  1\n  O  O6  1  0.500000  0.972750  0.133616  1\n  O  O7  1  0.000000  0.478698  0.365229  1\n  O  O8  1  0.500000  0.521302  0.865229  1\n"}}