{"phonon": {"ph_bandstructure": [[0.0, 0.0, 0.0, 159.3258286833477, 164.55212444539924, 168.28495327770864, 230.34027915211448, 423.17304647391796, 446.76944236321634, 836.3400921312714, 881.3839219981952, 1193.6067427119667]]}, "dielectric": {"eps_electronic": [[15.246453192471927, 0.0, -5.2238103144155044e-23], [0.0, 15.246453192388818, -9.047904873643613e-23], [0.0, 0.0, 12.779821994446388]], "eps_total": [[20.132549769409273, -3.552713678800501e-15, -5.2238103144155044e-23], [8.881784197001252e-16, 20.13254976933637, -9.047904873643613e-23], [0.0, 0.0, 19.660441085933105]], "becs": [[[1.9327397750741384, 0.0, -2.708939276050627e-23], [0.0, 1.932739775074138, -7.251304348392952e-23], [-3.202962181267768e-24, 0.0, 2.1255211416167867]], [[2.2743909907671203, 0.0, 1.2313360345684668e-23], [0.0, 2.2743909907671207, 6.398209719170251e-23], [-5.445035708155205e-23, -1.4793848620516244e-22, 1.530762172906636]], [[-2.884493294823511, 0.0, 2.4626720691369372e-24], [0.0, -2.8844932948235114, -5.54511508994755e-23], [4.804443271901652e-23, 1.4793848620516244e-22, -2.052630008919888]], [[-1.3226374710177478, 0.0, 1.2313360345684668e-23], [0.0, -1.3226374710177478, 6.398209719170251e-23], [9.608886543803304e-24, 0.0, -1.6036533056035343]]]}, "metadata": {"formula": "SrAlSiH", "nsites": 4, "structure": "# generated using pymatgen\ndata_SrAlSiH\n_symmetry_space_group_name_H-M   'P 1'\n_cell_length_a   4.20506071\n_cell_length_b   4.20506071\n_cell_length_c   4.79562133\n_cell_angle_alpha   90.00000000\n_cell_angle_beta   90.00000000\n_cell_angle_gamma   120.00000000\n_symmetry_Int_Tables_number   1\n_chemical_formula_structural   SrAlSiH\n_chemical_formula_sum   'Sr1 Al1 Si1 H1'\n_cell_volume   73.437867036\n_cell_formula_units_Z   1\nloop_\n _symmetry_equiv_pos_site_id\n _symmetry_equiv_pos_as_xyz\n  1  'x, y, z'\nloop_\n _atom_site_type_symbol\n _atom_site_label\n _atom_site_symmetry_multiplicity\n _atom_site_fract_x\n _atom_site_fract_y\n _atom_site_fract_z\n _atom_site_occupancy\n  Sr  Sr1  1  0.000000  0.000000  0.005326  1\n  Al  Al2  1  0.666667  0.333333  0.465224  1\n  Si  Si3  1  0.333333  0.666667  0.554721  1\n  H  H4  1  0.666667  0.333333  0.097728  1\n"}}