{"phonon": {"ph_bandstructure": [[-50.4930507177275, -50.492207462101305, -27.974190948843844, -27.959011708564766, 0.0, 0.0, 0.0, 21.719835748637905, 21.74146967724733, 140.1454281107696, 140.66769836998532, 194.42213374178277, 274.0069714076017, 277.1214071338517, 277.1240125737795, 278.1010605346278, 278.2747513124076, 278.3873821507376, 285.69975569746646, 285.7183824470541, 333.2997053009974, 335.60128285981267, 336.7010888549643, 336.98468871501933]]}, "dielectric": {"eps_electronic": [[6.140901326388951, 0.0, -0.0195717907533822], [0.0, 6.3628214779126155, 0.0], [-0.01957179075337614, 0.0, 6.361095384164602]], "eps_total": null, "becs": [[[1.959249384642191, 0.0, -0.0027289096875642294], [0.0, 1.9901918802805931, 0.0], [-0.0027289096878449506, 0.0, 1.9899512097099088]], [[1.9863407635518684, 0.0, 0.0033952461654869204], [0.0, 1.9478428278577735, 0.0], [0.0033952461658353235, 0.0, 1.9481422646020452]], [[1.9830366434404205, 0.0, 0.00500290717704166], [0.0, 1.9263097996719023, 0.0], [0.005002907177553751, 0.0, 1.9267510207686886]], [[1.9615579588919456, 0.0, -0.0005692621832786848], [0.0, 1.9680126952664652, 0.0], [-0.000569262183333892, 0.0, 1.967962490360404]], [[-1.9728416736393941, 0.0, -0.0018261080490238335], [0.0, -1.952135843541856, 0.0], [-0.0018261080492137532, 0.0, -1.9522968933810254]], [[-2.0016756161018243, 0.0, -0.005628072032419329], [0.0, -1.9378601680827088, 0.0], [-0.00562807203299461, 0.0, -1.93835652430661]], [[-1.9697183875284725, 0.0, -0.0005733470421014353], [0.0, -1.9632173338548013, 0.0], [-0.0005733470421586222, 0.0, -1.9632678990165784]], [[-1.9459490732567348, 0.0, 0.0029275456518589316], [0.0, -1.9791438575973666, 0.0], [0.002927545652156753, 0.0, -1.9788856687368337]]]}, "metadata": {"formula": "ZnS", "nsites": 8, "structure": "# generated using pymatgen\ndata_ZnS\n_symmetry_space_group_name_H-M   'P 1'\n_cell_length_a   12.57858949\n_cell_length_b   12.57858949\n_cell_length_c   12.57858949\n_cell_angle_alpha   17.30397727\n_cell_angle_beta   17.30397727\n_cell_angle_gamma   17.30397727\n_symmetry_Int_Tables_number   1\n_chemical_formula_structural   ZnS\n_chemical_formula_sum   'Zn4 S4'\n_cell_volume   153.644355441\n_cell_formula_units_Z   4\nloop_\n _symmetry_equiv_pos_site_id\n _symmetry_equiv_pos_as_xyz\n  1  'x, y, z'\nloop_\n _atom_site_type_symbol\n _atom_site_label\n _atom_site_symmetry_multiplicity\n _atom_site_fract_x\n _atom_site_fract_y\n _atom_site_fract_z\n _atom_site_occupancy\n  Zn  Zn1  1  0.583359  0.583359  0.583359  1\n  Zn  Zn2  1  0.999884  0.999884  0.999884  1\n  Zn  Zn3  1  0.416551  0.416551  0.416551  1\n  Zn  Zn4  1  0.166696  0.166696  0.166696  1\n  S  S5  1  0.354070  0.354070  0.354070  1\n  S  S6  1  0.104194  0.104194  0.104194  1\n  S  S7  1  0.520969  0.520969  0.520969  1\n  S  S8  1  0.937511  0.937511  0.937511  1\n"}}