{"phonon": {"ph_bandstructure": [[-73.45041951484902, -73.45041951031743, -73.45041950878382, 0.0, 0.0, 0.0, 25.377150755407484, 25.377150790143794, 39.623592871826084, 39.62359287691633, 39.62359289212101, 61.392619264391556, 61.39261926800933, 61.39261927880035, 78.2310778406465, 109.11719885691014, 109.11719886509165, 134.17893390764783, 165.0990095390869, 165.09900954074135, 165.09900954130174, 220.60894956911866, 220.60894957333218, 225.08599923983982, 334.2193297439584, 334.2193297469281, 375.31786972748813, 375.31786972914784, 423.407825255452, 470.72748109485417]]}, "dielectric": {"eps_electronic": [[2.331315521153992, 9.111667666811773e-16, 8.881784197001252e-16], [1.1051146502532465e-15, 2.331315521153991, 8.881784197001252e-16], [7.555323532058905e-16, 5.334877482808592e-16, 2.331315521153991]], "eps_total": null, "becs": [[[1.224733312850943, -4.440892164675075e-17, 1.3322676494025225e-16], [2.8865798077771254e-16, 1.2247333128509426, -3.7747582407121404e-16], [3.7733697662518366e-16, -4.664325148107459e-16, 1.2247333128509426]], [[1.224733312850943, -4.440892164675075e-17, 1.3322676494025225e-16], [-3.774758339973814e-16, 1.2247333128509434, 2.886579907038799e-16], [-2.8879683814991026e-16, 1.9970129996434803e-16, 1.2247333128509434]], [[1.24636194222222, -4.440892164675075e-17, 1.3322676494025225e-16], [-3.774758339973814e-16, 1.2463619422222205, 2.886579907038799e-16], [-2.8843946991927094e-16, 2.0005866819498733e-16, 1.2463619422222205]], [[3.4589605071578915, -4.440892164675075e-17, 1.3322676494025225e-16], [-3.774758339973814e-16, 3.458960507157892, 2.886579907038799e-16], [-2.884505565947781e-16, 2.0004758151948022e-16, 3.458960507157892]], [[-0.8056778856835423, -7.105427364218447e-16, 5.773159747903149e-16], [-1.5543122907235008e-16, -0.8056778856835427, 2.886579907038799e-16], [5.994854934467392e-16, -6.88373207839253e-16, -1.9660387661912466]], [[-1.9660387661912497, 3.9968028820331186e-16, -3.1086244490981036e-16], [-8.21565043847444e-16, -0.8056778856835431, 9.547918054789738e-16], [-1.1768560076303947e-15, 1.3100435748091454e-15, -0.805677885683544]], [[-0.8056778856835423, -7.105427364218447e-16, 5.773159747903149e-16], [-1.5543122907235008e-16, -0.8056778856835427, 2.886579907038799e-16], [5.994854934467392e-16, -6.88373207839253e-16, -1.9660387661912466]], [[-0.8056778856835423, 3.9968028820331186e-16, -5.329070498348417e-16], [1.398881005402869e-15, -1.9660387661912484, -1.4876988486963706e-15], [8.215454366948871e-16, -6.883578695161364e-16, -0.805677885683544]], [[-0.8056778856835423, 3.9968028820331186e-16, -5.329070498348417e-16], [1.398881005402869e-15, -1.9660387661912484, -1.4876988486963706e-15], [8.215454366948871e-16, -6.883578695161364e-16, -0.805677885683544]], [[-1.9660387661912497, 3.9968028820331186e-16, -3.1086244490981036e-16], [-8.21565043847444e-16, -0.8056778856835431, 9.547918054789738e-16], [-1.1768560076303947e-15, 1.3100435748091454e-15, -0.805677885683544]]]}, "metadata": {"formula": "Rb2NaBiF6", "nsites": 10, "structure": "# generated using pymatgen\ndata_Rb2NaBiF6\n_symmetry_space_group_name_H-M   'P 1'\n_cell_length_a   6.37265213\n_cell_length_b   6.37265213\n_cell_length_c   6.37265213\n_cell_angle_alpha   60.00000000\n_cell_angle_beta   60.00000000\n_cell_angle_gamma   60.00000000\n_symmetry_Int_Tables_number   1\n_chemical_formula_structural   Rb2NaBiF6\n_chemical_formula_sum   'Rb2 Na1 Bi1 F6'\n_cell_volume   182.997702724\n_cell_formula_units_Z   1\nloop_\n _symmetry_equiv_pos_site_id\n _symmetry_equiv_pos_as_xyz\n  1  'x, y, z'\nloop_\n _atom_site_type_symbol\n _atom_site_label\n _atom_site_symmetry_multiplicity\n _atom_site_fract_x\n _atom_site_fract_y\n _atom_site_fract_z\n _atom_site_occupancy\n  Rb  Rb1  1  0.750000  0.750000  0.750000  1\n  Rb  Rb2  1  0.250000  0.250000  0.250000  1\n  Na  Na3  1  0.000000  1.000000  1.000000  1\n  Bi  Bi4  1  0.500000  0.500000  0.500000  1\n  F  F5  1  0.749495  0.749495  0.250505  1\n  F  F6  1  0.749495  0.250505  0.250505  1\n  F  F7  1  0.250505  0.250505  0.749495  1\n  F  F8  1  0.749495  0.250505  0.749495  1\n  F  F9  1  0.250505  0.749495  0.250505  1\n  F  F10  1  0.250505  0.749495  0.749495  1\n"}}