{"phonon": {"ph_bandstructure": [[-14.911148887881687, 0.0, 0.0, 0.0, 49.355900342828356, 50.284111897372426, 56.274426726200055, 57.71621297991671, 96.97545798624637, 96.9754579862464, 128.78870374051894, 154.16494995317404, 175.95676298344688, 184.35503252859397, 185.29246144678717, 202.40270975347025, 207.29472944388766, 245.46989989023902]]}, "dielectric": {"eps_electronic": [[3.216933949913716, 0.0, 0.0], [0.0, 3.216933949913716, 0.0], [0.0, 0.0, 3.317868939178633]], "eps_total": null, "becs": [[[2.333945513361016, 0.225956206694967, 0.0], [0.225956206694967, 2.3339455133610176, 0.0], [-6.489496943963155e-23, -1.4421104606439718e-23, 2.595746442585792]], [[2.333945513361016, -0.22595620669496702, 0.0], [-0.225956206694967, 2.3339455133610176, 0.0], [-2.163165690965958e-23, -1.4421104606439718e-23, 2.595746442585792]], [[-1.1669727566851444, 0.6103003318230716, 0.0], [0.6103003318230716, -1.1669727566851469, 0.0], [-2.163165690965958e-23, -1.0094772966638366e-22, -1.2978732212892237]], [[-1.1669727566851444, -0.6103003318230716, 0.0], [-0.6103003318230716, -1.166972756685145, 0.0], [1.514215932102283e-22, 1.5863214551344815e-22, -1.2978732212892237]], [[-1.1669727566851444, -0.6103003318230716, 0.0], [-0.6103003318230716, -1.166972756685145, 0.0], [-2.163165690965958e-23, -1.4421104606439718e-23, -1.2978732212892237]], [[-1.1669727566851444, 0.6103003318230716, 0.0], [0.6103003318230716, -1.166972756685145, 0.0], [-2.163165690965958e-23, -1.4421104606439718e-23, -1.2978732212892237]]]}, "metadata": {"formula": "CaBr2", "nsites": 6, "structure": "# generated using pymatgen\ndata_CaBr2\n_symmetry_space_group_name_H-M   'P 1'\n_cell_length_a   6.73427593\n_cell_length_b   6.73427593\n_cell_length_c   4.32235304\n_cell_angle_alpha   90.00000000\n_cell_angle_beta   90.00000000\n_cell_angle_gamma   90.00000000\n_symmetry_Int_Tables_number   1\n_chemical_formula_structural   CaBr2\n_chemical_formula_sum   'Ca2 Br4'\n_cell_volume   196.020751852\n_cell_formula_units_Z   2\nloop_\n _symmetry_equiv_pos_site_id\n _symmetry_equiv_pos_as_xyz\n  1  'x, y, z'\nloop_\n _atom_site_type_symbol\n _atom_site_label\n _atom_site_symmetry_multiplicity\n _atom_site_fract_x\n _atom_site_fract_y\n _atom_site_fract_z\n _atom_site_occupancy\n  Ca  Ca1  1  0.000000  0.000000  0.000000  1\n  Ca  Ca2  1  0.500000  0.500000  0.500000  1\n  Br  Br3  1  0.197614  0.802386  0.500000  1\n  Br  Br4  1  0.697614  0.697614  0.000000  1\n  Br  Br5  1  0.302386  0.302386  0.000000  1\n  Br  Br6  1  0.802386  0.197614  0.500000  1\n"}}