{"phonon": {"ph_bandstructure": [[0.0, 0.0, 0.0, 238.59327889138552, 238.5932788927317, 238.8557917180688, 263.71303913386294, 263.7130391351288, 327.02103056767976]]}, "dielectric": {"eps_electronic": [[19.863395127437574, 4.5211844942716335e-16, 0.0], [-1.8080919910377944e-15, 19.863395127437574, -3.552713678800501e-15], [3.5653118784367246e-16, 3.5653118784367246e-16, 19.86339512743757]], "eps_total": [[30.61235786337281, -1.9601283386051137e-11, 6.214229131273896e-11], [-1.9599030927464883e-11, 30.612357863348034, -1.2084555578439904e-11], [6.214071926751983e-11, -1.2084351266819642e-11, 30.61235786341377]], "becs": [[[3.197195555581767, 0.0, 0.0], [0.0, 3.197195555581767, 0.0], [2.190360805045989e-19, 2.190360805045989e-19, 3.197195555581767]], [[-5.394222725781081, 0.0, 0.0], [0.0, -5.394222725781081, 0.0], [-1.0965621504473464e-18, -1.0965621504473464e-18, -5.394222725781081]], [[2.1970271702506023, 0.0, 0.0], [0.0, 2.1970271702506023, 0.0], [8.775260945682312e-19, 8.775260945682312e-19, 2.1970271702506023]]]}, "metadata": {"formula": "TiCoSb", "nsites": 3, "structure": "# generated using pymatgen\ndata_TiCoSb\n_symmetry_space_group_name_H-M   'P 1'\n_cell_length_a   4.11600996\n_cell_length_b   4.11600996\n_cell_length_c   4.11600996\n_cell_angle_alpha   60.00000000\n_cell_angle_beta   60.00000000\n_cell_angle_gamma   60.00000000\n_symmetry_Int_Tables_number   1\n_chemical_formula_structural   TiCoSb\n_chemical_formula_sum   'Ti1 Co1 Sb1'\n_cell_volume   49.3076440196\n_cell_formula_units_Z   1\nloop_\n _symmetry_equiv_pos_site_id\n _symmetry_equiv_pos_as_xyz\n  1  'x, y, z'\nloop_\n _atom_site_type_symbol\n _atom_site_label\n _atom_site_symmetry_multiplicity\n _atom_site_fract_x\n _atom_site_fract_y\n _atom_site_fract_z\n _atom_site_occupancy\n  Ti  Ti1  1  0.000000  0.000000  0.000000  1\n  Co  Co2  1  0.250000  0.250000  0.250000  1\n  Sb  Sb3  1  0.500000  0.500000  0.500000  1\n"}}