{"phonon": {"ph_bandstructure": [[-13.415832809976623, -0.0023054239767064874, 0.0, 0.0, 30.255415174019436, 49.49308582256322, 50.04916676603246, 54.00198705008171, 54.6608545321139, 58.56304770748117, 60.68226840815395, 69.1168492674752, 70.98693774082807, 71.52719852819843, 83.44826118868542, 83.71076603625654, 84.91668708008704, 94.59525238970016, 104.17848648827092, 106.59817735085116, 112.94477682107905, 184.76488936713332, 200.69543392319088, 233.42470219482232, 242.8195672207202, 274.1106486150574, 285.9576397644306, 370.04760365371266, 587.5535152582473, 613.247768504854, 619.4203695324009, 677.9659208740243, 685.9402774161442]]}, "dielectric": {"eps_electronic": [[3.4286502293781633, 0.0, 0.0], [0.0, 3.3388033841861735, -0.08668848104759601], [0.0, -0.08668848104759615, 3.5377722963192655]], "eps_total": null, "becs": [[[1.8120869971054478, 0.0, 7.56970266622078e-18], [0.0, 1.2670565359121686, 0.30086392614997326], [5.0464684441471866e-18, 0.4696963260567655, 1.5407825645112507]], [[1.668688033900231, 0.0, 7.56970266622078e-18], [0.0, 0.9620219678380115, -0.10390704011530978], [5.0464684441471866e-18, -0.15338775246157282, 1.2722768875134656]], [[1.208525079979395, 0.0, 7.56970266622078e-18], [0.0, 1.4626751959771696, 0.01467336154892133], [5.0464684441471866e-18, 0.007888263806253508, 1.3667059649288351]], [[1.1270705328241304, 0.0, 7.56970266622078e-18], [0.0, 1.4482439860644711, -0.04157064498789228], [5.0464684441471866e-18, 0.037473763096281115, 1.4025306254912144]], [[2.222777846300316, 0.0, 7.56970266622078e-18], [0.0, 1.2217273286980408, -0.3304467758183042], [5.0464684441471866e-18, 0.019116907976056974, 2.5111810422317955]], [[2.1764410752203958, 0.0, 7.56970266622078e-18], [0.0, 1.5667207909297725, -0.3951602684629437], [5.0464684441471866e-18, -0.6951572103331235, 2.0883386122087426]], [[-2.3525461270713297, -0.668411741515103, -0.4790082152524171], [-0.14607128987783988, -1.5222091824119728, -0.12587370895052125], [-0.5624625749845352, -0.4790294802244883, -1.7051581930085646]], [[-2.301652853393934, -0.28126682177990614, -0.748506491565759], [0.12595110370149282, -1.319671429055203, -0.013748755324208125], [-0.6532644839779047, -0.24775873762235345, -1.9766850531052333]], [[-2.301652853393934, 0.28126682177990614, 0.748506491565759], [-0.12595110370149282, -1.319671429055203, -0.013748755324208125], [0.6532644839779047, -0.24775873762235345, -1.9766850531052333]], [[-2.3525461270713297, 0.668411741515103, 0.4790082152524171], [0.14607128987783988, -1.5222091824119728, -0.12587370895052125], [0.5624625749845352, -0.4790294802244883, -1.7051581930085646]], [[-0.9071916044072057, 0.0, 7.56970266622078e-18], [0.0, -2.2446845824958777, 0.83479237023469], [5.0464684441471866e-18, 1.7679461375526033, -2.8181292046622737]]]}, "metadata": {"formula": "Cs4Sb2O5", "nsites": 11, "structure": "# generated using pymatgen\ndata_Cs4Sb2O5\n_symmetry_space_group_name_H-M   'P 1'\n_cell_length_a   6.31011127\n_cell_length_b   6.31011127\n_cell_length_c   8.13276595\n_cell_angle_alpha   82.27407056\n_cell_angle_beta   82.27407056\n_cell_angle_gamma   66.27779604\n_symmetry_Int_Tables_number   1\n_chemical_formula_structural   Cs4Sb2O5\n_chemical_formula_sum   'Cs4 Sb2 O5'\n_cell_volume   292.619551068\n_cell_formula_units_Z   1\nloop_\n _symmetry_equiv_pos_site_id\n _symmetry_equiv_pos_as_xyz\n  1  'x, y, z'\nloop_\n _atom_site_type_symbol\n _atom_site_label\n _atom_site_symmetry_multiplicity\n _atom_site_fract_x\n _atom_site_fract_y\n _atom_site_fract_z\n _atom_site_occupancy\n  Cs  Cs1  1  0.006450  0.006450  0.989344  1\n  Cs  Cs2  1  0.996379  0.996379  0.498894  1\n  Cs  Cs3  1  0.662908  0.662908  0.853547  1\n  Cs  Cs4  1  0.329244  0.329244  0.148599  1\n  Sb  Sb5  1  0.650354  0.650354  0.317576  1\n  Sb  Sb6  1  0.360413  0.360413  0.663002  1\n  O  O7  1  0.359558  0.793848  0.216898  1\n  O  O8  1  0.591370  0.160097  0.809207  1\n  O  O9  1  0.160097  0.591370  0.809207  1\n  O  O10  1  0.793848  0.359558  0.216898  1\n  O  O11  1  0.546300  0.546300  0.548107  1\n"}}