{"phonon": {"ph_bandstructure": [[0.0, 0.0, 0.0, 27.457483854041023, 32.37347155927768, 33.816790643392004, 35.98396099361896, 40.39802949275347, 41.08042210832436, 43.79513560511859, 46.46479501667466, 49.106408232081186, 52.21975952416841, 56.07758752846104, 57.123021289438014, 58.509203537371, 59.943379810606736, 60.69680665459909, 63.343141593450824, 64.97269920006401, 68.17485906842656, 72.3748900076414, 73.14027745034613, 76.75822318428101, 116.26594709193226, 117.14354838089534, 122.49013351438653, 124.03110176772184, 128.11353833196293, 130.2071729665276, 148.82040640176626, 148.91154384553727, 151.31261422641583, 178.4297425787205, 180.63115478038097, 189.06000758297893]]}, "dielectric": {"eps_electronic": [[4.117809777498684, 0.0, 0.0], [0.0, 4.1763534151367185, 0.0], [0.0, 0.0, 4.264067348243513]], "eps_total": [[10.97299873643614, 0.0, 0.0], [0.0, 11.87725100313574, 0.0], [0.0, 0.0, 10.326787169749347]], "becs": [[[1.3331907125921258, 0.0, 0.0], [-1.1207701638156405e-22, 1.2643031277191916, -0.0056713275185727476], [0.0, 0.022744579604575592, 1.1891647161022454]], [[1.3331907125921258, 0.0, 0.0], [-1.1207701638156405e-22, 1.2643031277191916, -0.0056713275185727476], [0.0, 0.022744579604575592, 1.1891647161022463]], [[1.3331907125921258, 0.0, 0.0], [-2.7468749608513097e-22, 1.2643031277191907, 0.005671327518572751], [0.0, -0.022744579604575592, 1.1891647161022454]], [[1.3331907125921258, 0.0, 0.0], [5.053346332200285e-23, 1.2643031277191907, 0.005671327518572751], [0.0, -0.022744579604575592, 1.1891647161022445]], [[1.037133502780299, 0.0, 0.0], [5.053346332200285e-23, 1.1196025226819888, -0.06358008226640322], [0.0, -0.06683816285224783, 1.242425284428728]], [[1.037133502780299, 0.0, 0.0], [2.6734743626009204e-22, 1.1196025226819888, -0.0635800822664032], [0.0, -0.06683816285224783, 1.2424252844287298]], [[1.037133502780299, 0.0, 0.0], [5.053346332200285e-23, 1.1196025226819888, 0.0635800822664032], [0.0, 0.06683816285224783, 1.242425284428728]], [[1.037133502780299, 0.0, 0.0], [-1.6628050961608636e-22, 1.1196025226819875, 0.0635800822664032], [0.0, 0.06683816285224783, 1.242425284428728]], [[-2.3703242153720874, 0.0, 0.0], [3.7575442272913667e-22, -2.3839056504011413, -0.02307700040027321], [0.0, -0.0885006537422399, -2.431590000529856]], [[-2.3703242153720874, 0.0, 0.0], [-5.787352314704176e-23, -2.3839056504011413, -0.02307700040027321], [0.0, -0.0885006537422399, -2.431590000529856]], [[-2.3703242153720874, 0.0, 0.0], [2.0298078804409682e-22, -2.3839056504011413, 0.02307700040027321], [0.0, 0.0885006537422399, -2.431590000529856]], [[-2.3703242153720874, 0.0, 0.0], [-2.7468749608513097e-22, -2.3839056504011413, 0.02307700040027321], [0.0, 0.0885006537422399, -2.431590000529856]]]}, "metadata": {"formula": "Cs2S", "nsites": 12, "structure": "# generated using pymatgen\ndata_Cs2S\n_symmetry_space_group_name_H-M   'P 1'\n_cell_length_a   5.28416709\n_cell_length_b   8.49852143\n_cell_length_c   10.27843604\n_cell_angle_alpha   90.00000000\n_cell_angle_beta   90.00000000\n_cell_angle_gamma   90.00000000\n_symmetry_Int_Tables_number   1\n_chemical_formula_structural   Cs2S\n_chemical_formula_sum   'Cs8 S4'\n_cell_volume   461.57996863\n_cell_formula_units_Z   4\nloop_\n _symmetry_equiv_pos_site_id\n _symmetry_equiv_pos_as_xyz\n  1  'x, y, z'\nloop_\n _atom_site_type_symbol\n _atom_site_label\n _atom_site_symmetry_multiplicity\n _atom_site_fract_x\n _atom_site_fract_y\n _atom_site_fract_z\n _atom_site_occupancy\n  Cs  Cs1  1  0.750000  0.975627  0.829517  1\n  Cs  Cs2  1  0.250000  0.024373  0.170483  1\n  Cs  Cs3  1  0.750000  0.475627  0.670483  1\n  Cs  Cs4  1  0.250000  0.524373  0.329517  1\n  Cs  Cs5  1  0.750000  0.855965  0.425606  1\n  Cs  Cs6  1  0.250000  0.144035  0.574394  1\n  Cs  Cs7  1  0.750000  0.355965  0.074394  1\n  Cs  Cs8  1  0.250000  0.644035  0.925606  1\n  S  S9  1  0.750000  0.755743  0.110280  1\n  S  S10  1  0.250000  0.244257  0.889720  1\n  S  S11  1  0.750000  0.255743  0.389720  1\n  S  S12  1  0.250000  0.744257  0.610280  1\n"}}