{"phonon": {"ph_bandstructure": [[0.0, 0.0, 0.0, 35.404970111046374, 35.40497012673444, 54.77246564377343, 72.02431503999233, 72.58857054726874, 79.0792697031291, 79.07926970914352, 80.30825799084113, 80.44615138703237, 81.68435031474833, 87.45327603498173, 93.69441127975246, 105.2422526592463, 116.60644589508445, 116.60644589907406, 121.26355906597574, 121.5712474904109, 141.12188697972286, 147.6990955510407, 147.69909555443454, 168.242067703362, 177.74772837870626, 184.5544106201333, 193.0872552388873, 195.7858905069538, 208.88680633821795, 275.6166264733309]]}, "dielectric": {"eps_electronic": [[18.256386427419553, -5.388589108298072e-15, 6.035995936542445e-15], [-5.388589108298072e-15, 18.256386427419553, 6.035995936542445e-15], [2.26424403166857e-15, 2.26424403166857e-15, 17.96768147228564]], "eps_total": [[21.995019114556808, 4.434055183989663e-15, 2.948234086526611e-15], [4.091649264859768e-15, 21.995019115167988, 5.453912190600502e-15], [8.075505383917685e-15, 6.299148544517435e-15, 23.403356434496043]], "becs": [[[1.186888375425034, 3.552713797914509e-16, -1.98471207609722e-17], [6.217249096719554e-16, 1.1868883754250346, -1.98471240696946e-17], [-2.309263925631039e-15, -1.7763568526351403e-15, 0.7159963792831063]], [[0.6685675218956983, -8.88178300586117e-17, 9.175288425339432e-17], [1.776356998218928e-16, 0.6685675218956983, -1.302917239803594e-16], [-1.4210855059309139e-15, -1.3234889800848443e-23, 1.5780984258702175]], [[1.186888375425034, 3.552713797914509e-16, -1.98471207609722e-17], [6.217249096719554e-16, 1.1868883754250346, -1.98471240696946e-17], [-2.309263925631039e-15, -1.7763568526351403e-15, 0.7159963792831063]], [[0.6685675218956983, -8.88178300586117e-17, 9.175288425339432e-17], [1.776356998218928e-16, 0.6685675218956983, -1.302917239803594e-16], [-1.4210855059309139e-15, -1.3234889800848443e-23, 1.5780984258702175]], [[-1.0365823687516422, -8.88178300586117e-17, -5.746120115424399e-16], [-2.664535100281698e-16, 0.901811000146657, 5.356110097739942e-16], [1.2434497531694618e-15, 8.881784064652354e-16, -0.8192868701158624]], [[-1.7206845349728606, -1.4210854596087996e-15, -1.3121604475459835e-16], [-7.105427198782324e-16, -1.7206845349728594, 9.082855686171056e-17], [4.796163431969963e-15, 4.440892085265736e-15, -0.6555210650166292]], [[0.9018110001466606, 1.6875390093416388e-15, 7.449446020860372e-16], [1.776356998218928e-16, -1.0365823687516411, -5.87323030772873e-16], [-2.309263925631039e-15, -4.440892111735516e-15, -0.8192868701158642]], [[-1.0365823687516422, -9.76996249758737e-16, -7.966566164674712e-16], [-2.664535100281698e-16, 0.9018110001466588, 7.576556146990255e-16], [1.2434497531694618e-15, 2.664535245865486e-15, -0.8192868701158624]], [[-1.7206845349728606, -1.4210854596087996e-15, -1.3121604475459835e-16], [-7.105427198782324e-16, -1.7206845349728594, 9.082855686171056e-17], [4.796163431969963e-15, 4.440892085265736e-15, -0.6555210650166292]], [[0.9018110001466606, 1.6875390093416388e-15, 7.449446020860372e-16], [1.776356998218928e-16, -1.0365823687516411, -5.87323030772873e-16], [-2.309263925631039e-15, -4.440892111735516e-15, -0.8192868701158642]]]}, "metadata": {"formula": "K2Ga3", "nsites": 10, "structure": "# generated using pymatgen\ndata_K2Ga3\n_symmetry_space_group_name_H-M   'P 1'\n_cell_length_a   8.45603491\n_cell_length_b   8.45603491\n_cell_length_c   8.45603491\n_cell_angle_alpha   137.78211696\n_cell_angle_beta   137.78211696\n_cell_angle_gamma   61.23686087\n_symmetry_Int_Tables_number   1\n_chemical_formula_structural   K2Ga3\n_chemical_formula_sum   'K4 Ga6'\n_cell_volume   269.959838884\n_cell_formula_units_Z   2\nloop_\n _symmetry_equiv_pos_site_id\n _symmetry_equiv_pos_as_xyz\n  1  'x, y, z'\nloop_\n _atom_site_type_symbol\n _atom_site_label\n _atom_site_symmetry_multiplicity\n _atom_site_fract_x\n _atom_site_fract_y\n _atom_site_fract_z\n _atom_site_occupancy\n  K  K1  1  0.609720  0.609720  0.000000  1\n  K  K2  1  0.250000  0.750000  0.500000  1\n  K  K3  1  0.390280  0.390280  0.000000  1\n  K  K4  1  0.750000  0.250000  0.500000  1\n  Ga  Ga5  1  0.705303  1.000000  0.705303  1\n  Ga  Ga6  1  0.859973  0.859973  0.000000  1\n  Ga  Ga7  1  0.000000  0.294697  0.294697  1\n  Ga  Ga8  1  0.294697  1.000000  0.294697  1\n  Ga  Ga9  1  0.140027  0.140027  0.000000  1\n  Ga  Ga10  1  1.000000  0.705303  0.705303  1\n"}}