{"phonon": {"ph_bandstructure": [[-20.609799320880306, -20.60979930482629, -20.609799299456764, 0.0, 0.0, 0.0, 29.61231966001451, 29.612319667440726, 29.61231968968892, 30.30534425888756, 30.305344287982898, 39.311355658798696, 39.3113556644201, 39.31135568124451, 45.18941821164412, 70.10827750533625, 70.10827751797015, 70.3062180798309, 70.30621808450518, 70.30621808606875, 80.9446635327903, 141.42328889927367, 141.42328890311032, 171.28898033102791, 171.28898033634135, 175.52223181397224, 178.42608771197422, 201.01508643465786, 201.01508643924075, 229.19418253080377]]}, "dielectric": {"eps_electronic": [[3.184363624569743, -4.874901864315025e-17, 2.220446049250313e-16], [-4.874901864315025e-17, 3.184363624569743, 2.220446049250313e-16], [2.7079362356818156e-16, 2.7079362356818156e-16, 3.1843636245697433]], "eps_total": null, "becs": [[[1.3561680914899772, -1.332267616315298e-16, 8.881783998477905e-17], [-2.6645352657178206e-16, 1.3561680914899774, 3.108624482185328e-16], [-1.123416189495431e-16, 1.9852083257771216e-16, 1.3561680914899772]], [[1.3561680914899772, -1.332267616315298e-16, 8.881783998477905e-17], [-2.6645352657178206e-16, 1.3561680914899774, 3.108624482185328e-16], [-1.123416189495431e-16, 1.9852083257771216e-16, 1.3561680914899772]], [[1.3268789388100108, 8.88178432935015e-17, -1.3322676494025225e-16], [-4.440892164675075e-17, 1.326878938810011, 8.88178432935015e-17], [-1.1220852173666385e-16, 1.9865392979059142e-16, 1.3268789388100108]], [[3.420815278146448, 8.88178432935015e-17, -1.3322676494025225e-16], [-4.440892164675075e-17, 3.4208152781464483, 8.88178432935015e-17], [-1.1249588686792525e-16, 1.9836656465933e-16, 3.4208152781464483]], [[-0.8616909479313252, -1.021405181331655e-15, 9.769962596849043e-16], [6.217248931283432e-16, -2.0066333040791937, -5.773159714815924e-16], [1.8442537748681644e-15, -1.6196420573301123e-15, -0.8616909479313256]], [[-0.8616909479313252, -1.021405181331655e-15, 9.769962596849043e-16], [6.217248931283432e-16, -2.0066333040791937, -5.773159714815924e-16], [1.8442537748681644e-15, -1.6196420573301123e-15, -0.8616909479313256]], [[-2.006633304079193, 8.88178432935015e-17, -1.3322676494025225e-16], [-2.264854970897064e-15, -0.8616909479313242, 1.865174682693752e-15], [-2.3955353738987126e-15, 1.912129966279106e-15, -0.8616909479313243]], [[-0.8616909479313256, 9.769962629936267e-16, -7.993605797153462e-16], [1.953992522678531e-15, -0.8616909479313264, -1.687538996106749e-15], [7.759754139180393e-16, -6.89518973954956e-16, -2.0066333040791937]], [[-0.8616909479313256, 9.769962629936267e-16, -7.993605797153462e-16], [1.953992522678531e-15, -0.8616909479313264, -1.687538996106749e-15], [7.759754139180393e-16, -6.89518973954956e-16, -2.0066333040791937]], [[-2.006633304079193, 8.88178432935015e-17, -1.3322676494025225e-16], [-2.264854970897064e-15, -0.8616909479313242, 1.865174682693752e-15], [-2.3955353738987126e-15, 1.912129966279106e-15, -0.8616909479313243]]]}, "metadata": {"formula": "Cs2NaYBr6", "nsites": 10, "structure": "# generated using pymatgen\ndata_Cs2NaYBr6\n_symmetry_space_group_name_H-M   'P 1'\n_cell_length_a   7.93497114\n_cell_length_b   7.93497114\n_cell_length_c   7.93497114\n_cell_angle_alpha   60.00000000\n_cell_angle_beta   60.00000000\n_cell_angle_gamma   60.00000000\n_symmetry_Int_Tables_number   1\n_chemical_formula_structural   Cs2NaYBr6\n_chemical_formula_sum   'Cs2 Na1 Y1 Br6'\n_cell_volume   353.281630971\n_cell_formula_units_Z   1\nloop_\n _symmetry_equiv_pos_site_id\n _symmetry_equiv_pos_as_xyz\n  1  'x, y, z'\nloop_\n _atom_site_type_symbol\n _atom_site_label\n _atom_site_symmetry_multiplicity\n _atom_site_fract_x\n _atom_site_fract_y\n _atom_site_fract_z\n _atom_site_occupancy\n  Cs  Cs1  1  0.750000  0.750000  0.750000  1\n  Cs  Cs2  1  0.250000  0.250000  0.250000  1\n  Na  Na3  1  0.500000  0.500000  0.500000  1\n  Y  Y4  1  0.000000  0.000000  0.000000  1\n  Br  Br5  1  0.754741  0.245259  0.754741  1\n  Br  Br6  1  0.245259  0.754741  0.245259  1\n  Br  Br7  1  0.754741  0.245259  0.245259  1\n  Br  Br8  1  0.754741  0.754741  0.245259  1\n  Br  Br9  1  0.245259  0.245259  0.754741  1\n  Br  Br10  1  0.245259  0.754741  0.754741  1\n"}}