{"phonon": {"ph_bandstructure": [[0.0, 0.0, 0.0, 95.94798736973863, 95.9479873725402, 102.05487092053646, 112.74641887329388, 164.29717635652364, 638.3275164099271, 640.4161695565961, 1342.1626194184898, 2120.2705469112343]]}, "dielectric": {"eps_electronic": [[2.0790713956927993, 0.0, -5.571568493066514e-34], [0.0, 2.0790713956927993, -5.571568493066514e-34], [-5.571568493066513e-34, -5.571568493066513e-34, 3.4341577559755097]], "eps_total": [[5.423748868029015, -8.118363142519845e-15, -5.571568493066514e-34], [-8.118363142519845e-15, 5.423748868201314, -5.571568493066514e-34], [-5.571568493066513e-34, -5.571568493066513e-34, 8.244674266022072]], "becs": [[[1.2407859468748368, 0.0, 0.0], [0.0, 1.240785946874837, 0.0], [-7.29567074449968e-34, -3.465443603637347e-33, 1.5046010064875075]], [[-0.5498798346076625, 0.0, 0.0], [0.0, -0.5498798346076629, 0.0], [2.1887012233499034e-33, 6.0189283642122346e-33, -2.540719738084698]], [[-0.5498798346076625, 0.0, 0.0], [0.0, -0.5498798346076624, 0.0], [2.1887012233499034e-33, 1.641525917512428e-33, -2.540719738084698]], [[-0.1410262776595117, 0.0, 0.0], [0.0, -0.1410262776595116, 0.0], [-3.6478353722498394e-33, -4.195010678087315e-33, 3.5768384696818885]]]}, "metadata": {"formula": "RbN3", "nsites": 4, "structure": "# generated using pymatgen\ndata_RbN3\n_symmetry_space_group_name_H-M   'P 1'\n_cell_length_a   3.72644097\n_cell_length_b   3.72644097\n_cell_length_c   5.54343388\n_cell_angle_alpha   90.00000000\n_cell_angle_beta   90.00000000\n_cell_angle_gamma   90.00000000\n_symmetry_Int_Tables_number   1\n_chemical_formula_structural   RbN3\n_chemical_formula_sum   'Rb1 N3'\n_cell_volume   76.9781312276\n_cell_formula_units_Z   1\nloop_\n _symmetry_equiv_pos_site_id\n _symmetry_equiv_pos_as_xyz\n  1  'x, y, z'\nloop_\n _atom_site_type_symbol\n _atom_site_label\n _atom_site_symmetry_multiplicity\n _atom_site_fract_x\n _atom_site_fract_y\n _atom_site_fract_z\n _atom_site_occupancy\n  Rb  Rb1  1  0.500000  0.500000  0.500000  1\n  N  N2  1  0.000000  0.000000  0.213855  1\n  N  N3  1  0.000000  0.000000  0.786145  1\n  N  N4  1  0.000000  0.000000  0.000000  1\n"}}