{"phonon": {"ph_bandstructure": [[0.0, 0.0, 0.0, 37.31821805072131, 37.31821805412344, 67.05937431878672, 73.97819710110859, 92.6854284334423, 94.51251150781312, 109.14516850607534, 110.06116596854386, 110.99327507471149, 110.99327507554617, 113.16960831285256, 115.19180882678862, 118.34182879414281, 124.67785634601088, 124.67785634675425, 142.2494446387794, 209.6192634304276, 325.6601804919135]]}, "dielectric": {"eps_electronic": [[6.1458433934483985, 0.0, 0.2876343949264551], [0.0, 4.586324459765736, 0.0], [0.2876343949264532, 0.0, 4.639375143146299]], "eps_total": [[11.309454672228647, 3.774758283725532e-15, 0.7261095027891717], [2.681400494887898e-15, 7.372576688026932, 5.373301317026865e-16], [0.7261095027891699, 4.440892098500626e-16, 7.506498798920816]], "becs": [[[0.6701911720410855, 0.0, -0.07227343694113109], [0.0, 1.0620490141573615, 0.0], [-0.07227343694187077, 0.0, 1.0487190533248127]], [[1.3222563788742687, 0.0, 0.08042731679398885], [0.0, 0.8861891854493021, 0.0], [0.0804273167948138, 0.0, 0.9010230307471809]], [[1.3222563788742687, 0.0, 0.08042731679398885], [0.0, 0.8861891854493021, 0.0], [0.0804273167948138, 0.0, 0.9010230307471809]], [[0.6701911720410855, 0.0, -0.07227343694113109], [0.0, 1.0620490141573615, 0.0], [-0.07227343694187077, 0.0, 1.0487190533248127]], [[1.923384151463031, 0.0, 0.4874875625610635], [0.0, -0.7197145084125721, 0.0], [0.4874875625660665, 0.0, -0.6298033267901089]], [[-2.95413962663223, 0.0, -0.2518976611616306], [0.0, -1.5883809452326183, 0.0], [-0.2518976611642174, 0.0, -1.6348404205143883]], [[-2.95413962663223, 0.0, -0.2518976611616306], [0.0, -1.5883809452326183, 0.0], [-0.2518976611642174, 0.0, -1.6348404205143883]]]}, "metadata": {"formula": "K4ZnAs2", "nsites": 7, "structure": "# generated using pymatgen\ndata_K4ZnAs2\n_symmetry_space_group_name_H-M   'P 1'\n_cell_length_a   9.48038289\n_cell_length_b   9.48038289\n_cell_length_c   9.48038289\n_cell_angle_alpha   34.88096336\n_cell_angle_beta   34.88096336\n_cell_angle_gamma   34.88096336\n_symmetry_Int_Tables_number   1\n_chemical_formula_structural   K4ZnAs2\n_chemical_formula_sum   'K4 Zn1 As2'\n_cell_volume   248.761161293\n_cell_formula_units_Z   1\nloop_\n _symmetry_equiv_pos_site_id\n _symmetry_equiv_pos_as_xyz\n  1  'x, y, z'\nloop_\n _atom_site_type_symbol\n _atom_site_label\n _atom_site_symmetry_multiplicity\n _atom_site_fract_x\n _atom_site_fract_y\n _atom_site_fract_z\n _atom_site_occupancy\n  K  K1  1  0.616086  0.616086  0.616086  1\n  K  K2  1  0.791394  0.791394  0.791394  1\n  K  K3  1  0.208606  0.208606  0.208606  1\n  K  K4  1  0.383914  0.383914  0.383914  1\n  Zn  Zn5  1  0.000000  0.000000  0.000000  1\n  As  As6  1  0.914284  0.914284  0.914284  1\n  As  As7  1  0.085716  0.085716  0.085716  1\n"}}