{"phonon": {"ph_bandstructure": [[0.0, 0.0, 0.0, 78.43155864882957, 85.22013928705047, 96.36662286805495, 98.62320584223578, 102.02876501146484, 105.50770982473068, 106.18776057306259, 112.48289391712105, 116.05450218497072, 123.63763795317003, 127.11707941483445, 129.77381907764027, 176.15880174333265, 181.79910399602298, 186.91159761497119, 227.15504669539402, 263.01803817570595, 283.7884735419275, 332.06550112252705, 338.79660543301515, 402.2411816131724, 407.99356909546435, 460.89025350582335, 487.41722795123263, 489.1000288768526, 538.1842628577147, 558.5423534733026]]}, "dielectric": {"eps_electronic": [[4.204146773985253, 0.0, 0.0], [0.0, 3.9919658618207485, 5.0121688580159276e-23], [0.0, 5.0121688580159264e-23, 4.731880160514635]], "eps_total": [[17.699437821408935, 0.0, 0.0], [0.0, 10.720358652439428, 5.0121688580159276e-23], [0.0, 5.0121688580159264e-23, 19.666080701030477]], "becs": [[[3.1518348714277984, 3.774758290342977e-16, 6.9383459864145745e-19], [2.220446055867758e-15, 2.4385245576072183, 1.1102230411687688e-17], [-1.1102230411687688e-17, 0.0, 2.500827771744009]], [[3.1518348714277975, 4.440892164675075e-17, 6.9383459864145745e-19], [4.440892164675075e-16, 2.438524557607217, 1.1102230411687688e-17], [-1.1102230411687688e-17, 0.0, 2.500827771744009]], [[3.005172150271327, 4.440892164675075e-17, 6.9383459864145745e-19], [4.440892164675075e-16, 2.493119187680475, 1.1102230411687688e-17], [-1.1102230411687688e-17, 0.0, 4.886555256964903]], [[3.005172150271326, -3.9968028820331186e-16, 6.9383459864145745e-19], [-2.220446042632868e-15, 2.493119187680474, 1.1102230411687688e-17], [-1.1102230411687688e-17, 0.0, 4.886555256964903]], [[-1.5577839272924936, 2.6645352657178206e-16, 6.927385568773288e-19], [1.3322676361676327e-15, -1.453016449322858, 1.109986448963572e-17], [-1.1102230411687688e-17, 0.0, -1.5799870051177693]], [[-1.5577839272924936, 4.440892164675075e-17, 6.954786612876505e-19], [4.440892164675075e-16, -1.453016449322858, 1.1096315606557768e-17], [-1.1102230411687688e-17, 0.0, -1.5799870051177693]], [[-2.299611547203072, 4.440892164675075e-17, 6.9383459864145745e-19], [-4.440892032326177e-16, -1.7393136479826325, 0.3166258456316312], [1.9344737647635217e-16, 1.002861481111899, -2.9036980117997437]], [[-2.299611547203071, -5.107025906658275e-16, -6.24505930526577e-18], [-2.220446042632868e-15, -1.739313647982632, -0.31662584563163126], [-3.0917914172525175e-16, -1.002861481111899, -2.903698011799741]], [[-2.2996115472030727, 4.440892164675075e-17, 6.9383459864145745e-19], [4.440892164675075e-16, -1.7393136479826325, -0.3166258456316313], [1.9344737647635217e-16, -1.002861481111899, -2.903698011799741]], [[-2.299611547203072, 4.440892164675075e-17, 6.9383459864145745e-19], [-4.440892032326177e-16, -1.7393136479826325, 0.3166258456316312], [-1.1102230411687688e-17, 1.002861481111899, -2.9036980117997437]]]}, "metadata": {"formula": "SrBiClO2", "nsites": 10, "structure": "# generated using pymatgen\ndata_SrBiClO2\n_symmetry_space_group_name_H-M   'P 1'\n_cell_length_a   6.77201520\n_cell_length_b   6.77201520\n_cell_length_c   5.60194944\n_cell_angle_alpha   90.00000000\n_cell_angle_beta   90.00000000\n_cell_angle_gamma   130.28700686\n_symmetry_Int_Tables_number   1\n_chemical_formula_structural   SrBiClO2\n_chemical_formula_sum   'Sr2 Bi2 Cl2 O4'\n_cell_volume   195.972101164\n_cell_formula_units_Z   2\nloop_\n _symmetry_equiv_pos_site_id\n _symmetry_equiv_pos_as_xyz\n  1  'x, y, z'\nloop_\n _atom_site_type_symbol\n _atom_site_label\n _atom_site_symmetry_multiplicity\n _atom_site_fract_x\n _atom_site_fract_y\n _atom_site_fract_z\n _atom_site_occupancy\n  Sr  Sr1  1  0.890583  0.109417  0.750000  1\n  Sr  Sr2  1  0.109417  0.890583  0.250000  1\n  Bi  Bi3  1  0.416219  0.583781  0.250000  1\n  Bi  Bi4  1  0.583781  0.416219  0.750000  1\n  Cl  Cl5  1  0.755487  0.244513  0.250000  1\n  Cl  Cl6  1  0.244513  0.755487  0.750000  1\n  O  O7  1  0.263533  0.263533  0.500000  1\n  O  O8  1  0.263533  0.263533  0.000000  1\n  O  O9  1  0.736467  0.736467  1.000000  1\n  O  O10  1  0.736467  0.736467  0.500000  1\n"}}