{"phonon": {"ph_bandstructure": [[0.0, 0.0, 0.0, 29.88305251065315, 66.41606807721192, 79.69796470994471, 95.80442051443436, 103.64813491850882, 103.8060723810359, 141.4259282862371, 156.3025765767195, 171.14806794005705, 185.04432424690742, 185.958145353468, 192.44443651901267, 204.44861282271395, 209.90764073458482, 214.48731488173675, 259.2318515237219, 262.98192656657693, 264.3514076226179, 283.6289011127655, 318.2870625796435, 321.8420408717592, 341.2979095777867, 386.40099861879753, 391.4815046524895, 396.7243581558325, 428.56055313164956, 476.9714855284779, 575.474323435673, 613.4961729763087, 630.8316804389141, 637.861613109516, 761.3885464869486, 795.6991837625901]]}, "dielectric": {"eps_electronic": [[3.2747155228769707, -1.3322676295501878e-15, 0.0], [-6.661338147750939e-16, 3.5925069753458265, 0.0], [0.0, 0.0, 4.148485204287517]], "eps_total": [[8.224248506468673, -2.6645352591003757e-15, 0.0], [-1.7763568394002505e-15, 9.359328094817045, 0.0], [0.0, 0.0, 16.93521479714179]], "becs": [[[1.469821990303629, 9.251858814269842e-17, 8.080918529746814e-23], [7.401487051415874e-17, 1.2200735268237475, 1.8207119911040242e-23], [-1.3143039428824741e-17, 9.251858814269842e-18, 1.5011560896760663]], [[1.469821990303629, 9.251858814269842e-17, 7.85592776550891e-23], [7.401487051415874e-17, 1.2200735268237475, 1.400547689317518e-23], [-1.3143039428824741e-17, 9.251858814269842e-18, 1.5011560896760663]], [[1.3829908929632926, -3.515706217073642e-16, 8.305909293984718e-23], [-8.141635491859665e-16, 1.2325313245121503, 5.602190857445046e-24], [-1.3143039428824741e-17, 9.251858814269842e-18, 1.059076165650341]], [[1.3829908929632926, -3.515706217073642e-16, -7.893425731144373e-23], [-8.141635491859665e-16, 1.2325313245121503, 2.408941998578887e-22], [-1.3143039428824741e-17, 9.251858814269842e-18, 1.05907616565034]], [[2.4787073833397395, -1.295260167823329e-16, 1.1062048383717886e-23], [7.401487051415874e-17, 3.108767229892062, -1.2885038571423706e-22], [-1.3143039428824741e-17, 9.251858814269842e-18, 5.514138246340966]], [[2.4787073833397404, 9.251858814269842e-17, 1.1062048383717886e-23], [7.401487051415874e-17, 3.108767229892062, -1.2885038571423706e-22], [-1.3143039428824741e-17, 9.251858814269842e-18, 5.514138246340966]], [[-1.3709986657884272, 9.251858814269842e-17, -2.7692612984079927e-22], [7.401487051415874e-17, -2.9610880175895016, -1.2885038571423706e-22], [-1.3143039428824741e-17, 9.251858814269842e-18, -1.5790369207825383]], [[-1.9802608004042548, 9.251858814269842e-17, 8.305909293984718e-23], [9.62193290214284e-16, -1.3001420318171029, 0.5099233832211527], [-1.3143039428824741e-17, 0.8485908898443766, -3.247666790453368]], [[-1.9802608004042561, 9.251858814269842e-17, 1.0503194589012176e-17], [7.401487051415874e-17, -1.3001420318171033, -0.5099233832211527], [-1.3143039428824741e-17, -0.8485908898443766, -3.2476667904533687]], [[-1.9802608004042561, 9.251858814269842e-17, 8.305909293984718e-23], [7.401487051415874e-17, -1.3001420318171033, -0.5099233832211527], [-1.3143039428824741e-17, -0.8485908898443766, -3.2476667904533714]], [[-1.9802608004042557, 9.251858814269842e-17, -1.0503028470826296e-17], [7.401487051415874e-17, -1.3001420318171029, 0.5099233832211527], [1.4457342901675511e-16, 0.8485908898443764, -3.2476667904533687]], [[-1.3709986657884272, 9.251858814269842e-17, -2.4092760756273464e-22], [7.401487051415874e-17, -2.9610880175895007, -6.162409742839599e-23], [-1.3143039428824741e-17, 9.251858814269842e-18, -1.5790369207825383]]]}, "metadata": {"formula": "CsNaTiO3", "nsites": 12, "structure": "# generated using pymatgen\ndata_CsNaTiO3\n_symmetry_space_group_name_H-M   'P 1'\n_cell_length_a   6.32831068\n_cell_length_b   6.32831068\n_cell_length_c   5.59362549\n_cell_angle_alpha   90.00000000\n_cell_angle_beta   90.00000000\n_cell_angle_gamma   123.66343131\n_symmetry_Int_Tables_number   1\n_chemical_formula_structural   CsNaTiO3\n_chemical_formula_sum   'Cs2 Na2 Ti2 O6'\n_cell_volume   186.44600408\n_cell_formula_units_Z   2\nloop_\n _symmetry_equiv_pos_site_id\n _symmetry_equiv_pos_as_xyz\n  1  'x, y, z'\nloop_\n _atom_site_type_symbol\n _atom_site_label\n _atom_site_symmetry_multiplicity\n _atom_site_fract_x\n _atom_site_fract_y\n _atom_site_fract_z\n _atom_site_occupancy\n  Cs  Cs1  1  0.733334  0.266666  0.250000  1\n  Cs  Cs2  1  0.266666  0.733334  0.750000  1\n  Na  Na3  1  0.574094  0.425906  0.750000  1\n  Na  Na4  1  0.425906  0.574094  0.250000  1\n  Ti  Ti5  1  0.951252  0.048748  0.750000  1\n  Ti  Ti6  1  0.048748  0.951252  0.250000  1\n  O  O7  1  0.794390  0.205610  0.750000  1\n  O  O8  1  0.788382  0.788382  1.000000  1\n  O  O9  1  0.211618  0.211618  0.500000  1\n  O  O10  1  0.788382  0.788382  0.500000  1\n  O  O11  1  0.211618  0.211618  1.000000  1\n  O  O12  1  0.205610  0.794390  0.250000  1\n"}}