{"phonon": {"ph_bandstructure": [[-0.015950755734859327, -0.0030295460959217442, 0.0, 41.93100585136085, 42.44057197639152, 60.239768737707855, 61.232722803533186, 62.11865246656861, 85.57156820808319, 86.90125362003326, 93.97286300123095, 96.61241814131272, 102.68653677174667, 107.81479379077702, 116.12498069130378, 117.75860768581256, 121.1749188764845, 128.8377062878484, 333.78740427051963, 333.9690913128391, 355.3819989506772, 356.1834158970727, 465.3454606978826, 474.51976738450907, 558.3721348977268, 561.9568378465848, 1080.6667738360093, 1095.4295836162125, 1137.204402189656, 1153.2933080851878]]}, "dielectric": {"eps_electronic": [[2.3664168052380328, 0.0, 0.0], [0.0, 2.3204152621667307, -0.07119126866240358], [0.0, -0.07119126866240369, 2.164152754874568]], "eps_total": [[6.168573967546705, 0.0, 0.0], [0.0, 5.880582356101497, -0.5619100751661851], [0.0, -0.5619100751661853, 5.01603634474512]], "becs": [[[1.2756832432992211, 0.0, 0.0], [5.551113191260425e-18, 1.267748008391159, -0.041891338573888895], [0.0, -0.013834982628628274, 1.234510737345529]], [[1.2756832432992211, 0.0, 0.0], [5.551113191260425e-18, 1.267748008391159, -0.041891338573888895], [0.0, -0.013834982628628274, 1.234510737345529]], [[2.741389878708267, 0.0, 0.0], [5.5511182277188984e-18, 2.199643201220978, -0.5236503108039847], [0.0, -0.45765908828777957, 1.5241577029941207]], [[2.741389878708267, 0.0, 0.0], [5.551113191260425e-18, 2.1996432012209777, -0.5236503108039844], [0.0, -0.45765908828777957, 1.5241577029941216]], [[-1.7063007279839995, 0.06267495414227613, 0.7398059778841211], [-0.22261139370695004, -0.680792070727785, 0.15698629590466312], [0.30665645677989445, -0.0385413340023914, -1.069415592483917]], [[-1.7063007279839995, -0.06267495414227613, -0.7398059778841211], [0.22261139370695, -0.6807920707277837, 0.15698629590466245], [-0.30665645677989445, -0.03854133400239142, -1.069415592483917]], [[-1.7063007279839995, 0.06267495414227613, 0.7398059778841211], [-0.22261139370695, -0.6807920707277837, 0.156986295904663], [0.30665645677989445, -0.03854133400239142, -1.0694155924839166]], [[-1.7063007279839995, -0.06267495414227613, -0.7398059778841211], [0.22261139370695, -0.6807920707277837, 0.15698629590466245], [-0.30665645677989445, -0.0385413340023914, -1.069415592483917]], [[-0.6044716660395086, 0.0, 0.0], [5.55111990653839e-18, -2.1058070681578216, 0.2515690575685464], [0.0, 0.5485767389211154, -0.6198372553725469]], [[-0.6044716660395086, 0.0, 0.0], [5.5511266218163546e-18, -2.1058070681578234, 0.2515690575685471], [0.0, 0.5485767389211154, -0.6198372553725469]]]}, "metadata": {"formula": "RbSO2F", "nsites": 10, "structure": "# generated using pymatgen\ndata_RbSO2F\n_symmetry_space_group_name_H-M   'P 1'\n_cell_length_a   5.94422958\n_cell_length_b   4.73760792\n_cell_length_c   7.14334134\n_cell_angle_alpha   73.22844149\n_cell_angle_beta   90.00000000\n_cell_angle_gamma   90.00000000\n_symmetry_Int_Tables_number   1\n_chemical_formula_structural   RbSO2F\n_chemical_formula_sum   'Rb2 S2 O4 F2'\n_cell_volume   192.609643662\n_cell_formula_units_Z   2\nloop_\n _symmetry_equiv_pos_site_id\n _symmetry_equiv_pos_as_xyz\n  1  'x, y, z'\nloop_\n _atom_site_type_symbol\n _atom_site_label\n _atom_site_symmetry_multiplicity\n _atom_site_fract_x\n _atom_site_fract_y\n _atom_site_fract_z\n _atom_site_occupancy\n  Rb  Rb1  1  0.250000  0.339262  0.288084  1\n  Rb  Rb2  1  0.750000  0.660738  0.711916  1\n  S  S3  1  0.250000  0.100623  0.822591  1\n  S  S4  1  0.750000  0.899377  0.177409  1\n  O  O5  1  0.454998  0.166023  0.701000  1\n  O  O6  1  0.954998  0.833977  0.299000  1\n  O  O7  1  0.545002  0.833977  0.299000  1\n  O  O8  1  0.045002  0.166023  0.701000  1\n  F  F9  1  0.750000  0.292028  0.122428  1\n  F  F10  1  0.250000  0.707972  0.877572  1\n"}}