{"phonon": {"ph_bandstructure": [[0.0, 0.0, 0.0, 141.27661122035124, 141.27661122366783, 142.2785470620706, 147.226043996521, 185.97464808234497, 193.85194260980745, 422.4552142670006, 469.9309310379271, 469.9309310379356, 776.8619006476749, 786.8770601066647, 817.1164210428606, 819.8711233186768, 829.9164364727558, 1604.944467904537, 1668.2314182011596, 1877.37650903931, 1888.76733641198]]}, "dielectric": {"eps_electronic": [[3.6908909808056616, 4.865355851106447e-16, -6.986565870173238e-16], [3.341968967569072e-16, 3.6908909808056625, -6.171661998167897e-16], [-1.7975958156365435e-15, -9.09417395936418e-16, 3.58839558130035]], "eps_total": [[7.452612824395382, 3.641608561289976e-14, -8.650368280995553e-16], [3.4847686722745846e-14, 7.452612824553696, -8.075254975946693e-16], [-9.493644264463843e-16, -9.493644264463843e-16, 6.577950075499976]], "becs": [[[1.0090042046774492, -4.3615901525544633e-16, -4.830691559736699e-17], [-4.678796844460706e-16, 1.0090042046774497, 4.6855042343669164e-17], [6.02692466467678e-16, 8.405973910987704e-16, 1.0513019360391316]], [[1.0090042046774492, -4.3615901525544633e-16, -4.830691559736699e-17], [-4.678796844460706e-16, 1.0090042046774497, 4.6855042343669164e-17], [6.02692466467678e-16, 8.405973910987704e-16, 1.0513019360391316]], [[-0.3946517167560111, -0.4603744491209058, 1.7430693470551167e-16], [-0.4603744491209061, -0.39465171675601124, -1.746203172035148e-16], [-9.516197680075412e-16, -1.1022929019952535e-15, -0.23917829196769558]], [[-0.3946517167560111, -0.4603744491209058, 1.7430693470551167e-16], [-0.4603744491209061, -0.39465171675601124, -1.746203172035148e-16], [-9.516197680075412e-16, -1.1022929019952535e-15, -0.23917829196769558]], [[-0.3946517167560112, 0.4603744491209072, 7.620756642071808e-18], [0.4603744491209072, -0.39465171675601113, -8.239587879407693e-18], [-1.0626420704700568e-15, -1.0467817507639957e-15, -0.2391782919676958]], [[-0.3946517167560112, 0.4603744491209072, 7.620756642071808e-18], [0.4603744491209072, -0.39465171675601113, -8.239587879407693e-18], [-1.0626420704700568e-15, -1.0467817507639957e-15, -0.2391782919676958]], [[-0.43940154235824636, -1.9904712497306655e-15, -2.6724149699464693e-16], [-1.3560581041461959e-15, -0.4394015423582465, 2.7200967079645183e-16], [2.823138515717991e-15, 2.616954230499021e-15, -1.1458907042392572]]]}, "metadata": {"formula": "Na2H4Pd", "nsites": 7, "structure": "# generated using pymatgen\ndata_Na2H4Pd\n_symmetry_space_group_name_H-M   'P 1'\n_cell_length_a   4.94752460\n_cell_length_b   4.94752460\n_cell_length_c   4.94752460\n_cell_angle_alpha   115.83424072\n_cell_angle_beta   115.83424072\n_cell_angle_gamma   97.38071881\n_symmetry_Int_Tables_number   1\n_chemical_formula_structural   Na2H4Pd\n_chemical_formula_sum   'Na2 H4 Pd1'\n_cell_volume   90.2150457159\n_cell_formula_units_Z   1\nloop_\n _symmetry_equiv_pos_site_id\n _symmetry_equiv_pos_as_xyz\n  1  'x, y, z'\nloop_\n _atom_site_type_symbol\n _atom_site_label\n _atom_site_symmetry_multiplicity\n _atom_site_fract_x\n _atom_site_fract_y\n _atom_site_fract_z\n _atom_site_occupancy\n  Na  Na1  1  0.750000  0.250000  0.500000  1\n  Na  Na2  1  0.250000  0.750000  0.500000  1\n  H  H3  1  0.220985  0.220985  0.441969  1\n  H  H4  1  0.779015  0.779015  0.558031  1\n  H  H5  1  0.220985  0.779015  0.000000  1\n  H  H6  1  0.779015  0.220985  0.000000  1\n  Pd  Pd7  1  0.000000  0.000000  0.000000  1\n"}}