{"phonon": {"ph_bandstructure": [[0.0, 0.0, 0.0, 113.74325483676785, 113.74325484075439, 115.57074788012747, 433.57646859076186, 433.5764685912323, 433.57646859221074, 463.6224393284679, 463.6224393298813, 678.26302273479, 1044.3637076122545, 1044.3637076137188, 1139.6975075692526]]}, "dielectric": {"eps_electronic": [[3.6600428804145566, 0.0, 0.0], [0.0, 3.6600428804145566, 0.0], [0.0, 0.0, 3.6600428804145566]], "eps_total": [[9.631052682550168, 2.854601998574305e-14, 1.0490493480272206e-12], [2.854601998574305e-14, 9.6310526826112, 2.3575071593547112e-12], [1.0490493480272206e-12, 2.3575071593547112e-12, 9.631052682681734]], "becs": [[[1.1056292892547166, 0.0, 0.0], [0.0, 1.1056292892547166, 0.0], [0.0, 0.0, 1.1056292892547166]], [[1.9229442699977817, 0.0, 0.0], [0.0, 1.9229442699977817, 0.0], [0.0, 0.0, 1.9229442699977817]], [[-0.9505087951161975, 0.0, 0.0], [0.0, -1.1275559690198342, 0.0], [0.0, 0.0, -0.9505087951161975]], [[-1.1275559690198342, 0.0, 0.0], [0.0, -0.9505087951161975, 0.0], [0.0, 0.0, -0.9505087951161975]], [[-0.9505087951161975, 0.0, 0.0], [0.0, -0.9505087951161975, 0.0], [0.0, 0.0, -1.1275559690198342]]]}, "metadata": {"formula": "CsCaH3", "nsites": 5, "structure": "# generated using pymatgen\ndata_CsCaH3\n_symmetry_space_group_name_H-M   'P 1'\n_cell_length_a   4.53875821\n_cell_length_b   4.53875821\n_cell_length_c   4.53875821\n_cell_angle_alpha   90.00000000\n_cell_angle_beta   90.00000000\n_cell_angle_gamma   90.00000000\n_symmetry_Int_Tables_number   1\n_chemical_formula_structural   CsCaH3\n_chemical_formula_sum   'Cs1 Ca1 H3'\n_cell_volume   93.4998992242\n_cell_formula_units_Z   1\nloop_\n _symmetry_equiv_pos_site_id\n _symmetry_equiv_pos_as_xyz\n  1  'x, y, z'\nloop_\n _atom_site_type_symbol\n _atom_site_label\n _atom_site_symmetry_multiplicity\n _atom_site_fract_x\n _atom_site_fract_y\n _atom_site_fract_z\n _atom_site_occupancy\n  Cs  Cs1  1  0.000000  0.000000  0.000000  1\n  Ca  Ca2  1  0.500000  0.500000  0.500000  1\n  H  H3  1  0.500000  0.000000  0.500000  1\n  H  H4  1  0.000000  0.500000  0.500000  1\n  H  H5  1  0.500000  0.500000  0.000000  1\n"}}