{"phonon": {"ph_bandstructure": [[0.0, 0.0, 0.0, 99.47048942498436, 99.47048942702682, 99.47048943304415, 132.59764159348086, 132.5976415995889, 200.9733194670147, 508.15668091030057, 508.1566809110817, 508.1566809114725, 735.2802257425384, 735.2802257430767, 735.2802257433459, 769.3558232922745, 769.3558232929167, 769.3558232940742, 805.3809059737648, 805.3809059755547, 806.0427872656585, 1436.8899770268222, 1436.8899770288106, 1487.6702895098783, 1713.09167646928, 1713.091676470547, 1732.131038004182]]}, "dielectric": {"eps_electronic": [[4.635753938777523, 1.250612213719418e-15, 4.440892098500626e-16], [2.1338513471377234e-15, 4.6357539387775235, 4.440892098500626e-16], [9.69833835530895e-16, 5.257446256808324e-16, 4.635753938777524]], "eps_total": [[11.434192903482234, 4.8807486819788324e-14, 7.993605777301127e-15], [4.86316358375724e-14, 11.434192903926022, -1.9539925233402755e-14], [8.886547519483118e-15, -2.0423340330621013e-14, 11.434192904078472]], "becs": [[[2.449155304745914, 3.7007434429898756e-17, -2.4671622953265837e-17], [2.4671622953265837e-17, 2.449155304745914, -3.7007434429898756e-17], [1.2283720095534934e-17, 3.695534304880077e-17, 2.449155304745914]], [[2.449155304745914, 3.7007434429898756e-17, -2.4671622953265837e-17], [2.4671622953265837e-17, 2.449155304745914, -3.7007434429898756e-17], [1.2283720095534934e-17, 3.695534304880077e-17, 2.449155304745914]], [[-0.9639073838751469, -7.40148680326169e-17, 8.635067950924982e-17], [4.687608328033285e-16, -0.11285772986181694, -4.810966442799614e-16], [5.675496810086463e-16, -6.845351743570179e-16, -0.1128577298618167]], [[-0.11285772986181673, -4.625929266514217e-16, 4.194175868967968e-16], [-3.6390643566553895e-16, -0.11285772986181672, 4.0708177542016386e-16], [1.2438168696068064e-17, 3.71097916493339e-17, -0.963907383875147]], [[-0.11285772986181684, 4.810966442799614e-16, -4.687608328033285e-16], [-1.4186183074050764e-16, -0.9639073838751469, 1.2952601926387473e-16], [-5.981844948477681e-16, 5.922213039619121e-16, -0.1128577298618167]], [[-0.9639073838751469, -7.40148680326169e-17, 8.635067950924982e-17], [4.687608328033285e-16, -0.11285772986181694, -4.810966442799614e-16], [5.675496810086463e-16, -6.845351743570179e-16, -0.1128577298618167]], [[-0.11285772986181673, -4.625929266514217e-16, 4.194175868967968e-16], [-3.6390643566553895e-16, -0.11285772986181672, 4.0708177542016386e-16], [1.2438168696068064e-17, 3.71097916493339e-17, -0.963907383875147]], [[-0.11285772986181684, 4.810966442799614e-16, -4.687608328033285e-16], [-1.4186183074050764e-16, -0.9639073838751469, 1.2952601926387473e-16], [-5.981844948477681e-16, 5.922213039619121e-16, -0.1128577298618167]], [[-2.5190649222939916, 3.7007434429898756e-17, -2.4671622953265837e-17], [2.4671622953265837e-17, -2.5190649222939916, -3.7007434429898756e-17], [1.1825850929081578e-17, 3.6497473882347416e-17, -2.5190649222939916]]]}, "metadata": {"formula": "Ba2H6Ru", "nsites": 9, "structure": "# generated using pymatgen\ndata_Ba2H6Ru\n_symmetry_space_group_name_H-M   'P 1'\n_cell_length_a   5.62539568\n_cell_length_b   5.62539568\n_cell_length_c   5.62539568\n_cell_angle_alpha   60.00000000\n_cell_angle_beta   60.00000000\n_cell_angle_gamma   60.00000000\n_symmetry_Int_Tables_number   1\n_chemical_formula_structural   Ba2H6Ru\n_chemical_formula_sum   'Ba2 H6 Ru1'\n_cell_volume   125.876375171\n_cell_formula_units_Z   1\nloop_\n _symmetry_equiv_pos_site_id\n _symmetry_equiv_pos_as_xyz\n  1  'x, y, z'\nloop_\n _atom_site_type_symbol\n _atom_site_label\n _atom_site_symmetry_multiplicity\n _atom_site_fract_x\n _atom_site_fract_y\n _atom_site_fract_z\n _atom_site_occupancy\n  Ba  Ba1  1  0.750000  0.750000  0.750000  1\n  Ba  Ba2  1  0.250000  0.250000  0.250000  1\n  H  H3  1  0.216475  0.783525  0.783525  1\n  H  H4  1  0.783525  0.783525  0.216475  1\n  H  H5  1  0.783525  0.216475  0.783525  1\n  H  H6  1  0.783525  0.216475  0.216475  1\n  H  H7  1  0.216475  0.216475  0.783525  1\n  H  H8  1  0.216475  0.783525  0.216475  1\n  Ru  Ru9  1  0.000000  0.000000  0.000000  1\n"}}