{"phonon": {"ph_bandstructure": [[0.0, 0.0, 0.0, 99.57498338423873, 99.57498338627396, 99.57498339228195, 110.3472741786637, 110.34727418595739, 167.9407519066349, 491.4031960842314, 491.4031960850277, 491.40319608541904, 712.7044064670387, 712.7044064675852, 712.7044064678538, 761.296771016006, 761.2967710166473, 761.2967710178092, 798.6459313764793, 798.6459313782719, 798.662484669358, 1546.2567123832266, 1546.256712385285, 1590.273044750186, 1834.4844201888886, 1834.484420190205, 1851.180441397743]]}, "dielectric": {"eps_electronic": [[4.619141801683713, 2.072630989140942e-15, 1.7763568394002505e-15], [2.072630989140942e-15, 4.619141801683713, 1.7763568394002505e-15], [2.8050731388477632e-15, 2.8050731388477632e-15, 4.619141801683713]], "eps_total": [[11.317447948488772, 3.524346303706906e-13, 2.7622348852673895e-12], [3.5135536144732743e-13, 11.317447949117334, -2.205080562589501e-10], [2.7630286130187135e-12, -2.2050370981751997e-10, 11.317447949333546]], "becs": [[[2.4508641145181995, -1.2335811476632919e-17, 1.2335811476632919e-17], [0.0, 2.4508641145181995, -1.2335811476632919e-17], [-4.9365246897375066e-17, -2.200099084339094e-20, 2.4508641145181995]], [[2.4508641145181995, -1.2335811476632919e-17, 1.2335811476632919e-17], [0.0, 2.4508641145181995, -1.2335811476632919e-17], [-4.9365246897375066e-17, -2.200099084339094e-20, 2.4508641145181995]], [[-0.9265245728346709, 4.317533975462491e-17, -4.317533975462491e-17], [0.0, -0.011010061473978747, 4.317533975462491e-17], [-1.0490905759764208e-16, 1.1096764200266307e-16, -0.011010061473978785]], [[-0.011010061473978674, -6.784696270789075e-17, 1.2335811476632919e-17], [-5.551115123125783e-17, -0.011010061473978747, 4.317533975462491e-17], [6.160905777301476e-17, -1.1109230124548486e-16, -0.9265245728346709]], [[-0.011010061473978563, 4.317533975462491e-17, 1.2335811476632919e-17], [5.551115123125783e-17, -0.9265245728346709, -6.784696270789075e-17], [1.1713554732738923e-16, -5.466045985258073e-20, -0.011010061473978785]], [[-0.9265245728346709, 4.317533975462491e-17, -4.317533975462491e-17], [0.0, -0.011010061473978747, 4.317533975462491e-17], [-1.0490905759764208e-16, 1.1096764200266307e-16, -0.011010061473978785]], [[-0.011010061473978674, -6.784696270789075e-17, 1.2335811476632919e-17], [-5.551115123125783e-17, -0.011010061473978747, 4.317533975462491e-17], [6.160905777301476e-17, -1.1109230124548486e-16, -0.9265245728346709]], [[-0.011010061473978563, 4.317533975462491e-17, 1.2335811476632919e-17], [5.551115123125783e-17, -0.9265245728346709, -6.784696270789075e-17], [1.1713554732738923e-16, -5.466045985258073e-20, -0.011010061473978785]], [[-3.004638837470404, -1.2335811476632919e-17, 1.2335811476632919e-17], [0.0, -3.004638837470404, -1.2335811476632919e-17], [-4.8940604523161404e-17, 4.026413833702708e-19, -3.004638837470404]]]}, "metadata": {"formula": "Ba2H6Os", "nsites": 9, "structure": "# generated using pymatgen\ndata_Ba2H6Os\n_symmetry_space_group_name_H-M   'P 1'\n_cell_length_a   5.64361175\n_cell_length_b   5.64361175\n_cell_length_c   5.64361175\n_cell_angle_alpha   60.00000000\n_cell_angle_beta   60.00000000\n_cell_angle_gamma   60.00000000\n_symmetry_Int_Tables_number   1\n_chemical_formula_structural   Ba2H6Os\n_chemical_formula_sum   'Ba2 H6 Os1'\n_cell_volume   127.103172251\n_cell_formula_units_Z   1\nloop_\n _symmetry_equiv_pos_site_id\n _symmetry_equiv_pos_as_xyz\n  1  'x, y, z'\nloop_\n _atom_site_type_symbol\n _atom_site_label\n _atom_site_symmetry_multiplicity\n _atom_site_fract_x\n _atom_site_fract_y\n _atom_site_fract_z\n _atom_site_occupancy\n  Ba  Ba1  1  0.750000  0.750000  0.750000  1\n  Ba  Ba2  1  0.250000  0.250000  0.250000  1\n  H  H3  1  0.216814  0.783186  0.783186  1\n  H  H4  1  0.783186  0.783186  0.216814  1\n  H  H5  1  0.783186  0.216814  0.783186  1\n  H  H6  1  0.783186  0.216814  0.216814  1\n  H  H7  1  0.216814  0.216814  0.783186  1\n  H  H8  1  0.216814  0.783186  0.216814  1\n  Os  Os9  1  0.000000  0.000000  0.000000  1\n"}}