{"phonon": {"ph_bandstructure": [[0.0, 0.0, 0.0, 63.17213148090829, 67.62844288881143, 75.43015892951583, 81.0578630031266, 82.42989686172292, 93.35424654829285, 96.78105911827667, 98.77404269353842, 102.4379253404916, 103.95433833425952, 108.81834060789956, 110.81191349629204, 118.45406016213488, 122.69849578463833, 125.62434118582595, 130.57875707198474, 134.67388824448713, 140.98648784504329, 181.94324177788303, 185.0974133640872, 216.18780691261867, 318.3946436126099, 319.5229305108943, 368.1084578258708, 386.9500719671735, 394.2168205594375, 411.78148425051654]]}, "dielectric": {"eps_electronic": [[8.777182946133385, -7.02302893421381e-16, 2.1249466269733266e-15], [5.257096854810818e-16, 5.225974248732011, -9.154951819490537e-16], [5.148244352341657e-16, -1.0537407756461358e-15, 5.536193599830198]], "eps_total": [[16.395502104261535, -1.2338940647650264e-15, 1.895472522799453e-15], [-6.035668977833057e-16, 8.416763742580347, -2.2344631980019595e-15], [-7.728688584414641e-16, 7.713891939097665e-16, 8.046253904996428]], "becs": [[[1.1921023173410223, 8.909539739943247e-16, 3.34884598494339e-16], [-2.3210600454434573e-16, 1.215548924478816, -0.3067658741057391], [-6.453171426793469e-17, -0.19868350587873151, 1.134885806393553]], [[1.192102317341022, -2.1926905063083184e-16, 8.508441795367878e-17], [-6.761952143944083e-16, 1.215548924478816, 0.30676587410573797], [8.236467054321905e-16, 0.19868350587873107, 1.134885806393553]], [[1.1921023173410215, -6.633582604808945e-16, 1.128399935693077e-16], [-1.120284424244471e-15, 1.2155489244788151, 0.30676587410573797], [1.7118251251323158e-15, 0.19868350587873151, 1.134885806393553]], [[1.1921023173410223, -2.1926905063083184e-16, 1.817691106792047e-18], [-2.3210600454434573e-16, 1.215548924478817, -0.30676587410573886], [-6.453171426793469e-17, -0.1986835058787284, 1.1348858063935539]], [[4.103213335622604, -2.886579896699041e-16, -9.879627049986276e-17], [-2.3904489844825295e-16, 0.39059515779277465, -2.9976022028838696e-16], [-7.840950207574914e-17, 4.218847523354097e-16, 0.7173949067662222]], [[4.103213335622604, -3.9968029213241977e-16, -2.0717879584386563e-16], [-1.2455314903378369e-16, 0.39059515779277465, -1.9107849585797492e-16], [-2.935152130968732e-16, 6.43929357260441e-16, 0.717394906766222]], [[-3.24370898503578, 2.0011769986194812e-15, 2.2386229603182334e-16], [2.43242925455603e-15, -1.4108465033631081, 0.42473591799416976], [-5.393602232468686e-15, 0.5285777920659609, -1.4935832597836902]], [[-3.2437089850357816, -1.107447470330957e-15, -9.532682354790915e-17], [-2.3210600454434573e-16, -1.4108465033631117, -0.42473591799416843], [1.7118251251323158e-15, -0.5285777920659649, -1.4935832597836902]], [[-3.2437089850357816, -1.107447470330957e-15, -1.0920461135572361e-16], [-2.3210600454434573e-16, -1.4108465033631117, -0.42473591799416843], [3.4881819645325662e-15, -0.5285777920659649, -1.4935832597836902]], [[-3.2437089850357816, 1.112998578919356e-15, -2.479824894338682e-16], [6.560724151557795e-16, -1.4108465033631117, 0.42473591799416976], [-1.840888553668185e-15, 0.5285777920659653, -1.493583259783692]]]}, "metadata": {"formula": "K2SiAs2", "nsites": 10, "structure": "# generated using pymatgen\ndata_K2SiAs2\n_symmetry_space_group_name_H-M   'P 1'\n_cell_length_a   8.10448748\n_cell_length_b   8.10448748\n_cell_length_c   8.10448748\n_cell_angle_alpha   133.99800664\n_cell_angle_beta   129.37506591\n_cell_angle_gamma   70.79023963\n_symmetry_Int_Tables_number   1\n_chemical_formula_structural   K2SiAs2\n_chemical_formula_sum   'K4 Si2 As4'\n_cell_volume   289.985319638\n_cell_formula_units_Z   2\nloop_\n _symmetry_equiv_pos_site_id\n _symmetry_equiv_pos_as_xyz\n  1  'x, y, z'\nloop_\n _atom_site_type_symbol\n _atom_site_label\n _atom_site_symmetry_multiplicity\n _atom_site_fract_x\n _atom_site_fract_y\n _atom_site_fract_z\n _atom_site_occupancy\n  K  K1  1  0.307616  0.142919  0.164697  1\n  K  K2  1  0.978222  0.642919  0.335303  1\n  K  K3  1  0.021778  0.357081  0.664697  1\n  K  K4  1  0.692384  0.857081  0.835303  1\n  Si  Si5  1  0.500000  0.750000  0.250000  1\n  Si  Si6  1  0.500000  0.250000  0.750000  1\n  As  As7  1  0.564860  0.397808  0.167053  1\n  As  As8  1  0.230755  0.897808  0.332947  1\n  As  As9  1  0.769245  0.102192  0.667053  1\n  As  As10  1  0.435140  0.602192  0.832947  1\n"}}