{"phonon": {"ph_bandstructure": [[-55.15566165937554, -55.1556616531172, -55.15566165085082, 0.0, 0.0, 0.0, 95.78569535451058, 95.78569535683344, 95.78569536370037, 103.0771424229132, 103.07714243156083, 137.36045836139684, 217.34116564882882, 217.34116564995063, 217.34116565309895, 225.78404677438732, 225.78404677851398, 276.39202430059544, 312.70801705854853, 312.70801706167777, 350.61958952353626, 350.6195895244982, 350.61958952484673, 400.40376576256074, 568.1465182244536, 568.1465182257817, 608.8966091987149, 608.8966092007701, 706.1771280682885, 747.1913321544068]]}, "dielectric": {"eps_electronic": [[4.33107813321547, 8.120184977873386e-17, 4.440892098500626e-16], [8.120184977873386e-17, 4.33107813321547, 4.440892098500626e-16], [3.6288736007132875e-16, 3.6288736007132875e-16, 4.33107813321547]], "eps_total": null, "becs": [[[2.7448678917986307, 0.0, 1.3322676494025225e-16], [0.0, 2.7448678917986307, 4.440892164675075e-17], [4.4430462472119355e-17, -4.4387380821382136e-17, 2.7448678917986307]], [[2.7448678917986307, 0.0, 1.3322676494025225e-16], [0.0, 2.7448678917986307, 4.440892164675075e-17], [4.4430462472119355e-17, -4.4387380821382136e-17, 2.7448678917986307]], [[4.290338788201096, 0.0, 1.3322676494025225e-16], [0.0, 4.290338788201096, 4.440892164675075e-17], [4.440277366387129e-17, -4.44150696296302e-17, 4.290338788201096]], [[4.903091030869307, 0.0, 1.3322676494025225e-16], [0.0, 4.903091030869307, 4.440892164675075e-17], [4.474281434165704e-17, -4.407502895184445e-17, 4.903091030869307]], [[-3.405279073039346, 0.0, 1.3322676494025225e-16], [4.440892098500626e-16, -1.9681518641440983, -3.9968028820331186e-16], [4.88456778199481e-16, -4.885394847941455e-16, -1.9681518641440983]], [[-1.9681518641440987, 0.0, -8.881783998477905e-17], [-2.220446049250313e-16, -3.4052790730393467, 2.6645352657178206e-16], [-3.99721641500644e-16, 3.9963893490597973e-16, -1.9681518641440983]], [[-1.9681518641440987, 0.0, -8.881783998477905e-17], [-2.220446049250313e-16, -3.4052790730393467, 2.6645352657178206e-16], [-3.99721641500644e-16, 3.9963893490597973e-16, -1.9681518641440983]], [[-1.9681518641440983, 0.0, -3.1086244490981036e-16], [-2.220446049250313e-16, -1.9681518641440983, 4.440892164675075e-17], [-1.7773838986807928e-16, 1.7753297668848183e-16, -3.4052790730393467]], [[-3.405279073039346, 0.0, 1.3322676494025225e-16], [4.440892098500626e-16, -1.9681518641440983, -3.9968028820331186e-16], [4.88456778199481e-16, -4.885394847941455e-16, -1.9681518641440983]], [[-1.9681518641440983, 0.0, -3.1086244490981036e-16], [-2.220446049250313e-16, -1.9681518641440983, 4.440892164675075e-17], [-1.7773838986807928e-16, 1.7753297668848183e-16, -3.4052790730393467]]]}, "metadata": {"formula": "Ba2YSbO6", "nsites": 10, "structure": "# generated using pymatgen\ndata_Ba2YSbO6\n_symmetry_space_group_name_H-M   'P 1'\n_cell_length_a   5.94586320\n_cell_length_b   5.94586320\n_cell_length_c   5.94586320\n_cell_angle_alpha   60.00000000\n_cell_angle_beta   60.00000000\n_cell_angle_gamma   60.00000000\n_symmetry_Int_Tables_number   1\n_chemical_formula_structural   Ba2YSbO6\n_chemical_formula_sum   'Ba2 Y1 Sb1 O6'\n_cell_volume   148.637961289\n_cell_formula_units_Z   1\nloop_\n _symmetry_equiv_pos_site_id\n _symmetry_equiv_pos_as_xyz\n  1  'x, y, z'\nloop_\n _atom_site_type_symbol\n _atom_site_label\n _atom_site_symmetry_multiplicity\n _atom_site_fract_x\n _atom_site_fract_y\n _atom_site_fract_z\n _atom_site_occupancy\n  Ba  Ba1  1  0.750000  0.750000  0.750000  1\n  Ba  Ba2  1  0.250000  0.250000  0.250000  1\n  Y  Y3  1  0.000000  0.000000  0.000000  1\n  Sb  Sb4  1  0.500000  0.500000  0.500000  1\n  O  O5  1  0.737727  0.262273  0.262273  1\n  O  O6  1  0.737727  0.262273  0.737727  1\n  O  O7  1  0.262273  0.737727  0.262273  1\n  O  O8  1  0.262273  0.262273  0.737727  1\n  O  O9  1  0.262273  0.737727  0.737727  1\n  O  O10  1  0.737727  0.737727  0.262273  1\n"}}