{"phonon": {"ph_bandstructure": [[0.0, 0.0, 0.0, 57.748264453234405, 57.74826445669243, 57.748264467013534, 72.06410431643245, 72.06410432751161, 99.82485711798017, 323.0102366246556, 323.0102366258301, 323.0102366263952, 747.2424719314902, 747.2424719319984, 747.2424719322414, 777.7539204457667, 777.7539204464103, 777.7539204475636, 830.0893236607338, 830.0893236625202, 832.1974728099789, 1714.3194906261065, 1714.3194906282824, 1767.5370413706294, 2093.960291929681, 2093.9602919311096, 2098.6603735745016]]}, "dielectric": {"eps_electronic": [[2.8582923319142277, 1.4486739129102676e-15, 1.7763568394002505e-15], [1.670718517835299e-15, 2.8582923319142277, 1.7763568394002505e-15], [2.0478901903462297e-15, 2.0478901903462297e-15, 2.858292331914228]], "eps_total": [[5.8600692411456565, 1.7823931354136265e-10, 2.220446049250313e-15], [1.782395083782026e-10, 5.860069241791552, 1.1122258669615803e-10], [2.7546049056055743e-15, 1.1122356494422423e-10, 5.860069242009629]], "becs": [[[1.1948118941722394, -1.2335811476632919e-17, 2.4671622953265837e-17], [-2.4671622953265837e-17, 1.1948118941722392, 3.0839528691582296e-17], [6.018932160452337e-18, -1.4897357786412235e-19, 1.1948118941722392]], [[1.1948118941722394, -1.2335811476632919e-17, 2.4671622953265837e-17], [-2.4671622953265837e-17, 1.1948118941722392, 3.0839528691582296e-17], [6.018932160452337e-18, -1.4897357786412235e-19, 1.1948118941722392]], [[-0.9816933890043141, -1.2335811476632919e-17, 2.4671622953265837e-17], [-5.242719856889475e-17, 0.061432097395998225, 8.635067992284012e-17], [-2.1610790847609695e-17, -2.312097029724071e-20, 0.06143209739599822]], [[0.061432097395998336, 1.5419764221714056e-16, -1.4186183074050764e-16], [1.1410625512487873e-16, 0.06143209739599839, -1.634495006178201e-16], [-1.0489285601761306e-16, 1.1098384316910179e-16, -0.981693389004314]], [[0.061432097395998336, -1.2335811393914857e-16, 8.018277418452366e-17], [-2.4671622953265837e-17, -0.981693389004314, 3.0839528691582296e-17], [1.1716708723053487e-16, -1.110454234328129e-16, 0.061432097395998274]], [[-0.9816933890043141, -1.2335811476632919e-17, 2.4671622953265837e-17], [-5.242719856889475e-17, 0.061432097395998225, 8.635067992284012e-17], [-2.1610790847609695e-17, -2.312097029724071e-20, 0.06143209739599822]], [[0.061432097395998336, 1.5419764221714056e-16, -1.4186183074050764e-16], [1.1410625512487873e-16, 0.06143209739599839, -1.634495006178201e-16], [-1.0489285601761306e-16, 1.1098384316910179e-16, -0.981693389004314]], [[0.061432097395998336, -1.2335811393914857e-16, 8.018277418452366e-17], [-2.4671622953265837e-17, -0.981693389004314, 3.0839528691582296e-17], [1.1716708723053487e-16, -1.110454234328129e-16, 0.061432097395998274]], [[-0.6719653999166322, -1.2335811476632919e-17, 2.4671622953265837e-17], [-2.4671622953265837e-17, -0.6719653999166322, 3.0839528691582296e-17], [6.635255360510998e-18, 4.673496221945391e-19, -0.6719653999166322]]]}, "metadata": {"formula": "Cs2H6Pt", "nsites": 9, "structure": "# generated using pymatgen\ndata_Cs2H6Pt\n_symmetry_space_group_name_H-M   'P 1'\n_cell_length_a   6.26062226\n_cell_length_b   6.26062226\n_cell_length_c   6.26062226\n_cell_angle_alpha   60.00000000\n_cell_angle_beta   60.00000000\n_cell_angle_gamma   60.00000000\n_symmetry_Int_Tables_number   1\n_chemical_formula_structural   Cs2H6Pt\n_chemical_formula_sum   'Cs2 H6 Pt1'\n_cell_volume   173.515191876\n_cell_formula_units_Z   1\nloop_\n _symmetry_equiv_pos_site_id\n _symmetry_equiv_pos_as_xyz\n  1  'x, y, z'\nloop_\n _atom_site_type_symbol\n _atom_site_label\n _atom_site_symmetry_multiplicity\n _atom_site_fract_x\n _atom_site_fract_y\n _atom_site_fract_z\n _atom_site_occupancy\n  Cs  Cs1  1  0.750000  0.750000  0.750000  1\n  Cs  Cs2  1  0.250000  0.250000  0.250000  1\n  H  H3  1  0.185846  0.814154  0.814154  1\n  H  H4  1  0.814154  0.814154  0.185846  1\n  H  H5  1  0.814154  0.185846  0.814154  1\n  H  H6  1  0.814154  0.185846  0.185846  1\n  H  H7  1  0.185846  0.185846  0.814154  1\n  H  H8  1  0.185846  0.814154  0.185846  1\n  Pt  Pt9  1  0.000000  0.000000  0.000000  1\n"}}