{"phonon": {"ph_bandstructure": [[-0.008290344657721174, -0.006065584351285948, 0.0, 75.02005686402558, 98.29226677028633, 127.69243734434956, 129.8729929616136, 139.79967626457824, 167.84256224272136, 182.94403009056816, 184.96168283156248, 234.79632282966264, 364.5495327350813, 450.2862403655573, 464.85008271989597, 499.1121441873128, 2500.6506421944346, 2504.3810195316223]]}, "dielectric": {"eps_electronic": [[3.5341064138344715, 0.0, 0.0], [0.0, 3.56007868036047, 0.1321964306078202], [0.0, 0.1321964306078202, 3.4153157487923096]], "eps_total": [[7.999781191227012, 0.0, 0.0], [0.0, 8.757538480007366, -0.559871872851975], [0.0, -0.5598718728519749, 7.442085531869967]], "becs": [[[1.1618223949202227, 0.0, 0.0], [4.160085597290548e-24, 1.07750575467805, 0.035425392564757435], [0.0, 0.033391202266211215, 1.11206136048883]], [[1.1618223949202227, 0.0, 0.0], [-2.436621479112321e-23, 1.07750575467805, 0.035425392564757324], [0.0, 0.033391202266211215, 1.1120613604888279]], [[0.16414272104698654, 0.0, 0.0], [7.725873145842269e-24, 0.2207513173039794, 0.007768226844574872], [0.0, 0.032021159590513874, 0.10088700503856948]], [[0.16414272104698654, 0.0, 0.0], [4.160085597290548e-24, 0.2207513173039794, 0.007768226844574872], [0.0, 0.032021159590513874, 0.10088700503856948]], [[-1.3259651159664876, 0.0, 0.0], [4.160085597290548e-24, -1.2982570719901363, -0.043193619407653844], [0.0, -0.06541236185538506, -1.2129483655268776]], [[-1.3259651159664876, 0.0, 0.0], [4.160085597290548e-24, -1.2982570719901363, -0.043193619407653844], [0.0, -0.06541236185538506, -1.2129483655268776]]]}, "metadata": {"formula": "NaHS", "nsites": 6, "structure": "# generated using pymatgen\ndata_NaHS\n_symmetry_space_group_name_H-M   'P 1'\n_cell_length_a   4.50690632\n_cell_length_b   3.81472766\n_cell_length_c   5.87130330\n_cell_angle_alpha   80.46417592\n_cell_angle_beta   90.00000000\n_cell_angle_gamma   90.00000000\n_symmetry_Int_Tables_number   1\n_chemical_formula_structural   NaHS\n_chemical_formula_sum   'Na2 H2 S2'\n_cell_volume   99.5482777546\n_cell_formula_units_Z   2\nloop_\n _symmetry_equiv_pos_site_id\n _symmetry_equiv_pos_as_xyz\n  1  'x, y, z'\nloop_\n _atom_site_type_symbol\n _atom_site_label\n _atom_site_symmetry_multiplicity\n _atom_site_fract_x\n _atom_site_fract_y\n _atom_site_fract_z\n _atom_site_occupancy\n  Na  Na1  1  0.250000  0.762334  0.767754  1\n  Na  Na2  1  0.750000  0.237666  0.232246  1\n  H  H3  1  0.250000  0.431161  0.391346  1\n  H  H4  1  0.750000  0.568839  0.608654  1\n  S  S5  1  0.250000  0.756652  0.254645  1\n  S  S6  1  0.750000  0.243348  0.745355  1\n"}}