{"phonon": {"ph_bandstructure": [[0.0, 0.0, 0.0, 1305.2528989073094, 1305.252898907996, 1305.2528989087498]]}, "dielectric": {"eps_electronic": [[5.822678683242763, 9.752225515100768e-16, -2.220446049250313e-15], [-2.1005458572261852e-16, 5.822678683242763, -8.881784197001252e-16], [-3.293662262305385e-15, -1.0732162130550717e-15, 5.82267868324276]], "eps_total": [[5.822678683242763, 9.752225515100768e-16, -2.220446049250313e-15], [-2.1005458572261852e-16, 5.822678683242763, -8.881784197001252e-16], [-3.293662262305385e-15, -1.0732162130550717e-15, 5.82267868324276]], "becs": [[[0.0, 0.0, 0.0], [0.0, 0.0, 0.0], [0.0, 0.0, 0.0]], [[0.0, 0.0, 0.0], [0.0, 0.0, 0.0], [0.0, 0.0, 0.0]]]}, "metadata": {"formula": "C", "nsites": 2, "structure": "# generated using pymatgen\ndata_C\n_symmetry_space_group_name_H-M   'P 1'\n_cell_length_a   2.51636378\n_cell_length_b   2.51636378\n_cell_length_c   2.51636378\n_cell_angle_alpha   60.00000000\n_cell_angle_beta   60.00000000\n_cell_angle_gamma   60.00000000\n_symmetry_Int_Tables_number   1\n_chemical_formula_structural   C\n_chemical_formula_sum   C2\n_cell_volume   11.2669217281\n_cell_formula_units_Z   2\nloop_\n _symmetry_equiv_pos_site_id\n _symmetry_equiv_pos_as_xyz\n  1  'x, y, z'\nloop_\n _atom_site_type_symbol\n _atom_site_label\n _atom_site_symmetry_multiplicity\n _atom_site_fract_x\n _atom_site_fract_y\n _atom_site_fract_z\n _atom_site_occupancy\n  C  C1  1  0.250000  0.250000  0.250000  1\n  C  C2  1  0.000000  0.000000  0.000000  1\n"}}