{"phonon": {"ph_bandstructure": [[0.0, 0.0, 0.0, 76.06184397023118, 76.06184397287565, 76.0618439807259, 83.51593786728733, 83.51593787686605, 113.94701049458014, 338.12905113049425, 338.1290511316326, 338.1290511321855, 766.2554934688822, 766.2554934693833, 766.2554934696274, 789.8671286292023, 789.867128629848, 789.8671286309955, 843.0683523793624, 843.068352381146, 846.1628254546513, 1726.4205388577375, 1726.4205388599241, 1786.947078927182, 2097.205074440228, 2097.2050744416597, 2101.169277676634]]}, "dielectric": {"eps_electronic": [[2.7979469879267844, 2.349459907314963e-16, 0.0], [-6.773258725992455e-16, 2.7979469879267835, -4.440892098500626e-16], [-6.549417569509424e-16, 2.332366627491829e-16, 2.797946987926783]], "eps_total": [[5.621074948971685, 2.665442668016022e-11, 2.220446049250313e-15], [2.6654376567917405e-11, 5.6210749494184435, -1.5969892075418102e-11], [1.787259715727411e-15, -1.5969881172541775e-11, 5.62107494956941]], "becs": [[[1.1089260158620284, -3.0839528691582296e-17, 0.0], [6.167905738316459e-18, 1.1089260158620284, -1.8503717214949378e-17], [7.297971768918618e-21, -2.4664324981496917e-17, 1.1089260158620284]], [[1.1089260158620284, -3.0839528691582296e-17, 0.0], [6.167905738316459e-18, 1.1089260158620284, -1.8503717214949378e-17], [7.297971768918618e-21, -2.4664324981496917e-17, 1.1089260158620284]], [[-0.9673154869526828, 2.467162253967553e-17, -5.551115123125783e-17], [1.1719020820083211e-16, 0.07482136045288212, -1.0177044406183612e-16], [1.3884712590017485e-16, -8.011352636249338e-17, 0.07482136045288214]], [[0.07482136045288207, -1.1410625553846904e-16, 1.6653345369377348e-16], [-1.326099723398281e-16, 0.07482136045288212, 1.480297364788241e-16], [-3.871512522706422e-20, -2.4710338078492902e-17, -0.9673154869526829]], [[0.07482136045288207, 1.3569392500219118e-16, -1.1102230246251565e-16], [6.167905738316459e-18, -0.967315486952683, -1.8503717214949378e-17], [-1.3881659320337163e-16, 1.4182311561528058e-16, 0.07482136045288214]], [[-0.9673154869526828, 2.467162253967553e-17, -5.551115123125783e-17], [1.1719020820083211e-16, 0.07482136045288212, -1.0177044406183612e-16], [1.3884712590017485e-16, -8.011352636249338e-17, 0.07482136045288214]], [[0.07482136045288207, -1.1410625553846904e-16, 1.6653345369377348e-16], [-1.326099723398281e-16, 0.07482136045288212, 1.480297364788241e-16], [-3.871512522706422e-20, -2.4710338078492902e-17, -0.9673154869526829]], [[0.07482136045288207, 1.3569392500219118e-16, -1.1102230246251565e-16], [6.167905738316459e-18, -0.967315486952683, -1.8503717214949378e-17], [-1.3881659320337163e-16, 1.4182311561528058e-16, 0.07482136045288214]], [[-0.5825064996345214, -3.0839528691582296e-17, 0.0], [6.167905738316459e-18, -0.5825064996345215, -1.8503717214949378e-17], [1.768910713815342e-21, -2.4669854042552022e-17, -0.5825064996345214]]]}, "metadata": {"formula": "Rb2H6Pt", "nsites": 9, "structure": "# generated using pymatgen\ndata_Rb2H6Pt\n_symmetry_space_group_name_H-M   'P 1'\n_cell_length_a   5.96375902\n_cell_length_b   5.96375902\n_cell_length_c   5.96375902\n_cell_angle_alpha   60.00000000\n_cell_angle_beta   60.00000000\n_cell_angle_gamma   60.00000000\n_symmetry_Int_Tables_number   1\n_chemical_formula_structural   Rb2H6Pt\n_chemical_formula_sum   'Rb2 H6 Pt1'\n_cell_volume   149.98411416\n_cell_formula_units_Z   1\nloop_\n _symmetry_equiv_pos_site_id\n _symmetry_equiv_pos_as_xyz\n  1  'x, y, z'\nloop_\n _atom_site_type_symbol\n _atom_site_label\n _atom_site_symmetry_multiplicity\n _atom_site_fract_x\n _atom_site_fract_y\n _atom_site_fract_z\n _atom_site_occupancy\n  Rb  Rb1  1  0.750000  0.750000  0.750000  1\n  Rb  Rb2  1  0.250000  0.250000  0.250000  1\n  H  H3  1  0.195049  0.804951  0.804951  1\n  H  H4  1  0.804951  0.804951  0.195049  1\n  H  H5  1  0.804951  0.195049  0.804951  1\n  H  H6  1  0.804951  0.195049  0.195049  1\n  H  H7  1  0.195049  0.195049  0.804951  1\n  H  H8  1  0.195049  0.804951  0.195049  1\n  Pt  Pt9  1  0.000000  0.000000  0.000000  1\n"}}