{"phonon": {"ph_bandstructure": [[-0.003335636745798192, -0.002857189671504082, 0.0, 75.77075966730655, 123.64195265077659, 146.94393653220723, 156.95520710702894, 163.70392707661605, 170.54738445137724, 245.29451611231988, 272.6044067610256, 304.4378057145966, 815.4428661263979, 899.9846319544896, 999.3418515591167, 1163.0081744819113, 3164.506926412218, 3268.592652288309]]}, "dielectric": {"eps_electronic": [[2.5266163195966036, 0.0, 0.0], [0.0, 2.5575900841853847, 3.637627476738915e-23], [0.0, 3.637627476738915e-23, 2.5942653353519836]], "eps_total": [[8.41585680973031, 0.0, 0.0], [0.0, 8.130949291595693, 3.637627476738915e-23], [0.0, 3.637627476738915e-23, 9.068335824503995]], "becs": [[[1.1580305369234711, 0.0, 0.0], [0.0, 1.1505992916349808, -0.03256340967447306], [0.0, -0.0028398581738104164, 1.1158780406908604]], [[1.1580305369234698, 0.0, 0.0], [0.0, 1.150599291634979, 0.032563409674473055], [0.0, 0.002839858173810399, 1.1158780406908604]], [[0.2092125202067656, 0.0, 0.0], [0.0, 0.5178465343769061, 0.35008269542049064], [0.0, 0.3985371800479365, 0.667060814346617]], [[0.2092125202067656, 0.0, 0.0], [0.0, 0.5178465343769061, -0.35008269542049064], [0.0, -0.3985371800479364, 0.667060814346617]], [[-1.3672430571285035, 0.0, 0.0], [0.0, -1.6684458260132269, -0.009771205064577293], [0.0, -0.017184256766723856, -1.7829388550370848]], [[-1.3672430571285035, 0.0, 0.0], [0.0, -1.6684458260132269, 0.00977120506457729], [0.0, 0.017184256766723836, -1.782938855037084]]]}, "metadata": {"formula": "KHO", "nsites": 6, "structure": "# generated using pymatgen\ndata_KHO\n_symmetry_space_group_name_H-M   'P 1'\n_cell_length_a   5.47275885\n_cell_length_b   5.47275885\n_cell_length_c   3.93231904\n_cell_angle_alpha   90.00000000\n_cell_angle_beta   90.00000000\n_cell_angle_gamma   138.00325393\n_symmetry_Int_Tables_number   1\n_chemical_formula_structural   KHO\n_chemical_formula_sum   'K2 H2 O2'\n_cell_volume   78.8033846736\n_cell_formula_units_Z   2\nloop_\n _symmetry_equiv_pos_site_id\n _symmetry_equiv_pos_as_xyz\n  1  'x, y, z'\nloop_\n _atom_site_type_symbol\n _atom_site_label\n _atom_site_symmetry_multiplicity\n _atom_site_fract_x\n _atom_site_fract_y\n _atom_site_fract_z\n _atom_site_occupancy\n  K  K1  1  0.639492  0.360508  0.239936  1\n  K  K2  1  0.360508  0.639492  0.739936  1\n  H  H3  1  0.970971  0.029029  0.090545  1\n  H  H4  1  0.029029  0.970971  0.590545  1\n  O  O5  1  0.900390  0.099610  0.264104  1\n  O  O6  1  0.099610  0.900390  0.764104  1\n"}}