{"phonon": {"ph_bandstructure": [[0.0, 0.0, 0.0, 63.174649577606544, 63.17464958698452, 132.56153986402197, 132.56153987029612, 136.93772980450848, 145.00404056497615, 176.00915785240346, 201.93987584010839, 217.9388368168442, 326.2866034197859, 337.07498070244435, 337.0749807105028, 337.68859918387415, 376.86574708801913, 405.9556775999302, 633.1703750894073, 634.1571262365873, 634.1571262500178, 697.7701332385508, 3596.8487038192407, 3605.994074078415]]}, "dielectric": {"eps_electronic": [[3.0263812268869374, 0.0, -1.7944343244179873e-24], [0.0, 3.026381226856647, -3.1080514207142592e-24], [-1.7944343244179876e-24, -3.1080514207142584e-24, 2.944521335284287]], "eps_total": [[7.826038453985665, -1.7763568394002505e-15, -1.7944343244179873e-24], [4.440892098500626e-16, 7.826038454040809, -3.1080514207142592e-24], [-1.7944343244179876e-24, -3.1080514207142584e-24, 6.560280024349367]], "becs": [[[2.394423469201788, 0.0, -4.084576208172315e-23], [0.0, 2.394423469201788, -7.074693519888606e-23], [-7.759217876679345e-24, 4.366986149587611e-23, 2.2558610176377787]], [[2.394423469201788, 0.0, 2.980636692450068e-23], [0.0, 2.394423469201788, 5.1626141901889845e-23], [-7.759217876679354e-24, -2.233447528903479e-23, 2.255861017637777]], [[0.4414730862998071, 0.0, -7.727576610055731e-24], [0.0, 0.44147308629980764, -1.3384555307897363e-23], [-2.0709854908259278e-23, 2.674980445872855e-24, 0.423230729251028]], [[0.4414730862998071, 0.0, -3.311818547166742e-24], [0.0, 0.44147308629980764, -5.736237989098869e-24], [-2.2049575980491682e-23, 1.3858332430425637e-24, 0.423230729251028]], [[-1.1160359673588562, -6.661338147750939e-16, 3.863788305027866e-23], [-1.3322676295501878e-15, -1.1160359673588558, 6.692277653948681e-23], [3.511185643475764e-23, 2.417151005306802e-24, -1.2612628903096375]], [[-1.1160359673588562, 6.661338147750939e-16, -5.5196975786112384e-24], [1.3322676295501878e-15, -1.1160359673588558, -9.560396648498124e-24], [7.083775169428847e-23, -3.471028843620559e-23, -1.2612628903096375]], [[-1.7198605881427387, 4.440892098500626e-16, -3.311818547166742e-24], [8.881784197001252e-16, -1.71986058814274, -3.6329507264292836e-23], [-2.3835870743468226e-23, 4.479786529835262e-24, -1.4178288565791672]], [[-1.7198605881427387, -4.440892098500626e-16, -7.727576610055731e-24], [-8.881784197001252e-16, -1.71986058814274, 1.7208713967296608e-23], [-2.3835870743468226e-23, 2.4171510053067962e-24, -1.417828856579169]]]}, "metadata": {"formula": "CaHClO", "nsites": 8, "structure": "# generated using pymatgen\ndata_CaHClO\n_symmetry_space_group_name_H-M   'P 1'\n_cell_length_a   3.82544641\n_cell_length_b   3.82544641\n_cell_length_c   9.73231239\n_cell_angle_alpha   90.00000000\n_cell_angle_beta   90.00000000\n_cell_angle_gamma   120.00000000\n_symmetry_Int_Tables_number   1\n_chemical_formula_structural   CaHClO\n_chemical_formula_sum   'Ca2 H2 Cl2 O2'\n_cell_volume   123.341980305\n_cell_formula_units_Z   2\nloop_\n _symmetry_equiv_pos_site_id\n _symmetry_equiv_pos_as_xyz\n  1  'x, y, z'\nloop_\n _atom_site_type_symbol\n _atom_site_label\n _atom_site_symmetry_multiplicity\n _atom_site_fract_x\n _atom_site_fract_y\n _atom_site_fract_z\n _atom_site_occupancy\n  Ca  Ca1  1  0.666667  0.333333  0.499786  1\n  Ca  Ca2  1  0.333333  0.666667  0.999786  1\n  H  H3  1  0.000000  0.000000  0.332025  1\n  H  H4  1  0.000000  0.000000  0.832025  1\n  Cl  Cl5  1  0.666667  0.333333  0.184013  1\n  Cl  Cl6  1  0.333333  0.666667  0.684013  1\n  O  O7  1  0.000000  0.000000  0.432375  1\n  O  O8  1  0.000000  0.000000  0.932375  1\n"}}