{"phonon": {"ph_bandstructure": [[0.0, 0.0, 0.0, 56.42240543786522, 56.422405445726966, 79.04884502660593, 79.04884502803822, 79.04884503225642, 82.09034634396419, 123.95346400577726, 123.95346400945463, 196.06841110279257, 408.51900555912863, 408.51900556061486, 463.8412435926643]]}, "dielectric": {"eps_electronic": [[2.4688794423567066, 0.0, 0.0], [0.0, 2.4688794423567066, 0.0], [0.0, 0.0, 2.4688794423567066]], "eps_total": [[16.857492686319365, -6.255566963123273e-12, 3.4157141330204665e-10], [-6.255566963123273e-12, 16.85749268859121, -1.3310069008198794e-11], [3.4157141330204665e-10, -1.3310069008198794e-11, 16.857492691764257]], "becs": [[[1.2396906967256562, 0.0, 0.0], [0.0, 1.2396906967256567, 0.0], [0.0, 0.0, 1.2396906967256558]], [[2.3678019131981407, 0.0, 0.0], [0.0, 2.367801913198141, 0.0], [0.0, 0.0, 2.3678019131981403]], [[-1.7758785811195552, 0.0, 0.0], [0.0, -0.9158070144024784, 0.0], [0.0, 0.0, -0.9158070144024794]], [[-0.9158070144024774, 0.0, 0.0], [0.0, -1.7758785811195548, 0.0], [0.0, 0.0, -0.915807014402478]], [[-0.9158070144024818, 0.0, 0.0], [0.0, -0.9158070144024815, 0.0], [0.0, 0.0, -1.7758785811195557]]]}, "metadata": {"formula": "RbCdF3", "nsites": 5, "structure": "# generated using pymatgen\ndata_RbCdF3\n_symmetry_space_group_name_H-M   'P 1'\n_cell_length_a   4.40936335\n_cell_length_b   4.40936335\n_cell_length_c   4.40936335\n_cell_angle_alpha   90.00000000\n_cell_angle_beta   90.00000000\n_cell_angle_gamma   90.00000000\n_symmetry_Int_Tables_number   1\n_chemical_formula_structural   RbCdF3\n_chemical_formula_sum   'Rb1 Cd1 F3'\n_cell_volume   85.7289811725\n_cell_formula_units_Z   1\nloop_\n _symmetry_equiv_pos_site_id\n _symmetry_equiv_pos_as_xyz\n  1  'x, y, z'\nloop_\n _atom_site_type_symbol\n _atom_site_label\n _atom_site_symmetry_multiplicity\n _atom_site_fract_x\n _atom_site_fract_y\n _atom_site_fract_z\n _atom_site_occupancy\n  Rb  Rb1  1  0.000000  0.000000  0.000000  1\n  Cd  Cd2  1  0.500000  0.500000  0.500000  1\n  F  F3  1  0.000000  0.500000  0.500000  1\n  F  F4  1  0.500000  0.000000  0.500000  1\n  F  F5  1  0.500000  0.500000  0.000000  1\n"}}