{"phonon": {"ph_bandstructure": [[0.0, 0.0, 0.0, 25.483817015148617, 25.48381703069257, 32.60743180398417, 117.19666280865866, 117.19666281199665, 119.0045270022601, 119.00452700554602, 171.40932863911954, 173.61031903824488, 235.59921128254427, 235.62966286176535, 235.62966286336675, 246.0431863688526, 285.9644594834911, 291.134472554039]]}, "dielectric": {"eps_electronic": [[19.90856410550449, 3.552713678800501e-15, -3.1376238193808384e-23], [4.440892098500626e-15, 19.908564105521272, -2.71726193510417e-23], [-3.137623819380839e-23, -2.71726193510417e-23, 10.839862059091748]], "eps_total": [[21.712756344235316, 0.0, -3.1376238193808384e-23], [5.329070518200751e-15, 21.71275634428126, -2.71726193510417e-23], [-3.137623819380839e-23, -2.71726193510417e-23, 11.197601625967994]], "becs": [[[1.6236550904950104, 6.66133808157649e-16, -1.4601277088517208e-22], [1.4802973573436155e-15, 1.6236550904950116, -2.4155338265719464e-22], [0.0, 0.0, 0.8775544856643297]], [[1.6236550904950113, 6.66133808157649e-16, -3.65031918175159e-22], [2.3684757770437408e-15, 1.6236550904950116, -4.701374627932954e-23], [0.0, 0.0, 0.8775544856643297]], [[1.6236550904950096, 6.66133808157649e-16, -1.4882070867094116e-22], [2.3684757770437408e-15, 1.6236550904950098, -2.2696290992885476e-22], [0.0, 0.0, 0.8775544856643297]], [[1.6236550904950096, -6.661338213925388e-16, -2.836017223878562e-22], [-1.1842379017567602e-15, 1.6236550904950098, 1.0375447191351595e-22], [0.0, 0.0, 0.8775544856643297]], [[-3.2473101809664504, -2.220446115424762e-16, 4.268065374117168e-22], [-1.1842379017567602e-15, -3.2473101809664504, 1.2807192646074898e-22], [0.0, 0.0, -1.75510897206072]], [[-3.2473101809664486, -1.1102230312426014e-15, 5.166605465563267e-22], [-3.848773160857136e-15, -3.2473101809664504, 2.837036355630411e-22], [0.0, 0.0, -1.75510897206072]]]}, "metadata": {"formula": "Te2Mo", "nsites": 6, "structure": "# generated using pymatgen\ndata_Te2Mo\n_symmetry_space_group_name_H-M   'P 1'\n_cell_length_a   3.50048966\n_cell_length_b   3.50048966\n_cell_length_c   14.00491598\n_cell_angle_alpha   90.00000000\n_cell_angle_beta   90.00000000\n_cell_angle_gamma   120.00000000\n_symmetry_Int_Tables_number   1\n_chemical_formula_structural   Te2Mo\n_chemical_formula_sum   'Te4 Mo2'\n_cell_volume   148.617084873\n_cell_formula_units_Z   2\nloop_\n _symmetry_equiv_pos_site_id\n _symmetry_equiv_pos_as_xyz\n  1  'x, y, z'\nloop_\n _atom_site_type_symbol\n _atom_site_label\n _atom_site_symmetry_multiplicity\n _atom_site_fract_x\n _atom_site_fract_y\n _atom_site_fract_z\n _atom_site_occupancy\n  Te  Te1  1  0.666667  0.333333  0.379068  1\n  Te  Te2  1  0.333333  0.666667  0.879068  1\n  Te  Te3  1  0.333333  0.666667  0.620932  1\n  Te  Te4  1  0.666667  0.333333  0.120932  1\n  Mo  Mo5  1  0.666667  0.333333  0.750000  1\n  Mo  Mo6  1  0.333333  0.666667  0.250000  1\n"}}