{"phonon": {"ph_bandstructure": [[-0.004782610295296233, -0.004249247918266023, -0.0038571033221104904, 72.66487692199881, 72.6648769229487, 78.50292037841974, 80.32222061066624, 81.18133828738092, 92.66198722108146, 97.17875284641897, 97.87742264530425, 112.18003903024858, 118.04529677043735, 118.04529677187928, 126.71397130640611, 130.57725825639835, 138.90496626430615, 155.5206975096611, 166.5238255036928, 169.36777719751097, 169.36777719799113, 171.0846342707844, 176.24625385052417, 189.0090104277889, 216.04992960475323, 216.04992960576587, 245.40028532681728, 251.74040777650032, 267.6077040051175, 298.6986451577475]]}, "dielectric": {"eps_electronic": [[2.7663845400033167, 0.0, 0.042236250392707814], [0.0, 2.638097663316963, 0.0], [0.04223625039270793, 0.0, 2.6520032232168735]], "eps_total": [[8.295886602196836, -7.737277485375671e-11, 0.8423008774551551], [-7.737353658689722e-11, 5.737512035660055, -3.332195186296286e-11], [0.8423008774551545, -3.3322011816494523e-11, 6.01482513031041]], "becs": [[[1.1441171666471392, 0.025653977529047314, 0.009539997387524356], [-0.025653977529179854, 1.115140719705111, 0.07792047403398039], [0.00953999738761974, -0.0779204740343575, 1.1182815999633755]], [[1.159171949096085, -0.04423854127561597, -0.03161977505324205], [0.04423854127584448, 1.255212723210685, -0.13436856342704595], [-0.03161977505355734, 0.1343685634276961, 1.2448024554505084]], [[1.1441171666471392, 0.025653977529047314, 0.009539997387524356], [-0.025653977529179854, 1.115140719705111, 0.07792047403398039], [0.00953999738761974, -0.0779204740343575, 1.1182815999633755]], [[3.869308417591836, -0.0006308110741511483, 0.22818334813507773], [0.0006308110741547514, 3.176232475145867, -0.0019160030006306044], [0.22818334813736219, 0.001916003000639816, 3.251357922702019]], [[-1.1647880592963746, 0.527620294841425, -0.15264920125320852], [0.5078999327418277, -1.4134052315154826, 0.17101794050879632], [-0.1670665582807339, 0.18473592462739372, -0.8736675284992278]], [[-0.9645521777542063, -0.2120447913670008, -0.3707199130970986], [-0.21082488469558802, -0.9648271588844779, -0.3530984336030695], [-0.3435743043250382, -0.34627467326146266, -1.5224814826724025]], [[-1.5290171129455903, -0.31879480482863, 0.41554733042254677], [-0.2938557466920174, -0.9526309284905696, 0.17230230227400345], [0.40281907867693184, 0.17131693945438609, -0.9702127778749273]], [[-1.5290171129455903, -0.31879480482863, 0.41554733042254677], [-0.2938557466920174, -0.9526309284905696, 0.17230230227400345], [0.40281907867693184, 0.17131693945438609, -0.9702127778749273]], [[-0.9645521777542063, -0.2120447913670008, -0.3707199130970986], [-0.21082488469558802, -0.9648271588844779, -0.3530984336030695], [-0.3435743043250382, -0.34627467326146266, -1.5224814826724025]], [[-1.1647880592963746, 0.527620294841425, -0.15264920125320852], [0.5078999327418277, -1.4134052315154826, 0.17101794050879632], [-0.1670665582807339, 0.18473592462739372, -0.8736675284992278]]]}, "metadata": {"formula": "Na3YCl6", "nsites": 10, "structure": "# generated using pymatgen\ndata_Na3YCl6\n_symmetry_space_group_name_H-M   'P 1'\n_cell_length_a   7.37951024\n_cell_length_b   7.37951024\n_cell_length_c   7.37951024\n_cell_angle_alpha   56.88414545\n_cell_angle_beta   56.88414545\n_cell_angle_gamma   56.88414545\n_symmetry_Int_Tables_number   1\n_chemical_formula_structural   Na3YCl6\n_chemical_formula_sum   'Na3 Y1 Cl6'\n_cell_volume   263.735873628\n_cell_formula_units_Z   1\nloop_\n _symmetry_equiv_pos_site_id\n _symmetry_equiv_pos_as_xyz\n  1  'x, y, z'\nloop_\n _atom_site_type_symbol\n _atom_site_label\n _atom_site_symmetry_multiplicity\n _atom_site_fract_x\n _atom_site_fract_y\n _atom_site_fract_z\n _atom_site_occupancy\n  Na  Na1  1  0.199272  0.199272  0.199272  1\n  Na  Na2  1  0.500000  0.500000  0.500000  1\n  Na  Na3  1  0.800728  0.800728  0.800728  1\n  Y  Y4  1  0.000000  0.000000  0.000000  1\n  Cl  Cl5  1  0.370240  0.779389  0.109183  1\n  Cl  Cl6  1  0.779389  0.109183  0.370240  1\n  Cl  Cl7  1  0.109183  0.370240  0.779389  1\n  Cl  Cl8  1  0.890817  0.629760  0.220611  1\n  Cl  Cl9  1  0.220611  0.890817  0.629760  1\n  Cl  Cl10  1  0.629760  0.220611  0.890817  1\n"}}