{"phonon": {"ph_bandstructure": [[0.0, 0.0, 0.0, 80.31725278664796, 80.47910721176599, 92.91267872752464, 109.6653676870764, 114.64437951222583, 115.03360187879213, 179.93510487850702, 180.04995323232473, 180.74676597811265, 271.061089482375, 280.4477313527931, 298.04703894246535, 303.5773414335691, 304.66501299774006, 304.6934859238928, 310.7655299575333, 329.8678130942629, 331.6219801366528, 351.8328067619868, 362.4899311251692, 367.35162558008597]]}, "dielectric": {"eps_electronic": [[14.575239006562692, -3.0655279569606817e-15, 3.686795208271916e-15], [-4.7894376277329435e-15, 14.575239006562686, 3.652025741796991e-17], [3.621711310390236e-15, -8.191807881103905e-16, 11.89113203666956]], "eps_total": [[17.503344787683293, -2.2567123709571517e-15, 5.34712842618667e-15], [-3.71122081095954e-15, 17.503344787730832, -2.4579613072658743e-15], [2.5141387492226944e-15, 2.5141387492226944e-15, 13.131227640477618]], "becs": [[[2.3733372026336594, 2.609024107869118e-15, -1.1983228352336651e-17], [2.0816681711721685e-15, 2.3733372026336594, 1.1270002148349635e-16], [-3.0531133177191805e-15, -3.3861802251067274e-15, 1.577402512689091]], [[0.9159062035951573, -0.41511193898368953, -8.673617379884035e-18], [0.41511193898368803, 0.9159062035951555, 1.1600963245594897e-16], [4.996003610813204e-16, 3.7192471324942744e-15, 0.5036305400487396]], [[0.9159062035951537, 0.41511193898368587, -4.157166563764766e-17], [-0.41511193898369003, 0.9159062035951537, -3.609776256518773e-16], [4.996003610813204e-16, 1.6653345369377348e-16, 0.5036305400487396]], [[2.79724383236547, -5.551115123125783e-17, -1.0328422866110322e-17], [-5.828670879282072e-16, 2.79724383236547, 1.143548269697227e-16], [4.996003610813204e-16, 1.6653345369377348e-16, 2.8867158001269684]], [[-1.750598360547361, 0.8998428318906859, -0.027233786858390403], [0.8998428318906864, -1.7505983605473596, 0.027233786858390514], [-0.2727388512420416, 0.2727388512420427, -1.3678448482283843]], [[-1.7505983605473605, -0.8998428318906861, -0.027233786858390178], [-0.8998428318906873, -1.7505983605473592, -0.027233786858390164], [-0.2727388512420416, -0.27273885124204195, -1.3678448482283847]], [[-1.75059836054736, 0.8998428318906873, 0.027233786858390386], [0.8998428318906868, -1.7505983605473596, -0.027233786858390282], [0.2727388512420426, -0.2727388512420433, -1.3678448482283843]], [[-1.7505983605473587, -0.8998428318906857, 0.02723378685839027], [-0.8998428318906857, -1.75059836054736, 0.027233786858389952], [0.27273885124204217, 0.27273885124204184, -1.3678448482283847]]]}, "metadata": {"formula": "ZnCu2GeS4", "nsites": 8, "structure": "# generated using pymatgen\ndata_ZnCu2GeS4\n_symmetry_space_group_name_H-M   'P 1'\n_cell_length_a   6.44003892\n_cell_length_b   6.44003892\n_cell_length_c   6.44003892\n_cell_angle_alpha   131.84608112\n_cell_angle_beta   131.84608112\n_cell_angle_gamma   70.47223392\n_symmetry_Int_Tables_number   1\n_chemical_formula_structural   ZnCu2GeS4\n_chemical_formula_sum   'Zn1 Cu2 Ge1 S4'\n_cell_volume   145.235767315\n_cell_formula_units_Z   1\nloop_\n _symmetry_equiv_pos_site_id\n _symmetry_equiv_pos_as_xyz\n  1  'x, y, z'\nloop_\n _atom_site_type_symbol\n _atom_site_label\n _atom_site_symmetry_multiplicity\n _atom_site_fract_x\n _atom_site_fract_y\n _atom_site_fract_z\n _atom_site_occupancy\n  Zn  Zn1  1  0.000000  0.000000  0.000000  1\n  Cu  Cu2  1  0.750000  0.250000  0.500000  1\n  Cu  Cu3  1  0.250000  0.750000  0.500000  1\n  Ge  Ge4  1  0.500000  0.500000  0.000000  1\n  S  S5  1  0.384801  0.873051  1.000000  1\n  S  S6  1  0.126949  0.126949  0.511751  1\n  S  S7  1  0.873051  0.384801  0.000000  1\n  S  S8  1  0.615199  0.615199  0.488249  1\n"}}