{"phonon": {"ph_bandstructure": [[-0.048377138423208045, -0.04831839572698788, -0.020479406888588052, 77.26302335600006, 80.40253129210654, 99.91394701458326, 123.31507848325296, 143.49297764595823, 202.54297258594298, 208.3209895423061, 337.49679667470787, 338.4914331005209, 346.354121046889, 391.5713839182211, 585.6048543097205, 642.8790384205291, 643.8961214780637, 706.1829038181083, 749.0103518085702, 781.3001911146454, 792.1593515922939, 842.3802664700173, 876.9152117967935, 886.2802924795548, 982.9397052286547, 1305.9498918495176, 1397.406104058769]]}, "dielectric": {"eps_electronic": [[2.0472143794272273, 0.0, -0.051461012329514104], [0.0, 2.3003853745981724, 0.0], [-0.05146101232951393, 0.0, 2.289925109243199]], "eps_total": [[5.839552575931669, -1.9984014443252818e-15, -0.005864053138557236], [6.18303421344895e-16, 5.86840175930658, -1.0216120420250174e-14], [-0.005864053138557717, -1.021405182655144e-14, 5.8672097977667965]], "becs": [[[1.2292678388914102, 0.0, 0.007371938956124147], [0.0, 1.1930003610959181, 0.0], [0.0073719389560009, 0.0, 1.1944988243824564]], [[1.582827517657259, 0.02991358010871266, -0.06091868315901788], [-0.02991358010820072, 1.8825270949258028, 0.1471648244556764], [-0.06091868315798942, -0.14716482445570991, 1.8701444082647511]], [[1.582827517657259, -0.02991358010871266, -0.06091868315901788], [0.02991358010820072, 1.8825270949258028, -0.1471648244556764], [-0.06091868315798942, 0.14716482445570991, 1.8701444082647511]], [[0.651967516651492, 0.0, -0.41618797763176807], [0.0, 2.699473380080973, 0.0], [-0.4161879776247439, 0.0, 2.614876585602361]], [[-0.7983640166096153, -0.22973922094099394, 0.17495883726401357], [-0.2392336733041125, -1.7764874571207718, 0.27452695779089076], [0.16936511664416154, 0.2764568555265063, -2.1276891669978313]], [[-0.894874981696915, 0.0, 0.3384143370006762], [0.0, -2.3249917280213843, 0.0], [0.34960177822876587, 0.0, -1.4826739310099173]], [[-0.7983640166096153, 0.22973922094099394, 0.17495883726401357], [0.2392336733041125, -1.7764874571207718, -0.27452695779089076], [0.16936511664416154, -0.2764568555265063, -2.1276891669978313]], [[-1.277643687977648, -0.006211346328217106, -0.07883930326882133], [0.0062113463281093795, -0.8897806443833531, -0.030557749647593356], [-0.07883930326749307, 0.03055774964760047, -0.905805980755205]], [[-1.277643687977648, 0.006211346328217106, -0.07883930326882133], [-0.0062113463281093795, -0.8897806443833531, 0.030557749647593356], [-0.07883930326749307, -0.03055774964760047, -0.905805980755205]]]}, "metadata": {"formula": "KBe2BO3F2", "nsites": 9, "structure": "# generated using pymatgen\ndata_KBe2BO3F2\n_symmetry_space_group_name_H-M   'P 1'\n_cell_length_a   6.78466556\n_cell_length_b   6.78466556\n_cell_length_c   6.78466556\n_cell_angle_alpha   38.07004259\n_cell_angle_beta   38.07004259\n_cell_angle_gamma   38.07004259\n_symmetry_Int_Tables_number   1\n_chemical_formula_structural   KBe2BO3F2\n_chemical_formula_sum   'K1 Be2 B1 O3 F2'\n_cell_volume   106.607372836\n_cell_formula_units_Z   1\nloop_\n _symmetry_equiv_pos_site_id\n _symmetry_equiv_pos_as_xyz\n  1  'x, y, z'\nloop_\n _atom_site_type_symbol\n _atom_site_label\n _atom_site_symmetry_multiplicity\n _atom_site_fract_x\n _atom_site_fract_y\n _atom_site_fract_z\n _atom_site_occupancy\n  K  K1  1  0.000000  0.000000  0.000000  1\n  Be  Be2  1  0.802807  0.802807  0.802807  1\n  Be  Be3  1  0.197193  0.197193  0.197193  1\n  B  B4  1  0.500000  0.500000  0.500000  1\n  O  O5  1  0.500000  0.189974  0.810026  1\n  O  O6  1  0.189974  0.810026  0.500000  1\n  O  O7  1  0.810026  0.500000  0.189974  1\n  F  F8  1  0.721805  0.721805  0.721805  1\n  F  F9  1  0.278195  0.278195  0.278195  1\n"}}