{"phonon": {"ph_bandstructure": [[0.0, 0.0, 0.0, 45.952484951325836, 45.95248495562174, 45.952484968461945, 50.795256577146205, 50.795256583060755, 50.79525658507396, 56.23378196747076, 56.23378198162404, 69.83176993225867, 105.89974223963318, 105.89974224155753, 105.89974224722482, 151.20273723092143, 151.20273723287102, 151.20273723353478, 153.46512507067985, 153.4651250759991, 166.9317331277698, 230.04688128796454, 230.04688129018885, 290.9078665833343, 293.8857477402662, 293.88574774325764, 314.01220700363274]]}, "dielectric": {"eps_electronic": [[2.988124920885248, 2.5057663599199484e-16, 8.881784197001252e-16], [-1.022833248620724e-16, 2.9881249208852463, 0.0], [1.1470986715227109e-15, 3.6875646897554435e-17, 2.988124920885248]], "eps_total": [[6.224502937939527, -1.8161875723980113e-11, -1.1932677068671182e-11], [-1.816105237951128e-11, 6.2245029387605015, -1.4432899320127035e-12], [-1.1932924293672791e-11, -1.4439812462241632e-12, 6.224502939063003]], "becs": [[[1.3447252022205203, -7.401486885979751e-17, 1.7270136067286086e-16], [7.401486885979751e-17, 1.3447252022205198, -4.9343245906531674e-17], [2.7109294338240008e-17, -9.624882042808916e-17, 1.3447252022205203]], [[1.3447252022205203, -7.401486885979751e-17, 1.7270136067286086e-16], [7.401486885979751e-17, 1.3447252022205198, -4.9343245906531674e-17], [2.7109294338240008e-17, -9.624882042808916e-17, 1.3447252022205203]], [[3.3411730512593376, -7.401486885979751e-17, 1.7270136067286086e-16], [7.401486885979751e-17, 3.3411730512593376, -4.9343245906531674e-17], [2.7605054564532433e-17, -9.575306020179674e-17, 3.3411730512593376]], [[-0.7891939332872053, -2.516505523035142e-15, 2.6151920148482052e-15], [-1.036208155765359e-15, -1.436923861270075, 1.0608797787186249e-15], [1.5702413967595061e-15, -1.4396965820322299e-15, -0.7891939332872046]], [[-1.4369238612700745, 1.480297360652338e-16, -4.934324425217045e-17], [-1.2582527606903903e-15, -0.7891939332872049, 1.5049689885686875e-15], [-1.7490821197867617e-15, 1.68027344424741e-15, -0.7891939332872046]], [[-0.789193933287204, 2.1464311803905156e-15, -2.491833898427515e-15], [2.0724163131850793e-15, -0.789193933287204, -2.2697892951568448e-15], [2.489512047837211e-16, -3.184961198326707e-16, -1.4369238612700745]], [[-0.7891939332872053, -2.516505523035142e-15, 2.6151920148482052e-15], [-1.036208155765359e-15, -1.436923861270075, 1.0608797787186249e-15], [1.5702413967595061e-15, -1.4396965820322299e-15, -0.7891939332872046]], [[-1.4369238612700754, 8.141635508403277e-16, -7.154770590272644e-16], [-1.2582527606903903e-15, -0.7891939332872049, 1.5049689885686875e-15], [-2.193171329636824e-15, 2.3464072590225042e-15, -0.7891939332872054]], [[-0.789193933287204, 2.1464311803905156e-15, -2.491833898427515e-15], [2.2944609181101106e-15, -0.7891939332872044, -2.7138785050069074e-15], [4.709958097087525e-16, -5.405407247577019e-16, -1.4369238612700754]]]}, "metadata": {"formula": "Cs2SnCl6", "nsites": 9, "structure": "# generated using pymatgen\ndata_Cs2SnCl6\n_symmetry_space_group_name_H-M   'P 1'\n_cell_length_a   7.32319377\n_cell_length_b   7.32319377\n_cell_length_c   7.32319377\n_cell_angle_alpha   60.00000000\n_cell_angle_beta   60.00000000\n_cell_angle_gamma   60.00000000\n_symmetry_Int_Tables_number   1\n_chemical_formula_structural   Cs2SnCl6\n_chemical_formula_sum   'Cs2 Sn1 Cl6'\n_cell_volume   277.706841777\n_cell_formula_units_Z   1\nloop_\n _symmetry_equiv_pos_site_id\n _symmetry_equiv_pos_as_xyz\n  1  'x, y, z'\nloop_\n _atom_site_type_symbol\n _atom_site_label\n _atom_site_symmetry_multiplicity\n _atom_site_fract_x\n _atom_site_fract_y\n _atom_site_fract_z\n _atom_site_occupancy\n  Cs  Cs1  1  0.750000  0.750000  0.750000  1\n  Cs  Cs2  1  0.250000  0.250000  0.250000  1\n  Sn  Sn3  1  0.000000  0.000000  1.000000  1\n  Cl  Cl4  1  0.236984  0.763016  0.236984  1\n  Cl  Cl5  1  0.236984  0.763016  0.763016  1\n  Cl  Cl6  1  0.236984  0.236984  0.763016  1\n  Cl  Cl7  1  0.763016  0.236984  0.763016  1\n  Cl  Cl8  1  0.763016  0.236984  0.236984  1\n  Cl  Cl9  1  0.763016  0.763016  0.236984  1\n"}}