{"phonon": {"ph_bandstructure": [[0.0, 0.0, 0.0, 181.58882947713013, 181.58882947923973, 181.58882948025567, 188.21315659163912, 188.21315659604335, 215.9315306787251, 215.93153067974848, 215.93153068259133, 323.1546766249366, 750.1141459887164, 750.1141459893556, 750.1141459905228, 809.9518223819427, 809.951822382408, 809.9518223826334, 823.7249478770511, 823.7249478788381, 834.9207759868355, 1761.8447067168638, 1761.8447067190755, 1795.5246404277764, 1939.8092480015994, 1939.809248002975, 1987.5534728586201]]}, "dielectric": {"eps_electronic": [[5.463001002644228, 1.9410572548473197e-15, 2.6645352591003757e-15], [2.3851464646973823e-15, 5.463001002644227, 2.220446049250313e-15], [1.7405969024689868e-15, 1.7405969024689868e-15, 5.463001002644228]], "eps_total": [[17.1840601026572, -2.858111308269364e-10, 3.1455016369363875e-10], [-2.8581035376634113e-10, 17.18406010295568, 1.7763568394002505e-15], [3.1454894294230656e-10, 5.556055072018981e-16, 17.184060103094886]], "becs": [[[2.1408892840621974, 1.2335811476632919e-17, -1.8503717214949378e-17], [6.167905738316459e-18, 2.1408892840621974, -1.2335811476632919e-17], [1.2416876436340223e-17, -1.2254746516925614e-17, 2.1408892840621974]], [[2.1408892840621974, 1.2335811476632919e-17, -1.8503717214949378e-17], [6.167905738316459e-18, 2.1408892840621974, -1.2335811476632919e-17], [1.2416876436340223e-17, -1.2254746516925614e-17, 2.1408892840621974]], [[-0.7201307026646713, -4.317533975462491e-17, 3.700743401630845e-17], [4.2250153997275016e-16, 0.16804573365096032, -3.1764714324855097e-16], [3.731599925227708e-16, -3.731565964368468e-16, 0.16804573365096032]], [[0.16804573365096032, -4.039978227578008e-16, 3.145631901725976e-16], [-3.8241015288048833e-16, 0.16804573365096037, 2.9297552029528513e-16], [-4.3112288419196424e-17, 4.323839109005339e-17, -0.7201307026646715]], [[0.1680457336509602, 4.286694457110666e-16, -3.2381504898686743e-16], [-4.934324549294137e-17, -0.7201307026646713, 4.317533975462491e-17], [-3.4848497348358095e-16, 3.4848836956950496e-16, 0.16804573365096032]], [[-0.7201307026646713, -4.317533975462491e-17, 3.700743401630845e-17], [4.2250153997275016e-16, 0.16804573365096032, -3.1764714324855097e-16], [3.731599925227708e-16, -3.731565964368468e-16, 0.16804573365096032]], [[0.16804573365096032, -4.039978227578008e-16, 3.145631901725976e-16], [-3.8241015288048833e-16, 0.16804573365096037, 2.9297552029528513e-16], [-4.3112288419196424e-17, 4.323839109005339e-17, -0.7201307026646715]], [[0.1680457336509602, 4.286694457110666e-16, -3.2381504898686743e-16], [-4.934324549294137e-17, -0.7201307026646713, 4.317533975462491e-17], [-3.4848497348358095e-16, 3.4848836956950496e-16, 0.16804573365096032]], [[-3.513700097392123, 1.2335811476632919e-17, -1.8503717214949378e-17], [6.167905738316459e-18, -3.513700097392123, -1.2335811476632919e-17], [1.2040786714627273e-17, -1.2630836238638564e-17, -3.513700097392123]]]}, "metadata": {"formula": "Mg2H6Ru", "nsites": 9, "structure": "# generated using pymatgen\ndata_Mg2H6Ru\n_symmetry_space_group_name_H-M   'P 1'\n_cell_length_a   4.65325497\n_cell_length_b   4.65325497\n_cell_length_c   4.65325497\n_cell_angle_alpha   60.00000000\n_cell_angle_beta   60.00000000\n_cell_angle_gamma   60.00000000\n_symmetry_Int_Tables_number   1\n_chemical_formula_structural   Mg2H6Ru\n_chemical_formula_sum   'Mg2 H6 Ru1'\n_cell_volume   71.2451905628\n_cell_formula_units_Z   1\nloop_\n _symmetry_equiv_pos_site_id\n _symmetry_equiv_pos_as_xyz\n  1  'x, y, z'\nloop_\n _atom_site_type_symbol\n _atom_site_label\n _atom_site_symmetry_multiplicity\n _atom_site_fract_x\n _atom_site_fract_y\n _atom_site_fract_z\n _atom_site_occupancy\n  Mg  Mg1  1  0.750000  0.750000  0.750000  1\n  Mg  Mg2  1  0.250000  0.250000  0.250000  1\n  H  H3  1  0.254538  0.745462  0.745462  1\n  H  H4  1  0.745462  0.745462  0.254538  1\n  H  H5  1  0.745462  0.254538  0.745462  1\n  H  H6  1  0.745462  0.254538  0.254538  1\n  H  H7  1  0.254538  0.254538  0.745462  1\n  H  H8  1  0.254538  0.745462  0.254538  1\n  Ru  Ru9  1  0.000000  0.000000  0.000000  1\n"}}