{"phonon": {"ph_bandstructure": [[0.0, 0.0, 0.0, 73.65601089537306, 73.65601089839765, 73.6560109073977, 100.04714692036113, 100.04714692373788, 100.04714692491474, 101.0482723573222, 101.04827236614082, 117.22461315395394, 152.97577678515526, 152.97577678667142, 152.9757767910664, 171.94790128787213, 171.94790129316692, 209.47987556090624, 225.16583448661407, 225.1658344881129, 225.16583448863477, 239.62833801470103, 239.62833801861657, 263.3324408046509, 353.7591190049377, 353.7591190066867, 433.0815942566984, 433.0815942591657, 479.6732009740899, 508.369941749562]]}, "dielectric": {"eps_electronic": [[2.4108578047509504, 8.074764001334799e-16, 0.0], [1.0295210050585112e-15, 2.4108578047509504, 4.440892098500626e-16], [-3.4152918050715414e-16, 7.686938441180024e-16, 2.4108578047509512]], "eps_total": [[8.012998902293752, -1.675417128553958e-11, 8.920864047468058e-11], [-1.675342413531689e-11, 8.012998902604279, 1.1622258710985989e-10], [8.920846135027911e-11, 1.1622240798545842e-10, 8.012998902890416]], "becs": [[[1.3635783277920996, 8.88178432935015e-17, -8.88178432935015e-17], [-8.88178432935015e-17, 1.3635783277920996, 8.88178432935015e-17], [-8.898731224424969e-17, 2.6628406092975636e-16, 1.3635783277920992]], [[1.3635783277920996, 8.88178432935015e-17, -8.88178432935015e-17], [-8.88178432935015e-17, 1.3635783277920996, 8.88178432935015e-17], [-8.898731224424969e-17, 2.6628406092975636e-16, 1.3635783277920992]], [[1.2353822852953709, 8.88178432935015e-17, -8.88178432935015e-17], [-8.88178432935015e-17, 1.2353822852953709, 8.88178432935015e-17], [-8.856120615737777e-17, 2.6671016701662826e-16, 1.2353822852953704]], [[3.357908955662122, 8.88178432935015e-17, -8.88178432935015e-17], [-8.88178432935015e-17, 3.357908955662122, 8.88178432935015e-17], [-8.880504608188261e-17, 2.6646632709212345e-16, 3.3579089556621216]], [[-1.0365825399276907, -3.552713665565611e-16, 3.552713665565611e-16], [-5.329070531435641e-16, -1.0365825399276907, 5.329070531435641e-16], [-8.883693601344052e-17, 2.6643443716056554e-16, -1.5870588684113844]], [[-1.0365825399276916, 8.88178432935015e-17, -8.88178432935015e-17], [3.552713665565611e-16, -1.5870588684113858, -3.552713665565611e-16], [3.55298288805972e-16, -6.216979675702098e-16, -1.036582539927692]], [[-1.0365825399276916, 8.88178432935015e-17, -8.88178432935015e-17], [3.552713665565611e-16, -1.5870588684113858, -3.552713665565611e-16], [3.55298288805972e-16, -6.216979675702098e-16, -1.036582539927692]], [[-1.5870588684113858, 8.88178432935015e-17, -8.88178432935015e-17], [3.552713665565611e-16, -1.0365825399276916, -3.552713665565611e-16], [-8.879092104409063e-17, -1.7760875772014723e-16, -1.036582539927692]], [[-1.0365825399276907, -3.552713665565611e-16, 3.552713665565611e-16], [-5.329070531435641e-16, -1.0365825399276907, 5.329070531435641e-16], [-8.883693601344052e-17, 2.6643443716056554e-16, -1.5870588684113844]], [[-1.5870588684113858, 8.88178432935015e-17, -8.88178432935015e-17], [3.552713665565611e-16, -1.0365825399276916, -3.552713665565611e-16], [-8.879092104409063e-17, -1.7760875772014723e-16, -1.036582539927692]]]}, "metadata": {"formula": "Cs2NaScF6", "nsites": 10, "structure": "# generated using pymatgen\ndata_Cs2NaScF6\n_symmetry_space_group_name_H-M   'P 1'\n_cell_length_a   6.21371342\n_cell_length_b   6.21371342\n_cell_length_c   6.21371342\n_cell_angle_alpha   60.00000000\n_cell_angle_beta   60.00000000\n_cell_angle_gamma   60.00000000\n_symmetry_Int_Tables_number   1\n_chemical_formula_structural   Cs2NaScF6\n_chemical_formula_sum   'Cs2 Na1 Sc1 F6'\n_cell_volume   169.644061506\n_cell_formula_units_Z   1\nloop_\n _symmetry_equiv_pos_site_id\n _symmetry_equiv_pos_as_xyz\n  1  'x, y, z'\nloop_\n _atom_site_type_symbol\n _atom_site_label\n _atom_site_symmetry_multiplicity\n _atom_site_fract_x\n _atom_site_fract_y\n _atom_site_fract_z\n _atom_site_occupancy\n  Cs  Cs1  1  0.250000  0.250000  0.250000  1\n  Cs  Cs2  1  0.750000  0.750000  0.750000  1\n  Na  Na3  1  0.500000  0.500000  0.500000  1\n  Sc  Sc4  1  0.000000  0.000000  0.000000  1\n  F  F5  1  0.230216  0.230216  0.769784  1\n  F  F6  1  0.769784  0.230216  0.769784  1\n  F  F7  1  0.230216  0.769784  0.230216  1\n  F  F8  1  0.230216  0.769784  0.769784  1\n  F  F9  1  0.769784  0.769784  0.230216  1\n  F  F10  1  0.769784  0.230216  0.230216  1\n"}}