{"phonon": {"ph_bandstructure": [[0.0, 0.0, 0.0, 68.12659905613224, 82.00410931691864, 83.42770818330716, 110.44751007578031, 132.78370859168, 151.9495614342235, 164.2446364323336, 165.2060417127815, 165.60239468530023, 177.32849963738127, 178.65955278534344, 187.28493310720594, 203.34414916714854, 446.15421832810387, 448.1494652351633]]}, "dielectric": {"eps_electronic": [[5.10287960012741, 0.0, 0.0], [0.0, 6.819614962893996, -0.053786562787621624], [0.0, -0.05378656278762233, 4.62727472458604]], "eps_total": [[10.66697994284897, 0.0, 0.0], [0.0, 10.94025696894066, -0.13855929604705003], [0.0, -0.13855929604705042, 8.964235168588742]], "becs": [[[2.5916180770992554, -1.2952602009105534e-16, 4.683753359287985e-17], [-1.3322676295501878e-15, 2.485588227218954, -0.09354336283612683], [1.850371680135907e-17, -0.18982495623429974, 2.8026989908002444]], [[2.591618077099255, -1.8503717628539684e-17, -8.673617638377977e-18], [0.0, 2.485588227218953, -0.09354336283612705], [1.850371680135907e-17, -0.18982495623429974, 2.802698990800243]], [[-1.2958090386075618, 0.16183878142473185, -0.05350592789377745], [0.27300080350514155, -1.2427941138276695, 0.046771681414883554], [-0.059703953179567254, 0.09491247811739179, -1.401349495399924]], [[-1.2958090386075618, -0.16183878142473163, 0.05350592789377743], [-0.2730008035051402, -1.2427941138276686, 0.04677168141488333], [0.05970395317956724, 0.09491247811739179, -1.401349495399924]], [[-1.2958090386075618, -0.16183878142473163, 0.053505927893777436], [-0.2730008035051402, -1.2427941138276686, 0.04677168141488333], [0.05970395317956724, 0.09491247811739179, -1.401349495399924]], [[-1.2958090386075618, 0.16183878142473163, -0.05350592789377745], [0.2730008035051402, -1.2427941138276686, 0.04677168141488333], [-0.059703953179567254, 0.09491247811739179, -1.401349495399924]]]}, "metadata": {"formula": "BaS2", "nsites": 6, "structure": "# generated using pymatgen\ndata_BaS2\n_symmetry_space_group_name_H-M   'P 1'\n_cell_length_a   5.12526686\n_cell_length_b   5.12526686\n_cell_length_c   8.97973552\n_cell_angle_alpha   65.67758433\n_cell_angle_beta   65.67758433\n_cell_angle_gamma   54.81337974\n_symmetry_Int_Tables_number   1\n_chemical_formula_structural   BaS2\n_chemical_formula_sum   'Ba2 S4'\n_cell_volume   170.779072874\n_cell_formula_units_Z   2\nloop_\n _symmetry_equiv_pos_site_id\n _symmetry_equiv_pos_as_xyz\n  1  'x, y, z'\nloop_\n _atom_site_type_symbol\n _atom_site_label\n _atom_site_symmetry_multiplicity\n _atom_site_fract_x\n _atom_site_fract_y\n _atom_site_fract_z\n _atom_site_occupancy\n  Ba  Ba1  1  0.860758  0.139242  0.250000  1\n  Ba  Ba2  1  0.139242  0.860758  0.750000  1\n  S  S3  1  0.198483  0.483468  0.521101  1\n  S  S4  1  0.516532  0.801517  0.978899  1\n  S  S5  1  0.483468  0.198483  0.021101  1\n  S  S6  1  0.801517  0.516532  0.478899  1\n"}}