{"phonon": {"ph_bandstructure": [[0.0, 0.0, 0.0, 134.40122934273077, 139.4070323051935, 156.42684103805811, 158.18256306823136, 181.24614263068872, 191.88783852705654, 193.77934143051468, 205.44821252755327, 211.48223137564236, 221.36833433356992, 229.71025388055804, 237.9670391314385, 238.61661567226545, 240.92784002334187, 254.19522644576932, 260.98186924097115, 269.5480469465399, 284.4330801094832, 288.5726259237146, 290.6819007690931, 295.1416962046425, 298.07099298022615, 307.52755119159707, 317.85850480082155, 336.36690184382655, 350.99043641681106, 388.1917736056369]]}, "dielectric": {"eps_electronic": [[8.790433018907601, 0.0, 0.0], [0.0, 8.855712538641079, -0.04171674076050661], [0.0, -0.0417167407605062, 8.173646500665159]], "eps_total": [[22.130443307998853, 0.0, 0.0], [0.0, 23.78322082098428, -0.5355960841988711], [0.0, -0.5355960841988711, 22.163068884131118]], "becs": [[[4.865655152494815, 8.88178432935015e-17, -3.885780644090691e-17], [-3.3306691235063064e-17, 3.836375726475322, 0.060169751412752465], [-2.775557602921922e-17, -0.14846563579716782, 2.6117555418535683]], [[4.865655152494815, 8.88178432935015e-17, -3.885780644090691e-17], [-3.3306691235063064e-17, 3.836375726475322, 0.060169751412752465], [-2.775557602921922e-17, -0.14846563579716782, 2.6117555418535683]], [[3.342083915724019, 8.88178432935015e-17, -3.885780644090691e-17], [-3.3306691235063064e-17, 5.436000822864843, -0.09212828628062189], [-2.775557602921922e-17, 0.14679189307580315, 2.6351478419218783]], [[3.5669734776539226, 8.88178432935015e-17, -3.885780644090691e-17], [-3.3306691235063064e-17, 3.6767408609379455, -0.0500708088733314], [-2.775557602921922e-17, -0.0767536243433006, 6.740499758497003]], [[-2.9664661639331613, -0.28560288745089835, 0.8685641644649692], [-0.32611553258882076, -2.6786418188321495, 0.5232817747853081], [0.8566314224315518, 0.5304638630336787, -2.4712612395187556]], [[-2.9664661639331604, 0.28560288745089635, -0.8685641644649686], [0.3261155325888201, -2.6786418188321495, 0.5232817747853072], [-0.8566314224315517, 0.5304638630336785, -2.4712612395187556]], [[-2.3872515213156427, 9.769962629936267e-16, 4.0439031383532716e-17], [1.9749810242011349e-16, -3.0354629307450276, -1.0356337533556568], [5.24947222637405e-17, -0.9474812245872822, -2.3570568631031263]], [[-2.966466163933162, -0.28560288745089835, 0.8685641644649692], [-0.3261155325888203, -2.6786418188321495, 0.5232817747853081], [0.8566314224315518, 0.5304638630336787, -2.4712612395187556]], [[-2.3872515213156418, 8.88178432935015e-17, -3.885780644090691e-17], [-3.3306691235063064e-17, -3.0354629307450267, -1.035633753355657], [-2.775557602921922e-17, -0.9474812245872825, -2.3570568631031263]], [[-2.9664661639331613, 0.285602887450899, -0.8685641644649693], [0.326115532588821, -2.6786418188321495, 0.5232817747853081], [-0.8566314224315517, 0.5304638630336785, -2.4712612395187556]]]}, "metadata": {"formula": "Sc2S3", "nsites": 10, "structure": "# generated using pymatgen\ndata_Sc2S3\n_symmetry_space_group_name_H-M   'P 1'\n_cell_length_a   6.30939879\n_cell_length_b   6.30939879\n_cell_length_c   6.28777083\n_cell_angle_alpha   80.38646571\n_cell_angle_beta   80.38646571\n_cell_angle_gamma   119.95835682\n_symmetry_Int_Tables_number   1\n_chemical_formula_structural   Sc2S3\n_chemical_formula_sum   'Sc4 S6'\n_cell_volume   204.425070587\n_cell_formula_units_Z   2\nloop_\n _symmetry_equiv_pos_site_id\n _symmetry_equiv_pos_as_xyz\n  1  'x, y, z'\nloop_\n _atom_site_type_symbol\n _atom_site_label\n _atom_site_symmetry_multiplicity\n _atom_site_fract_x\n _atom_site_fract_y\n _atom_site_fract_z\n _atom_site_occupancy\n  Sc  Sc1  1  0.332729  0.667271  0.000000  1\n  Sc  Sc2  1  0.667271  0.332729  0.000000  1\n  Sc  Sc3  1  0.000000  0.000000  0.000000  1\n  Sc  Sc4  1  0.500000  0.500000  0.500000  1\n  S  S5  1  0.087599  0.414337  0.756114  1\n  S  S6  1  0.414337  0.087599  0.756114  1\n  S  S7  1  0.741623  0.741623  0.753165  1\n  S  S8  1  0.912401  0.585663  0.243886  1\n  S  S9  1  0.258377  0.258377  0.246835  1\n  S  S10  1  0.585663  0.912401  0.243886  1\n"}}