{"phonon": {"ph_bandstructure": [[-0.014082408721537093, -0.0033322077144906314, 0.0, 47.59820590654953, 69.39784363102083, 103.77571792883207, 124.08062959255425, 127.45845457897319, 129.95444085047512, 141.87047235328302, 149.11905421050594, 189.212571066844, 253.1371108142355, 396.5165214963324, 405.93839237636604, 430.92905558485023, 2549.9376138199154, 2553.4821661587725]]}, "dielectric": {"eps_electronic": [[3.069980546432334, 0.0, 0.0], [0.0, 2.9175548937123272, 0.11196461556714735], [0.0, 0.1119646155671475, 2.9388375919421614]], "eps_total": [[7.4770291844193775, 0.0, 0.0], [0.0, 6.195585585724012, -0.2532682180460137], [0.0, -0.2532682180460139, 6.257465051257093]], "becs": [[[1.1228692444891433, 0.0, 0.0], [1.3448320121759106e-22, 1.099429117526857, 0.023235436226472166], [0.0, 0.023953195899244762, 1.1118841629835239]], [[1.1228692444891424, 0.0, 0.0], [-8.118571521427813e-23, 1.099429117526857, 0.023235436226472166], [0.0, 0.023953195899244762, 1.1118841629835239]], [[0.1544568369363471, 0.0, 0.0], [-7.746728562062521e-23, 0.02472408154953932, 0.053904498025504795], [0.0, 0.04163771505260995, 0.051244635535769176]], [[0.1544568369363471, 0.0, 0.0], [-8.118571521427813e-23, 0.024724081549539485, 0.053904498025504725], [0.0, 0.04163771505260995, 0.05124463553576912]], [[-1.277326081433817, 0.0, 0.0], [-8.118571521427813e-23, -1.1241531990840232, -0.07713993425323884], [0.0, -0.06559091095336252, -1.1631287985177123]], [[-1.277326081433817, 0.0, 0.0], [1.8654121552873189e-22, -1.1241531990840232, -0.07713993425323884], [0.0, -0.06559091095336252, -1.1631287985177123]]]}, "metadata": {"formula": "KHS", "nsites": 6, "structure": "# generated using pymatgen\ndata_KHS\n_symmetry_space_group_name_H-M   'P 1'\n_cell_length_a   4.87420709\n_cell_length_b   4.30222464\n_cell_length_c   6.51920763\n_cell_angle_alpha   78.57641405\n_cell_angle_beta   90.00000000\n_cell_angle_gamma   90.00000000\n_symmetry_Int_Tables_number   1\n_chemical_formula_structural   KHS\n_chemical_formula_sum   'K2 H2 S2'\n_cell_volume   133.999142446\n_cell_formula_units_Z   2\nloop_\n _symmetry_equiv_pos_site_id\n _symmetry_equiv_pos_as_xyz\n  1  'x, y, z'\nloop_\n _atom_site_type_symbol\n _atom_site_label\n _atom_site_symmetry_multiplicity\n _atom_site_fract_x\n _atom_site_fract_y\n _atom_site_fract_z\n _atom_site_occupancy\n  K  K1  1  0.250000  0.265426  0.263798  1\n  K  K2  1  0.750000  0.734574  0.736202  1\n  H  H3  1  0.250000  0.963951  0.902093  1\n  H  H4  1  0.750000  0.036049  0.097907  1\n  S  S5  1  0.250000  0.241589  0.760160  1\n  S  S6  1  0.750000  0.758411  0.239840  1\n"}}