{"phonon": {"ph_bandstructure": [[-61.104358291316466, -61.104358285859675, -61.104358284006224, 0.0, 0.0, 0.0, 36.38594343405028, 36.385943458293546, 36.99103073306664, 36.9910307388118, 36.99103075599715, 71.53313691909824, 71.5331369222128, 71.53313693148367, 79.45994987021231, 139.3053789677501, 139.30537897421246, 172.08220049165757, 172.08220049344428, 172.0822004940516, 186.3835861777918, 196.00602317199574, 196.00602317668537, 200.21898863302226, 388.6317223025587, 388.6317223041778, 403.15407249946975, 403.154072502058, 462.86384459447873, 483.91416440007606]]}, "dielectric": {"eps_electronic": [[2.249570842476932, -5.814609615283539e-16, -8.881784197001252e-16], [-5.814609615283539e-16, 2.249570842476932, -8.881784197001252e-16], [-6.059249908822035e-16, -6.059249908822035e-16, 2.249570842476932]], "eps_total": null, "becs": [[[1.307384464821593, -1.77635686587003e-16, 1.77635686587003e-16], [1.5543122576362763e-16, 1.3073844648215927, -1.5543122576362763e-16], [3.3309762510535224e-16, -3.3303619959590904e-16, 1.307384464821593]], [[1.307384464821593, -1.77635686587003e-16, 1.77635686587003e-16], [1.5543122576362763e-16, 1.3073844648215927, -1.5543122576362763e-16], [3.3309762510535224e-16, -3.3303619959590904e-16, 1.307384464821593]], [[1.2632611622341021, -1.77635686587003e-16, 1.77635686587003e-16], [1.5543122576362763e-16, 1.2632611622341017, -1.5543122576362763e-16], [3.3281345499973676e-16, -3.3332036970152446e-16, 1.2632611622341021]], [[3.4122773722149624, -1.77635686587003e-16, 1.77635686587003e-16], [-5.107025890114663e-16, 3.4122773722149633, 5.107025890114663e-16], [-3.3284550193747763e-16, 3.3328830291144894e-16, 3.4122773722149637]], [[-1.6768105264833961, -3.996802915120343e-16, 3.996802915120343e-16], [-2.0650148234866855e-15, -0.9841716027776498, 1.842970218561654e-15], [-1.4432999345984964e-15, 1.4432799195007432e-15, -0.984171602777649]], [[-0.9841716027776486, 3.1530333872884666e-15, -2.9309887823634353e-15], [3.0420110897890346e-15, -0.9841716027776489, -2.8199664848640033e-15], [-1.1101696672519189e-16, 1.1102762827367204e-16, -1.676810526483398]], [[-0.9841716027776486, 3.1530333872884666e-15, -2.9309887823634353e-15], [3.0420110897890346e-15, -0.9841716027776489, -2.8199664848640033e-15], [-1.1101696672519189e-16, 1.1102762827367204e-16, -1.676810526483398]], [[-0.9841716027776495, -2.398081735837316e-15, 2.1760371309122848e-15], [-9.54791798861529e-16, -1.6768105264833957, 9.54791798861529e-16], [1.2212353245018793e-15, -1.2212553395996325e-15, -0.9841716027776481]], [[-1.6768105264833961, -3.996802915120343e-16, 3.996802915120343e-16], [-2.0650148234866855e-15, -0.9841716027776498, 1.842970218561654e-15], [-1.4432999345984964e-15, 1.4432799195007432e-15, -0.984171602777649]], [[-0.9841716027776495, -2.398081735837316e-15, 2.1760371309122848e-15], [-9.54791798861529e-16, -1.6768105264833957, 9.54791798861529e-16], [1.2212353245018793e-15, -1.2212553395996325e-15, -0.9841716027776481]]]}, "metadata": {"formula": "Cs2KYF6", "nsites": 10, "structure": "# generated using pymatgen\ndata_Cs2KYF6\n_symmetry_space_group_name_H-M   'P 1'\n_cell_length_a   6.63976360\n_cell_length_b   6.63976360\n_cell_length_c   6.63976360\n_cell_angle_alpha   60.00000000\n_cell_angle_beta   60.00000000\n_cell_angle_gamma   60.00000000\n_symmetry_Int_Tables_number   1\n_chemical_formula_structural   Cs2KYF6\n_chemical_formula_sum   'Cs2 K1 Y1 F6'\n_cell_volume   206.986896673\n_cell_formula_units_Z   1\nloop_\n _symmetry_equiv_pos_site_id\n _symmetry_equiv_pos_as_xyz\n  1  'x, y, z'\nloop_\n _atom_site_type_symbol\n _atom_site_label\n _atom_site_symmetry_multiplicity\n _atom_site_fract_x\n _atom_site_fract_y\n _atom_site_fract_z\n _atom_site_occupancy\n  Cs  Cs1  1  0.750000  0.750000  0.750000  1\n  Cs  Cs2  1  0.250000  0.250000  0.250000  1\n  K  K3  1  0.000000  0.000000  0.000000  1\n  Y  Y4  1  0.500000  0.500000  0.500000  1\n  F  F5  1  0.729653  0.270347  0.270347  1\n  F  F6  1  0.729653  0.729653  0.270347  1\n  F  F7  1  0.270347  0.270347  0.729653  1\n  F  F8  1  0.729653  0.270347  0.729653  1\n  F  F9  1  0.270347  0.729653  0.729653  1\n  F  F10  1  0.270347  0.729653  0.270347  1\n"}}