{"phonon": {"ph_bandstructure": [[-174.38787010920973, -0.0030523048365259306, 0.0, 0.0, 166.00552181165602, 184.6285498477377, 224.61833422153896, 252.47915338353877, 262.22259733035685, 265.17031723720334, 275.8133293621113, 346.4128168109598, 353.79815323338283, 385.2243044021999, 407.08897831908024, 416.05603013295473, 443.04104359709964, 496.2651491680021, 549.032148059144, 630.5181214022725, 713.3370086205033, 804.3312834805755, 3648.3502375360845, 3669.5793222136613]]}, "dielectric": {"eps_electronic": [[3.9058669432992574, 0.0, 0.0], [0.0, 3.847246819366514, 0.026494857791984468], [0.0, 0.026494857791984523, 3.607481498445277]], "eps_total": null, "becs": [[[3.7101299776478727, 0.0, 0.0], [1.9967256996433397e-23, 3.7263294380101297, -0.044162204236560455], [0.0, -0.029013872591657067, 3.3906395944178778]], [[3.7101299776478727, 0.0, 0.0], [-1.9967256996433397e-23, 3.7263294380101297, -0.044162204236560455], [0.0, -0.029013872591657067, 3.3906395944178778]], [[0.5295644137692991, 0.0, 0.0], [1.9967256996433397e-23, 0.35926381130475754, 0.0931344308941719], [0.0, 0.08633614700408379, 0.4360618504698204]], [[0.5295644137692991, 0.0, 0.0], [1.9967256996433397e-23, 0.35926381130475754, 0.0931344308941719], [0.0, 0.08633614700408379, 0.4360618504698204]], [[-2.4665066827647584, 0.0, 0.0], [-1.9967256996433397e-23, -2.8155276966096583, -0.03861822794612988], [0.0, -0.031206377613606433, -1.8197575417428804]], [[-2.4665066827647584, 0.0, 0.0], [-5.99017709893002e-23, -2.8155276966096565, -0.0386182279461301], [0.0, -0.031206377613606433, -1.8197575417428804]], [[-1.7731877086524142, 0.0, 0.0], [1.9967256996433397e-23, -1.27006555270523, -0.01035399871148144], [0.0, -0.02611589679882028, -2.0069439031448173]], [[-1.7731877086524142, 0.0, 0.0], [1.9967256996433397e-23, -1.27006555270523, -0.01035399871148144], [0.0, -0.02611589679882028, -2.0069439031448173]]]}, "metadata": {"formula": "YHO2", "nsites": 8, "structure": "# generated using pymatgen\ndata_YHO2\n_symmetry_space_group_name_H-M   'P 1'\n_cell_length_a   3.60661368\n_cell_length_b   4.27353815\n_cell_length_c   5.91921718\n_cell_angle_alpha   71.06459459\n_cell_angle_beta   90.00000000\n_cell_angle_gamma   90.00000000\n_symmetry_Int_Tables_number   1\n_chemical_formula_structural   YHO2\n_chemical_formula_sum   'Y2 H2 O4'\n_cell_volume   86.2958340644\n_cell_formula_units_Z   2\nloop_\n _symmetry_equiv_pos_site_id\n _symmetry_equiv_pos_as_xyz\n  1  'x, y, z'\nloop_\n _atom_site_type_symbol\n _atom_site_label\n _atom_site_symmetry_multiplicity\n _atom_site_fract_x\n _atom_site_fract_y\n _atom_site_fract_z\n _atom_site_occupancy\n  Y  Y1  1  0.750000  0.167786  0.689281  1\n  Y  Y2  1  0.250000  0.832214  0.310719  1\n  H  H3  1  0.250000  0.485046  0.923039  1\n  H  H4  1  0.750000  0.514954  0.076961  1\n  O  O5  1  0.250000  0.266116  0.449007  1\n  O  O6  1  0.750000  0.733884  0.550993  1\n  O  O7  1  0.250000  0.251544  0.938878  1\n  O  O8  1  0.750000  0.748456  0.061122  1\n"}}