{"phonon": {"ph_bandstructure": [[0.0, 0.0, 0.0, 107.95927555269431, 113.52386283262064, 193.6195686959222, 244.812260041525, 267.87497275206937, 272.9863341671509, 289.7980373600241, 341.97490425901566, 371.7739282566001]]}, "dielectric": {"eps_electronic": [[11.59816317945835, -1.7763568394002505e-15, -1.1876721864304104e-22], [-1.7763568394002505e-15, 11.598163179653497, -2.0571085696528255e-22], [0.0, 0.0, 11.054734428683023]], "eps_total": [[24.09618148171554, 0.0, -1.1876721864304104e-22], [5.329070518200751e-15, 24.0961814823548, -2.0571085696528255e-22], [0.0, 0.0, 13.786315354063433]], "becs": [[[4.690772348839289, 0.0, 5.631621610993044e-23], [0.0, 4.690772348839289, 1.95085095186653e-22], [8.96406305356914e-23, 1.086834885562287e-22, 3.032172568180554]], [[0.5071127089769446, 0.0, 5.631621610993044e-23], [0.0, 0.5071127089769445, 1.95085095186653e-22], [1.2549688274996797e-22, -3.622782951874291e-23, 0.5067296125892716]], [[-2.5828895348603753, 0.0, -1.6894864832979132e-22], [0.0, -2.5828895348603758, -1.9508509518665303e-22], [-5.378437832141483e-23, 1.086834885562287e-22, -1.609672808717435]], [[-2.6149955229558577, 0.0, 5.631621610993044e-23], [0.0, -2.6149955229558572, -1.9508509518665303e-22], [-1.613531349642445e-22, -1.811391475937145e-22, -1.92922937205239]]]}, "metadata": {"formula": "ScCuS2", "nsites": 4, "structure": "# generated using pymatgen\ndata_ScCuS2\n_symmetry_space_group_name_H-M   'P 1'\n_cell_length_a   3.69907450\n_cell_length_b   3.69907450\n_cell_length_c   5.90321754\n_cell_angle_alpha   90.00000000\n_cell_angle_beta   90.00000000\n_cell_angle_gamma   120.00000000\n_symmetry_Int_Tables_number   1\n_chemical_formula_structural   ScCuS2\n_chemical_formula_sum   'Sc1 Cu1 S2'\n_cell_volume   69.9528761348\n_cell_formula_units_Z   1\nloop_\n _symmetry_equiv_pos_site_id\n _symmetry_equiv_pos_as_xyz\n  1  'x, y, z'\nloop_\n _atom_site_type_symbol\n _atom_site_label\n _atom_site_symmetry_multiplicity\n _atom_site_fract_x\n _atom_site_fract_y\n _atom_site_fract_z\n _atom_site_occupancy\n  Sc  Sc1  1  0.000000  0.000000  0.995332  1\n  Cu  Cu2  1  0.333333  0.666667  0.603664  1\n  S  S3  1  0.666667  0.333333  0.734677  1\n  S  S4  1  0.333333  0.666667  0.223528  1\n"}}