{"phonon": {"ph_bandstructure": [[0.0, 0.0, 0.0, 83.61501812254501, 85.11803671072039, 139.70536569253488, 157.81193908390307, 173.67167722150742, 185.79506789675654, 186.13934434342426, 220.17449159414744, 223.39722332949202]]}, "dielectric": {"eps_electronic": [[11.378007330711615, 0.0, 2.7244156138858347e-23], [-4.440892098500626e-16, 11.378007330123326, 4.7188262640504727e-23], [0.0, 0.0, 10.241809784040951]], "eps_total": [[19.97913851299461, -3.552713678800501e-15, 2.7244156138858347e-23], [-6.217248937900877e-15, 19.979138512141066, 4.7188262640504727e-23], [0.0, 0.0, 13.101124842313078]], "becs": [[[4.38778449958075, 0.0, 2.3323400159488654e-23], [0.0, 4.387784499580752, 7.14721710652336e-23], [-2.8577434695945776e-23, -1.9037526478754866e-23, 2.9173787645635785]], [[0.7982023655092635, 0.0, 1.6146969341184453e-23], [0.0, 0.7982023655092667, 3.418234268337259e-23], [5.9353133599272e-23, -3.934422138942671e-23, 0.9615292853973156]], [[-2.7079023683040724, 0.0, -1.9735184750336555e-23], [0.0, -2.7079023683040746, -5.28272568743031e-23], [-2.1982642073804434e-24, -1.39608527510869e-23, -1.5437220702092254]], [[-2.4780844967859412, 0.0, -1.9735184750336555e-23], [0.0, -2.4780844967859434, -5.28272568743031e-23], [-2.857743469594578e-23, 7.23426006192685e-23, -2.3351859797516688]]]}, "metadata": {"formula": "YCuSe2", "nsites": 4, "structure": "# generated using pymatgen\ndata_YCuSe2\n_symmetry_space_group_name_H-M   'P 1'\n_cell_length_a   4.03140391\n_cell_length_b   4.03140391\n_cell_length_c   6.31083752\n_cell_angle_alpha   90.00000000\n_cell_angle_beta   90.00000000\n_cell_angle_gamma   120.00000000\n_symmetry_Int_Tables_number   1\n_chemical_formula_structural   YCuSe2\n_chemical_formula_sum   'Y1 Cu1 Se2'\n_cell_volume   88.8239853164\n_cell_formula_units_Z   1\nloop_\n _symmetry_equiv_pos_site_id\n _symmetry_equiv_pos_as_xyz\n  1  'x, y, z'\nloop_\n _atom_site_type_symbol\n _atom_site_label\n _atom_site_symmetry_multiplicity\n _atom_site_fract_x\n _atom_site_fract_y\n _atom_site_fract_z\n _atom_site_occupancy\n  Y  Y1  1  0.000000  0.000000  0.509270  1\n  Cu  Cu2  1  0.666667  0.333333  0.131915  1\n  Se  Se3  1  0.333333  0.666667  0.233688  1\n  Se  Se4  1  0.666667  0.333333  0.751127  1\n"}}