{"phonon": {"ph_bandstructure": [[0.0, 0.0, 0.0, 135.2099482410471, 135.20994824703854, 150.5855346696508, 150.5855346710389, 150.58553467504692, 187.33684712504245, 332.6389591039647, 332.63895910514316, 332.638959105727, 806.8940216055527, 806.8940216060346, 806.8940216062739, 812.2104623487842, 812.2104623494341, 812.2104623505725, 869.2339203347683, 869.2339203365492, 877.3331815400333, 1783.6282050947086, 1783.6282050969373, 1849.1386250145072, 2109.898400856986, 2109.8984008584225, 2111.469751537194]]}, "dielectric": {"eps_electronic": [[3.422728506407128, 4.235193496908227e-16, -1.1102230246251565e-15], [6.664613000617656e-16, 3.422728506407128, -6.661338147750939e-16], [-1.1105505099118282e-15, -8.885059049867969e-16, 3.422728506407127]], "eps_total": [[7.194284205381252, -4.676551535795818e-15, -3.9968028886505635e-15], [-4.390909597580761e-15, 7.1942842056406775, -3.507181212114574e-10], [-3.3979735624587816e-15, -3.5071885464976074e-10, 7.194284205687923]], "becs": [[[1.031178659978801, 8.635068033643043e-17, -6.784696312148105e-17], [3.7007434429898756e-17, 1.031178659978801, -4.9343245906531674e-17], [3.507112574109744e-18, -2.1164510379156087e-17, 1.031178659978801]], [[1.031178659978801, 8.635068033643043e-17, -6.784696312148105e-17], [3.7007434429898756e-17, 1.031178659978801, -4.9343245906531674e-17], [3.507112574109744e-18, -2.1164510379156087e-17, 1.031178659978801]], [[-0.901989321378983, -8.018277335734305e-17, 9.868649057229243e-17], [-1.850371680135907e-17, 0.13285096654190237, 1.171902077872418e-16], [2.6733571336507044e-17, 2.0619483832412074e-18, 0.13285096654190243]], [[0.13285096654190248, 5.859510472080152e-17, -1.2335811435273888e-16], [9.251858566115658e-17, 0.13285096654190243, -1.6036554836904733e-16], [-5.1892355438756083e-17, 3.445832407049374e-17, -0.9019893213789831]], [[0.13285096654190232, -1.0793834897297196e-16, 1.2644206618792134e-16], [-1.2952601926387473e-16, -0.9019893213789831, 1.171902077872418e-16], [1.9862998605477915e-17, -4.808624347787934e-18, 0.13285096654190243]], [[-0.901989321378983, -8.018277335734305e-17, 9.868649057229243e-17], [-1.850371680135907e-17, 0.13285096654190237, 1.171902077872418e-16], [2.6733571336507044e-17, 2.0619483832412074e-18, 0.13285096654190243]], [[0.13285096654190248, 5.859510472080152e-17, -1.2335811435273888e-16], [9.251858566115658e-17, 0.13285096654190243, -1.6036554836904733e-16], [-5.1892355438756083e-17, 3.445832407049374e-17, -0.9019893213789831]], [[0.13285096654190232, -1.0793834897297196e-16, 1.2644206618792134e-16], [-1.2952601926387473e-16, -0.9019893213789831, 1.171902077872418e-16], [1.9862998605477915e-17, -4.808624347787934e-18, 0.13285096654190243]], [[-0.7897825433675508, 8.635068033643043e-17, -6.784696312148105e-17], [3.7007434429898756e-17, -0.7897825433675507, -4.9343245906531674e-17], [3.5773460900389676e-18, -2.1094276863226863e-17, -0.7897825433675509]]]}, "metadata": {"formula": "Na2H6Pt", "nsites": 9, "structure": "# generated using pymatgen\ndata_Na2H6Pt\n_symmetry_space_group_name_H-M   'P 1'\n_cell_length_a   5.12446916\n_cell_length_b   5.12446916\n_cell_length_c   5.12446916\n_cell_angle_alpha   60.00000000\n_cell_angle_beta   60.00000000\n_cell_angle_gamma   60.00000000\n_symmetry_Int_Tables_number   1\n_chemical_formula_structural   Na2H6Pt\n_chemical_formula_sum   'Na2 H6 Pt1'\n_cell_volume   95.1550086342\n_cell_formula_units_Z   1\nloop_\n _symmetry_equiv_pos_site_id\n _symmetry_equiv_pos_as_xyz\n  1  'x, y, z'\nloop_\n _atom_site_type_symbol\n _atom_site_label\n _atom_site_symmetry_multiplicity\n _atom_site_fract_x\n _atom_site_fract_y\n _atom_site_fract_z\n _atom_site_occupancy\n  Na  Na1  1  0.750000  0.750000  0.750000  1\n  Na  Na2  1  0.250000  0.250000  0.250000  1\n  H  H3  1  0.226719  0.773281  0.773281  1\n  H  H4  1  0.773281  0.773281  0.226719  1\n  H  H5  1  0.773281  0.226719  0.773281  1\n  H  H6  1  0.773281  0.226719  0.226719  1\n  H  H7  1  0.226719  0.226719  0.773281  1\n  H  H8  1  0.226719  0.773281  0.226719  1\n  Pt  Pt9  1  0.000000  0.000000  0.000000  1\n"}}