{"phonon": {"ph_bandstructure": [[-82.25444744448053, -82.2544474402017, -82.25444743859782, 0.0, 0.0, 0.0, 88.92675326332338, 88.9267532733165, 92.8698493821382, 92.86984938455052, 92.86984939169265, 135.03157229206087, 170.95245085008312, 170.9524508514564, 170.9524508554061, 266.08296015019323, 266.0829601537693, 279.27513827400384, 303.05281925514515, 303.05281925835425, 404.115873644383, 425.27480477546504, 425.2748047762885, 425.2748047765968, 622.6832727192315, 622.6832727205207, 658.0496252697351, 658.049625271731, 741.2293137104416, 827.4182287695384]]}, "dielectric": {"eps_electronic": [[4.443253884763677, 2.4659811528752663e-15, 2.6645352591003757e-15], [2.4517825751223004e-15, 4.443253884763676, 2.6645352591003757e-15], [1.6160132022930919e-15, 1.6160132022930919e-15, 4.443253884763674]], "eps_total": null, "becs": [[[2.814597036456869, -4.440892164675075e-17, -1.3322676494025225e-16], [-8.88178432935015e-17, 2.8145970364568695, -4.440892164675075e-17], [-8.891892470611353e-17, 8.871676188088944e-17, 2.814597036456869]], [[2.814597036456869, -4.440892164675075e-17, -1.3322676494025225e-16], [-8.88178432935015e-17, 2.8145970364568695, -4.440892164675075e-17], [-8.891892470611353e-17, 8.871676188088944e-17, 2.814597036456869]], [[1.4315854987361654, -4.440892164675075e-17, -1.3322676494025225e-16], [-8.88178432935015e-17, 1.4315854987361656, -4.440892164675075e-17], [-8.858508775115159e-17, 8.905059883585138e-17, 1.4315854987361654]], [[6.654090228715421, -4.440892164675075e-17, -1.3322676494025225e-16], [-8.88178432935015e-17, 6.65409022871542, -4.440892164675075e-17], [-8.898056119210681e-17, 8.865512539489616e-17, 6.65409022871542]], [[-1.7602844491311305, 3.9968028820331186e-16, -3.5527136986528356e-16], [1.332267616315298e-16, -3.3368660019141583, -2.6645352657178206e-16], [-8.883672462536806e-17, 8.879896196163475e-17, -1.7602844491311305]], [[-1.7602844491311305, -2.6645352657178206e-16, 7.54951654759873e-16], [1.332267616315298e-16, -1.7602844491311307, 3.9968028820331186e-16], [3.5537519180962744e-16, -3.551675413034948e-16, -3.3368660019141587]], [[-1.7602844491311305, -2.6645352657178206e-16, 7.54951654759873e-16], [1.332267616315298e-16, -1.7602844491311307, 3.9968028820331186e-16], [3.5537519180962744e-16, -3.551675413034948e-16, -3.3368660019141587]], [[-3.3368660019141587, -4.440892164675075e-17, -1.3322676494025225e-16], [-8.88178432935015e-17, -1.7602844491311302, -4.440892164675075e-17], [-8.883672462536806e-17, 8.879896196163475e-17, -1.7602844491311305]], [[-1.7602844491311305, 3.9968028820331186e-16, -3.5527136986528356e-16], [1.332267616315298e-16, -3.3368660019141583, -2.6645352657178206e-16], [-8.883672462536806e-17, 8.879896196163475e-17, -1.7602844491311305]], [[-3.3368660019141587, -4.440892164675075e-17, -1.3322676494025225e-16], [-8.88178432935015e-17, -1.7602844491311302, -4.440892164675075e-17], [-8.883672462536806e-17, 8.879896196163475e-17, -1.7602844491311305]]]}, "metadata": {"formula": "Ba2NaReO6", "nsites": 10, "structure": "# generated using pymatgen\ndata_Ba2NaReO6\n_symmetry_space_group_name_H-M   'P 1'\n_cell_length_a   5.83771720\n_cell_length_b   5.83771720\n_cell_length_c   5.83771720\n_cell_angle_alpha   60.00000000\n_cell_angle_beta   60.00000000\n_cell_angle_gamma   60.00000000\n_symmetry_Int_Tables_number   1\n_chemical_formula_structural   Ba2NaReO6\n_chemical_formula_sum   'Ba2 Na1 Re1 O6'\n_cell_volume   140.674104546\n_cell_formula_units_Z   1\nloop_\n _symmetry_equiv_pos_site_id\n _symmetry_equiv_pos_as_xyz\n  1  'x, y, z'\nloop_\n _atom_site_type_symbol\n _atom_site_label\n _atom_site_symmetry_multiplicity\n _atom_site_fract_x\n _atom_site_fract_y\n _atom_site_fract_z\n _atom_site_occupancy\n  Ba  Ba1  1  0.250000  0.250000  0.250000  1\n  Ba  Ba2  1  0.750000  0.750000  0.750000  1\n  Na  Na3  1  0.000000  0.000000  0.000000  1\n  Re  Re4  1  0.500000  0.500000  0.500000  1\n  O  O5  1  0.273021  0.726979  0.273021  1\n  O  O6  1  0.273021  0.273021  0.726979  1\n  O  O7  1  0.726979  0.726979  0.273021  1\n  O  O8  1  0.273021  0.726979  0.726979  1\n  O  O9  1  0.726979  0.273021  0.726979  1\n  O  O10  1  0.726979  0.273021  0.273021  1\n"}}