{"phonon": {"ph_bandstructure": [[0.0, 0.0, 0.0, 50.985339251784026, 54.802513412867796, 61.16318474683362, 71.48734395994424, 89.21018144357542, 93.67861604668974, 100.92273962328278, 106.46857944159122, 106.51458874001926, 111.78274767801084, 114.6475930631975, 125.12944912842585, 131.85983579577248, 134.7149897412918, 157.21384565119118, 158.50591896209318, 159.23368417226666, 161.72836733804328, 167.80104525009781, 188.10241506154478, 215.9840324569962]]}, "dielectric": {"eps_electronic": [[13.71212283290728, 0.0, -1.2358926298895756e-22], [0.0, 8.588525305694345, 0.0], [-1.2358926298895756e-22, 0.0, 13.816429604920359]], "eps_total": [[21.39690125537003, 0.0, -1.2358926298895756e-22], [0.0, 12.5284171083867, 0.0], [-1.2358926298895756e-22, 0.0, 20.344505484951668]], "becs": [[[1.1460022543123887, -0.12289213490399448, 8.039035494219949e-23], [0.11334011607824568, 1.2496928576229283, -1.5346277888634512e-23], [0.0, 0.0, 1.093809177383035]], [[1.1460022543123887, -0.12289213490399448, 9.187469136251369e-23], [0.11334011607824568, 1.2496928576229283, -1.705141987626052e-24], [0.0, 0.0, 1.093809177383035]], [[1.1460022543123882, 0.1228921349039937, 8.039035494219949e-23], [-0.11334011607824657, 1.249692857622927, -1.5346277888634512e-23], [0.0, 0.0, 1.093809177383035]], [[1.1460022543123882, 0.1228921349039937, 8.039035494219949e-23], [-0.11334011607824657, 1.249692857622927, -1.5346277888634512e-23], [0.0, 0.0, 1.093809177383035]], [[0.8623468761532344, -2.7755575615628914e-16, -0.3819485863751213], [0.0, -0.4393747200184891, -1.5346277888634512e-23], [-1.1272350580227282, 0.0, 0.7135764853576283]], [[0.8623468761532361, -2.7755575615628914e-16, 0.3819485863751213], [0.0, -0.43937472001848554, -1.5346277888634512e-23], [1.1272350580227282, 0.0, 0.7135764853576283]], [[-3.154351384778012, 1.0547118733938987e-15, -1.033590277828279e-22], [8.881784197001252e-16, -2.060010995227368, -2.336044523047699e-22], [0.0, 0.0, -2.901194840123698]], [[-3.154351384778012, 1.0547118733938987e-15, -3.78983101870369e-22], [8.881784197001252e-16, -2.060010995227368, 3.120409837355685e-22], [0.0, 0.0, -2.901194840123698]]]}, "metadata": {"formula": "Na2AgSb", "nsites": 8, "structure": "# generated using pymatgen\ndata_Na2AgSb\n_symmetry_space_group_name_H-M   'P 1'\n_cell_length_a   6.03634065\n_cell_length_b   6.03634065\n_cell_length_c   5.70440990\n_cell_angle_alpha   90.00000000\n_cell_angle_beta   90.00000000\n_cell_angle_gamma   99.81261649\n_symmetry_Int_Tables_number   1\n_chemical_formula_structural   Na2AgSb\n_chemical_formula_sum   'Na4 Ag2 Sb2'\n_cell_volume   204.813093096\n_cell_formula_units_Z   2\nloop_\n _symmetry_equiv_pos_site_id\n _symmetry_equiv_pos_as_xyz\n  1  'x, y, z'\nloop_\n _atom_site_type_symbol\n _atom_site_label\n _atom_site_symmetry_multiplicity\n _atom_site_fract_x\n _atom_site_fract_y\n _atom_site_fract_z\n _atom_site_occupancy\n  Na  Na1  1  0.973408  0.330870  0.750000  1\n  Na  Na2  1  0.026592  0.669130  0.250000  1\n  Na  Na3  1  0.330870  0.973408  0.750000  1\n  Na  Na4  1  0.669130  0.026592  0.250000  1\n  Ag  Ag5  1  0.500000  0.500000  0.000000  1\n  Ag  Ag6  1  0.500000  0.500000  0.500000  1\n  Sb  Sb7  1  0.793025  0.793025  0.750000  1\n  Sb  Sb8  1  0.206975  0.206975  0.250000  1\n"}}