{"phonon": {"ph_bandstructure": [[-0.003919627763951121, -0.0030102535297646554, -0.002961947534267112, 148.76526848789405, 155.58429368144644, 169.56585385062058, 205.03412089269094, 224.6663931713612, 228.32506721693926, 228.3250672174423, 230.7274912139754, 281.2294115228718, 344.66652138608515, 346.1575213721942, 346.157521373229, 396.25163028021893, 417.462068101715, 465.0171158555103, 618.8151873282718, 618.8151873301847, 642.3608256415739, 652.5825571679494, 692.0691676215379, 709.3586174887308, 919.5894759794511, 926.9857193669106, 1227.2628402794262, 1227.2628402828072, 1228.136700884976, 1359.9004602270704]]}, "dielectric": {"eps_electronic": [[3.443460075817538, 0.0, -0.12844194492167008], [0.0, 3.9158969156022745, 0.0], [-0.1284419449216698, 0.0, 3.88097725688325]], "eps_total": [[10.298392920304694, 1.9539925233402755e-14, 0.029362260418110984], [2.4923783931639138e-14, 10.190392270887966, 8.553187788491562e-15], [0.029362260418110842, 8.43769498715119e-15, 10.19837502237341]], "becs": [[[3.5101074820077316, 0.009805741486199903, -0.004840221982365477], [-0.009805741486395902, 3.52791084973447, 0.036067606433637864], [-0.004840221982483125, -0.03606760643378745, 3.5265949330383304]], [[3.5101074820077316, -0.009805741486199903, -0.004840221982365477], [0.009805741486395902, 3.52791084973447, -0.036067606433637864], [-0.004840221982483125, 0.03606760643378745, 3.5265949330383304]], [[0.805193764030601, 0.0, -0.5782415600870052], [0.0, 2.932089424315896, 0.0], [-0.5782415601010029, 0.0, 2.7748822288415784]], [[0.805193764030601, 0.0, -0.5782415600870052], [0.0, 2.932089424315896, 0.0], [-0.5782415601010029, 0.0, 2.7748822288415784]], [[-1.582921017167714, 0.0, 0.3232861617110575], [0.0, -2.702083726636552, 0.0], [0.40841869225807276, 0.0, -1.4072548168379608]], [[-1.366190114433863, -0.38992206949840436, 0.12989781017680985], [-0.4610665870673091, -1.8789582736968287, 0.3671310468504597], [0.08733154491035988, 0.3864731883563847, -2.4471111725115327]], [[-1.366190114433863, 0.38992206949840436, 0.12989781017680985], [0.4610665870673091, -1.8789582736968287, -0.3671310468504597], [0.08733154491035988, -0.3864731883563847, -2.4471111725115327]], [[-1.582921017167714, 0.0, 0.3232861617110575], [0.0, -2.702083726636552, 0.0], [0.40841869225807276, 0.0, -1.4072548168379608]], [[-1.366190114433863, -0.38992206949840436, 0.12989781017680985], [-0.4610665870673091, -1.8789582736968287, 0.3671310468504597], [0.08733154491035988, 0.3864731883563847, -2.4471111725115327]], [[-1.366190114433863, 0.38992206949840436, 0.12989781017680985], [0.4610665870673091, -1.8789582736968287, -0.3671310468504597], [0.08733154491035988, -0.3864731883563847, -2.4471111725115327]]]}, "metadata": {"formula": "InBO3", "nsites": 10, "structure": "# generated using pymatgen\ndata_InBO3\n_symmetry_space_group_name_H-M   'P 1'\n_cell_length_a   5.86420767\n_cell_length_b   5.86420767\n_cell_length_c   5.86420767\n_cell_angle_alpha   48.87416323\n_cell_angle_beta   48.87416323\n_cell_angle_gamma   48.87416323\n_symmetry_Int_Tables_number   1\n_chemical_formula_structural   InBO3\n_chemical_formula_sum   'In2 B2 O6'\n_cell_volume   105.034442107\n_cell_formula_units_Z   2\nloop_\n _symmetry_equiv_pos_site_id\n _symmetry_equiv_pos_as_xyz\n  1  'x, y, z'\nloop_\n _atom_site_type_symbol\n _atom_site_label\n _atom_site_symmetry_multiplicity\n _atom_site_fract_x\n _atom_site_fract_y\n _atom_site_fract_z\n _atom_site_occupancy\n  In  In1  1  0.500000  0.500000  0.500000  1\n  In  In2  1  0.000000  1.000000  0.000000  1\n  B  B3  1  0.750000  0.750000  0.750000  1\n  B  B4  1  0.250000  0.250000  0.250000  1\n  O  O5  1  0.965575  0.534425  0.250000  1\n  O  O6  1  0.250000  0.965575  0.534425  1\n  O  O7  1  0.534425  0.250000  0.965575  1\n  O  O8  1  0.034425  0.465575  0.750000  1\n  O  O9  1  0.750000  0.034425  0.465575  1\n  O  O10  1  0.465575  0.750000  0.034425  1\n"}}