{"phonon": {"ph_bandstructure": [[0.0, 0.0, 0.0, 142.89566562247091, 149.7284828870828, 175.61518757938103, 175.61518757995785, 341.4996213509342, 416.67122132868644, 445.6931335462516, 544.6142688884383, 553.2972676995427]]}, "dielectric": {"eps_electronic": [[2.9731768119166357, -4.996003610813204e-16, -0.2678438413974125], [-6.106176793994541e-16, 4.8463851740776525, -2.7309764769445556e-16], [-0.267843841397416, -2.220446049250313e-16, 4.80808707291803]], "eps_total": [[5.812497549641973, -2.220446049250313e-15, -0.3462447602977331], [-4.9405971266139696e-15, 8.234015166588534, 5.735050601583567e-15], [-0.3462447602977384, 5.773159728050814e-15, 8.184506778490775]], "becs": [[[1.380990297653414, 0.0, 0.043875979069182613], [0.0, 1.074136683028819, 0.0], [0.043875979070917615, 0.0, 1.0804103635318527]], [[1.4382362381848666, 0.0, 0.09330799151402591], [0.0, 0.7856720088079213, 0.0], [0.09330799151771635, 0.0, 0.7990138085707408]], [[-1.4096132679191402, 0.0, -0.06859198529160426], [0.0, -0.9299043459183701, 0.0], [-0.06859198529431698, 0.0, -0.9397120860512966]], [[-1.4096132679191402, 0.0, -0.06859198529160426], [0.0, -0.9299043459183701, 0.0], [-0.06859198529431698, 0.0, -0.9397120860512966]]]}, "metadata": {"formula": "LiCuF2", "nsites": 4, "structure": "# generated using pymatgen\ndata_LiCuF2\n_symmetry_space_group_name_H-M   'P 1'\n_cell_length_a   6.02497662\n_cell_length_b   6.02497662\n_cell_length_c   6.02497662\n_cell_angle_alpha   27.55061417\n_cell_angle_beta   27.55061417\n_cell_angle_gamma   27.55061417\n_symmetry_Int_Tables_number   1\n_chemical_formula_structural   LiCuF2\n_chemical_formula_sum   'Li1 Cu1 F2'\n_cell_volume   41.3009698076\n_cell_formula_units_Z   1\nloop_\n _symmetry_equiv_pos_site_id\n _symmetry_equiv_pos_as_xyz\n  1  'x, y, z'\nloop_\n _atom_site_type_symbol\n _atom_site_label\n _atom_site_symmetry_multiplicity\n _atom_site_fract_x\n _atom_site_fract_y\n _atom_site_fract_z\n _atom_site_occupancy\n  Li  Li1  1  0.500000  0.500000  0.500000  1\n  Cu  Cu2  1  0.000000  0.000000  0.000000  1\n  F  F3  1  0.895187  0.895187  0.895187  1\n  F  F4  1  0.104813  0.104813  0.104813  1\n"}}