{"phonon": {"ph_bandstructure": [[0.0, 0.0, 0.0, 48.60312619489083, 48.60312620171063, 57.479829456773764, 75.78920698375546, 77.83701164170209, 86.55180959009034, 96.81941914331509, 96.81941914677391, 199.39851925127135, 257.9844357321371, 607.8641996633743, 609.7238183562934]]}, "dielectric": {"eps_electronic": [[3.0426030805809634, -1.0289420314804156e-16, -3.358025001390324e-16], [1.1915040177698975e-16, 3.042603080580963, 5.523759195610928e-16], [-3.1098423494278856e-16, 5.771941847573367e-16, 3.995895589572783]], "eps_total": [[9.339664166406585, -1.467460615461439e-16, -7.950427293423029e-16], [-4.9384362166598025e-17, 9.339664167324434, 1.7804757847149574e-15], [-1.9569778972601205e-15, 4.260271040640756e-15, 8.062273315316954]], "becs": [[[1.362138824860135, 8.88178432935015e-17, 1.3335542632656003e-16], [-1.332267682489747e-16, 1.3621388248601343, -1.3309810355394443e-16], [-1.776356733521132e-16, -7.10542746348012e-16, 1.4307453167047313]], [[1.362138824860135, 8.88178432935015e-17, 1.3335542632656003e-16], [-1.332267682489747e-16, 1.3621388248601343, -1.3309810355394443e-16], [-1.776356733521132e-16, -7.10542746348012e-16, 1.4307453167047313]], [[-0.05079333036277342, 9.769962629936267e-16, 1.3302849984564796e-16], [5.329070465261192e-16, -0.050793330362773954, -1.3342503003485655e-16], [7.10542746348012e-16, -7.10542746348012e-16, 2.7199143283571487]], [[-1.3367421596756441, -5.773159714815924e-16, -1.9986967129368632e-16], [-1.332267682489747e-16, -1.3367421596756435, 1.998106136009031e-16], [-1.776356733521132e-16, 1.0658140930522384e-15, -2.790702480880812]], [[-1.3367421596756441, -5.773159714815924e-16, -1.9986967129368632e-16], [-1.332267682489747e-16, -1.3367421596756435, 1.998106136009031e-16], [-1.776356733521132e-16, 1.0658140930522384e-15, -2.790702480880812]]]}, "metadata": {"formula": "Cs2HgO2", "nsites": 5, "structure": "# generated using pymatgen\ndata_Cs2HgO2\n_symmetry_space_group_name_H-M   'P 1'\n_cell_length_a   7.80807067\n_cell_length_b   7.80807067\n_cell_length_c   7.80807067\n_cell_angle_alpha   147.41886033\n_cell_angle_beta   147.41886033\n_cell_angle_gamma   46.74398892\n_symmetry_Int_Tables_number   1\n_chemical_formula_structural   Cs2HgO2\n_chemical_formula_sum   'Cs2 Hg1 O2'\n_cell_volume   137.531554847\n_cell_formula_units_Z   1\nloop_\n _symmetry_equiv_pos_site_id\n _symmetry_equiv_pos_as_xyz\n  1  'x, y, z'\nloop_\n _atom_site_type_symbol\n _atom_site_label\n _atom_site_symmetry_multiplicity\n _atom_site_fract_x\n _atom_site_fract_y\n _atom_site_fract_z\n _atom_site_occupancy\n  Cs  Cs1  1  0.335266  0.335266  0.000000  1\n  Cs  Cs2  1  0.664734  0.664734  0.000000  1\n  Hg  Hg3  1  0.000000  0.000000  0.000000  1\n  O  O4  1  0.136582  0.136582  0.000000  1\n  O  O5  1  0.863418  0.863418  0.000000  1\n"}}