{"phonon": {"ph_bandstructure": [[0.0, 0.0, 0.0, 57.9636578478667, 57.963657855392654, 89.93469884136938, 90.09997961516916, 90.09997962067355, 105.03976797185169, 111.54624255770584, 144.76211681964327, 155.4592755072025, 162.41683651794827, 172.01103677062727, 327.2333224505538, 327.6298504407247, 327.62985044660803, 364.02048248063664]]}, "dielectric": {"eps_electronic": [[10.726553706601907, 0.0, 0.0], [0.0, 10.726553706494716, 0.0], [0.0, 0.0, 4.455087152370208]], "eps_total": [[14.96922077096895, -3.552713678800501e-15, 0.0], [-2.6645352591003757e-15, 14.96922077096233, 0.0], [0.0, 0.0, 7.519484336819979]], "becs": [[[0.9861463639441264, -2.1464311853535992e-15, 0.0], [-6.217248964370656e-15, 0.9861463639441266, 0.0], [1.5975669589396875e-22, -1.6494682391471776e-22, 1.398806442443961]], [[0.9861463639441264, 1.8503717032969643e-15, 0.0], [4.4408920720308466e-15, 0.9861463639441266, 0.0], [1.0378354629792754e-22, 1.2589819296687483e-22, 1.398806442443961]], [[2.158598253328287, -1.4802974102831747e-16, 0.0], [-8.881784461699048e-16, 2.1585982533282864, 0.0], [-6.413590249019596e-23, 9.358207998003122e-23, -0.08721227972392184]], [[2.158598253328287, 7.401486786718078e-16, 0.0], [4.4408920720308466e-15, 2.158598253328288, 0.0], [-1.5159396593659945e-23, 1.1377965059680849e-22, -0.08721227972392717]], [[-3.1447446144283395, -1.4802974102831747e-16, 0.0], [-8.881784461699048e-16, -3.14474461442834, 0.0], [-6.413590249019596e-23, -2.29579049888405e-22, -1.311594162765752]], [[-3.1447446144283395, -1.4802974102831747e-16, 0.0], [-8.881784461699048e-16, -3.14474461442834, 0.0], [-1.2010905208623714e-22, 6.126596699318759e-23, -1.311594162765752]]]}, "metadata": {"formula": "KZnP", "nsites": 6, "structure": "# generated using pymatgen\ndata_KZnP\n_symmetry_space_group_name_H-M   'P 1'\n_cell_length_a   4.03761271\n_cell_length_b   4.03761271\n_cell_length_c   10.05854630\n_cell_angle_alpha   90.00000000\n_cell_angle_beta   90.00000000\n_cell_angle_gamma   120.00000000\n_symmetry_Int_Tables_number   1\n_chemical_formula_structural   KZnP\n_chemical_formula_sum   'K2 Zn2 P2'\n_cell_volume   142.008770837\n_cell_formula_units_Z   2\nloop_\n _symmetry_equiv_pos_site_id\n _symmetry_equiv_pos_as_xyz\n  1  'x, y, z'\nloop_\n _atom_site_type_symbol\n _atom_site_label\n _atom_site_symmetry_multiplicity\n _atom_site_fract_x\n _atom_site_fract_y\n _atom_site_fract_z\n _atom_site_occupancy\n  K  K1  1  0.000000  0.000000  0.500000  1\n  K  K2  1  0.000000  0.000000  -0.000000  1\n  Zn  Zn3  1  0.333333  0.666667  0.250000  1\n  Zn  Zn4  1  0.666667  0.333333  0.750000  1\n  P  P5  1  0.666667  0.333333  0.250000  1\n  P  P6  1  0.333333  0.666667  0.750000  1\n"}}