{"phonon": {"ph_bandstructure": [[-20.509184611581375, 0.0, 0.0, 0.0, 64.44234232289125, 68.77921066214967, 68.77921066308198, 97.41462231889146, 121.01480517446824, 229.84834658274943, 232.29996092861077, 232.30365340209826, 343.0733821310761, 343.8213208359196, 343.8213208386262, 352.29008191755753, 368.35495971701647, 380.9744218681589, 542.945359953587, 542.9453599596161, 637.1140143502367, 649.3271051734926, 652.5697702569478, 703.6014869550098]]}, "dielectric": {"eps_electronic": [[2.0035110858098144, 0.0, 0.022534368170166515], [0.0, 1.9784483962515862, 0.0], [0.022534368170166512, 0.0, 1.9987094998136712]], "eps_total": null, "becs": [[[1.2705206921295318, 0.0, 0.034714912410605245], [0.0, 1.2319108200143514, 0.0], [0.03471491241121888, 0.0, 1.2631236958328014]], [[3.766646046380139, 0.0, 0.0897771259451529], [0.0, 3.6667960651786355, 0.0], [0.08977712594673984, 0.0, 3.7475164844128566]], [[-0.6334549726478449, 0.047811387090165997, -0.09831573162652237], [0.049924536106102035, -0.9419795621415571, 0.3372710467250368], [-0.09995639235858161, 0.3353710719543796, -0.9156510992019835]], [[-1.2516734239591458, 0.0, 0.13438544407516567], [0.0, -0.565394318313379, 0.0], [0.13766676553818386, 0.0, -0.674017891718862]], [[-0.6334549726478449, -0.047811387090165997, -0.09831573162652237], [-0.049924536106102035, -0.9419795621415571, -0.3372710467250368], [-0.09995639235858161, -0.3353710719543796, -0.9156510992019835]], [[-1.2516734239591458, 0.0, 0.13438544407516567], [0.0, -0.565394318313379, 0.0], [0.13766676553818386, 0.0, -0.674017891718862]], [[-0.6334549726478449, 0.047811387090165997, -0.09831573162652237], [0.049924536106102035, -0.9419795621415571, 0.3372710467250368], [-0.09995639235858161, 0.3353710719543796, -0.9156510992019835]], [[-0.6334549726478449, -0.047811387090165997, -0.09831573162652237], [-0.049924536106102035, -0.9419795621415571, -0.3372710467250368], [-0.09995639235858161, -0.3353710719543796, -0.9156510992019835]]]}, "metadata": {"formula": "KAsF6", "nsites": 8, "structure": "# generated using pymatgen\ndata_KAsF6\n_symmetry_space_group_name_H-M   'P 1'\n_cell_length_a   4.94892402\n_cell_length_b   4.94892402\n_cell_length_c   4.94892402\n_cell_angle_alpha   98.37765982\n_cell_angle_beta   98.37765982\n_cell_angle_gamma   98.37765982\n_symmetry_Int_Tables_number   1\n_chemical_formula_structural   KAsF6\n_chemical_formula_sum   'K1 As1 F6'\n_cell_volume   116.897299743\n_cell_formula_units_Z   1\nloop_\n _symmetry_equiv_pos_site_id\n _symmetry_equiv_pos_as_xyz\n  1  'x, y, z'\nloop_\n _atom_site_type_symbol\n _atom_site_label\n _atom_site_symmetry_multiplicity\n _atom_site_fract_x\n _atom_site_fract_y\n _atom_site_fract_z\n _atom_site_occupancy\n  K  K1  1  0.500000  0.500000  0.500000  1\n  As  As2  1  0.000000  0.000000  0.000000  1\n  F  F3  1  0.251556  0.923651  0.251556  1\n  F  F4  1  0.251556  0.251556  0.923651  1\n  F  F5  1  0.076349  0.748444  0.748444  1\n  F  F6  1  0.748444  0.748444  0.076349  1\n  F  F7  1  0.748444  0.076349  0.748444  1\n  F  F8  1  0.923651  0.251556  0.251556  1\n"}}