{"phonon": {"ph_bandstructure": [[-6.293525637272917, -6.273848294186524, 0.0, 0.007905945485467008, 0.007930279852503223, 33.33136581972195, 42.65162707329341, 43.80227029186865, 45.2959756422096, 55.16111249303722, 63.728636825212966, 71.93304644608023, 72.8437559517707, 75.80784347940964, 78.74218523982182, 118.9421128449337, 127.9052531310608, 131.65391933886727, 223.9472558166636, 231.94224035145177, 233.7245895034849]]}, "dielectric": {"eps_electronic": [[14.485878681973658, 0.0, -1.1956477669786256], [0.0, 15.480446920679132, 0.0], [-1.1956477669786252, 0.0, 14.04306582694867]], "eps_total": null, "becs": [[[2.6853914206364164, 0.0, 0.5183427559223464], [0.0, 2.23931556303093, 0.0], [0.17804796597886186, 0.0, 1.3889815771800087]], [[1.8408587195548973, -0.4358432514166463, -0.08552958956423429], [-0.6243061921042279, 1.9194572804829662, -0.4617537503780206], [0.0846178054043081, -0.2351878040578858, 2.5533725608094944]], [[1.8408587195548973, 0.4358432514166463, -0.08552958956423429], [0.6243061921042279, 1.9194572804829662, 0.4617537503780206], [0.0846178054043081, 0.2351878040578858, 2.5533725608094944]], [[1.4477507914242125, 0.0, -1.5259948966141301], [0.0, 2.717109626539818, 0.0], [-1.5259948965860066, 0.0, 0.8825925774365408]], [[-2.8884220215461216, 0.14010104972189608, 0.09191364237998978], [-0.5024816818820783, -2.862624067080386, -0.7913773418749006], [0.6720477389421221, -0.01887870559308299, -2.245126805270882]], [[-2.8884220215461216, -0.14010104972189608, 0.09191364237998978], [0.5024816818820783, -2.862624067080386, 0.7913773418749006], [0.6720477389421221, 0.01887870559308299, -2.245126805270882]], [[-2.0380156093057415, 0.0, 0.9948840352051274], [0.0, -3.070091617723964, 0.0], [-0.1653841579408612, 0.0, -2.8880656668676874]]]}, "metadata": {"formula": "Tl3AsSe3", "nsites": 7, "structure": "# generated using pymatgen\ndata_Tl3AsSe3\n_symmetry_space_group_name_H-M   'P 1'\n_cell_length_a   6.11559639\n_cell_length_b   6.11559639\n_cell_length_c   6.11559639\n_cell_angle_alpha   106.18807544\n_cell_angle_beta   106.18807544\n_cell_angle_gamma   106.18807544\n_symmetry_Int_Tables_number   1\n_chemical_formula_structural   Tl3AsSe3\n_chemical_formula_sum   'Tl3 As1 Se3'\n_cell_volume   194.550457574\n_cell_formula_units_Z   1\nloop_\n _symmetry_equiv_pos_site_id\n _symmetry_equiv_pos_as_xyz\n  1  'x, y, z'\nloop_\n _atom_site_type_symbol\n _atom_site_label\n _atom_site_symmetry_multiplicity\n _atom_site_fract_x\n _atom_site_fract_y\n _atom_site_fract_z\n _atom_site_occupancy\n  Tl  Tl1  1  0.159594  0.159594  0.544502  1\n  Tl  Tl2  1  0.159594  0.544502  0.159594  1\n  Tl  Tl3  1  0.544502  0.159594  0.159594  1\n  As  As4  1  0.692416  0.692416  0.692416  1\n  Se  Se5  1  0.716698  0.099499  0.716698  1\n  Se  Se6  1  0.099499  0.716698  0.716698  1\n  Se  Se7  1  0.716698  0.716698  0.099499  1\n"}}