{"phonon": {"ph_bandstructure": [[0.0, 0.0, 0.0, 53.53150012759293, 79.68228270381688, 79.68228270693496, 79.9437010110894, 94.43861009696258, 107.38369152640956, 116.24452054501357, 116.24452054870791, 165.06667959458503, 220.58305425580855, 220.58305425651014, 231.43869769039847, 231.49983480410717, 234.30963701370445, 239.74946888138777, 262.9947537582774, 282.2214087063472, 284.7223990790265, 528.5137374564266, 528.5137374598586, 555.3132212327744, 581.9115522462353, 584.0955712566837, 623.7158220930264]]}, "dielectric": {"eps_electronic": [[2.57579406757821, 0.0, -4.801707620911342e-24], [-4.440892098500626e-16, 2.5757940676030486, 8.316801562574671e-24], [4.801707620911341e-24, -8.316801562574668e-24, 2.4016759042631968]], "eps_total": [[7.120420626273039, -6.217248937900877e-15, -4.801755209496468e-24], [-4.440892098500626e-15, 7.12042062680227, -6.954597139112855e-13], [4.801676423222705e-24, -6.954597139279324e-13, 8.494773218509673]], "becs": [[[1.3145118781062233, -2.713878524859242e-16, -6.167740595726557e-18], [-7.894919345045068e-16, 1.3145118781062233, -1.5420050381147357e-17], [-3.0839528691582296e-18, -3.0839528691582296e-18, 1.212368955879883]], [[1.3145118781062233, -2.713878524859242e-16, -6.168236023496264e-18], [-7.894919345045068e-16, 1.3145118781062233, -1.5419573655553677e-17], [-3.0839161865232453e-18, -3.083974047887412e-18, 1.212368955879883]], [[2.5569917849603607, -2.713878524859242e-16, -6.167891976433967e-18], [-7.894919345045068e-16, 2.55699178496036, -1.5419740509511463e-17], [-3.083879503888261e-18, -3.0838893329706818e-18, 2.249384365623955]], [[-1.0464721472309844, -0.3154691933482808, -0.4350823293189372], [-0.3154691933532522, -0.6821996998267852, -0.2511948999539175], [-0.3844626727353183, -0.2219696275953496, -0.7790203795643773]], [[-0.500063476124684, -4.93432475608929e-17, -3.13392288723468e-17], [-7.894919345045068e-16, -1.2286083709330837, 0.502389799907835], [2.4671622746470684e-17, 0.4439392551906992, -0.7790203795643773]], [[-1.0464721472309844, 0.31546919334828133, 0.4350823293189372], [0.31546919335325463, -0.6821996998267843, -0.2511948999539175], [0.3844626727353183, -0.2219696275953496, -0.7790203795643773]], [[-1.0464721472309861, -0.3154691933482808, -0.4350823293189372], [-0.31546919335325174, -0.6821996998267856, -0.2511948999539175], [-0.3844626727353183, -0.22196962759534963, -0.7790203795643773]], [[-0.500063476124684, -4.93432475608929e-17, -3.13392288723468e-17], [-7.894919345045068e-16, -1.2286083709330837, 0.502389799907835], [2.4671622746470684e-17, 0.4439392551906992, -0.7790203795643773]], [[-1.0464721472309835, 0.3154691933482811, 0.4350823293189372], [0.3154691933532533, -0.6821996998267843, -0.2511948999539175], [0.3844626727353183, -0.2219696275953496, -0.7790203795643773]]]}, "metadata": {"formula": "K2PdF6", "nsites": 9, "structure": "# generated using pymatgen\ndata_K2PdF6\n_symmetry_space_group_name_H-M   'P 1'\n_cell_length_a   5.71839261\n_cell_length_b   5.71839261\n_cell_length_c   4.66804800\n_cell_angle_alpha   90.00000000\n_cell_angle_beta   90.00000000\n_cell_angle_gamma   120.00000000\n_symmetry_Int_Tables_number   1\n_chemical_formula_structural   K2PdF6\n_chemical_formula_sum   'K2 Pd1 F6'\n_cell_volume   132.194651408\n_cell_formula_units_Z   1\nloop_\n _symmetry_equiv_pos_site_id\n _symmetry_equiv_pos_as_xyz\n  1  'x, y, z'\nloop_\n _atom_site_type_symbol\n _atom_site_label\n _atom_site_symmetry_multiplicity\n _atom_site_fract_x\n _atom_site_fract_y\n _atom_site_fract_z\n _atom_site_occupancy\n  K  K1  1  0.666667  0.333333  0.278091  1\n  K  K2  1  0.333333  0.666667  0.721909  1\n  Pd  Pd3  1  0.000000  0.000000  0.000000  1\n  F  F4  1  0.162412  0.324823  0.223789  1\n  F  F5  1  0.162412  0.837588  0.223789  1\n  F  F6  1  0.675177  0.837588  0.223789  1\n  F  F7  1  0.837588  0.675177  0.776211  1\n  F  F8  1  0.837588  0.162412  0.776211  1\n  F  F9  1  0.324823  0.162412  0.776211  1\n"}}