{"phonon": {"ph_bandstructure": [[-0.0040647560346741005, 0.0, 0.0, 126.305497771349, 140.88284313517394, 158.84997358688966, 204.3059765733756, 246.25325430051652, 246.25325430547977, 315.16287891831433, 336.8773610744621, 342.6615991348907, 386.2027685116717, 396.81295084518996, 396.81295085654034, 492.07506534446554, 492.0750653490697, 506.29800582747237, 573.2381764570013, 573.2381859757382, 614.6852527220516, 650.8757485890357, 666.4494968429597, 700.1134057518332, 716.0056386455162, 727.3651651197079, 727.3651651208173]]}, "dielectric": {"eps_electronic": [[3.771372178455043, 0.0, 0.0], [0.0, 3.7713721783942655, 0.0], [-8.994709787376411e-23, 1.5579294350902168e-22, 3.090873641689016]], "eps_total": [[11.791866401173792, 3.552713678800501e-15, 0.0], [2.6645352591003757e-15, 11.791866401167905, 0.0], [-8.994709787376411e-23, 1.5579294350902168e-22, 7.4736677230091475]], "becs": [[[2.400529763943667, 7.401486885979751e-17, -3.0839528691582296e-18], [2.4671622953265837e-16, 2.4005297639436676, -1.0606251962080323e-17], [1.850374840696526e-17, 3.3680478561914695e-18, 3.4212657378357862]], [[4.896262955548902, -3.700743409902651e-16, -3.0839528691582296e-18], [-6.414621901674669e-16, 4.896262955548902, -1.0606251962080323e-17], [1.8503679784530318e-17, 3.3680730683977433e-18, 2.677991015727054]], [[4.896262955548902, -3.700743409902651e-16, -3.0839528691582296e-18], [-6.414621901674669e-16, 4.896262955548902, -1.0606251962080323e-17], [1.850369226133667e-17, 3.368051457935223e-18, 2.677991015727054]], [[-2.2506632814290466, 0.37843116605368354, -0.1721882193320514], [0.3784311660453852, -1.813688610252162, -0.29823874434465625], [-0.2070526127951599, -0.35862564520503526, -1.462874628215872]], [[-2.2506632814290466, 0.37843116605368354, -0.1721882193320514], [0.3784311660453852, -1.813688610252162, -0.29823874434465625], [-0.20705261279515985, -0.35862564520503526, -1.4628746282158724]], [[-2.2506632814290466, -0.37843116605368265, -0.17218821933205142], [-0.3784311660453825, -1.813688610252162, 0.29823874434465636], [-0.20705261279516002, 0.35862564520503526, -1.462874628215872]], [[-2.2506632814290466, -0.37843116605368354, -0.17218821933205142], [-0.37843116604538696, -1.813688610252162, 0.29823874434465636], [-0.20705261279516002, 0.35862564520503526, -1.462874628215872]], [[-1.5952012746637187, -1.480297360652338e-16, 0.34437643866410284], [-1.9737298031740425e-16, -2.4691506170174873, -8.168343870833552e-17], [0.41410522559031987, 2.856662453782235e-17, -1.4628746282158724]], [[-1.5952012746637196, 7.401486885979751e-17, 0.34437643866410284], [2.4671622953265837e-16, -2.469150617017488, -1.0606251962080323e-17], [0.4141052255903199, 3.3680658649102365e-18, -1.4628746282158755]]]}, "metadata": {"formula": "Sr(AsO3)2", "nsites": 9, "structure": "# generated using pymatgen\ndata_Sr(AsO3)2\n_symmetry_space_group_name_H-M   'P 1'\n_cell_length_a   4.88430200\n_cell_length_b   4.88430200\n_cell_length_c   5.42458794\n_cell_angle_alpha   90.00000000\n_cell_angle_beta   90.00000000\n_cell_angle_gamma   120.00000000\n_symmetry_Int_Tables_number   1\n_chemical_formula_structural   Sr(AsO3)2\n_chemical_formula_sum   'Sr1 As2 O6'\n_cell_volume   112.073362812\n_cell_formula_units_Z   1\nloop_\n _symmetry_equiv_pos_site_id\n _symmetry_equiv_pos_as_xyz\n  1  'x, y, z'\nloop_\n _atom_site_type_symbol\n _atom_site_label\n _atom_site_symmetry_multiplicity\n _atom_site_fract_x\n _atom_site_fract_y\n _atom_site_fract_z\n _atom_site_occupancy\n  Sr  Sr1  1  0.000000  0.000000  0.000000  1\n  As  As2  1  0.333333  0.666667  0.500000  1\n  As  As3  1  0.666667  0.333333  0.500000  1\n  O  O4  1  0.000000  0.382729  0.307158  1\n  O  O5  1  0.000000  0.617271  0.692842  1\n  O  O6  1  0.382729  0.000000  0.307158  1\n  O  O7  1  0.617271  0.000000  0.692842  1\n  O  O8  1  0.382729  0.382729  0.692842  1\n  O  O9  1  0.617271  0.617271  0.307158  1\n"}}