{"phonon": {"ph_bandstructure": [[0.0, 0.0, 0.0, 39.59327987623533, 39.59327988973952, 73.5125725609133, 91.97478579414361, 91.97478580025773, 104.74091593449863, 108.66789658393292, 158.68417026491596, 158.68417026889935, 161.79183991557488, 161.79183991950802, 164.41819696464512, 172.09081448450283, 226.70464775908937, 243.97760078844632, 262.17260722766514, 262.21536835948694, 262.21536836263317, 262.62110196078055, 309.74301583480064, 310.11254516163837]]}, "dielectric": {"eps_electronic": [[14.034111611344734, -1.7763568394002505e-15, 3.083138270230209e-23], [3.552713678800501e-15, 14.034111611299924, 2.6700760653947823e-23], [3.083138270230209e-23, 2.670076065394783e-23, 6.493730739475814]], "eps_total": [[15.157910045768944, 0.0, 3.083138270230209e-23], [7.993605777301127e-15, 15.157910045825837, 2.6700760653947823e-23], [3.083138270230209e-23, 2.670076065394783e-23, 8.810455490722878]], "becs": [[[0.8312264870798003, 6.38378239159465e-16, 6.3541897510587156e-24], [1.7763568394002505e-15, 0.831226487079801, 2.4159028148227796e-24], [0.0, 0.0, 2.0538808223974754]], [[0.8312264870798003, 4.163336342344337e-16, -1.084861664814903e-24], [8.881784197001252e-16, 0.831226487079801, 1.1005779489748218e-23], [0.0, 0.0, 2.0538808223974754]], [[-0.935059933331629, 6.38378239159465e-16, -1.704782616137704e-24], [1.3322676295501878e-15, -0.9350599333316274, -7.247708444468336e-24], [0.0, 0.0, -0.6860316203208268]], [[-0.9350599333316254, -2.498001805406602e-16, -2.9446245187833074e-24], [-4.440892098500626e-16, -0.9350599333316256, -5.1002392757369786e-24], [0.0, 0.0, -0.6860316203208268]], [[0.05191672312591389, -2.498001805406602e-16, 7.74901189153502e-25], [-4.440892098500626e-16, 0.051916723125914555, 5.637106567919815e-24], [0.0, 0.0, -0.6839246010383253]], [[0.051916723125913, -2.498001805406602e-16, -5.424308324074513e-24], [-4.440892098500626e-16, 0.05191672312591189, -9.395177613199697e-24], [0.0, 0.0, -0.6839246010383253]], [[0.051916723125913, -2.498001805406602e-16, -4.649407134921009e-25], [-4.440892098500626e-16, 0.05191672312591189, -8.0530093827426e-25], [0.0, 0.0, -0.6839246010383235]], [[0.05191672312591389, -6.938893903907228e-16, 4.494426897090311e-24], [-2.220446049250313e-15, 0.05191672312591278, 3.489637399188459e-24], [0.0, 0.0, -0.6839246010383235]]]}, "metadata": {"formula": "KNbSe2", "nsites": 8, "structure": "# generated using pymatgen\ndata_KNbSe2\n_symmetry_space_group_name_H-M   'P 1'\n_cell_length_a   3.56235069\n_cell_length_b   3.56235069\n_cell_length_c   16.13910898\n_cell_angle_alpha   90.00000000\n_cell_angle_beta   90.00000000\n_cell_angle_gamma   120.00000000\n_symmetry_Int_Tables_number   1\n_chemical_formula_structural   KNbSe2\n_chemical_formula_sum   'K2 Nb2 Se4'\n_cell_volume   177.371372847\n_cell_formula_units_Z   2\nloop_\n _symmetry_equiv_pos_site_id\n _symmetry_equiv_pos_as_xyz\n  1  'x, y, z'\nloop_\n _atom_site_type_symbol\n _atom_site_label\n _atom_site_symmetry_multiplicity\n _atom_site_fract_x\n _atom_site_fract_y\n _atom_site_fract_z\n _atom_site_occupancy\n  K  K1  1  0.000000  0.000000  0.000000  1\n  K  K2  1  0.000000  0.000000  0.500000  1\n  Nb  Nb3  1  0.000000  0.000000  0.750000  1\n  Nb  Nb4  1  0.000000  0.000000  0.250000  1\n  Se  Se5  1  0.333333  0.666667  0.850109  1\n  Se  Se6  1  0.333333  0.666667  0.649891  1\n  Se  Se7  1  0.666667  0.333333  0.350109  1\n  Se  Se8  1  0.666667  0.333333  0.149891  1\n"}}