{"phonon": {"ph_bandstructure": [[0.0, 0.0, 0.0, 64.37630775090399, 64.37630776324961, 72.50873732316921, 72.77291876448427, 98.77559107246933, 117.80618211800619, 117.80618212479345, 126.2076893008546, 135.31123021532056, 138.42349528539305, 141.67469361553688, 164.06362064134566, 166.50529802042257, 189.97507775692208, 193.01115070458874, 193.01115070879212, 198.44078384474304, 203.44246597039816, 203.44246597439752, 219.99975526679358, 230.13860522215126, 231.47845221600414, 237.3554499570716, 279.28099915488485, 364.08486940624203, 396.4752235556178, 446.20539086389505, 501.6218904302409, 501.62189043207184, 507.3675640481573, 552.1582366560283, 658.4546046538551, 661.0546366103441]]}, "dielectric": {"eps_electronic": [[4.667711628721898, -1.2793114132588653e-15, 9.063459515329387e-16], [-1.703297626998398e-15, 4.667711628721899, 5.602361198591903e-15], [2.5892932727711434e-15, 3.921560902321331e-15, 4.718654748508226]], "eps_total": [[53.72110122370435, 2.907751137062017e-14, -4.400024340281548e-14], [2.831141318653314e-14, 53.721101229885136, 2.7758063244352532e-15], [-2.324494855522138e-14, -5.481380161218876e-15, 24.876931845705435]], "becs": [[[2.773225158427222, 7.771561271637769e-16, -7.384726219134578e-17], [1.258252772270919e-15, 2.7732251584272225, 1.0193805197105877e-16], [-2.0724163743964446e-15, -2.516505597481397e-15, 2.64743248648797]], [[2.5264393632877837, 7.771561271637769e-16, 2.036586275187036e-16], [-7.401485727926894e-17, 2.5264393632877837, -1.756675706314701e-16], [1.4802973044040563e-15, -2.516505597481397e-15, 3.0239539951415795]], [[2.5264393632877837, 7.771561271637769e-16, 2.036586275187036e-16], [-7.401485727926894e-17, 2.5264393632877837, -1.756675706314701e-16], [1.4802973044040563e-15, -2.516505597481397e-15, 3.0239539951415795]], [[5.990973496156654, 5.551115222387456e-16, 3.681932628799306e-17], [-7.401485727926894e-17, 5.990973496156653, -9.439964474633699e-18], [-2.9605953499619415e-16, -3.4046840171815223e-15, 5.553454319467135]], [[5.990973496156654, 5.551115222387456e-16, 3.681932628799306e-17], [-7.401485727926894e-17, 5.990973496156653, -9.439964474633699e-18], [-2.9605953499619415e-16, -3.4046840171815223e-15, 5.553454319467135]], [[-4.744903026785794, -1.4432899220865362e-15, -2.9599492443860586e-16], [8.141635624208563e-16, -2.053240848512483, 2.683684483426035e-16], [-9.177843731997446e-15, 6.365278599519855e-15, -1.8594169974138244]], [[-2.0444947921782175, -9.992007122364735e-16, 3.691241032097391e-17], [-5.181040671293316e-16, -2.0444947921782175, -9.346880441652839e-18], [1.4802973044040563e-15, 1.0362080813191039e-15, -4.581384268938137]], [[-2.083634166245151, -1.110222925363483e-16, 3.6912410320973915e-17], [-7.401485727926894e-17, -2.083634166245151, -9.346880441652851e-18], [5.033010983204557e-15, 4.588921760119605e-15, -3.8915984285501093]], [[-2.053240848512484, 3.330669173137143e-16, 3.707198294894108e-17], [-9.621932769793942e-16, -4.744903026785794, -1.2020961027620134e-16], [3.2566541438043068e-15, -4.2928624368816475e-15, -1.8594169974138248]], [[-2.053240848512484, 3.330669173137143e-16, 3.707198294894108e-17], [-9.621932769793942e-16, -4.744903026785794, -1.2020961027620134e-16], [3.2566541438043068e-15, -4.2928624368816475e-15, -1.8594169974138248]], [[-2.083634166245151, -1.110222925363483e-16, 3.6912410320973915e-17], [-7.401485727926894e-17, -2.083634166245151, -9.346880441652851e-18], [5.033010983204557e-15, 4.588921760119605e-15, -3.8915984285501093]], [[-4.744903026785794, -1.4432899220865362e-15, -2.9599492443860586e-16], [8.141635624208563e-16, -2.053240848512483, 2.683684483426035e-16], [-9.177843731997446e-15, 6.365278599519855e-15, -1.8594169974138244]]]}, "metadata": {"formula": "Ba3Zr2O7", "nsites": 12, "structure": "# generated using pymatgen\ndata_Ba3Zr2O7\n_symmetry_space_group_name_H-M   'P 1'\n_cell_length_a   11.24657627\n_cell_length_b   11.24657627\n_cell_length_c   11.24657627\n_cell_angle_alpha   158.57488401\n_cell_angle_beta   158.57488401\n_cell_angle_gamma   30.48166175\n_symmetry_Int_Tables_number   1\n_chemical_formula_structural   Ba3Zr2O7\n_chemical_formula_sum   'Ba3 Zr2 O7'\n_cell_volume   189.690723123\n_cell_formula_units_Z   1\nloop_\n _symmetry_equiv_pos_site_id\n _symmetry_equiv_pos_as_xyz\n  1  'x, y, z'\nloop_\n _atom_site_type_symbol\n _atom_site_label\n _atom_site_symmetry_multiplicity\n _atom_site_fract_x\n _atom_site_fract_y\n _atom_site_fract_z\n _atom_site_occupancy\n  Ba  Ba1  1  1.000000  1.000000  0.000000  1\n  Ba  Ba2  1  0.185703  0.185703  0.000000  1\n  Ba  Ba3  1  0.814297  0.814297  0.000000  1\n  Zr  Zr4  1  0.402549  0.402549  0.000000  1\n  Zr  Zr5  1  0.597451  0.597451  0.000000  1\n  O  O6  1  0.403775  0.903775  0.500000  1\n  O  O7  1  0.500000  0.500000  0.000000  1\n  O  O8  1  0.306541  0.306541  0.000000  1\n  O  O9  1  0.096225  0.596225  0.500000  1\n  O  O10  1  0.903775  0.403775  0.500000  1\n  O  O11  1  0.693459  0.693459  0.000000  1\n  O  O12  1  0.596225  0.096225  0.500000  1\n"}}