{"phonon": {"ph_bandstructure": [[-0.003162948363758333, -0.0030639207888798967, -0.0030053928489557095, 42.23304195570794, 44.168710129988064, 51.291209788236294, 77.78158456801295, 77.99584267858567, 90.796430472932, 98.8243073156676, 121.51716460969541, 125.71189635291188, 126.17105829178902, 136.44646334522636, 139.7085750578309, 255.77618839082703, 282.825059985485, 289.21537789885423, 313.4762847807134, 325.6550460135293, 327.63831997748247]]}, "dielectric": {"eps_electronic": [[10.129394349624432, 3.547651579593484e-15, 1.1355923149869524e-15], [1.7712947401932334e-15, 10.129394349624434, -4.193478203213799e-15], [1.4031977441218107e-15, -5.702229613479191e-15, 9.5892133142163]], "eps_total": [[13.553610040205562, -8.869621748596894e-11, 1.8725843656585945e-15], [-8.869780738560258e-11, 13.553610040689653, -1.0581355012121888e-15], [1.4101024696374361e-15, -6.583503307663691e-15, 12.525256604380141]], "becs": [[[2.2503331989809308, 0.22228667690721865, 1.5210990329494972e-16], [-0.22228667690721848, 2.2503331989809294, -1.5914906263560682e-16], [-2.299747796673129e-16, -1.0547119180616518e-15, 2.687225108786986]], [[2.4713273967428053, 0.5055753539992283, 1.1102230742559933e-16], [-0.505575353999228, 2.4713273967428044, -1.4082237945275156e-16], [-3.965082333610864e-16, -1.0269563424460229e-15, 2.2847172667210414]], [[2.675517479785496, -0.2397116447106168, 5.29539011876405e-16], [0.23971164471061523, 2.675517479785498, -1.5642022486514193e-16], [-2.299747796673129e-16, -9.99200766830394e-16, 2.337312506419987]], [[-1.7459357210540996, 0.4077206322247914, 0.34529199426491164], [0.6517958253277295, -1.9526533160105841, 0.44762887559973225], [0.5483632905844098, 0.48278010149687745, -1.8273137202915835]], [[-1.7459357210541013, 0.40772063222479227, -0.3452919942649122], [0.6517958253277304, -1.9526533160105823, -0.4476288755997315], [-0.5483632905844102, -0.48278010149687234, -1.8273137202915852]], [[-1.9526533160105848, -0.6517958253277311, 0.44762887559973175], [-0.40772063222479293, -1.7459357210541007, -0.3452919942649111], [0.4827801014968782, -0.5483632905844057, -1.8273137202915835]], [[-1.952653316010583, -0.6517958253277284, -0.44762887559973197], [-0.40772063222479027, -1.7459357210541024, 0.34529199426491086], [-0.4827801014968769, 0.5483632905844037, -1.8273137202915906]]]}, "metadata": {"formula": "Al2HgTe4", "nsites": 7, "structure": "# generated using pymatgen\ndata_Al2HgTe4\n_symmetry_space_group_name_H-M   'P 1'\n_cell_length_a   7.31893604\n_cell_length_b   7.31893604\n_cell_length_c   7.31893604\n_cell_angle_alpha   130.51278332\n_cell_angle_beta   130.51278332\n_cell_angle_gamma   72.58831628\n_symmetry_Int_Tables_number   1\n_chemical_formula_structural   Al2HgTe4\n_chemical_formula_sum   'Al2 Hg1 Te4'\n_cell_volume   221.434327157\n_cell_formula_units_Z   1\nloop_\n _symmetry_equiv_pos_site_id\n _symmetry_equiv_pos_as_xyz\n  1  'x, y, z'\nloop_\n _atom_site_type_symbol\n _atom_site_label\n _atom_site_symmetry_multiplicity\n _atom_site_fract_x\n _atom_site_fract_y\n _atom_site_fract_z\n _atom_site_occupancy\n  Al  Al1  1  0.250000  0.750000  0.500000  1\n  Al  Al2  1  0.500000  0.500000  0.000000  1\n  Hg  Hg3  1  0.000000  0.000000  0.000000  1\n  Te  Te4  1  0.418458  0.891165  0.029949  1\n  Te  Te5  1  0.861217  0.388509  0.970051  1\n  Te  Te6  1  0.611491  0.581542  0.472707  1\n  Te  Te7  1  0.108835  0.138783  0.527293  1\n"}}