{"phonon": {"ph_bandstructure": [[-0.007569363833339891, -0.005513349683355043, -0.003561549388644299, 85.66042052693207, 123.05677132340823, 132.02870434846585, 159.4659653783217, 169.94484699607548, 181.25038594233348, 207.1089511827375, 220.73086469162328, 233.50184846606385, 237.2818946430731, 286.8935418076848, 289.1283595600512, 312.9537451142451, 377.03724381193445, 390.3934047352939, 409.37666845293796, 447.72310606704787, 448.7564492715217, 463.30860621079324, 512.4912117691457, 513.7270859842599, 517.5582341175962, 519.8094560953267, 619.6493560037234, 641.4620394795936, 869.7245517181775, 913.0492005084079, 915.1071955621527, 1013.2692452380084, 1036.9140261336663, 1046.4689753067064, 1098.5004719527337, 1138.4063898946076]]}, "dielectric": {"eps_electronic": [[3.227479519050671, 0.0, 2.2170090159347484e-24], [0.0, 3.311243047752729, 0.0], [2.2170090159347487e-24, 0.0, 3.2998008576065274]], "eps_total": [[12.863568944799052, 0.0, 2.2170090159347484e-24], [0.0, 6.62043657296554, 0.0], [2.2170090159347487e-24, 0.0, 8.229216356525995]], "becs": [[[3.256194315148459, 1.8503717628539684e-17, -8.462641279486183e-18], [-2.9605946882174514e-16, 3.513820666912856, -0.4044774212035015], [-5.624723970671158e-17, 0.3782476966434627, 3.686433283674898]], [[3.256194315148459, 1.8503717628539684e-17, -8.462641279486183e-18], [5.921189508783801e-16, 3.513820666912856, 0.4044774212035015], [-5.624723970671158e-17, -0.3782476966434627, 3.686433283674898]], [[4.1949941577739, 1.8503717628539684e-17, -3.4282510814774965e-17], [1.4802974102831747e-16, 3.726772707989458, -1.4066422649607925e-22], [0.0, -1.3877788221404763e-17, 3.213674964077433]], [[4.1949941577739, 1.8503717628539684e-17, -3.428245819249129e-17], [1.4802974102831747e-16, 3.726772707989458, 9.76375268503938e-23], [0.0, -1.3877788221404763e-17, 3.213674964077434]], [[-1.1137446887248585, -2.0354088729649162e-16, 5.565513313020125e-17], [-7.401486786718078e-16, -2.0917170911450547, -0.80360899032425], [0.0, -0.6854826606405098, -1.8140495452793792]], [[-1.113744688724859, 1.8503717628539684e-17, 5.565513313020125e-17], [1.4802974102831747e-16, -2.0917170911450556, 0.80360899032425], [0.0, 0.6854826606405099, -1.8140495452793792]], [[-1.1137446887248585, -2.0354088729649162e-16, 5.565513313020125e-17], [-7.401486786718078e-16, -2.0917170911450547, -0.80360899032425], [0.0, -0.6854826606405098, -1.8140495452793792]], [[-1.1137446887248585, 2.40548322553571e-16, 5.565513313020125e-17], [1.0362081607284427e-15, -2.0917170911450547, 0.80360899032425], [1.1249447941342316e-16, 0.6854826606405098, -1.8140495452793792]], [[-2.6118495477372523, -0.8866359232087375, -3.428266868162598e-17], [-0.9137911100603267, -1.528579596308211, -1.4066422649607925e-22], [0.0, -1.3877788221404763e-17, -1.636004578602531]], [[-2.611849547737253, -0.886635923208738, -3.428266868162598e-17], [-0.9137911100603271, -1.5285795963082114, -2.995320620603947e-22], [0.0, -1.3877788221404763e-17, -1.636004578602531]], [[-2.611849547737253, 0.886635923208738, -3.42825371259168e-17], [0.9137911100603275, -1.5285795963082114, -2.5981510316931587e-22], [0.0, -1.3877788221404763e-17, -1.636004578602531]], [[-2.611849547737253, 0.8866359232087375, -3.428241872577854e-17], [0.9137911100603262, -1.5285795963082123, -8.108878815946102e-23], [0.0, -1.3877788221404763e-17, -1.636004578602531]]]}, "metadata": {"formula": "InPO4", "nsites": 12, "structure": "# generated using pymatgen\ndata_InPO4\n_symmetry_space_group_name_H-M   'P 1'\n_cell_length_a   4.82473659\n_cell_length_b   4.82473659\n_cell_length_c   6.82619317\n_cell_angle_alpha   90.00000000\n_cell_angle_beta   90.00000000\n_cell_angle_gamma   112.95374730\n_symmetry_Int_Tables_number   1\n_chemical_formula_structural   InPO4\n_chemical_formula_sum   'In2 P2 O8'\n_cell_volume   146.318931559\n_cell_formula_units_Z   2\nloop_\n _symmetry_equiv_pos_site_id\n _symmetry_equiv_pos_as_xyz\n  1  'x, y, z'\nloop_\n _atom_site_type_symbol\n _atom_site_label\n _atom_site_symmetry_multiplicity\n _atom_site_fract_x\n _atom_site_fract_y\n _atom_site_fract_z\n _atom_site_occupancy\n  In  In1  1  0.000000  0.000000  0.500000  1\n  In  In2  1  0.000000  0.000000  0.000000  1\n  P  P3  1  0.648135  0.351865  0.750000  1\n  P  P4  1  0.351865  0.648135  0.250000  1\n  O  O5  1  0.253651  0.746349  0.439946  1\n  O  O6  1  0.746349  0.253651  0.939946  1\n  O  O7  1  0.746349  0.253651  0.560054  1\n  O  O8  1  0.253651  0.746349  0.060054  1\n  O  O9  1  0.226913  0.294083  0.250000  1\n  O  O10  1  0.773087  0.705917  0.750000  1\n  O  O11  1  0.294083  0.226913  0.750000  1\n  O  O12  1  0.705917  0.773087  0.250000  1\n"}}