{"phonon": {"ph_bandstructure": [[0.0, 0.0, 0.0, 51.101376719114754, 57.9003756157155, 62.986387415659166, 75.57224029410735, 98.50213264416901, 104.87203061202116, 106.77989730001514, 113.20565503303541, 119.74926167547737, 124.36463899311997, 133.54518147813627, 134.56658070593738, 137.31409164991692, 185.638907044542, 186.18636552636426]]}, "dielectric": {"eps_electronic": [[6.9745332539293585, -8.309201903098958e-16, 1.1507471779558268e-16], [0.0, 12.836870536674393, -0.026168310445355777], [0.0, -0.026168310445355145, 5.1486042957794]], "eps_total": [[11.88482990233614, -1.6618403806197916e-15, 2.3014943559116537e-16], [-8.881784197001252e-16, 15.684309707558219, 0.13542349564868392], [2.220446049250313e-16, 0.13542349564868655, 9.4236633075759]], "becs": [[[2.443765692581099, -2.2204461485119866e-16, 1.1102230742559933e-16], [-8.881784594047946e-16, 2.2560081757910124, 0.0014787698547994313], [0.0, -0.15579467179833284, 2.830171659089446]], [[2.443765692581099, -2.2204461485119866e-16, 1.1102230742559933e-16], [-8.881784594047946e-16, 2.2560081757910124, 0.0014787698547994313], [0.0, -0.15579467179833284, 2.830171659089446]], [[-1.2218828483215405, -0.313264082702278, 0.030604067857512837], [-0.42303471452989166, -1.128004095639966, -0.00073938492964011], [-0.0009521185040162101, 0.0778973358995597, -1.4150858295435778]], [[-1.2218828483215405, 0.31326408270227823, -0.030604067857512948], [0.42303471452989255, -1.1280040956399677, -0.0007393849296383336], [0.0009521185040162101, 0.0778973358995597, -1.4150858295435778]], [[-1.2218828483215405, 0.31326408270227823, -0.030604067857512948], [0.42303471452989255, -1.1280040956399677, -0.0007393849296383336], [0.0009521185040162101, 0.0778973358995597, -1.4150858295435778]], [[-1.2218828483215405, -0.313264082702278, 0.030604067857512837], [-0.42303471452989166, -1.128004095639966, -0.00073938492964011], [-0.0009521185040162101, 0.0778973358995597, -1.4150858295435778]]]}, "metadata": {"formula": "BaSe2", "nsites": 6, "structure": "# generated using pymatgen\ndata_BaSe2\n_symmetry_space_group_name_H-M   'P 1'\n_cell_length_a   5.33389662\n_cell_length_b   5.33389662\n_cell_length_c   9.26176848\n_cell_angle_alpha   66.65726582\n_cell_angle_beta   66.65726582\n_cell_angle_gamma   54.39027424\n_symmetry_Int_Tables_number   1\n_chemical_formula_structural   BaSe2\n_chemical_formula_sum   'Ba2 Se4'\n_cell_volume   191.79639678\n_cell_formula_units_Z   2\nloop_\n _symmetry_equiv_pos_site_id\n _symmetry_equiv_pos_as_xyz\n  1  'x, y, z'\nloop_\n _atom_site_type_symbol\n _atom_site_label\n _atom_site_symmetry_multiplicity\n _atom_site_fract_x\n _atom_site_fract_y\n _atom_site_fract_z\n _atom_site_occupancy\n  Ba  Ba1  1  0.880139  0.119861  0.250000  1\n  Ba  Ba2  1  0.119861  0.880139  0.750000  1\n  Se  Se3  1  0.534006  0.771899  0.973471  1\n  Se  Se4  1  0.228101  0.465994  0.526529  1\n  Se  Se5  1  0.771899  0.534006  0.473471  1\n  Se  Se6  1  0.465994  0.228101  0.026529  1\n"}}