{"phonon": {"ph_bandstructure": [[0.0, 0.0, 0.0, 119.14310086907618, 120.81135599130954, 245.69812643240155, 245.69812644071934, 255.2319822523238, 308.3900483535158, 410.0394757387416, 619.1470775010981, 661.8314669667296]]}, "dielectric": {"eps_electronic": [[5.035320109858421, 0.0, 0.20187353763567226], [0.0, 3.819941785061972, 0.0], [0.20187353763567545, 0.0, 3.8534728463616457]], "eps_total": [[9.289165579056185, -2.220446049250313e-16, 0.3623983639758731], [-2.2729236186300176e-15, 7.10734857840392, 6.749597708314645e-16], [0.3623983639758714, 2.220446049250313e-16, 7.167542707346581]], "becs": [[[2.8694051659096367, 0.0, 0.06806724392187147], [0.0, 2.459606765063124, 0.0], [0.06806724392195745, 0.0, 2.4709126893555444]], [[2.66063303933049, 0.0, 0.3762195357718794], [0.0, 0.3956057627230669, 0.0], [0.37621953577234607, 0.0, 0.4580955793174999]], [[-2.7650191026200632, 0.0, -0.22214338984687543], [0.0, -1.4276062638930955, 0.0], [-0.22214338984715176, 0.0, -1.4645041343365222]], [[-2.7650191026200632, 0.0, -0.22214338984687543], [0.0, -1.4276062638930955, 0.0], [-0.22214338984715176, 0.0, -1.4645041343365222]]]}, "metadata": {"formula": "CaHgO2", "nsites": 4, "structure": "# generated using pymatgen\ndata_CaHgO2\n_symmetry_space_group_name_H-M   'P 1'\n_cell_length_a   6.51612396\n_cell_length_b   6.51612396\n_cell_length_c   6.51612396\n_cell_angle_alpha   31.68832901\n_cell_angle_beta   31.68832901\n_cell_angle_gamma   31.68832901\n_symmetry_Int_Tables_number   1\n_chemical_formula_structural   CaHgO2\n_chemical_formula_sum   'Ca1 Hg1 O2'\n_cell_volume   67.7988551394\n_cell_formula_units_Z   1\nloop_\n _symmetry_equiv_pos_site_id\n _symmetry_equiv_pos_as_xyz\n  1  'x, y, z'\nloop_\n _atom_site_type_symbol\n _atom_site_label\n _atom_site_symmetry_multiplicity\n _atom_site_fract_x\n _atom_site_fract_y\n _atom_site_fract_z\n _atom_site_occupancy\n  Ca  Ca1  1  0.500000  0.500000  0.500000  1\n  Hg  Hg2  1  0.000000  0.000000  0.000000  1\n  O  O3  1  0.894496  0.894496  0.894496  1\n  O  O4  1  0.105504  0.105504  0.105504  1\n"}}