{"phonon": {"ph_bandstructure": [[0.0, 0.0, 0.0, 52.41806657456897, 52.41806658393501, 98.01653860300142, 98.01653860719706, 100.55481601601535, 113.24442963417805, 117.99658609261334, 190.13340375068526, 191.44711932525527, 263.8089296684649, 263.8089296722217, 264.70708642448545, 264.7070864282615, 345.767071717468, 345.76999889137346, 345.8831456157943, 345.88314562131063, 376.23304480609994, 383.89402556208523, 411.86923284447425, 413.90740736616596]]}, "dielectric": {"eps_electronic": [[13.031786460981639, -1.7763568394002505e-15, 0.0], [-4.440892098500626e-15, 13.031786461157512, 3.476112156326563e-24], [0.0, 3.476112156326562e-24, 5.911738626996462]], "eps_total": [[14.14869860698164, 0.0, 0.0], [-8.881784197001252e-16, 14.14869860726699, 3.476112156326563e-24], [0.0, 3.476112156326562e-24, 8.23227096347548]], "becs": [[[0.8440895897895946, -1.3877787807814457e-17, -1.5583656429090632e-24], [-1.609823385706477e-15, 0.8440895897895943, -7.5576717168623e-24], [0.0, 0.0, 2.0972625496832693]], [[0.8440895897895964, 8.743006318923108e-16, -1.5583656429090602e-24], [3.2751579226442118e-15, 0.844089589789596, -3.2390021643695572e-24], [0.0, 0.0, 2.0972625496832693]], [[-0.5088294755939706, -4.579669976578771e-16, -1.0285213243199821e-23], [-1.1657341758564144e-15, -0.508829475593971, -5.398336940615929e-24], [0.0, 0.0, -0.49427161807595466]], [[-0.5088294755939706, -4.579669976578771e-16, -5.2984431858908166e-24], [-1.1657341758564144e-15, -0.508829475593971, 3.2390021643695576e-24], [0.0, 0.0, -0.49427161807596]], [[-0.16763005709781148, -1.3877787807814457e-17, -2.805058157236313e-24], [-2.7755575615628914e-16, -0.16763005709781142, -3.5629023808065134e-23], [0.0, 0.0, -0.8014954658036552]], [[-0.1676300570978128, 9.71445146547012e-17, -7.76066090168714e-23], [6.106226635438361e-16, -0.1676300570978123, -2.6991684703079646e-23], [0.0, 0.0, -0.8014954658036565]], [[-0.16763005709781326, 2.0816681711721685e-16, 2.212879212930871e-23], [1.4988010832439613e-15, -0.1676300570978123, -2.699168470307964e-23], [0.0, 0.0, -0.8014954658036552]], [[-0.16763005709781237, -2.3592239273284576e-16, 7.698326275970777e-23], [-1.1657341758564144e-15, -0.1676300570978123, 1.0256840187170266e-22], [0.0, 0.0, -0.8014954658036565]]]}, "metadata": {"formula": "KNbS2", "nsites": 8, "structure": "# generated using pymatgen\ndata_KNbS2\n_symmetry_space_group_name_H-M   'P 1'\n_cell_length_a   3.42039716\n_cell_length_b   3.42039716\n_cell_length_c   15.41084239\n_cell_angle_alpha   90.00000000\n_cell_angle_beta   90.00000000\n_cell_angle_gamma   120.00000000\n_symmetry_Int_Tables_number   1\n_chemical_formula_structural   KNbS2\n_chemical_formula_sum   'K2 Nb2 S4'\n_cell_volume   156.1385294\n_cell_formula_units_Z   2\nloop_\n _symmetry_equiv_pos_site_id\n _symmetry_equiv_pos_as_xyz\n  1  'x, y, z'\nloop_\n _atom_site_type_symbol\n _atom_site_label\n _atom_site_symmetry_multiplicity\n _atom_site_fract_x\n _atom_site_fract_y\n _atom_site_fract_z\n _atom_site_occupancy\n  K  K1  1  0.000000  0.000000  0.500000  1\n  K  K2  1  0.000000  0.000000  -0.000000  1\n  Nb  Nb3  1  0.000000  0.000000  0.750000  1\n  Nb  Nb4  1  0.000000  0.000000  0.250000  1\n  S  S5  1  0.333333  0.666667  0.650956  1\n  S  S6  1  0.666667  0.333333  0.150956  1\n  S  S7  1  0.333333  0.666667  0.849044  1\n  S  S8  1  0.666667  0.333333  0.349044  1\n"}}