{"phonon": {"ph_bandstructure": [[-0.0034048400633647055, -0.003224165921562543, 0.0, 115.37180779911851, 115.85347430198912, 156.35443823583472, 196.65715397477965, 200.37897343555886, 221.57672760734079, 232.89282414820508, 239.7394665024878, 246.39536399580348, 301.2800326628618, 318.7089512692888, 334.98861729835136, 425.7095547856233, 498.5914043278604, 508.37427965387906, 514.8266920960257, 561.4950331987397, 572.4029760970324, 804.6872130679938, 822.7591686644801, 828.2442560587365, 898.388344779914, 906.1801831646223, 919.7489021974978]]}, "dielectric": {"eps_electronic": [[3.168538111421474, 0.0, 0.0], [0.0, 3.168538111398385, 0.0], [0.0, 0.0, 3.2925976808393727]], "eps_total": [[6.368067482698788, 3.552713678800501e-15, 0.0], [3.774758283725532e-15, 6.36806748267421, 0.0], [0.0, 0.0, 6.536456996620414]], "becs": [[[3.5565162993479085, 0.286189169783422, -0.664999399989602], [0.28618916978037495, 3.226053510922439, -0.38393758259289223], [0.4966800812105533, 0.28675837858956477, 3.628098292906941]], [[3.5565162993479076, -0.286189169783422, 0.664999399989602], [-0.28618916978037573, 3.226053510922439, -0.38393758259289223], [-0.49668008121055335, 0.2867583785895649, 3.628098292906941]], [[3.060822116709706, -2.4671622953265837e-17, -2.6213599284447375e-17], [4.9343245906531674e-17, 3.7217476935606433, 0.7678751651857845], [-1.535683424001091e-16, -0.5735167571791296, 3.628098292906941]], [[-2.338227071445738, 0.13848301261786553, 0.836788463460191], [0.04570054341368573, -1.05305783369023, -0.07938846208320396], [0.8205884868821915, -0.2282200272942842, -1.8140491464541366]], [[-1.4541039623702336, -0.5561492584384018, -0.4871466566618938], [-0.6489317276351843, -1.9371809427657367, -0.6849858359048118], [-0.6079385847292715, -0.5965404620496527, -1.8140491464541335]], [[-1.294596323887983, 0.5568399496260754, -0.3496418067982971], [0.46405748041744227, -2.096688581247987, 0.7643742979880156], [-0.21264990215291987, 0.8247604893439369, -1.8140491464541335]], [[-1.294596323887983, -0.5568399496260759, 0.3496418067982972], [-0.46405748041744216, -2.096688581247986, 0.7643742979880157], [0.21264990215291996, 0.8247604893439369, -1.8140491464541335]], [[-1.4541039623702332, 0.5561492584384018, 0.4871466566618938], [0.6489317276351843, -1.9371809427657363, -0.6849858359048118], [0.6079385847292715, -0.5965404620496527, -1.8140491464541335]], [[-2.3382270714457363, -0.13848301261786514, -0.836788463460191], [-0.045700543413685187, -1.05305783369023, -0.07938846208320396], [-0.8205884868821915, -0.2282200272942842, -1.8140491464541366]]]}, "metadata": {"formula": "GeO2", "nsites": 9, "structure": "# generated using pymatgen\ndata_GeO2\n_symmetry_space_group_name_H-M   'P 1'\n_cell_length_a   4.98545431\n_cell_length_b   4.98545431\n_cell_length_c   5.68855569\n_cell_angle_alpha   90.00000000\n_cell_angle_beta   90.00000000\n_cell_angle_gamma   120.00000000\n_symmetry_Int_Tables_number   1\n_chemical_formula_structural   GeO2\n_chemical_formula_sum   'Ge3 O6'\n_cell_volume   122.445302235\n_cell_formula_units_Z   3\nloop_\n _symmetry_equiv_pos_site_id\n _symmetry_equiv_pos_as_xyz\n  1  'x, y, z'\nloop_\n _atom_site_type_symbol\n _atom_site_label\n _atom_site_symmetry_multiplicity\n _atom_site_fract_x\n _atom_site_fract_y\n _atom_site_fract_z\n _atom_site_occupancy\n  Ge  Ge1  1  0.548942  0.000000  0.833333  1\n  Ge  Ge2  1  0.000000  0.548942  0.166667  1\n  Ge  Ge3  1  0.451058  0.451058  0.500000  1\n  O  O4  1  0.304825  0.910346  0.078840  1\n  O  O5  1  0.605521  0.695175  0.745507  1\n  O  O6  1  0.089654  0.394479  0.412174  1\n  O  O7  1  0.394479  0.089654  0.587826  1\n  O  O8  1  0.695175  0.605521  0.254493  1\n  O  O9  1  0.910346  0.304825  0.921160  1\n"}}