{"phonon": {"ph_bandstructure": [[0.0, 0.0, 0.0, 69.85867944883852, 69.85867945609814, 92.70397333190525, 93.3010480616974, 108.25203925873237, 109.72864520540882, 128.59218293273597, 128.5921829329229, 128.7836386449588, 138.03223435285096, 149.4521731833675, 166.05412064735822, 181.36136264106054, 639.7310613137953, 641.7341349715517, 643.0529914152762, 643.9362397146168, 1334.3663391774023, 1335.7583500493931, 2089.297301670787, 2140.3104828896035]]}, "dielectric": {"eps_electronic": [[2.8208244559661946, -3.914594680750141e-16, 4.810163701752517e-16], [-3.914594680750141e-16, 2.8208244559661946, 4.810163701752517e-16], [1.862602859828628e-16, 1.862602859828628e-16, 2.149442690678867]], "eps_total": [[6.088288655018926, 2.2232542012374088e-14, 7.221472480676876e-16], [2.2452783611798357e-14, 6.088288655279566, 9.900522186135606e-16], [3.8070374175026967e-16, 1.268882161450395e-15, 5.178206172350326]], "becs": [[[1.2656255716866038, -7.216449660063518e-16, -2.4320932257379615e-16], [-4.440892098500626e-16, 1.2656255716866043, 2.4251325069970984e-16], [7.840950111415168e-16, 1.1449174941446927e-15, 1.2384295868161703]], [[1.2656255716866038, -7.216449660063518e-16, -2.4320932257379615e-16], [-4.440892098500626e-16, 1.2656255716866043, 2.4251325069970984e-16], [7.840950111415168e-16, 1.1449174941446927e-15, 1.2384295868161703]], [[1.81364835636886, 1.9173118811619456, -2.0541153261562545e-17], [1.9173118811619454, 1.8136483563688595, 2.1092210161880825e-17], [-1.0477729794899915e-15, -1.1310397063368782e-15, -0.14877266854632804]], [[1.8136483563688603, -1.9173118811619447, 1.4587628845319655e-16], [-1.9173118811619445, 1.8136483563688603, -1.4555725551090704e-16], [-1.0408340855860843e-16, 3.469446951953614e-17, -0.1487726685463267]], [[-1.539636964027732, 0.9047064268918048, 6.452446255764883e-16], [0.9047064268918037, -1.5396369640277325, -6.453896405502562e-16], [-5.48172618408671e-16, -1.519617764955683e-15, -0.5448284591349222]], [[-1.5396369640277325, -0.9047064268918044, -4.647028705985092e-16], [-0.9047064268918037, -1.539636964027732, 4.651089125250594e-16], [3.400058012914542e-16, 9.228728892196614e-16, -0.5448284591349208]], [[-1.5396369640277325, -0.9047064268918044, -4.647028705985092e-16], [-0.9047064268918037, -1.539636964027732, 4.651089125250594e-16], [3.400058012914542e-16, 9.228728892196614e-16, -0.5448284591349208]], [[-1.539636964027732, 0.9047064268918048, 6.452446255764883e-16], [0.9047064268918037, -1.5396369640277325, -6.453896405502562e-16], [-5.48172618408671e-16, -1.519617764955683e-15, -0.5448284591349222]]]}, "metadata": {"formula": "RbN3", "nsites": 8, "structure": "# generated using pymatgen\ndata_RbN3\n_symmetry_space_group_name_H-M   'P 1'\n_cell_length_a   5.79615715\n_cell_length_b   5.79615715\n_cell_length_c   5.79615715\n_cell_angle_alpha   114.48809628\n_cell_angle_beta   114.48809628\n_cell_angle_gamma   99.84547999\n_symmetry_Int_Tables_number   1\n_chemical_formula_structural   RbN3\n_chemical_formula_sum   'Rb2 N6'\n_cell_volume   146.804276336\n_cell_formula_units_Z   2\nloop_\n _symmetry_equiv_pos_site_id\n _symmetry_equiv_pos_as_xyz\n  1  'x, y, z'\nloop_\n _atom_site_type_symbol\n _atom_site_label\n _atom_site_symmetry_multiplicity\n _atom_site_fract_x\n _atom_site_fract_y\n _atom_site_fract_z\n _atom_site_occupancy\n  Rb  Rb1  1  0.250000  0.250000  0.000000  1\n  Rb  Rb2  1  0.750000  0.750000  0.000000  1\n  N  N3  1  1.000000  0.500000  0.500000  1\n  N  N4  1  0.500000  1.000000  0.500000  1\n  N  N5  1  0.366300  0.133700  0.500000  1\n  N  N6  1  0.866300  0.366300  0.232601  1\n  N  N7  1  0.133700  0.633700  0.767399  1\n  N  N8  1  0.633700  0.866300  0.500000  1\n"}}