{"phonon": {"ph_bandstructure": [[0.0, 0.0, 0.0, 168.69111832312473, 168.69140011995904, 241.57504296022302, 285.72388520699843, 290.53478397363097, 349.73685669332014]]}, "dielectric": {"eps_electronic": [[7.849766144626671, 2.886579864025407e-15, -1.243225645430721], [7.105427357601002e-15, 16.47613148484868, 0.0], [-1.2432256454307324, 0.0, 16.296958687995815]], "eps_total": [[7.972530835254097, 3.774758283725532e-15, -1.3069937599938324], [7.105427357601002e-15, 17.04136376397372, 0.0], [-1.3069937599938326, 0.0, 16.853000751750137]], "becs": [[[-1.027372090673835, 0.0, 0.11788006709532987], [0.0, -1.8453060907274816, 0.0], [0.1178800670904451, 0.0, -1.82831729919062]], [[0.5524075498432472, 0.0, -0.0546543349885001], [0.0, 0.9316373886018406, 0.0], [-0.05465433498623319, 0.0, 0.9237606446655258]], [[0.47496454083737943, 0.0, -0.06322573216293555], [0.0, 0.9136687025217335, 0.0], [-0.06322573216031768, 0.0, 0.9045566549131008]]]}, "metadata": {"formula": "MoSe2", "nsites": 3, "structure": "# generated using pymatgen\ndata_MoSe2\n_symmetry_space_group_name_H-M   'P 1'\n_cell_length_a   6.82378699\n_cell_length_b   6.82378699\n_cell_length_c   6.82378699\n_cell_angle_alpha   27.75618663\n_cell_angle_beta   27.75618663\n_cell_angle_gamma   27.75618663\n_symmetry_Int_Tables_number   1\n_chemical_formula_structural   MoSe2\n_chemical_formula_sum   'Mo1 Se2'\n_cell_volume   60.8472274253\n_cell_formula_units_Z   1\nloop_\n _symmetry_equiv_pos_site_id\n _symmetry_equiv_pos_as_xyz\n  1  'x, y, z'\nloop_\n _atom_site_type_symbol\n _atom_site_label\n _atom_site_symmetry_multiplicity\n _atom_site_fract_x\n _atom_site_fract_y\n _atom_site_fract_z\n _atom_site_occupancy\n  Mo  Mo1  1  0.333202  0.333202  0.333202  1\n  Se  Se2  1  0.582017  0.582017  0.582017  1\n  Se  Se3  1  0.751114  0.751114  0.751114  1\n"}}