{"phonon": {"ph_bandstructure": [[0.0, 0.0, 0.0, 124.68374278543361, 124.68374278867492, 158.49136245138848, 165.2814962257057, 182.32292591884328, 221.82376993757816, 223.6677313407417, 258.6544611910532, 258.6544611927151, 294.2015854968633, 351.3996645768059, 430.1464506472478, 430.14645064838464, 487.96596687642165, 528.1326808731087]]}, "dielectric": {"eps_electronic": [[3.7791974420003567, 0.0, 2.2093966379050003e-24], [0.0, 3.7791974420003567, 2.2093966379050003e-24], [2.2093966379050007e-24, 2.2093966379050007e-24, 3.3547377401034084]], "eps_total": [[16.116362052504, 4.520255697526565e-15, 2.2093966379050003e-24], [4.520255697526565e-15, 16.116362052742403, 2.2093966379050003e-24], [2.2093966379050007e-24, 2.2093966379050007e-24, 11.97796487476684]], "becs": [[[4.162487470135053, 0.0, 2.5163013795088467e-24], [0.0, 4.162487470135053, 2.5163013795088467e-24], [0.0, 0.0, 3.628928437436753]], [[4.162487470135053, 0.0, 2.5163013795088467e-24], [0.0, 4.162487470135051, 2.5163013795088467e-24], [0.0, 0.0, 3.6289284374367545]], [[-2.8536663963328617, 0.0, -6.321439787576038e-24], [0.0, -2.853666396332862, -3.37552606521441e-24], [0.0, 0.0, -1.8259829770963218]], [[-2.8536663963328617, 0.0, -3.37552606521441e-24], [0.0, -2.853666396332862, -6.321439787576038e-24], [0.0, 0.0, -1.8259829770963218]], [[-1.3088210738019526, 0.0, 2.5163013795088467e-24], [0.0, -1.3088210738019512, 2.1480621642136433e-24], [0.0, 0.0, -1.8029454603400223]], [[-1.3088210738019526, 0.0, 2.1480621642136433e-24], [0.0, -1.3088210738019495, 2.5163013795088467e-24], [0.0, 0.0, -1.8029454603400223]]]}, "metadata": {"formula": "LaOF", "nsites": 6, "structure": "# generated using pymatgen\ndata_LaOF\n_symmetry_space_group_name_H-M   'P 1'\n_cell_length_a   4.03606259\n_cell_length_b   4.03606259\n_cell_length_c   5.77176082\n_cell_angle_alpha   90.00000000\n_cell_angle_beta   90.00000000\n_cell_angle_gamma   90.00000000\n_symmetry_Int_Tables_number   1\n_chemical_formula_structural   LaOF\n_chemical_formula_sum   'La2 O2 F2'\n_cell_volume   94.0208363034\n_cell_formula_units_Z   2\nloop_\n _symmetry_equiv_pos_site_id\n _symmetry_equiv_pos_as_xyz\n  1  'x, y, z'\nloop_\n _atom_site_type_symbol\n _atom_site_label\n _atom_site_symmetry_multiplicity\n _atom_site_fract_x\n _atom_site_fract_y\n _atom_site_fract_z\n _atom_site_occupancy\n  La  La1  1  0.000000  0.500000  0.716096  1\n  La  La2  1  0.500000  0.000000  0.283904  1\n  O  O3  1  0.500000  0.500000  0.500000  1\n  O  O4  1  0.000000  0.000000  0.500000  1\n  F  F5  1  0.000000  0.000000  0.000000  1\n  F  F6  1  0.500000  0.500000  0.000000  1\n"}}