{"phonon": {"ph_bandstructure": [[-0.018773921496419533, -0.007082649652133085, 0.0, 146.8342848847568, 155.75340638472616, 167.85219398097286, 172.534415699166, 182.66811347946253, 197.6078260844232, 218.93048873159165, 227.00520387634003, 241.51284957875856, 267.6858589103057, 292.27251350740363, 330.1323179513768, 381.8434003168304, 401.035707657897, 410.6529522053228, 444.71598655825994, 464.19005813649517, 472.6420100523919, 477.09152083060496, 586.4813902972595, 586.4919933076025, 587.8153773459413, 590.1874942781952, 655.5337703091712, 667.5322845754532, 977.0573879624266, 977.879940306942, 992.5158949323305, 1125.1191972010881, 1137.4454712283598, 1150.2071322666343, 1184.520937823302, 1253.3722218477205]]}, "dielectric": {"eps_electronic": [[2.6481645896213277, 0.0, -4.5028571481759906e-24], [0.0, 2.5985270430715612, 0.0], [-4.502857148175989e-24, 0.0, 2.596447895202706]], "eps_total": [[9.328359307176228, 0.0, -4.5028571481759906e-24], [0.0, 5.258638323530057, 0.0], [-4.502857148175989e-24, 0.0, 6.004739497752409]], "becs": [[[2.4064393918825915, 5.551115288561905e-17, -5.1032141040283495e-17], [2.220446115424762e-16, 2.351081160455057, 0.34147991722341353], [2.7453274573963056e-17, -0.3055060769156511, 2.2017790941121866]], [[2.4064393918825915, 5.551115288561905e-17, -5.1032141040283495e-17], [2.220446115424762e-16, 2.351081160455057, -0.34147991722341353], [2.7453274573963056e-17, 0.305506076915651, 2.2017790941121884]], [[3.691597787571136, 5.551115288561905e-17, 3.8182541879977896e-18], [2.220446115424762e-16, 3.5250141579917855, -9.251858814269842e-18], [2.7453274573963056e-17, -3.700743525707937e-17, 3.4553115600486617]], [[3.691597787571136, 5.551115288561905e-17, 3.81824748757571e-18], [2.220446115424762e-16, 3.5250141579917855, -9.251869074514504e-18], [2.7453274573963056e-17, -3.700743525707937e-17, 3.4553115600486617]], [[-2.1274105339545373, 0.7355982211785568, 3.818133580400349e-18], [0.7074369429036949, -1.3322550442598482, -9.251407363504693e-18], [2.7453274573963056e-17, -3.700743525707937e-17, -1.1901740265231417]], [[-2.1274105339545373, 0.7355982211785568, 3.8182374369425896e-18], [0.7074369429036949, -1.3322550442598482, -9.251576657541625e-18], [2.7453274573963056e-17, -3.700743525707937e-17, -1.1901740265231417]], [[-2.1274105339545373, -0.7355982211785568, 3.818160382088669e-18], [-0.7074369429036944, -1.3322550442598482, -9.252187142099041e-18], [2.7453274573963056e-17, -3.700743525707937e-17, -1.1901740265231417]], [[-2.1274105339545373, -0.7355982211785568, 3.818160382088669e-18], [-0.7074369429036944, -1.3322550442598482, -9.252187142099041e-18], [2.7453274573963056e-17, -3.700743525707937e-17, -1.1901740265231417]], [[-0.921608055775924, -1.6653345203941226e-16, 6.770028722246624e-17], [2.220446115424762e-16, -1.605792614968128, 0.5869989371699027], [-2.7453272937620424e-17, 0.6302046227253071, -1.6383713005587537]], [[-0.9216080557759231, -1.6653345203941226e-16, 3.81826758884195e-18], [-1.1102230180077116e-15, -1.6057926149681272, -0.5869989371699027], [-8.23598204492039e-17, -0.6302046227253069, -1.6383713005587537]], [[-0.921608055775924, 5.551115288561905e-17, 3.81826758884195e-18], [2.220446115424762e-16, -1.6057926149681276, 0.5869989371699027], [-2.7453272937620424e-17, 0.6302046227253071, -1.6383713005587541]], [[-0.9216080557759231, -1.6653345203941226e-16, 3.81826758884195e-18], [-1.1102230180077116e-15, -1.6057926149681272, -0.5869989371699027], [-8.23598204492039e-17, -0.6302046227253069, -1.6383713005587537]]]}, "metadata": {"formula": "MgSO4", "nsites": 12, "structure": "# generated using pymatgen\ndata_MgSO4\n_symmetry_space_group_name_H-M   'P 1'\n_cell_length_a   4.73047540\n_cell_length_b   4.73047540\n_cell_length_c   6.50498259\n_cell_angle_alpha   90.00000000\n_cell_angle_beta   90.00000000\n_cell_angle_gamma   113.70715036\n_symmetry_Int_Tables_number   1\n_chemical_formula_structural   MgSO4\n_chemical_formula_sum   'Mg2 S2 O8'\n_cell_volume   133.28073925\n_cell_formula_units_Z   2\nloop_\n _symmetry_equiv_pos_site_id\n _symmetry_equiv_pos_as_xyz\n  1  'x, y, z'\nloop_\n _atom_site_type_symbol\n _atom_site_label\n _atom_site_symmetry_multiplicity\n _atom_site_fract_x\n _atom_site_fract_y\n _atom_site_fract_z\n _atom_site_occupancy\n  Mg  Mg1  1  0.000000  0.000000  0.000000  1\n  Mg  Mg2  1  0.000000  0.000000  0.500000  1\n  S  S3  1  0.350203  0.649797  0.250000  1\n  S  S4  1  0.649797  0.350203  0.750000  1\n  O  O5  1  0.697033  0.774033  0.250000  1\n  O  O6  1  0.302967  0.225967  0.750000  1\n  O  O7  1  0.774033  0.697033  0.750000  1\n  O  O8  1  0.225967  0.302967  0.250000  1\n  O  O9  1  0.248802  0.751198  0.062596  1\n  O  O10  1  0.751198  0.248802  0.562596  1\n  O  O11  1  0.751198  0.248802  0.937404  1\n  O  O12  1  0.248802  0.751198  0.437404  1\n"}}