{"phonon": {"ph_bandstructure": [[0.0, 0.0, 0.0, 48.36612758819073, 48.366127588191056, 57.59969918108263, 63.2331524600565, 75.80790356241215, 78.27069055702425, 81.22300455678746, 88.74727671674592, 96.19259755886263, 98.1171071375672, 100.33373956192624, 106.20323289954361, 108.66448529993463, 108.664485299935, 111.982047749132, 123.4535937734075, 127.35682623248546, 148.7207700654754, 157.42272297340588, 174.05006119379792, 190.11134987978414, 192.67894819993137, 221.82126022086698, 221.82126022086737, 264.66595882838453, 523.4950098960841, 523.5055054135354, 536.1931026739013, 557.7539222352563, 566.003365869829, 604.6061916609502, 608.3152377076206, 633.2148876188161]]}, "dielectric": {"eps_electronic": [[4.204867624115684, -4.543111031795312e-16, 5.501882893427721e-16], [-8.809145103962436e-17, 4.204867624115683, -1.1268982194384787e-15], [-4.2269465167933175e-16, -4.2269465167933175e-16, 3.32801973175887]], "eps_total": [[7.646491081529395, -3.0537941609421605e-15, 1.5739933904997523e-16], [-2.1798912569994585e-15, 7.646491082081136, -1.1589234049401756e-15], [-5.914031919552925e-16, -5.914031919552925e-16, 6.202818225506583]], "becs": [[[1.444932896815733, -1.0362081541109978e-15, -3.64681418069108e-15], [1.1472304664996808e-15, 1.0422340812955468, 3.4586132033797016e-15], [-1.073215602602967e-15, -6.617444900424222e-24, 1.3760797475004285]], [[1.0422340812955468, 7.401486852892527e-16, 2.6194922351871315e-15], [-1.8503716305050704e-16, 1.4449328968157338, -2.7095782565438403e-15], [-1.8503718290284174e-16, -1.1102230312426014e-15, 1.3760797475004285]], [[1.444932896815733, -1.0362081541109978e-15, -3.64681418069108e-15], [1.1472304664996808e-15, 1.0422340812955468, 3.4586132033797016e-15], [-1.073215602602967e-15, -6.617444900424222e-24, 1.3760797475004285]], [[1.0422340812955468, 7.401486852892527e-16, 2.6194922351871315e-15], [-1.8503716305050704e-16, 1.4449328968157338, -2.7095782565438403e-15], [-1.8503718290284174e-16, -1.1102230312426014e-15, 1.3760797475004285]], [[0.5059500507307039, -0.9270898370689222, -5.239486365780965e-16], [-0.927089837068922, 0.5059500507307041, 3.642298095918083e-16], [9.251858417223148e-16, 1.1102230180077116e-15, -0.5179875302829621]], [[0.5059500507307039, -0.9270898370689222, -5.239486365780965e-16], [-0.927089837068922, 0.5059500507307041, 3.642298095918083e-16], [9.251858417223148e-16, 1.1102230180077116e-15, -0.5179875302829621]], [[0.5059500507307056, 0.9270898370689222, -5.202205384959313e-16], [0.9270898370689225, 0.5059500507307059, 3.679579076739736e-16], [3.700742202218957e-17, 2.220445983075864e-16, -0.5179875302829656]], [[0.5059500507307056, 0.9270898370689222, -5.202205384959313e-16], [0.9270898370689225, 0.5059500507307059, 3.679579076739736e-16], [3.700742202218957e-17, 2.220445983075864e-16, -0.5179875302829656]], [[-1.925491528248659, 7.401486852892527e-16, 2.5900577484007306e-15], [-8.51170977825601e-16, -1.5735755513491387, -2.294923533480178e-15], [4.810966318722522e-16, -2.220446115424762e-16, -0.8580922172347404]], [[-1.5735755513491378, -5.921189442609352e-16, -5.185667205497075e-16], [-6.291263729005697e-16, -1.9254915282486604, 8.137009354702599e-16], [-1.8503718290284174e-16, -6.617444900424222e-24, -0.8580922172347404]], [[-1.5735755513491378, -5.921189442609352e-16, -5.185667205497075e-16], [-6.291263729005697e-16, -1.9254915282486604, 8.137009354702599e-16], [-1.8503718290284174e-16, -6.617444900424222e-24, -0.8580922172347404]], [[-1.925491528248659, 7.401486852892527e-16, 2.5900577484007306e-15], [-8.51170977825601e-16, -1.5735755513491387, -2.294923533480178e-15], [4.810966318722522e-16, -2.220446115424762e-16, -0.8580922172347404]]]}, "metadata": {"formula": "RbCuO", "nsites": 12, "structure": "# generated using pymatgen\ndata_RbCuO\n_symmetry_space_group_name_H-M   'P 1'\n_cell_length_a   7.25135594\n_cell_length_b   7.25135594\n_cell_length_c   7.25135594\n_cell_angle_alpha   99.16599439\n_cell_angle_beta   99.16599439\n_cell_angle_gamma   132.95387937\n_symmetry_Int_Tables_number   1\n_chemical_formula_structural   RbCuO\n_chemical_formula_sum   'Rb4 Cu4 O4'\n_cell_volume   255.877800591\n_cell_formula_units_Z   4\nloop_\n _symmetry_equiv_pos_site_id\n _symmetry_equiv_pos_as_xyz\n  1  'x, y, z'\nloop_\n _atom_site_type_symbol\n _atom_site_label\n _atom_site_symmetry_multiplicity\n _atom_site_fract_x\n _atom_site_fract_y\n _atom_site_fract_z\n _atom_site_occupancy\n  Rb  Rb1  1  0.196141  0.500000  0.696141  1\n  Rb  Rb2  1  0.500000  0.803859  0.303859  1\n  Rb  Rb3  1  0.803859  0.500000  0.303859  1\n  Rb  Rb4  1  0.500000  0.196141  0.696141  1\n  Cu  Cu5  1  0.135718  0.135718  0.271435  1\n  Cu  Cu6  1  0.864282  0.864282  0.728565  1\n  Cu  Cu7  1  0.864282  0.135718  0.000000  1\n  Cu  Cu8  1  0.135718  0.864282  0.000000  1\n  O  O9  1  0.000000  0.727028  0.727028  1\n  O  O10  1  0.727028  0.000000  0.727028  1\n  O  O11  1  0.272972  0.000000  0.272972  1\n  O  O12  1  0.000000  0.272972  0.272972  1\n"}}