{"phonon": {"ph_bandstructure": [[0.0, 0.0, 0.0, 81.25785975893186, 86.22547300730854, 90.49425242909768, 90.76395912716839, 96.43897638055667, 101.64951092086555, 118.40140292421687, 122.06543338287743, 124.5547327356321, 124.55509772992887, 128.37127463243556, 128.3712746332144, 139.99875477465895, 149.44050375553468, 153.19795623156125, 261.58597816470086, 261.5859781655192, 324.0513222562698, 334.47874033033713, 335.2913316742853, 378.38781848889766]]}, "dielectric": {"eps_electronic": [[5.950483797609121, -1.1102230246251565e-15, -0.8105768865790532], [-6.267336094397979e-16, 9.262618943498028, -5.227591298039331e-16], [-0.8105768865790484, -1.3322676295501878e-15, 9.064246938728743]], "eps_total": [[11.878994513364516, 5.329070518200751e-15, -0.2824430964164926], [1.2534672188795958e-15, 13.033098118015692, 1.0455182596078661e-15], [-0.2824430964164912, 4.440892098500626e-16, 12.96397598529739]], "becs": [[[1.1049842450761944, 0.0, 0.01291851364931007], [0.0, 1.0521973178880724, 0.0], [0.012918513649009297, 0.0, 1.0553588581366404]], [[1.6323711709365143, 0.0, 0.10913116490920538], [0.0, 1.1864453460003226, 0.0], [0.10913116490668147, 0.0, 1.2131529518131705]], [[1.1049842450761944, 0.0, 0.01291851364931007], [0.0, 1.0521973178880724, 0.0], [0.012918513649009297, 0.0, 1.0553588581366404]], [[-0.2319067278557228, 0.21335834002303944, 0.21479747039298436], [0.8400918069256968, 0.4040193032716702, 0.7972636747219218], [0.5873205334534327, 0.6438835619185497, -0.06495335140057268]], [[-0.2319067278557228, -0.21335834002303944, 0.21479747039298436], [-0.8400918069256968, 0.4040193032716702, -0.7972636747219218], [0.5873205334534327, -0.6438835619185497, -0.06495335140057268]], [[0.37058218140846394, 0.0, -0.5054280300907404], [0.0, -0.5914048396931129, 0.0], [-1.25047415620988, 0.0, 0.32798188230002356]], [[-1.8745541933929606, 0.0, -0.029567551451526897], [0.0, -1.753736874313347, 0.0], [-0.029567551450842722, 0.0, -1.7609729237926648]], [[-1.8745541933929606, 0.0, -0.029567551451526897], [0.0, -1.753736874313347, 0.0], [-0.029567551450842722, 0.0, -1.7609729237926648]]]}, "metadata": {"formula": "K3Cu3P2", "nsites": 8, "structure": "# generated using pymatgen\ndata_K3Cu3P2\n_symmetry_space_group_name_H-M   'P 1'\n_cell_length_a   7.35106731\n_cell_length_b   7.35106731\n_cell_length_c   7.35106731\n_cell_angle_alpha   44.75718314\n_cell_angle_beta   44.75718314\n_cell_angle_gamma   44.75718314\n_symmetry_Int_Tables_number   1\n_chemical_formula_structural   K3Cu3P2\n_chemical_formula_sum   'K3 Cu3 P2'\n_cell_volume   179.154968081\n_cell_formula_units_Z   1\nloop_\n _symmetry_equiv_pos_site_id\n _symmetry_equiv_pos_as_xyz\n  1  'x, y, z'\nloop_\n _atom_site_type_symbol\n _atom_site_label\n _atom_site_symmetry_multiplicity\n _atom_site_fract_x\n _atom_site_fract_y\n _atom_site_fract_z\n _atom_site_occupancy\n  K  K1  1  0.908569  0.908569  0.908569  1\n  K  K2  1  0.500000  0.500000  0.500000  1\n  K  K3  1  0.091431  0.091431  0.091431  1\n  Cu  Cu4  1  -0.000000  0.500000  0.500000  1\n  Cu  Cu5  1  0.500000  1.000000  0.500000  1\n  Cu  Cu6  1  0.500000  0.500000  0.000000  1\n  P  P7  1  0.255878  0.255878  0.255878  1\n  P  P8  1  0.744122  0.744122  0.744122  1\n"}}