{"phonon": {"ph_bandstructure": [[-0.004703531598824597, -0.00448046100297921, -0.00442300679798567, 80.68623442546698, 82.07887211066223, 98.3200629714478, 117.46785175608062, 117.72259279813392, 132.0364038069112, 137.27099979766453, 183.2300914741811, 196.31745415884814, 204.30856702733473, 205.19200016911705, 217.69931482768573, 315.01246248200334, 332.36429033350413, 342.401949299673, 363.93042070872195, 373.1734809576913, 389.9173058403017]]}, "dielectric": {"eps_electronic": [[6.604788892998285, 3.7309433331344134e-17, -2.202759118151978e-15], [9.254878530314694e-16, 6.604788892998284, -4.264022787517274e-16], [-2.6326467526592384e-15, 4.759777162912e-16, 6.630136363756087]], "eps_total": [[9.136077097694038, 7.131585237056434e-12, -4.088811221126275e-15], [7.131566858852925e-12, 9.136077097749274, -2.1170244682143366e-15], [-3.4779302587951076e-16, -3.4779302587951076e-16, 9.33327914345848]], "becs": [[[2.237627269997353, 0.021941750220933323, 2.9662153084952233e-16], [-0.021941750220933007, 2.2376272699973527, -2.4362094879922377e-16], [-1.6653346610148267e-16, -5.31321041438883e-16, 2.8682099449289207]], [[2.538921230896637, -0.46671521016768475, 3.0636457091971447e-16], [0.46671521016768514, 2.538921230896637, -2.5773035652371273e-16], [-1.99493212145042e-16, -5.035654658232541e-16, 2.309118344253862]], [[2.105728269199811, 0.2659721437457242, -1.5051993423685393e-15], [-0.26597214374572287, 2.1057282691998145, 1.0284881774136168e-15], [-2.0539126079642488e-15, 3.049148212977247e-15, 1.8096861250487444]], [[-1.7980867773705023, 0.4501687588738602, 0.4686560780096033], [0.3607681007718352, -1.6430516074939936, 0.31541092578153374], [0.4392703717006207, 0.37869890644489906, -1.7467536034785307]], [[-1.6430516074939896, -0.36076810077183474, 0.3154109257815342], [-0.45016875887386154, -1.7980867773705027, -0.4686560780096044], [0.3786989064448993, -0.4392703717006197, -1.746753603478529]], [[-1.6430516074939896, -0.36076810077183386, -0.3154109257815325], [-0.4501687588738589, -1.7980867773705027, 0.4686560780096034], [-0.37869890644489806, 0.4392703717006205, -1.7467536034785272]], [[-1.7980867773705076, 0.45016875887385843, -0.46865607800960396], [0.3607681007718334, -1.6430516074939936, -0.3154109257815334], [-0.4392703717006195, -0.37869890644490184, -1.7467536034785272]]]}, "metadata": {"formula": "Al2ZnSe4", "nsites": 7, "structure": "# generated using pymatgen\ndata_Al2ZnSe4\n_symmetry_space_group_name_H-M   'P 1'\n_cell_length_a   6.67365676\n_cell_length_b   6.67365676\n_cell_length_c   6.67365676\n_cell_angle_alpha   131.17627626\n_cell_angle_beta   131.17627626\n_cell_angle_gamma   71.53316232\n_symmetry_Int_Tables_number   1\n_chemical_formula_structural   Al2ZnSe4\n_chemical_formula_sum   'Al2 Zn1 Se4'\n_cell_volume   164.780270347\n_cell_formula_units_Z   1\nloop_\n _symmetry_equiv_pos_site_id\n _symmetry_equiv_pos_as_xyz\n  1  'x, y, z'\nloop_\n _atom_site_type_symbol\n _atom_site_label\n _atom_site_symmetry_multiplicity\n _atom_site_fract_x\n _atom_site_fract_y\n _atom_site_fract_z\n _atom_site_occupancy\n  Al  Al1  1  0.250000  0.750000  0.500000  1\n  Al  Al2  1  0.500000  0.500000  0.000000  1\n  Zn  Zn3  1  0.000000  0.000000  0.000000  1\n  Se  Se4  1  0.107961  0.600383  0.975303  1\n  Se  Se5  1  0.867343  0.892039  0.492422  1\n  Se  Se6  1  0.399617  0.374920  0.507578  1\n  Se  Se7  1  0.625080  0.132657  0.024697  1\n"}}