{"phonon": {"ph_bandstructure": [[-0.00239890118864869, 0.0, 0.0, 112.87502229987777, 130.12661467149098, 137.74122700874986, 149.7307834116345, 160.86363347602142, 172.32738203143322, 190.0363602304723, 199.56887893341533, 222.1983684850012, 222.5594661934529, 239.78652779683443, 248.29477934954605, 248.79594226830054, 256.2545378919288, 273.7382269394905, 283.84707224618666, 286.1992784478951, 319.96410880440374, 320.8543967994517, 336.8706006417823, 338.0850296509295, 345.01941355332536, 371.7941668711336, 393.6885885747052, 422.92315373063985, 429.33970281753767, 433.83807832474776, 437.3928272526989, 441.70702980367946, 450.60049403410744, 453.8817633558317, 471.0328295580326, 488.2749627088331, 519.0889359670886, 523.6756527529508, 527.1269859208303, 547.3890603557156, 577.0016301172453, 611.6770732590918, 648.7454784979359, 658.56624749935, 712.9521906235549, 729.7064087449, 732.7078727329114, 766.8165894191294]]}, "dielectric": {"eps_electronic": [[4.764604818549019, 0.0, 0.0], [7.771561172376096e-16, 4.811078124421121, 0.0], [0.0, 0.0, 4.6459556436141]], "eps_total": [[21.799550172700727, 3.552713678800501e-15, 0.0], [1.021405182655144e-14, 15.580379338752122, 0.0], [0.0, 0.0, 20.105009655304134]], "becs": [[[3.7703418940936526, 0.0, 0.0], [0.0, 4.2330339457524335, -0.3607090181388476], [0.0, -0.5003495044159796, 3.1399052031014194]], [[3.4929730587099694, 0.0, 0.0], [0.0, 3.6281768479286436, 0.12033915224767086], [0.0, -0.17105850983021254, 4.652902698317149]], [[3.4929730587099685, 0.0, 0.0], [0.0, 3.6281768479286427, -0.12033915224767089], [0.0, 0.17105850983021254, 4.652902698317151]], [[3.7703418940936535, 0.0, 0.0], [0.0, 4.233033945752435, 0.3607090181388476], [0.0, 0.5003495044159796, 3.139905203101418]], [[5.461091657005173, 0.0, 0.0], [0.0, 5.299710091656941, 0.17805561365222072], [0.0, 0.1537368845380433, 4.789343221052967]], [[5.461091657005173, 0.0, 0.0], [0.0, 5.299710091656941, -0.17805561365222072], [0.0, -0.1537368845380433, 4.789343221052967]], [[-0.9175117034009939, 0.0, 0.0], [0.0, -3.2003813989967798, 0.04027510096580249], [2.4504785776982588e-17, 0.13149980013142437, -3.2810787333672264]], [[-4.444198001318492, 0.0, 0.0], [0.0, -1.8872471174135117, 0.1500616492178804], [0.0, 0.1074617588589477, -1.7500315606330852]], [[-3.0927346880075985, 0.0, 0.0], [0.0, -1.6832996941439022, -0.3401935988866578], [0.0, -0.2986589931312178, -2.9921372351428266]], [[-3.3689395755231493, 0.0, 0.0], [0.0, -2.2628195128664848, 0.1776417791895811], [-2.4504785776982588e-17, 0.12282809983988169, -2.156181354768476]], [[-0.9010226415585614, 0.0, 0.0], [0.0, -4.127173161917343, -0.6597489073188818], [0.0, -1.014644512953769, -2.4027222385599245]], [[-3.0927346880075985, 0.0, 0.0], [0.0, -1.6832996941439022, 0.3401935988866578], [0.0, 0.29865899313121774, -2.9921372351428266]], [[-4.444198001318493, 0.0, 0.0], [0.0, -1.887247117413514, -0.1500616492178804], [0.0, -0.10746175885894767, -1.7500315606330847]], [[-0.917511703400993, 0.0, 0.0], [0.0, -3.200381398996777, -0.040275100965802495], [0.0, -0.1314998001314244, -3.2810787333672264]], [[-0.9010226415585614, 0.0, 0.0], [0.0, -4.127173161917343, 0.6597489073188818], [0.0, 1.014644512953769, -2.4027222385599227]], [[-3.3689395755231475, 0.0, 0.0], [0.0, -2.262819512866483, -0.1776417791895811], [0.0, -0.12282809983988166, -2.1561813547684734]]]}, "metadata": {"formula": "Sc2TiO5", "nsites": 16, "structure": "# generated using pymatgen\ndata_Sc2TiO5\n_symmetry_space_group_name_H-M   'P 1'\n_cell_length_a   5.39983914\n_cell_length_b   5.39983914\n_cell_length_c   10.18430383\n_cell_angle_alpha   90.00000000\n_cell_angle_beta   90.00000000\n_cell_angle_gamma   138.48233841\n_symmetry_Int_Tables_number   1\n_chemical_formula_structural   Sc2TiO5\n_chemical_formula_sum   'Sc4 Ti2 O10'\n_cell_volume   196.837949718\n_cell_formula_units_Z   2\nloop_\n _symmetry_equiv_pos_site_id\n _symmetry_equiv_pos_as_xyz\n  1  'x, y, z'\nloop_\n _atom_site_type_symbol\n _atom_site_label\n _atom_site_symmetry_multiplicity\n _atom_site_fract_x\n _atom_site_fract_y\n _atom_site_fract_z\n _atom_site_occupancy\n  Sc  Sc1  1  0.637232  0.362768  0.562970  1\n  Sc  Sc2  1  0.694902  0.305098  0.250453  1\n  Sc  Sc3  1  0.305098  0.694902  0.750453  1\n  Sc  Sc4  1  0.362768  0.637232  0.062970  1\n  Ti  Ti5  1  0.633286  0.366714  0.940987  1\n  Ti  Ti6  1  0.366714  0.633286  0.440987  1\n  O  O7  1  0.553607  0.446393  0.108878  1\n  O  O8  1  0.814698  0.185302  0.430140  1\n  O  O9  1  0.728401  0.271599  0.758152  1\n  O  O10  1  0.800424  0.199576  0.067626  1\n  O  O11  1  0.537380  0.462620  0.380792  1\n  O  O12  1  0.271599  0.728401  0.258152  1\n  O  O13  1  0.185302  0.814698  0.930140  1\n  O  O14  1  0.446393  0.553607  0.608878  1\n  O  O15  1  0.462620  0.537380  0.880792  1\n  O  O16  1  0.199576  0.800424  0.567626  1\n"}}