{"phonon": {"ph_bandstructure": [[0.0, 0.0, 0.0, 128.36245913177552, 128.3624591387683, 197.58603254332698, 212.25231203303744, 229.72735274809534, 229.72735275594147, 259.1784737243705, 280.0808665139349, 328.9385958394458, 328.93859584924354, 333.58099560370016, 333.58099561359876, 343.63848190402854, 346.2732882799387, 360.60890001364874, 464.2810166874081, 472.23235647158987, 478.1644381593356, 478.1644381725777, 489.85600831162554, 497.5653826389879]]}, "dielectric": {"eps_electronic": [[6.973380139251193, 0.0, 8.364935646154933e-22], [0.0, 6.97338013913601, 7.244246770522328e-22], [8.364935646154933e-22, 7.244246770522329e-22, 7.104052134057049]], "eps_total": [[11.653835255938777, 7.105427357601002e-15, 8.364935646154933e-22], [7.105427357601002e-15, 11.653835255796215, 7.244246770522328e-22], [8.364935646154933e-22, 7.244246770522329e-22, 11.839099576035249]], "becs": [[[0.9840191740844678, 1.734723475976807e-16, -4.086576242730307e-23], [3.3306690738754696e-16, 0.9840191740844677, -2.1778946711829455e-23], [6.542842395029313e-22, -5.805706082808472e-22, 0.48411633833755174]], [[0.9840191740844678, 1.1796119636642288e-16, -4.086576242730307e-23], [1.1102230246251565e-16, 0.9840191740844677, -2.1778946711829455e-23], [-9.848765637771843e-23, -9.920043019845543e-22, 0.4841163383375513]], [[0.7780405256637125, 1.734723475976807e-16, 9.744912578818427e-23], [3.3306690738754696e-16, 0.7780405256637126, -2.1778946711829464e-22], [2.5280589503325153e-22, -6.96467423408652e-22, 1.0043610529535765]], [[0.7780405256637125, 1.734723475976807e-16, -1.4145840840220294e-22], [5.551115123125783e-16, 0.7780405256637124, 1.960105204064652e-22], [2.427689364215095e-22, -7.138519456778228e-22, 1.0043610529535765]], [[0.7780405256637125, 1.734723475976807e-16, 2.860603369911215e-22], [3.3306690738754696e-16, 0.7780405256637126, -2.3956841383012425e-22], [3.3310156392718747e-22, -6.269293343319691e-22, 1.004361052953577]], [[0.7780405256637125, 1.734723475976807e-16, -7.858800466789054e-23], [3.3306690738754696e-16, 0.7780405256637124, 3.4846314738927143e-22], [1.9760262266867055e-22, -6.993648437868471e-22, 1.004361052953577]], [[-2.540100225411893, -4.926614671774132e-16, -4.086576242730307e-23], [-9.992007221626409e-16, -2.5401002254118925, -2.1778946711829455e-23], [-4.564934238602906e-21, 2.5388646063934746e-22, -2.492838444244705]], [[-2.540100225411893, -4.926614671774132e-16, -4.086576242730307e-23], [-9.992007221626409e-16, -2.5401002254118925, -2.1778946711829455e-23], [2.9828586374270743e-21, 4.055301996831345e-21, -2.492838444244705]]]}, "metadata": {"formula": "Li3P", "nsites": 8, "structure": "# generated using pymatgen\ndata_Li3P\n_symmetry_space_group_name_H-M   'P 1'\n_cell_length_a   4.20162266\n_cell_length_b   4.20162266\n_cell_length_c   7.50775318\n_cell_angle_alpha   90.00000000\n_cell_angle_beta   90.00000000\n_cell_angle_gamma   120.00000000\n_symmetry_Int_Tables_number   1\n_chemical_formula_structural   Li3P\n_chemical_formula_sum   'Li6 P2'\n_cell_volume   114.782244421\n_cell_formula_units_Z   2\nloop_\n _symmetry_equiv_pos_site_id\n _symmetry_equiv_pos_as_xyz\n  1  'x, y, z'\nloop_\n _atom_site_type_symbol\n _atom_site_label\n _atom_site_symmetry_multiplicity\n _atom_site_fract_x\n _atom_site_fract_y\n _atom_site_fract_z\n _atom_site_occupancy\n  Li  Li1  1  0.000000  0.000000  0.250000  1\n  Li  Li2  1  0.000000  0.000000  0.750000  1\n  Li  Li3  1  0.333333  0.666667  0.584108  1\n  Li  Li4  1  0.666667  0.333333  0.084108  1\n  Li  Li5  1  0.666667  0.333333  0.415892  1\n  Li  Li6  1  0.333333  0.666667  0.915892  1\n  P  P7  1  0.333333  0.666667  0.250000  1\n  P  P8  1  0.666667  0.333333  0.750000  1\n"}}