{"phonon": {"ph_bandstructure": [[0.0, 0.0, 0.0, 339.9658952397822, 339.9658952408993, 397.9485078565246, 479.0260201320697, 479.02602013310064, 564.4586261718254]]}, "dielectric": {"eps_electronic": [[9.570692627519408, -3.56208426498733e-15, -2.6645352591003757e-15], [-3.023497007903166e-15, 9.570692627519412, -8.881784197001252e-16], [3.3056072248234673e-16, -1.4457961169179037e-15, 9.570692627519414]], "eps_total": [[18.208427725750614, 4.235433276058931e-16, -3.552713678800501e-15], [-1.7150676628979714e-16, 18.20842772578493, -3.552713678800501e-15], [-1.666727278553472e-15, -1.666727278553472e-15, 18.20842772580212]], "becs": [[[0.8806717362709476, 0.0, 0.0], [0.0, 0.8806717362709476, 0.0], [3.566779900088055e-20, 3.566779900088055e-20, 0.8806717362709476]], [[1.9293541857231182, 0.0, 0.0], [0.0, 1.9293541857231182, 0.0], [3.458839563647931e-19, 3.458839563647931e-19, 1.9293541857231182]], [[-2.8100259210367473, 0.0, 0.0], [0.0, -2.8100259210367473, 0.0], [-3.8155174521392106e-19, -3.8155174521392106e-19, -2.8100259210367473]]]}, "metadata": {"formula": "LiZnN", "nsites": 3, "structure": "# generated using pymatgen\ndata_LiZnN\n_symmetry_space_group_name_H-M   'P 1'\n_cell_length_a   3.43029007\n_cell_length_b   3.43029007\n_cell_length_c   3.43029007\n_cell_angle_alpha   60.00000000\n_cell_angle_beta   60.00000000\n_cell_angle_gamma   60.00000000\n_symmetry_Int_Tables_number   1\n_chemical_formula_structural   LiZnN\n_chemical_formula_sum   'Li1 Zn1 N1'\n_cell_volume   28.5415490929\n_cell_formula_units_Z   1\nloop_\n _symmetry_equiv_pos_site_id\n _symmetry_equiv_pos_as_xyz\n  1  'x, y, z'\nloop_\n _atom_site_type_symbol\n _atom_site_label\n _atom_site_symmetry_multiplicity\n _atom_site_fract_x\n _atom_site_fract_y\n _atom_site_fract_z\n _atom_site_occupancy\n  Li  Li1  1  0.750000  0.750000  0.750000  1\n  Zn  Zn2  1  0.250000  0.250000  0.250000  1\n  N  N3  1  0.500000  0.500000  0.500000  1\n"}}