{"phonon": {"ph_bandstructure": [[-0.003849048345650402, -0.0033732655601967083, 0.0, 106.46843902143124, 175.67463204640407, 233.6320328159324, 235.67277349742477, 256.46138541578824, 257.3268294456919, 287.3387634895132, 311.7610795766139, 325.46645358541673, 330.1287932032745, 336.0332247544803, 344.21676896365784, 355.0483441865402, 365.23047223770664, 391.35353580937465, 395.1877249388438, 396.1761264442113, 418.74903428761496, 444.70421802867565, 461.7619390049025, 469.34451753442056, 478.9973602294518, 499.22889394434014, 503.71625888608963, 530.3099444405638, 581.9225375104909, 593.8931466547721, 593.93479106616, 739.4943968165728, 766.462276298918]]}, "dielectric": {"eps_electronic": [[3.817366517161813, 9.137877446142204e-16, 7.599906347837168e-17], [9.992007221626409e-16, 3.570840919241583, -0.048958987910567846], [5.551115123125783e-17, -0.04895898791056754, 3.5046549636257502]], "eps_total": [[36.687211552294535, 2.1367500722631195e-14, 1.5199812695674337e-16], [7.105427357601002e-15, 15.546803500329062, -0.15037286763995722], [2.220446049250313e-16, -0.15037286763995744, 12.235905000120004]], "becs": [[[1.0203442269599199, 2.7755576442809526e-17, -1.1269527206269495e-17], [1.0338008203159249e-16, 1.0512930254612647, -0.07691617618158463], [6.0111987392914685e-18, -0.10839244634506323, 1.2315049363635202]], [[1.0307006926356324, -5.5511150404077214e-17, 2.6106970720647493e-17], [-1.2251564362118534e-16, 1.1972412662460465, -0.03845589896668454], [-5.417512077282733e-18, 0.030629613516552474, 0.6556805427742661]], [[0.6672709175468368, 2.7755576442809526e-17, -1.6486048949814203e-18], [9.18267198483529e-17, 0.8852042351263473, 0.2346683614692422], [-6.990829713387451e-17, 0.18074233106364257, 1.4504674665871444]], [[1.0307006926356324, 2.7755576442809526e-17, -1.6486048949814203e-18], [9.952896130384596e-17, 1.1972412662460463, -0.03845589896668454], [-5.417512077282733e-18, 0.030629613516552474, 0.6556805427742661]], [[1.0203442269599199, 2.7755576442809526e-17, -1.6486048949814203e-18], [1.0338008203159249e-16, 1.0512930254612647, -0.07691617618158468], [6.0111987392914685e-18, -0.10839244634506323, 1.2315049363635202]], [[7.466563023140482, 2.7755576442809526e-17, -1.6486048949814203e-18], [9.952896130384596e-17, 5.809320869885823, -0.1926115295342405], [-5.417512077282733e-18, -0.20410480520746138, 5.427180306159798]], [[-1.6539779024187737, 2.7755576442809526e-17, -1.6486048949814203e-18], [1.149334442148321e-16, -2.885542614320096, -0.6763911295057405], [9.58084824202719e-17, -0.6063694885355944, -1.795000374364391]], [[-1.6712063701481252, -1.9428902848222178e-16, -1.6486048949814203e-18], [-7.886494583962793e-16, -1.9933194342552758, 0.7228561143279101], [-5.417512077282733e-18, 0.6598237642687402, -3.007036902029686]], [[-5.585555232655029, 2.7755576442809526e-17, -1.6486048949814203e-18], [9.952896130384596e-17, -1.433869591296399, 0.09575734871329462], [-5.417512077282733e-18, 0.07197958832820797, -1.0479441782483465]], [[-1.6712063701481261, 2.7755576442809526e-17, -1.6486048949814203e-18], [9.952896130384596e-17, -1.9933194342552767, 0.7228561143279101], [-5.417512077282733e-18, 0.6598237642687402, -3.007036902029686]], [[-1.6539779024187737, 2.7755576442809526e-17, -1.6486048949814203e-18], [9.952896130384596e-17, -2.885542614320096, -0.6763911295057403], [-5.417512077282733e-18, -0.6063694885355944, -1.7950003743643892]]]}, "metadata": {"formula": "Li5TaO5", "nsites": 11, "structure": "# generated using pymatgen\ndata_Li5TaO5\n_symmetry_space_group_name_H-M   'P 1'\n_cell_length_a   5.23379046\n_cell_length_b   5.23379046\n_cell_length_c   5.77886413\n_cell_angle_alpha   72.82784750\n_cell_angle_beta   72.82784750\n_cell_angle_gamma   44.78929104\n_symmetry_Int_Tables_number   1\n_chemical_formula_structural   Li5TaO5\n_chemical_formula_sum   'Li5 Ta1 O5'\n_cell_volume   105.682390488\n_cell_formula_units_Z   1\nloop_\n _symmetry_equiv_pos_site_id\n _symmetry_equiv_pos_as_xyz\n  1  'x, y, z'\nloop_\n _atom_site_type_symbol\n _atom_site_label\n _atom_site_symmetry_multiplicity\n _atom_site_fract_x\n _atom_site_fract_y\n _atom_site_fract_z\n _atom_site_occupancy\n  Li  Li1  1  0.286875  0.286875  0.345410  1\n  Li  Li2  1  0.308447  0.308447  0.861122  1\n  Li  Li3  1  0.000000  0.000000  0.500000  1\n  Li  Li4  1  0.691553  0.691553  0.138878  1\n  Li  Li5  1  0.713125  0.713125  0.654590  1\n  Ta  Ta6  1  0.000000  0.000000  0.000000  1\n  O  O7  1  0.146051  0.146051  0.173533  1\n  O  O8  1  0.156826  0.156826  0.682090  1\n  O  O9  1  0.500000  0.500000  0.000000  1\n  O  O10  1  0.843174  0.843174  0.317910  1\n  O  O11  1  0.853949  0.853949  0.826467  1\n"}}