{"phonon": {"ph_bandstructure": [[0.0, 0.0, 0.0, 44.57909846088341, 44.57909847297332, 75.1856344292713, 76.43224086708503, 81.8297524935935, 81.8297525004886, 89.0458576496608, 102.05200443526701, 125.34663169817128, 126.31829956388555, 126.31829956875856, 128.81197028678577, 128.81197029159233, 142.36668009637486, 144.70766623249284, 186.53219617267766, 190.07614156318743, 191.43053082242696, 191.43053082627128, 197.21582217266595, 198.29061107512993]]}, "dielectric": {"eps_electronic": [[10.898276646570235, 0.0, 8.267614645012432e-23], [0.0, 10.89827664652334, 7.159964311264074e-23], [8.267614645012432e-23, 7.15996431126407e-23, 8.418078568857114]], "eps_total": [[17.699800843477476, 1.0658141036401503e-14, 8.267614645012432e-23], [1.0658141036401503e-14, 17.699800844047612, 7.159964311264074e-23], [8.267614645012432e-23, 7.15996431126407e-23, 13.755409654675551]], "becs": [[[0.9251478251256875, 0.0, -2.0129919306217755e-23], [1.6653345369377348e-16, 0.9251478251256875, 4.3753465713629135e-23], [0.0, 0.0, 1.1891807586558922]], [[0.9251478251256875, 4.440892098500626e-16, -5.92056450182875e-24], [1.4988010832439613e-15, 0.9251478251256875, -2.461132446391639e-23], [0.0, 0.0, 1.1891807586558913]], [[1.1530943110524088, -2.220446049250313e-16, -4.539099451402042e-23], [-7.216449660063518e-16, 1.153094311052409, -4.375346571362912e-23], [0.0, 0.0, 0.3994158090006885]], [[1.1530943110524088, 2.220446049250313e-16, -2.644518810816842e-23], [6.106226635438361e-16, 1.1530943110524086, -9.844529785566553e-23], [0.0, 0.0, 0.3994158090006876]], [[0.9251478251256875, 4.440892098500626e-16, -1.1841129003657491e-24], [1.4988010832439613e-15, 0.9251478251256875, -2.1876732856814553e-23], [0.0, 0.0, 1.1891807586558913]], [[0.9251478251256875, 0.0, 3.9470430012191883e-25], [1.6653345369377348e-16, 0.9251478251256875, 3.554969089232368e-23], [0.0, 0.0, 1.1891807586558913]], [[-3.0033899613037818, -8.881784197001252e-16, 6.196857511914094e-23], [-2.4980018054066022e-15, -3.0033899613037827, 7.656856499885098e-23], [0.0, 0.0, -2.7777773263124694]], [[-3.0033899613037853, 0.0, 3.6707499911338254e-23], [-7.216449660063518e-16, -3.0033899613037844, 3.281509928522184e-23], [0.0, 0.0, -2.777777326312473]]]}, "metadata": {"formula": "Na3Sb", "nsites": 8, "structure": "# generated using pymatgen\ndata_Na3Sb\n_symmetry_space_group_name_H-M   'P 1'\n_cell_length_a   5.31385180\n_cell_length_b   5.31385180\n_cell_length_c   9.45271985\n_cell_angle_alpha   90.00000000\n_cell_angle_beta   90.00000000\n_cell_angle_gamma   120.00000000\n_symmetry_Int_Tables_number   1\n_chemical_formula_structural   Na3Sb\n_chemical_formula_sum   'Na6 Sb2'\n_cell_volume   231.156598512\n_cell_formula_units_Z   2\nloop_\n _symmetry_equiv_pos_site_id\n _symmetry_equiv_pos_as_xyz\n  1  'x, y, z'\nloop_\n _atom_site_type_symbol\n _atom_site_label\n _atom_site_symmetry_multiplicity\n _atom_site_fract_x\n _atom_site_fract_y\n _atom_site_fract_z\n _atom_site_occupancy\n  Na  Na1  1  0.333333  0.666667  0.082600  1\n  Na  Na2  1  0.666667  0.333333  0.582600  1\n  Na  Na3  1  0.000000  0.000000  0.750000  1\n  Na  Na4  1  0.000000  0.000000  0.250000  1\n  Na  Na5  1  0.333333  0.666667  0.417400  1\n  Na  Na6  1  0.666667  0.333333  0.917400  1\n  Sb  Sb7  1  0.666667  0.333333  0.250000  1\n  Sb  Sb8  1  0.333333  0.666667  0.750000  1\n"}}