{"phonon": {"ph_bandstructure": [[0.0, 0.0, 0.0, 176.99704762653383, 177.02191092810463, 179.45003580348634, 201.99783649201558, 228.38179257668574, 244.66081105426528, 272.43443554540534, 272.43924664118435, 398.90541215327124, 512.8851630747648, 551.1907185259996, 801.360892672059]]}, "dielectric": {"eps_electronic": [[5.404787394453288, 0.0, -0.19538572961526682], [0.0, 5.681867159178574, 0.0], [-0.19538572961526685, 0.0, 5.544088843302716]], "eps_total": [[38.537924725862695, -7.105427357601002e-15, -10.415187180105288], [3.5411676407032087e-15, 53.3078755238364, -4.4433372181753874e-15], [-10.415187180105288, -3.552713678800501e-15, 45.963496013869]], "becs": [[[1.1565730974450563, 0.0, -0.010190148267485814], [0.0, 1.1710239168035534, 0.0], [-0.010190148267601852, 0.0, 1.163838225865311]], [[7.729212010353817, 0.0, -0.47459851420007004], [0.0, 8.402248085638362, 0.0], [-0.47459851420547505, 0.0, 8.067579918574285]], [[-3.677333666307564, 2.2858462174663656, 0.08182265182329493], [2.3913340991664755, -4.034979133199736, -0.10224234970299562], [0.15634547784231628, -0.17662824630730303, -1.5178456186352847]], [[-1.5311177750975902, 0.0, 0.32114335882370315], [0.0, -1.5033137359601723, 0.0], [0.17209770679118158, 0.0, -6.195726907084824]], [[-3.677333666307564, -2.2858462174663656, 0.08182265182329493], [-2.3913340991664755, -4.034979133199736, 0.10224234970299562], [0.15634547784231628, 0.17662824630730303, -1.5178456186352847]]]}, "metadata": {"formula": "KNbO3", "nsites": 5, "structure": "# generated using pymatgen\ndata_KNbO3\n_symmetry_space_group_name_H-M   'P 1'\n_cell_length_a   4.00221588\n_cell_length_b   4.00221588\n_cell_length_c   4.00221588\n_cell_angle_alpha   89.89462706\n_cell_angle_beta   89.89462706\n_cell_angle_gamma   89.89462706\n_symmetry_Int_Tables_number   1\n_chemical_formula_structural   KNbO3\n_chemical_formula_sum   'K1 Nb1 O3'\n_cell_volume   64.1060963237\n_cell_formula_units_Z   1\nloop_\n _symmetry_equiv_pos_site_id\n _symmetry_equiv_pos_as_xyz\n  1  'x, y, z'\nloop_\n _atom_site_type_symbol\n _atom_site_label\n _atom_site_symmetry_multiplicity\n _atom_site_fract_x\n _atom_site_fract_y\n _atom_site_fract_z\n _atom_site_occupancy\n  K  K1  1  0.014356  0.014356  0.014356  1\n  Nb  Nb2  1  0.503911  0.503911  0.503911  1\n  O  O3  1  0.030384  0.528924  0.528924  1\n  O  O4  1  0.528924  0.528924  0.030384  1\n  O  O5  1  0.528924  0.030384  0.528924  1\n"}}