{"phonon": {"ph_bandstructure": [[0.0, 0.0, 0.0, 133.1720659585541, 133.1720659598031, 204.96519107659861, 206.30923141837295, 209.60722387655255, 230.4394858762254, 242.39525374387125, 263.2571531304843, 263.2571531314202, 263.694266445002, 270.2095640154518, 278.1323299460635, 365.90680969768505, 372.4292552639412, 406.2422095573204, 555.3294413143717, 555.3294413164431, 587.6626415162533, 588.0668871630639, 594.1313257746918, 655.5893642559623]]}, "dielectric": {"eps_electronic": [[3.120868065440321, 0.0, 0.05948176272088934], [0.0, 2.9354117221701044, 0.0], [0.05948176272089, 0.0, 2.954489420088562]], "eps_total": [[5.762085089998332, -7.0956573949843005e-12, 0.23137467042116022], [-7.097457228751618e-12, 5.040689180736347, -4.027380431380096e-12], [0.2313746704211602, -4.027445044130218e-12, 5.114898415096757]], "becs": [[[2.7471722082218406, -0.20470572325342562, 0.10130894627069015], [0.20470572325599906, 2.4313041865110145, -0.638245626052883], [0.10130894627141347, 0.6382456260494171, 2.4637971958981666]], [[2.778506877984471, 0.022548327108938154, -0.01648737704147779], [-0.02254832710922154, 2.8299123595435907, 0.0703027298082574], [-0.016487377041594475, -0.070302729807876, 2.824624332012963]], [[-0.6737827679194638, -0.3650574089002837, -0.32111353397250314], [-0.3799202281183429, -0.9214968671545811, -0.4185989921584492], [-0.41282465165383886, -0.6226208725953295, -1.0839398916212972]], [[-0.7549234529622667, 0.5229812018052065, -0.33958271909249543], [0.5149633149955126, -1.1853557885158386, 0.5107177445755053], [-0.2520218153993692, 0.3045004760575868, -0.7389402852172356]], [[-1.334133322221425, -0.06684509483267898, 0.6182854684503925], [-0.2261217849505584, -0.5237556173568831, 0.19185269570525673], [0.6224356824382986, 0.034148948416972205, -0.8213305871170321]], [[-0.7549234529622667, 0.5229812018052065, -0.33958271909249543], [0.5149633149955126, -1.1853557885158386, 0.5107177445755053], [-0.2520218153993692, 0.3045004760575868, -0.7389402852172356]], [[-0.6737827679194638, -0.3650574089002837, -0.32111353397250314], [-0.3799202281183429, -0.9214968671545811, -0.4185989921584492], [-0.41282465165383886, -0.6226208725953295, -1.0839398916212972]], [[-1.334133322221425, -0.06684509483267898, 0.6182854684503925], [-0.2261217849505584, -0.5237556173568831, 0.19185269570525673], [0.6224356824382986, 0.034148948416972205, -0.8213305871170321]]]}, "metadata": {"formula": "MgPdF6", "nsites": 8, "structure": "# generated using pymatgen\ndata_MgPdF6\n_symmetry_space_group_name_H-M   'P 1'\n_cell_length_a   5.35038113\n_cell_length_b   5.35038113\n_cell_length_c   5.35038113\n_cell_angle_alpha   55.75606000\n_cell_angle_beta   55.75606000\n_cell_angle_gamma   55.75606000\n_symmetry_Int_Tables_number   1\n_chemical_formula_structural   MgPdF6\n_chemical_formula_sum   'Mg1 Pd1 F6'\n_cell_volume   97.6427881543\n_cell_formula_units_Z   1\nloop_\n _symmetry_equiv_pos_site_id\n _symmetry_equiv_pos_as_xyz\n  1  'x, y, z'\nloop_\n _atom_site_type_symbol\n _atom_site_label\n _atom_site_symmetry_multiplicity\n _atom_site_fract_x\n _atom_site_fract_y\n _atom_site_fract_z\n _atom_site_occupancy\n  Mg  Mg1  1  0.500000  0.500000  0.500000  1\n  Pd  Pd2  1  0.000000  0.000000  0.000000  1\n  F  F3  1  0.240851  0.893625  0.619114  1\n  F  F4  1  0.619114  0.240851  0.893625  1\n  F  F5  1  0.106375  0.380886  0.759149  1\n  F  F6  1  0.380886  0.759149  0.106375  1\n  F  F7  1  0.759149  0.106375  0.380886  1\n  F  F8  1  0.893625  0.619114  0.240851  1\n"}}