{"phonon": {"ph_bandstructure": [[0.0, 0.0, 0.0, 103.97021770247996, 103.97021770465813, 129.53317106541246, 143.47733920067355, 160.72606003460723, 196.48859404954948, 282.183805790271, 336.81155932513695, 336.8115593339103, 379.4867317945654, 387.24325357367275, 434.23199451768744]]}, "dielectric": {"eps_electronic": [[5.705123793922576, 1.7763568394002505e-15, 1.3580302609835827e-23], [2.4424906541753444e-15, 5.705123794024058, 2.3521774102649546e-23], [0.0, -4.7043548205299075e-23, 5.799273285426351]], "eps_total": [[16.574833386558197, 3.552713678800501e-15, 1.3580302609835827e-23], [0.0, 16.574833387105112, 2.3521774102649546e-23], [0.0, -4.7043548205299075e-23, 16.10474508942734]], "becs": [[[3.9501306162342056, 0.0, -6.407374089773014e-25], [-1.776356733521132e-16, 3.9501306162342065, 2.3305584349341394e-23], [0.0, 0.0, 4.348913429690063]], [[3.9501306162342056, 0.0, -1.3455485397568683e-23], [-1.776356733521132e-16, 3.9501306162342065, 4.550137895201211e-23], [0.0, 0.0, 4.348913429690066]], [[-2.1635838174906517, 0.0, -6.407374089773e-25], [-1.0658140930522384e-15, -2.163583817490652, -4.328179945867074e-23], [0.0, 0.0, -2.491733881401343]], [[-2.868338707479936, 0.0, 2.0984149821770657e-23], [7.10542746348012e-16, -2.8683387074799365, -5.826396066663906e-24], [0.0, 0.0, -3.1030464889896283]], [[-2.868338707479936, 0.0, -6.2471896539860275e-24], [7.10542746348012e-16, -2.8683387074799365, -1.9698767693333098e-23], [0.0, 0.0, -3.1030464889896283]]]}, "metadata": {"formula": "La2SeO2", "nsites": 5, "structure": "# generated using pymatgen\ndata_La2SeO2\n_symmetry_space_group_name_H-M   'P 1'\n_cell_length_a   4.04380523\n_cell_length_b   4.04380523\n_cell_length_c   7.09005076\n_cell_angle_alpha   90.00000000\n_cell_angle_beta   90.00000000\n_cell_angle_gamma   120.00000000\n_symmetry_Int_Tables_number   1\n_chemical_formula_structural   La2SeO2\n_chemical_formula_sum   'La2 Se1 O2'\n_cell_volume   100.406178003\n_cell_formula_units_Z   1\nloop_\n _symmetry_equiv_pos_site_id\n _symmetry_equiv_pos_as_xyz\n  1  'x, y, z'\nloop_\n _atom_site_type_symbol\n _atom_site_label\n _atom_site_symmetry_multiplicity\n _atom_site_fract_x\n _atom_site_fract_y\n _atom_site_fract_z\n _atom_site_occupancy\n  La  La1  1  0.333333  0.666667  0.712159  1\n  La  La2  1  0.666667  0.333333  0.287841  1\n  Se  Se3  1  0.000000  0.000000  0.000000  1\n  O  O4  1  0.333333  0.666667  0.375691  1\n  O  O5  1  0.666667  0.333333  0.624309  1\n"}}