{"phonon": {"ph_bandstructure": [[-0.014360429476035295, -0.008151919984306625, -0.007885442648662292, 40.1565673192359, 46.78415084470153, 50.34102548287027, 67.63348772161312, 68.9115852388159, 72.62569276822099, 87.41973747450594, 87.44519628975026, 87.99721069637377, 91.21595361030971, 95.46847244655223, 103.79715589050534, 108.36383138372689, 110.55307213641777, 121.24942763847432, 124.74007459510887, 131.06028583157513, 147.2064457296401, 148.60303891135425, 149.6618787621937, 157.43723045204092, 182.8936370103457, 191.21671388651464, 204.47946933092712, 807.5733204475914, 807.5848385481681, 808.1146679168627, 1228.7784310371076, 1265.6077714448393, 1280.1761183023682, 1320.6626471607, 1321.4288073461823, 1323.3364410204606]]}, "dielectric": {"eps_electronic": [[2.3409680525841945, 0.0, 9.522062098305046e-27], [0.0, 2.340968052566728, -1.6492695346982844e-26], [9.522062098305049e-27, -1.6492695346982838e-26, 2.641393859591201]], "eps_total": [[6.960005745977664, -1.341149413747189e-13, 9.522062098305046e-27], [-1.341149413747189e-13, 6.960005746760189, -1.6492695346982844e-26], [9.522062098305049e-27, -1.6492695346982838e-26, 7.473690444651973]], "becs": [[[1.2444480886208655, 0.012968445146225315, 0.05509820895302439], [0.01296844514605507, 1.2294734180286744, 0.03181096577068772], [-0.07017756392663665, -0.04051703542437974, 1.267132762900272]], [[1.2444480886208655, -0.012968445146225516, -0.05509820895302438], [-0.012968445146054924, 1.2294734180286744, 0.031810965770687705], [0.07017756392663668, -0.04051703542437973, 1.267132762900272]], [[1.2219860827325797, 9.251858814269842e-18, 4.625929407134921e-18], [7.401487051415874e-17, 1.251935423916961, -0.06362193154137538], [1.3981571297768928e-18, 0.08103407084875947, 1.267132762900272]], [[0.40072508663671114, 0.16205390056425417, 1.0089086493838915], [0.1620539005621438, 0.21360136040992928, 0.5824936803057378], [1.0657884513974882, 0.6153332493175419, 1.9631232574060982]], [[0.40072508663671114, -0.16205390056425417, -1.0089086493838915], [-0.1620539005621437, 0.21360136040992928, 0.5824936803057378], [-1.0657884513974882, 0.6153332493175419, 1.9631232574060986]], [[0.12003949729653755, -1.0177044364824581e-16, 3.2381505022763835e-17], [-8.141635491859665e-16, 0.4942869497501029, -1.1649873606114756], [9.251858814269842e-18, -1.2306664986350837, 1.9631232574060986]], [[-1.0014836896034756, 0.21793116750966723, -0.5135724108760411], [-0.21846652734542665, -0.5426402872472534, -0.2700804196978256], [-0.9087109689980144, 0.37244666928565184, -1.6151280101549679]], [[-0.6571193202261112, 0.019647665987640568, 0.022889700913417094], [-0.4167500288648721, -0.8870046566246174, 0.579806964347487], [0.7769037616531822, 0.6007434492121533, -1.615128010154966]], [[-0.657582955446506, 0.4170177087896011, 0.49068270996262386], [-0.019379986068086476, -0.8865410214042221, -0.30972654464966154], [0.13180720734483165, -0.9731901184978051, -1.6151280101549679]], [[-1.0014836896034751, -0.217931167509667, 0.513572410876041], [0.2184665273454272, -0.542640287247253, -0.27008041969782565], [0.9087109689980144, 0.3724466692856519, -1.6151280101549679]], [[-0.6571193202261112, -0.019647665987640554, -0.022889700913417105], [0.41675002886487145, -0.8870046566246178, 0.5798069643474871], [-0.7769037616531822, 0.6007434492121533, -1.6151280101549679]], [[-0.657582955446506, -0.4170177087896011, -0.4906827099626239], [0.019379986068087073, -0.8865410214042221, -0.30972654464966154], [-0.13180720734483187, -0.9731901184978052, -1.6151280101549679]]]}, "metadata": {"formula": "RbNO2", "nsites": 12, "structure": "# generated using pymatgen\ndata_RbNO2\n_symmetry_space_group_name_H-M   'P 1'\n_cell_length_a   5.63207865\n_cell_length_b   5.63207865\n_cell_length_c   7.52653613\n_cell_angle_alpha   90.00000000\n_cell_angle_beta   90.00000000\n_cell_angle_gamma   120.00000000\n_symmetry_Int_Tables_number   1\n_chemical_formula_structural   RbNO2\n_chemical_formula_sum   'Rb3 N3 O6'\n_cell_volume   206.75841993\n_cell_formula_units_Z   3\nloop_\n _symmetry_equiv_pos_site_id\n _symmetry_equiv_pos_as_xyz\n  1  'x, y, z'\nloop_\n _atom_site_type_symbol\n _atom_site_label\n _atom_site_symmetry_multiplicity\n _atom_site_fract_x\n _atom_site_fract_y\n _atom_site_fract_z\n _atom_site_occupancy\n  Rb  Rb1  1  0.305284  -0.000000  0.333333  1\n  Rb  Rb2  1  -0.000000  0.305284  0.666667  1\n  Rb  Rb3  1  0.694716  0.694716  0.000000  1\n  N  N4  1  0.301795  -0.000000  0.833333  1\n  N  N5  1  -0.000000  0.301795  0.166667  1\n  N  N6  1  0.698205  0.698205  0.500000  1\n  O  O7  1  0.476501  0.108579  0.955681  1\n  O  O8  1  0.632078  0.523499  0.622347  1\n  O  O9  1  0.891421  0.367922  0.289014  1\n  O  O10  1  0.108579  0.476501  0.044319  1\n  O  O11  1  0.523499  0.632078  0.377653  1\n  O  O12  1  0.367922  0.891421  0.710986  1\n"}}