{"phonon": {"ph_bandstructure": [[-0.0037393710198108413, -0.0032982787680457134, 0.0, 99.55238210995779, 99.55238211165948, 162.92003048206752, 179.02428722738622, 182.97383004898754, 201.28803510933443, 222.6550045666244, 223.55306217454591, 235.78622379356077, 236.32125847168285, 236.3212584722556, 264.84857595216914, 295.8402447734114, 311.5684516392604, 335.0747813219091, 555.7889429045717, 555.7889429122743, 576.1176256508605, 580.4199183519974, 586.6666216301758, 642.5972393117341]]}, "dielectric": {"eps_electronic": [[2.739317671518101, -3.3306690738754696e-16, 0.03558773600698828], [-8.881784197001252e-16, 2.6267130722276177, 0.0], [0.03558773600698784, 0.0, 2.6379602766819317]], "eps_total": [[5.795197434303974, -1.4007017767880825e-10, 0.2052132277243192], [-1.4007192658089981e-10, 5.1458739348273905, -2.731925327708563e-11], [0.20521322772431905, -2.7319257966951227e-11, 5.210729848444759]], "becs": [[[3.0066050461739238, 0.15792952644408673, 0.10297958012956654], [-0.1579295264506032, 2.6807631786120236, 0.4997112221248261], [0.1029795801323362, -0.49971122211764596, 2.7133090082909934]], [[2.827072667944299, -0.04574120405779967, 0.01804389792436245], [0.04574120405968751, 2.769979238447174, -0.1447315995674615], [0.018043897924848444, 0.14473159956538173, 2.7756818605383913]], [[-0.8026017182368899, -0.6034037907535371, -0.3576808029403278], [-0.6172047849905771, -1.274399033692051, -0.5247930464368007], [-0.2815726920029088, -0.3902860924419249, -0.7185677480721939]], [[-1.4352086135835829, 0.14167268872241426, 0.6982884658170567], [0.2675149142350035, -0.5069402130053418, -0.18056328765358504], [0.7067339989834316, -0.09018939809145723, -0.8534196734122086]], [[-0.6790285252386388, 0.4056369408379793, -0.40111940190369344], [0.4057840319510314, -0.944031961832206, 0.5278665228117034], [-0.4856730460091151, 0.6579653018095143, -1.17250801293029]], [[-1.4352086135835829, 0.14167268872241426, 0.6982884658170567], [0.2675149142350035, -0.5069402130053418, -0.18056328765358504], [0.7067339989834316, -0.09018939809145723, -0.8534196734122086]], [[-0.8026017182368899, -0.6034037907535371, -0.3576808029403278], [-0.6172047849905771, -1.274399033692051, -0.5247930464368007], [-0.2815726920029088, -0.3902860924419249, -0.7185677480721939]], [[-0.6790285252386388, 0.4056369408379793, -0.40111940190369344], [0.4057840319510314, -0.944031961832206, 0.5278665228117034], [-0.4856730460091151, 0.6579653018095143, -1.17250801293029]]]}, "metadata": {"formula": "CaPdF6", "nsites": 8, "structure": "# generated using pymatgen\ndata_CaPdF6\n_symmetry_space_group_name_H-M   'P 1'\n_cell_length_a   5.70969267\n_cell_length_b   5.70969267\n_cell_length_c   5.70969267\n_cell_angle_alpha   55.12492387\n_cell_angle_beta   55.12492387\n_cell_angle_gamma   55.12492387\n_symmetry_Int_Tables_number   1\n_chemical_formula_structural   CaPdF6\n_chemical_formula_sum   'Ca1 Pd1 F6'\n_cell_volume   116.698593712\n_cell_formula_units_Z   1\nloop_\n _symmetry_equiv_pos_site_id\n _symmetry_equiv_pos_as_xyz\n  1  'x, y, z'\nloop_\n _atom_site_type_symbol\n _atom_site_label\n _atom_site_symmetry_multiplicity\n _atom_site_fract_x\n _atom_site_fract_y\n _atom_site_fract_z\n _atom_site_occupancy\n  Ca  Ca1  1  0.500000  0.500000  0.500000  1\n  Pd  Pd2  1  0.000000  0.000000  0.000000  1\n  F  F3  1  0.779476  0.366965  0.084655  1\n  F  F4  1  0.366965  0.084655  0.779476  1\n  F  F5  1  0.915345  0.220524  0.633035  1\n  F  F6  1  0.633035  0.915345  0.220524  1\n  F  F7  1  0.220524  0.633035  0.915345  1\n  F  F8  1  0.084655  0.779476  0.366965  1\n"}}