{"phonon": {"ph_bandstructure": [[-0.004391585007796614, -0.003478035828818085, -0.0029185803974965557, 54.729104683608185, 74.55831294020129, 86.33651925547275, 88.71635734093097, 89.7725483128574, 93.19830737216705, 96.0446484058206, 102.96390635194554, 110.91231507297542, 117.0880735811594, 119.10417456698002, 125.32110511493441, 132.9037673922576, 140.88502695655856, 141.60314959537894, 142.29330546432945, 146.5292108763198, 147.1316588352283, 160.31862497283728, 161.23869364569154, 162.09308561270993, 171.61997630164313, 173.8345511678913, 175.72022051359798, 183.74631136436304, 188.68415552166098, 188.8102261052882, 193.7215279144672, 200.2587350843244, 203.6789955410794, 208.94649738283923, 233.91026050316475, 247.38223312967563]]}, "dielectric": {"eps_electronic": [[8.449788878175916, 0.0, 0.0], [0.0, 8.764090057710376, -0.03768982348528696], [6.661338147750939e-16, -0.03768982348528739, 5.926464229247116]], "eps_total": [[25.986180118532616, 1.2908712353962676e-16, 3.794416656306352e-16], [0.0, 28.94651088570705, 0.3354175660126247], [1.3322676295501878e-15, 0.3354175660126242, 11.758797622202183]], "becs": [[[1.2819880568900088, 3.700743525707937e-16, -1.4802974102831747e-16], [1.8503717628539684e-16, 1.266146023177201, -0.0019205050503360319], [6.938894110702382e-18, 0.011144791027333298, 0.31402786503903296]], [[1.3522375166415341, 3.700743525707937e-16, -1.4802974102831747e-16], [1.853404899336091e-16, 0.764554692481989, -0.04593222832917576], [8.697822975839885e-18, 0.019727678213867127, 1.8333311920562652]], [[0.920356645304225, 3.700743525707937e-16, -1.4802974102831747e-16], [1.8503717628539684e-16, 1.2042059074910219, 0.0022659266564070118], [6.938894110702382e-18, -0.01928419740076358, 1.842206751575474]], [[0.920356645304225, 3.700743525707937e-16, -1.4802974102831747e-16], [1.848855194612907e-16, 1.2042059074910219, 0.0022659266564070118], [6.05942967813363e-18, -0.01928419740076358, 1.842206751575474]], [[6.483014473109554, 2.146431191971044e-15, -5.921189508783801e-16], [6.285197588390349e-16, 6.779931624624466, -0.06406725292893911], [3.4210363804273745e-18, -0.045178642758776484, 2.6949656840999774]], [[6.483014473109554, 3.700743525707937e-16, -1.4802974102831747e-16], [1.8443054898897232e-16, 6.779931624624467, -0.06406725292893944], [3.4210363804273745e-18, -0.045178642758776484, 2.6949656840999774]], [[-2.360513821417811, -0.9345355408482008, 0.48118283167764964], [-0.9864387563333502, -3.5559459891442997, -0.23667700948805337], [0.4112508399427858, -0.2139870781170542, -1.8453448680443774]], [[-3.9994562626012335, -5.847174585330083e-15, 2.0724163082219956e-15], [-2.484351101186375e-15, -1.8875959115493663, 0.5590817119310846], [-7.326179923683218e-18, 0.4770007617564086, -1.9201622282223478]], [[-2.360513821417811, -0.9345355408482008, 0.48118283167764964], [-0.9864387563333502, -3.5559459891442997, -0.23667700948805337], [0.4112508399427858, -0.21398707811705417, -1.8453448680443774]], [[-2.360513821417811, 0.9345355408482017, -0.48118283167764997], [0.9864387563333507, -3.5559459891442997, -0.23667700948805337], [-0.4112508399427858, -0.21398707811705417, -1.8453448680443774]], [[-2.360513821417811, 0.9345355408482017, -0.48118283167764997], [0.9864387563333507, -3.5559459891442997, -0.23667700948805337], [-0.41125083994278583, -0.21398707811705425, -1.8453448680443774]], [[-3.999456262601237, 3.700743525707937e-16, -1.4802974102831747e-16], [1.8503717628539684e-16, -1.8875959115493681, 0.5590817119310841], [6.938894110702382e-18, 0.47700076175640854, -1.9201622282223514]]]}, "metadata": {"formula": "Na2ZrSe3", "nsites": 12, "structure": "# generated using pymatgen\ndata_Na2ZrSe3\n_symmetry_space_group_name_H-M   'P 1'\n_cell_length_a   6.90093998\n_cell_length_b   6.90093998\n_cell_length_c   7.22014447\n_cell_angle_alpha   80.74687564\n_cell_angle_beta   80.74687564\n_cell_angle_gamma   120.09900004\n_symmetry_Int_Tables_number   1\n_chemical_formula_structural   Na2ZrSe3\n_chemical_formula_sum   'Na4 Zr2 Se6'\n_cell_volume   281.629278608\n_cell_formula_units_Z   2\nloop_\n _symmetry_equiv_pos_site_id\n _symmetry_equiv_pos_as_xyz\n  1  'x, y, z'\nloop_\n _atom_site_type_symbol\n _atom_site_label\n _atom_site_symmetry_multiplicity\n _atom_site_fract_x\n _atom_site_fract_y\n _atom_site_fract_z\n _atom_site_occupancy\n  Na  Na1  1  0.000000  0.000000  0.000000  1\n  Na  Na2  1  0.500000  0.500000  0.500000  1\n  Na  Na3  1  0.157115  0.842885  0.500000  1\n  Na  Na4  1  0.842885  0.157115  0.500000  1\n  Zr  Zr5  1  0.668815  0.331185  0.000000  1\n  Zr  Zr6  1  0.331185  0.668815  0.000000  1\n  Se  Se7  1  0.924010  0.563745  0.225262  1\n  Se  Se8  1  0.715173  0.715173  0.777383  1\n  Se  Se9  1  0.075990  0.436255  0.774738  1\n  Se  Se10  1  0.436255  0.075990  0.774738  1\n  Se  Se11  1  0.563745  0.924010  0.225262  1\n  Se  Se12  1  0.284827  0.284827  0.222617  1\n"}}