{"phonon": {"ph_bandstructure": [[-0.006426002479038176, -0.004510358179941269, 0.0, 129.05852917244624, 145.89252149561247, 147.7093749389011, 153.81097534933545, 165.73227776317395, 188.9042985020633, 220.92547269869866, 227.28362721893888, 247.3944312231471, 254.69853940387904, 269.91047426814026, 271.90881890865023, 288.2650213582369, 292.99982223994215, 305.169749360366]]}, "dielectric": {"eps_electronic": [[18.002636674086094, 0.0, 0.0], [0.0, 22.235937742231947, 0.0], [0.0, 0.0, 27.426395801589983]], "eps_total": [[37.23069800081546, 0.0, 0.0], [0.0, 33.84487043753677, 0.0], [0.0, 0.0, 37.86901478278415]], "becs": [[[3.4862332298731706, 0.0, 0.0], [-1.0408821957797196e-22, 3.2143264597535115, -0.16466109228024944], [0.0, 0.13023297533091407, 2.9186284920910546]], [[3.4862332298731706, 0.0, 0.0], [2.6600322985288848e-22, 3.2143264597535133, -0.16466109228024947], [0.0, 0.13023297533091416, 2.9186284920910546]], [[3.486233229873166, 0.0, 0.0], [-1.657701278164487e-22, 3.2143264597535115, 0.16466109228024947], [0.0, -0.1302329753309141, 2.918628492091053]], [[3.486233229873166, 0.0, 0.0], [-3.4696072809685636e-23, 3.2143264597535115, 0.16466109228024947], [0.0, -0.13023297533091416, 2.918628492091053]], [[-6.972466459751623, 0.0, 0.0], [1.9275596898981522e-23, -6.428652919661384, -0.2920851302588623], [0.0, -1.1579108906523943, -5.837256984194408]], [[-6.972466459751623, 0.0, 0.0], [1.9275596898981522e-23, -6.428652919661384, 0.2920851302588623], [0.0, 1.1579108906523943, -5.837256984194404]]]}, "metadata": {"formula": "As2Ru", "nsites": 6, "structure": "# generated using pymatgen\ndata_As2Ru\n_symmetry_space_group_name_H-M   'P 1'\n_cell_length_a   2.96628878\n_cell_length_b   5.42888680\n_cell_length_c   6.16679446\n_cell_angle_alpha   90.00000000\n_cell_angle_beta   90.00000000\n_cell_angle_gamma   90.00000000\n_symmetry_Int_Tables_number   1\n_chemical_formula_structural   As2Ru\n_chemical_formula_sum   'As4 Ru2'\n_cell_volume   99.3078749997\n_cell_formula_units_Z   2\nloop_\n _symmetry_equiv_pos_site_id\n _symmetry_equiv_pos_as_xyz\n  1  'x, y, z'\nloop_\n _atom_site_type_symbol\n _atom_site_label\n _atom_site_symmetry_multiplicity\n _atom_site_fract_x\n _atom_site_fract_y\n _atom_site_fract_z\n _atom_site_occupancy\n  As  As1  1  0.500000  0.329375  0.864999  1\n  As  As2  1  0.500000  0.670625  0.135001  1\n  As  As3  1  0.000000  0.170625  0.364999  1\n  As  As4  1  0.000000  0.829375  0.635001  1\n  Ru  Ru5  1  0.500000  0.500000  0.500000  1\n  Ru  Ru6  1  0.000000  0.000000  0.000000  1\n"}}