{"phonon": {"ph_bandstructure": [[0.0, 0.0, 0.0, 65.38445554797092, 66.58302479082276, 72.97775266944286, 168.94873051914794, 169.6000776350047, 188.7561840480516, 212.09370783715937, 240.462927001893, 248.6045567405512, 269.90453654585053, 298.1687432096975, 358.145271575909, 388.9793874454945, 412.3793690638212, 426.3869352832655, 443.07917446155903, 452.3622036724725, 482.3444374698724]]}, "dielectric": {"eps_electronic": [[6.1298225854976645, 1.438606981583274e-16, -3.38189774919346e-16], [-1.333839003868922e-16, 6.129822585497666, 3.0411902509149256e-16], [6.748646188972945e-16, 2.3077540904723186e-16, 5.714555563431053]], "eps_total": [[10.421009281336913, -7.734843019671015e-11, 1.4507896467166784e-15], [-7.734778147428944e-11, 10.421009281696298, -1.3358263789890192e-15], [9.02718317190625e-17, -7.979065879810628e-16, 9.410982260513848]], "becs": [[[2.3101825096792563, 0.27708552417423304, -1.9825410799514676e-17], [-0.27708552417423327, 2.3101825096792554, -5.848496644942069e-17], [-8.723181049571478e-17, 1.9540421684045352e-16, 3.011466892814584]], [[2.804933659909385, 0.3876770558535401, -5.947622991700219e-18], [-0.3876770558535402, 2.804933659909384, -8.970998901700322e-17], [-1.9825411295823043e-16, 2.379049420018853e-16, 2.1722713449348454]], [[2.49265703975579, -0.19250369653783328, -3.8005835250722865e-17], [0.19250369653783406, 2.492657039755791, 3.188515616220831e-16], [-3.172065926445695e-17, -1.593963048629623e-15, 2.0603197472930743]], [[-1.8298806864832349, 0.3110463127988372, -0.25280258316669224], [0.5471757545461032, -1.9740059181046201, -0.5381025983742604], [-0.4422425675359514, -0.4993191845681804, -1.811014496233565]], [[-1.8298806864832344, 0.3110463127988383, 0.25280258316669246], [0.5471757545461039, -1.9740059181046197, 0.5381025983742603], [0.4422425675359522, 0.4993191845681821, -1.8110144962335664]], [[-1.9740059181046195, -0.5471757545461029, -0.53810259837426], [-0.31104631279883777, -1.829880686483235, 0.25280258316669196], [-0.4993191845681824, 0.442242567535952, -1.8110144962335655]], [[-1.9740059181046208, -0.5471757545461045, 0.5381025983742599], [-0.311046312798838, -1.829880686483235, -0.2528025831666921], [0.49931918456818186, -0.44224256753595254, -1.8110144962335664]]]}, "metadata": {"formula": "Al2HgS4", "nsites": 7, "structure": "# generated using pymatgen\ndata_Al2HgS4\n_symmetry_space_group_name_H-M   'P 1'\n_cell_length_a   6.42066311\n_cell_length_b   6.42066311\n_cell_length_c   6.42066311\n_cell_angle_alpha   129.25228469\n_cell_angle_beta   129.25228469\n_cell_angle_gamma   74.60497437\n_symmetry_Int_Tables_number   1\n_chemical_formula_structural   Al2HgS4\n_chemical_formula_sum   'Al2 Hg1 S4'\n_cell_volume   154.653268677\n_cell_formula_units_Z   1\nloop_\n _symmetry_equiv_pos_site_id\n _symmetry_equiv_pos_as_xyz\n  1  'x, y, z'\nloop_\n _atom_site_type_symbol\n _atom_site_label\n _atom_site_symmetry_multiplicity\n _atom_site_fract_x\n _atom_site_fract_y\n _atom_site_fract_z\n _atom_site_occupancy\n  Al  Al1  1  0.250000  0.750000  0.500000  1\n  Al  Al2  1  0.500000  0.500000  0.000000  1\n  Hg  Hg3  1  0.000000  0.000000  0.000000  1\n  S  S4  1  0.866161  0.409270  0.000724  1\n  S  S5  1  0.408546  0.865437  0.999276  1\n  S  S6  1  0.134563  0.133839  0.543109  1\n  S  S7  1  0.590730  0.591454  0.456891  1\n"}}