{"phonon": {"ph_bandstructure": [[0.0, 0.0, 0.0, 58.20745602984472, 58.78780770169506, 59.75990869293549, 75.93553806435472, 79.31013122994084, 85.57817282471902, 88.78961999191317, 93.54106254921764, 96.74718298474438, 101.19420946696741, 104.6442640187127, 111.71499335495993, 112.19537642145224, 117.11119835852188, 129.8284014042305, 131.8365918254573, 144.77483989989966, 223.48744233033636, 224.21817902520922, 242.8889898118239, 243.8943646416535]]}, "dielectric": {"eps_electronic": [[9.39167060680681, 0.0, 0.0], [0.0, 9.39167060680681, 0.0], [0.0, 0.0, 9.621555805529754]], "eps_total": [[16.67715926801228, 3.7532317884040114e-15, 0.0], [3.7532317884040114e-15, 16.677159268779093, 0.0], [0.0, 0.0, 16.275645669449887]], "becs": [[[3.1726671253852095, -0.5918687891218768, 0.0], [0.5918687891218768, 3.17266712538521, 0.0], [8.673617003043132e-19, -1.7347234382927167e-18, 2.9732448168291845]], [[3.1726671253852095, 0.5918687891218768, 0.0], [-0.5918687891218768, 3.172667125385211, 0.0], [8.673617568304487e-19, -1.7347235136608975e-18, 2.9732448168291836]], [[-1.3330772289649384, 0.32875611374367186, -0.09959622804955581], [0.32875611374367186, -1.3330772289649395, -0.0995962280495558], [0.05161410087729424, 0.05161410087729425, -2.3526161925696645]], [[-1.3330772289649384, -0.32875611374367186, 0.09959622804955581], [-0.32875611374367186, -1.3330772289649395, -0.0995962280495558], [-0.05161410087729424, 0.05161410087729424, -2.3526161925696645]], [[-0.5065126674553323, 1.4465663417180616, 0.0], [1.4465663417180616, -0.5065126674553315, 0.0], [8.673617379884035e-19, -1.7347234736215514e-18, 1.7319875683101458]], [[-0.5065126674553323, -1.4465663417180616, 0.0], [-1.4465663417180616, -0.5065126674553315, 0.0], [8.673617379884035e-19, -1.734723475976807e-18, 1.731987568310144]], [[-1.3330772289649384, 0.32875611374367186, 0.09959622804955581], [0.32875611374367186, -1.3330772289649395, 0.0995962280495558], [-0.05161410087729425, -0.05161410087729424, -2.3526161925696645]], [[-1.3330772289649384, -0.32875611374367186, -0.09959622804955581], [-0.32875611374367186, -1.3330772289649395, 0.0995962280495558], [0.05161410087729424, -0.05161410087729424, -2.3526161925696645]]]}, "metadata": {"formula": "BaSe3", "nsites": 8, "structure": "# generated using pymatgen\ndata_BaSe3\n_symmetry_space_group_name_H-M   'P 1'\n_cell_length_a   7.23712371\n_cell_length_b   7.23712371\n_cell_length_c   4.14317760\n_cell_angle_alpha   90.00000000\n_cell_angle_beta   90.00000000\n_cell_angle_gamma   90.00000000\n_symmetry_Int_Tables_number   1\n_chemical_formula_structural   BaSe3\n_chemical_formula_sum   'Ba2 Se6'\n_cell_volume   217.002903014\n_cell_formula_units_Z   2\nloop_\n _symmetry_equiv_pos_site_id\n _symmetry_equiv_pos_as_xyz\n  1  'x, y, z'\nloop_\n _atom_site_type_symbol\n _atom_site_label\n _atom_site_symmetry_multiplicity\n _atom_site_fract_x\n _atom_site_fract_y\n _atom_site_fract_z\n _atom_site_occupancy\n  Ba  Ba1  1  0.500000  0.500000  0.000000  1\n  Ba  Ba2  1  0.000000  0.000000  0.000000  1\n  Se  Se3  1  0.807244  0.307244  0.493965  1\n  Se  Se4  1  0.307244  0.192756  0.506035  1\n  Se  Se5  1  0.000000  0.500000  0.164949  1\n  Se  Se6  1  0.500000  0.000000  0.835051  1\n  Se  Se7  1  0.192756  0.692756  0.493965  1\n  Se  Se8  1  0.692756  0.807244  0.506035  1\n"}}