{"phonon": {"ph_bandstructure": [[0.0, 0.0, 0.0, 131.33758127091687, 133.24511010533834, 189.07933483147144, 260.10168594944645, 295.63372401950073, 317.16346464940125, 326.6219170064387, 394.76428835442726, 486.80763686626443]]}, "dielectric": {"eps_electronic": [[5.25552745944582, 0.0, 7.953420787616031e-32], [0.0, 5.25552745944582, 7.953420787616031e-32], [7.953420787616031e-32, 7.953420787616031e-32, 5.331510528973993]], "eps_total": [[17.866724154673854, -6.99679707618153e-16, 7.953420787616031e-32], [-6.99679707618153e-16, 17.866724154796398, 7.953420787616031e-32], [7.953420787616031e-32, 7.953420787616031e-32, 17.530051823738518]], "becs": [[[2.365853910066736, 0.0, 0.0], [0.0, 2.365853910066736, 0.0], [-1.8705989183468094e-30, -1.8705989183468094e-30, 2.379048823167862]], [[2.447932639489469, 0.0, 0.0], [0.0, 2.447932639489469, 0.0], [6.087747959116836e-31, 6.087747959116836e-31, 2.479304442067102]], [[-2.5664033142164255, 0.0, 0.0], [0.0, -2.5664033142164255, 0.0], [1.007245571417513e-30, 1.007245571417513e-30, -2.2171574829225333]], [[-2.2473832353397807, 0.0, 0.0], [0.0, -2.2473832353397807, 0.0], [2.5457855101761316e-31, 2.5457855101761316e-31, -2.6411957823124315]]]}, "metadata": {"formula": "CaCdO2", "nsites": 4, "structure": "# generated using pymatgen\ndata_CaCdO2\n_symmetry_space_group_name_H-M   'P 1'\n_cell_length_a   3.34139431\n_cell_length_b   3.34139431\n_cell_length_c   4.71325700\n_cell_angle_alpha   90.00000000\n_cell_angle_beta   90.00000000\n_cell_angle_gamma   90.00000000\n_symmetry_Int_Tables_number   1\n_chemical_formula_structural   CaCdO2\n_chemical_formula_sum   'Ca1 Cd1 O2'\n_cell_volume   52.6231182913\n_cell_formula_units_Z   1\nloop_\n _symmetry_equiv_pos_site_id\n _symmetry_equiv_pos_as_xyz\n  1  'x, y, z'\nloop_\n _atom_site_type_symbol\n _atom_site_label\n _atom_site_symmetry_multiplicity\n _atom_site_fract_x\n _atom_site_fract_y\n _atom_site_fract_z\n _atom_site_occupancy\n  Ca  Ca1  1  0.500000  0.500000  0.500000  1\n  Cd  Cd2  1  0.000000  0.000000  0.000000  1\n  O  O3  1  0.500000  0.500000  0.000000  1\n  O  O4  1  0.000000  0.000000  0.500000  1\n"}}