{"phonon": {"ph_bandstructure": [[0.0, 0.0, 0.0, 80.18945858503105, 80.18945859099342, 111.77724106665315, 111.77724107167084, 125.62591417231874, 126.55922572686818, 133.64619599098822, 170.00856764913874, 174.5363719896409, 209.81549916422617, 239.4558473182347, 296.37651241850733, 305.69300314012526, 305.69300314596495, 366.1557115651452]]}, "dielectric": {"eps_electronic": [[6.373339038914515, 0.0, 0.0], [0.0, 6.373339038852508, -1.1393665928330447e-23], [0.0, -1.1393665928330445e-23, 6.895633840695358]], "eps_total": [[17.81534463131625, 0.0, 0.0], [0.0, 17.815344631595327, -1.1393665928330447e-23], [0.0, -1.1393665928330445e-23, 21.113644921733524]], "becs": [[[4.5095946290864415, 1.850371795941193e-16, -6.614301912632682e-24], [5.181040935991112e-16, 4.5095946290864415, 1.1456307267184218e-23], [0.0, 0.0, 3.998160428125002]], [[4.5095946290864415, 1.850371795941193e-16, 6.373781878271043e-24], [5.181040935991112e-16, 4.5095946290864415, 8.95674937622008e-24], [0.0, 0.0, 3.998160428125001]], [[-2.2956299803110225, 2.9605948205663494e-16, 6.409859872673204e-23], [5.181040935991112e-16, -2.295629980311023, -4.1034408443062656e-23], [0.0, 0.0, -2.831794595309663]], [[-2.295629980311019, -5.921189376434903e-16, -6.289599833988216e-23], [5.181040935991112e-16, -2.2956299803110194, -1.041482187636459e-24], [0.0, 0.0, -2.8317945953096593]], [[-2.213964648727547, -1.4802972779342767e-16, 2.40520071993935e-24], [-1.2582527458011393e-15, -2.2139646487275466, 1.333097568540732e-23], [0.0, 0.0, -1.1663658329116884]], [[-2.213964648727549, 7.401487713160364e-17, -3.36728096490675e-24], [-8.141635359510767e-16, -2.2139646487275484, 8.331859903479048e-24], [0.0, 0.0, -1.1663658329116884]]]}, "metadata": {"formula": "LaSeF", "nsites": 6, "structure": "# generated using pymatgen\ndata_LaSeF\n_symmetry_space_group_name_H-M   'P 1'\n_cell_length_a   4.17413823\n_cell_length_b   4.17413823\n_cell_length_c   8.12350501\n_cell_angle_alpha   90.00000000\n_cell_angle_beta   90.00000000\n_cell_angle_gamma   120.00000000\n_symmetry_Int_Tables_number   1\n_chemical_formula_structural   LaSeF\n_chemical_formula_sum   'La2 Se2 F2'\n_cell_volume   122.576647603\n_cell_formula_units_Z   2\nloop_\n _symmetry_equiv_pos_site_id\n _symmetry_equiv_pos_as_xyz\n  1  'x, y, z'\nloop_\n _atom_site_type_symbol\n _atom_site_label\n _atom_site_symmetry_multiplicity\n _atom_site_fract_x\n _atom_site_fract_y\n _atom_site_fract_z\n _atom_site_occupancy\n  La  La1  1  0.333333  0.666667  0.250000  1\n  La  La2  1  0.666667  0.333333  0.750000  1\n  Se  Se3  1  -0.000000  -0.000000  0.500000  1\n  Se  Se4  1  -0.000000  -0.000000  -0.000000  1\n  F  F5  1  0.666667  0.333333  0.250000  1\n  F  F6  1  0.333333  0.666667  0.750000  1\n"}}