{"phonon": {"ph_bandstructure": [[0.0, 0.0, 0.0, 60.48243193645287, 69.37960802190175, 82.80199007849468, 89.44372067797603, 91.65298988288534, 104.84990947248446, 105.31767334327795, 109.27232445635735, 110.08985802432858, 150.47215464749368, 253.89687189069252, 272.50823068740146, 294.8443937462826, 486.87496038258564, 538.585444146915, 542.4391591104509, 555.9144353805566, 566.2797453907742, 580.947791386593, 588.9544968248049, 602.0600410879142]]}, "dielectric": {"eps_electronic": [[2.403069796919759, 0.0, 0.0], [0.0, 3.0137115735768254, 9.418435983939486e-25], [0.0, 9.418435983939488e-25, 4.943369363200139]], "eps_total": [[4.495853129027434, 0.0, 0.0], [0.0, 5.049872914657578, 9.418435983939486e-25], [0.0, 9.418435983939488e-25, 9.068586621486887]], "becs": [[[1.2185523175575412, 0.0, -1.3043273468833607e-19], [0.0, 1.5154886711309998, -2.168404344971009e-19], [-8.673617379884035e-19, 0.0, 1.0740928592306318]], [[1.2185523175575412, 0.0, -1.3053873355743038e-19], [0.0, 1.5154886711309998, -2.1656994188124999e-19], [-8.673617379884035e-19, 0.0, 1.0740928592306318]], [[-0.12906223254333304, 0.0, -1.3032673581924176e-19], [0.0, 1.114045197923646, -2.1656994188124999e-19], [-8.673617379884035e-19, 0.0, 4.785958739536232]], [[-0.12906223254333304, 0.0, -1.3053873355743038e-19], [0.0, 1.114045197923646, -2.1656994188124999e-19], [-8.673617379884035e-19, 0.0, 4.785958739536229]], [[-0.5447450425071041, 0.0, -1.3043273468833607e-19], [0.0, -1.314766934527323, -0.029653625212604156], [-8.673617379884035e-19, 0.06588128143806993, -2.930025799383431]], [[-0.5447450425071041, 0.0, -1.3043273468833607e-19], [0.0, -1.314766934527323, -0.029653625212604156], [-7.149699019075742e-18, 0.06588128143806993, -2.930025799383431]], [[-0.5447450425071041, 0.0, 9.131351416874469e-19], [0.0, -1.314766934527323, 0.02965362521260416], [1.2353869447006163e-17, -0.06588128143806993, -2.930025799383431]], [[-0.5447450425071041, 0.0, -1.3043273468833607e-19], [0.0, -1.314766934527323, 0.029653625212604156], [-8.673617379884035e-19, -0.06588128143806993, -2.930025799383431]]]}, "metadata": {"formula": "RbAuO2", "nsites": 8, "structure": "# generated using pymatgen\ndata_RbAuO2\n_symmetry_space_group_name_H-M   'P 1'\n_cell_length_a   6.48735967\n_cell_length_b   6.48735967\n_cell_length_c   6.02063083\n_cell_angle_alpha   90.00000000\n_cell_angle_beta   90.00000000\n_cell_angle_gamma   137.20221370\n_symmetry_Int_Tables_number   1\n_chemical_formula_structural   RbAuO2\n_chemical_formula_sum   'Rb2 Au2 O4'\n_cell_volume   172.151881968\n_cell_formula_units_Z   2\nloop_\n _symmetry_equiv_pos_site_id\n _symmetry_equiv_pos_as_xyz\n  1  'x, y, z'\nloop_\n _atom_site_type_symbol\n _atom_site_label\n _atom_site_symmetry_multiplicity\n _atom_site_fract_x\n _atom_site_fract_y\n _atom_site_fract_z\n _atom_site_occupancy\n  Rb  Rb1  1  0.801596  0.198404  0.250000  1\n  Rb  Rb2  1  0.198404  0.801596  0.750000  1\n  Au  Au3  1  0.497527  0.502473  0.750000  1\n  Au  Au4  1  0.502473  0.497527  0.250000  1\n  O  O5  1  0.390950  0.609050  0.004719  1\n  O  O6  1  0.609050  0.390950  0.995281  1\n  O  O7  1  0.390950  0.609050  0.495281  1\n  O  O8  1  0.609050  0.390950  0.504719  1\n"}}