{"phonon": {"ph_bandstructure": [[0.0, 0.0, 0.0, 34.95160491597094, 50.26643734862758, 56.45168705336906, 57.6318804413443, 69.59100934369859, 80.59552151183395, 85.47097996403605, 87.75517781468928, 99.53684661157344, 104.3966710478362, 120.47219387648698, 126.52575548705532, 137.41674559525975, 138.31789313095422, 144.8255777043295, 151.8872286343331, 166.03277754304884, 170.29194012790032, 174.6527577376085, 175.47709614392065, 177.4571932271789, 189.65860009621915, 197.2280010473142, 205.42969483863848, 236.62781635502444, 290.8212241254932, 303.5088477997748, 332.8535922838945, 334.19286308896415, 374.7404084681807, 395.67355182431083, 412.8913806387265, 472.0339301953946]]}, "dielectric": {"eps_electronic": [[3.6315799674580442, 0.0, 0.0], [0.0, 3.6315799674580442, 0.0], [0.0, 0.0, 3.6529688942386564]], "eps_total": [[16.304381909785334, -1.0787686255354575e-14, 0.0], [-1.0787686255354575e-14, 16.304381910439353, 0.0], [0.0, 0.0, 19.001531069495517]], "becs": [[[3.092310198990394, -0.3980717379352433, -0.03708436262829355], [-0.3980717379352432, 3.0923101989903943, 0.03708436262829354], [-0.1555488862006616, 0.15554888620066154, 3.128536981836518]], [[3.092310198990394, 0.3980717379352432, -0.03708436262829355], [0.3980717379352432, 3.0923101989903943, -0.037084362628293566], [-0.15554888620066157, -0.1555488862006616, 3.128536981836518]], [[3.092310198990394, 0.3980717379352432, 0.03708436262829355], [0.3980717379352432, 3.0923101989903943, 0.03708436262829354], [0.1555488862006616, 0.15554888620066154, 3.128536981836518]], [[3.092310198990394, -0.3980717379352433, 0.03708436262829355], [-0.3980717379352432, 3.0923101989903943, -0.037084362628293566], [0.15554888620066157, -0.1555488862006616, 3.128536981836518]], [[-1.4569338296353664, -0.9342909248897053, -0.5731084847268118], [-0.7278350755451013, -1.6353763693559606, -0.44202817806520245], [-0.663611473805191, -0.6648835149550021, -1.5642684909188271]], [[-1.4569338296353664, -0.9342909248897054, 0.5731084847268118], [-0.7278350755451013, -1.6353763693559606, 0.44202817806520256], [0.663611473805191, 0.6648835149550021, -1.5642684909188271]], [[-1.6353763693559613, -0.7278350755451013, 0.44202817806520256], [-0.9342909248897054, -1.4569338296353684, 0.573108484726812], [0.6648835149550021, 0.663611473805191, -1.5642684909188271]], [[-1.6353763693559613, 0.7278350755451013, -0.44202817806520256], [0.9342909248897054, -1.4569338296353658, 0.573108484726812], [-0.6648835149550021, 0.6636114738051909, -1.5642684909188271]], [[-1.6353763693559613, -0.7278350755451013, -0.44202817806520256], [-0.9342909248897054, -1.4569338296353684, -0.573108484726812], [-0.6648835149550021, -0.6636114738051909, -1.5642684909188271]], [[-1.4569338296353664, 0.9342909248897053, 0.5731084847268118], [0.7278350755451013, -1.6353763693559606, -0.44202817806520256], [0.663611473805191, -0.6648835149550021, -1.5642684909188271]], [[-1.4569338296353664, 0.9342909248897053, -0.5731084847268118], [0.7278350755451013, -1.6353763693559606, 0.44202817806520245], [-0.663611473805191, 0.6648835149550021, -1.5642684909188271]], [[-1.6353763693559613, 0.7278350755451015, 0.44202817806520256], [0.9342909248897054, -1.4569338296353684, -0.5731084847268118], [0.6648835149550021, -0.6636114738051909, -1.5642684909188271]]]}, "metadata": {"formula": "SnF2", "nsites": 12, "structure": "# generated using pymatgen\ndata_SnF2\n_symmetry_space_group_name_H-M   'P 1'\n_cell_length_a   5.07470894\n_cell_length_b   5.07470894\n_cell_length_c   8.18747568\n_cell_angle_alpha   90.00000000\n_cell_angle_beta   90.00000000\n_cell_angle_gamma   90.00000000\n_symmetry_Int_Tables_number   1\n_chemical_formula_structural   SnF2\n_chemical_formula_sum   'Sn4 F8'\n_cell_volume   210.849366009\n_cell_formula_units_Z   4\nloop_\n _symmetry_equiv_pos_site_id\n _symmetry_equiv_pos_as_xyz\n  1  'x, y, z'\nloop_\n _atom_site_type_symbol\n _atom_site_label\n _atom_site_symmetry_multiplicity\n _atom_site_fract_x\n _atom_site_fract_y\n _atom_site_fract_z\n _atom_site_occupancy\n  Sn  Sn1  1  0.516332  0.516332  0.500000  1\n  Sn  Sn2  1  0.983668  0.016332  0.750000  1\n  Sn  Sn3  1  0.016332  0.983668  0.250000  1\n  Sn  Sn4  1  0.483668  0.483668  0.000000  1\n  F  F5  1  0.250174  0.359571  0.323884  1\n  F  F6  1  0.749826  0.640429  0.823884  1\n  F  F7  1  0.359571  0.250174  0.676116  1\n  F  F8  1  0.859571  0.249826  0.073884  1\n  F  F9  1  0.640429  0.749826  0.176116  1\n  F  F10  1  0.750174  0.140429  0.426116  1\n  F  F11  1  0.249826  0.859571  0.926116  1\n  F  F12  1  0.140429  0.750174  0.573884  1\n"}}