{"phonon": {"ph_bandstructure": [[0.0, 0.0, 0.0, 66.8709148435187, 67.7411284027088, 75.55978082704729, 77.30970202027044, 79.24630247089912, 90.45532783745372, 94.62993547529307, 95.02128708687228, 95.0363519406407, 95.06062951620257, 111.26272350350833, 113.54445300419172, 118.90967346290812, 126.03132621375771, 126.66549276929753, 127.1391040812421, 138.97074395063981, 145.7176793410011, 183.45527492332397, 190.5591549978251, 239.2550545521936]]}, "dielectric": {"eps_electronic": [[7.281199587175914, 0.0, 2.296224014882233e-22], [0.0, 5.414527185762152, 0.0], [2.2962240148822323e-22, 0.0, 8.660833153176739]], "eps_total": [[13.330124183000406, 0.0, 2.296224014882233e-22], [0.0, 8.8342651226068, 0.0], [2.2962240148822323e-22, 0.0, 13.591123963759719]], "becs": [[[1.125544705441153, 0.24220544742256278, -1.387783218227609e-17], [0.07890335774948154, 1.1503214066688987, -3.945302921541355e-22], [-2.7755575615628914e-17, -2.008097192536899e-17, 0.9798655553908915]], [[1.125544705441153, 0.24220544742256278, -1.387783218227609e-17], [0.07890335774948154, 1.1503214066688987, -3.945302921541355e-22], [-2.7755575615628914e-17, -2.008097192536899e-17, 0.9798655553908915]], [[1.125544705441153, -0.24220544742256278, -1.387783218227609e-17], [-0.07890335774948154, 1.1503214066688987, 5.636147030773365e-23], [-2.7755575615628914e-17, -2.008097192536899e-17, 0.9798655553908915]], [[1.125544705441153, -0.24220544742256278, -1.387783218227609e-17], [-0.07890335774948154, 1.1503214066688987, 5.636147030773365e-23], [-2.7755575615628914e-17, -2.008097192536899e-17, 0.9798655553908915]], [[0.5225290581390152, 0.0, 0.678356435597169], [0.0, -0.7381916199480132, -1.6908441092320095e-22], [1.4544583088822622, -2.008097192536899e-17, 0.5216030339672375]], [[0.5225290581390187, 0.0, -0.6783564355971688], [0.0, -0.7381916199480114, -1.6908441092320095e-22], [-1.4544583088822622, 1.4056680347758293e-16, 0.5216030339672428]], [[-2.773618469021323, 0.0, -1.3877654684429552e-17], [0.0, -1.562451193389785, 7.326991140005375e-22], [-2.7755575615628914e-17, -2.008097192536899e-17, -2.481334144749023]], [[-2.773618469021323, 0.0, -1.3878719671508797e-17], [0.0, -1.562451193389785, 2.8180735153866827e-22], [-2.7755575615628914e-17, -2.008097192536899e-17, -2.481334144749023]]]}, "metadata": {"formula": "K2AgAs", "nsites": 8, "structure": "# generated using pymatgen\ndata_K2AgAs\n_symmetry_space_group_name_H-M   'P 1'\n_cell_length_a   6.32655894\n_cell_length_b   6.32655894\n_cell_length_c   5.94477499\n_cell_angle_alpha   90.00000000\n_cell_angle_beta   90.00000000\n_cell_angle_gamma   103.57193239\n_symmetry_Int_Tables_number   1\n_chemical_formula_structural   K2AgAs\n_chemical_formula_sum   'K4 Ag2 As2'\n_cell_volume   231.297421815\n_cell_formula_units_Z   2\nloop_\n _symmetry_equiv_pos_site_id\n _symmetry_equiv_pos_as_xyz\n  1  'x, y, z'\nloop_\n _atom_site_type_symbol\n _atom_site_label\n _atom_site_symmetry_multiplicity\n _atom_site_fract_x\n _atom_site_fract_y\n _atom_site_fract_z\n _atom_site_occupancy\n  K  K1  1  0.184460  0.528419  0.250000  1\n  K  K2  1  0.815540  0.471581  0.750000  1\n  K  K3  1  0.528419  0.184460  0.250000  1\n  K  K4  1  0.471581  0.815540  0.750000  1\n  Ag  Ag5  1  0.000000  0.000000  0.500000  1\n  Ag  Ag6  1  0.000000  0.000000  0.000000  1\n  As  As7  1  0.260049  0.260049  0.750000  1\n  As  As8  1  0.739951  0.739951  0.250000  1\n"}}