{"phonon": {"ph_bandstructure": [[0.0, 0.0, 0.0, 72.09588367399655, 102.26516718613217, 114.58342863612175, 162.4148324290935, 162.414832431209, 247.74249551837724, 353.4001823464443, 376.93358155839485, 438.48023630631207, 486.55182965908955, 516.3858413836743, 516.3858413845724]]}, "dielectric": {"eps_electronic": [[8.374217545874641, -5.374791194923404e-16, -2.4524676790298476e-15], [-1.4007447990165136e-15, 8.37421754587464, 2.7969161667402843e-16], [2.3176843028575144e-15, 2.3176843028575144e-15, 5.885736041733896]], "eps_total": [[28.074162667667313, 2.5404428063474742e-14, 1.0588712052380052e-15], [2.5811852151513592e-14, 28.074162669533834, 3.44857101595898e-15], [-4.222874008802412e-15, -2.446517169402162e-15, 14.224207466986893]], "becs": [[[4.407738406633802, -8.88178499109464e-17, 1.43937112694061e-19], [-3.55271373174006e-16, 4.407738406633802, 1.43937112694061e-19], [2.4868996386878217e-15, 1.4210855191658037e-15, 3.7602824289061054]], [[4.407738406633802, -8.88178499109464e-17, 1.43937112694061e-19], [-3.55271373174006e-16, 4.407738406633802, 1.43937112694061e-19], [2.4868996386878217e-15, 1.4210855191658037e-15, 3.7602824289061054]], [[-2.94746150584021, 3.552713599391162e-16, 4.492582631767254e-19], [5.329070465261192e-16, -2.94746150584021, 4.492582631767254e-19], [-8.171241397713681e-15, -3.907984999034948e-15, -1.7310036145103616]], [[-2.9340076525379195, -8.88178499109464e-17, -3.68566247044705e-19], [8.88178366760566e-17, -2.9340076525379195, -3.68566247044705e-19], [1.5987212189876965e-15, 5.329070994656784e-16, -2.8947806216380076]], [[-2.9340076525379195, -8.88178499109464e-17, -3.68566247044705e-19], [8.88178366760566e-17, -2.9340076525379195, -3.68566247044705e-19], [1.5987212189876965e-15, 5.329070994656784e-16, -2.8947806216380076]]]}, "metadata": {"formula": "Y2TeO2", "nsites": 5, "structure": "# generated using pymatgen\ndata_Y2TeO2\n_symmetry_space_group_name_H-M   'P 1'\n_cell_length_a   6.73854610\n_cell_length_b   6.73854610\n_cell_length_c   6.73854610\n_cell_angle_alpha   146.46665344\n_cell_angle_beta   146.46665344\n_cell_angle_gamma   48.15414327\n_symmetry_Int_Tables_number   1\n_chemical_formula_structural   Y2TeO2\n_chemical_formula_sum   'Y2 Te1 O2'\n_cell_volume   92.9917231124\n_cell_formula_units_Z   1\nloop_\n _symmetry_equiv_pos_site_id\n _symmetry_equiv_pos_as_xyz\n  1  'x, y, z'\nloop_\n _atom_site_type_symbol\n _atom_site_label\n _atom_site_symmetry_multiplicity\n _atom_site_fract_x\n _atom_site_fract_y\n _atom_site_fract_z\n _atom_site_occupancy\n  Y  Y1  1  0.337540  0.337540  0.000000  1\n  Y  Y2  1  0.662460  0.662460  0.000000  1\n  Te  Te3  1  0.000000  0.000000  0.000000  1\n  O  O4  1  0.250000  0.750000  0.500000  1\n  O  O5  1  0.750000  0.250000  0.500000  1\n"}}