{"phonon": {"ph_bandstructure": [[0.0, 0.0, 0.0, 59.578400917692456, 59.57840091769315, 77.43333951365857, 91.59432036077908, 92.18920760920183, 110.50569530638596, 116.80486072206169, 117.7916955910021, 129.469414036088, 139.9421291085466, 140.19956581258, 142.46250820521152, 144.2470054645227, 144.2470054645228, 148.61007478886037, 152.40836344594857, 158.12121429123425, 162.1742193707625, 171.6266518060571, 193.49461331060738, 193.60618973650602, 200.9027127911203, 237.46391935750822, 237.46391935750876, 276.1791309534853, 527.4411656071063, 527.5764655375135, 540.154209357674, 561.3859547043771, 573.2247171165469, 606.5601416045469, 610.1604114572465, 637.2902653560251]]}, "dielectric": {"eps_electronic": [[4.297069465483244, 1.4611440310090115e-15, 1.8969246589482153e-15], [1.716196160531274e-15, 4.297069465483244, -9.193440107023368e-16], [3.822693712560163e-16, 3.822693712560163e-16, 3.317505302826285]], "eps_total": [[7.394408769821708, -1.3475312118253198e-15, 7.091888861313916e-16], [-1.6461321024670092e-15, 7.394408770089589, 2.5085025911755384e-16], [3.738297969262319e-16, 3.738297969262319e-16, 5.7459068335955354]], "becs": [[[1.3874410277919975, 1.8503717628539684e-16, -1.476260699671832e-16], [7.401487051415874e-17, 1.0050601344822514, -2.9565582423039043e-16], [7.401487713160364e-17, 6.617444900424222e-24, 1.299179747759868]], [[1.3874410277919975, 1.8503717628539684e-16, -1.476260699671832e-16], [7.401487051415874e-17, 1.0050601344822514, -2.9565582423039043e-16], [7.401487713160364e-17, 6.617444900424222e-24, 1.299179747759868]], [[1.0050601344822514, 6.291263861354595e-16, -1.4762606996718318e-16], [9.62193290214284e-16, 1.387441027791998, 5.925225954697348e-16], [-3.70074332718459e-16, -4.440892032326177e-16, 1.2991797477598672]], [[1.0050601344822514, 6.291263861354595e-16, -1.4762606996718318e-16], [9.62193290214284e-16, 1.387441027791998, 5.925225954697348e-16], [-3.70074332718459e-16, -4.440892032326177e-16, 1.2991797477598672]], [[0.5356935181165059, 0.9176949111087247, 2.940411929975921e-16], [0.9176949111087245, 0.5356935181165057, -2.980777711156778e-16], [7.401486919066976e-16, 6.661338213925388e-16, -0.4971806737733855]], [[0.5356935181165059, -0.9176949111087251, 2.964631398828794e-16], [-0.9176949111087254, 0.5356935181165057, -2.9565582423039043e-16], [-1.036208147493553e-15, -1.1102230180077116e-15, -0.49718067377338726]], [[0.5356935181165059, 0.9176949111087247, 2.940411929975921e-16], [0.9176949111087245, 0.5356935181165057, -2.980777711156778e-16], [7.401486919066976e-16, 6.661338213925388e-16, -0.4971806737733855]], [[0.5356935181165059, -0.9176949111087251, 2.964631398828794e-16], [-0.9176949111087254, 0.5356935181165057, -2.9565582423039043e-16], [-1.036208147493553e-15, -1.1102230180077116e-15, -0.49718067377338726]], [[-1.8289267341321733, -2.590520335646658e-16, 3.300234534682508e-16], [-1.4802973441087257e-16, -1.63496146439272, -2.620955106450191e-16], [7.401487713160364e-17, 6.661338213925388e-16, -0.8019990739892149]], [[-1.6349614643927204, -3.700742863963447e-17, -6.252755934026171e-16], [-1.4802973441087257e-16, -1.8289267341321733, 5.589622818843634e-16], [5.181040869816663e-16, 2.220446115424762e-16, -0.8019990739892149]], [[-1.6349614643927204, -3.700742863963447e-17, -6.252755934026171e-16], [-1.4802973441087257e-16, -1.8289267341321733, 5.589622818843634e-16], [5.181040869816663e-16, 2.220446115424762e-16, -0.8019990739892149]], [[-1.8289267341321733, -2.590520335646658e-16, 3.300234534682508e-16], [-1.4802973441087257e-16, -1.63496146439272, -2.620955106450191e-16], [7.401487713160364e-17, 6.661338213925388e-16, -0.8019990739892149]]]}, "metadata": {"formula": "KCuO", "nsites": 12, "structure": "# generated using pymatgen\ndata_KCuO\n_symmetry_space_group_name_H-M   'P 1'\n_cell_length_a   7.04927618\n_cell_length_b   7.04927618\n_cell_length_c   7.04927618\n_cell_angle_alpha   98.64740044\n_cell_angle_beta   98.64740044\n_cell_angle_gamma   134.37034338\n_symmetry_Int_Tables_number   1\n_chemical_formula_structural   KCuO\n_chemical_formula_sum   'K4 Cu4 O4'\n_cell_volume   230.812017166\n_cell_formula_units_Z   4\nloop_\n _symmetry_equiv_pos_site_id\n _symmetry_equiv_pos_as_xyz\n  1  'x, y, z'\nloop_\n _atom_site_type_symbol\n _atom_site_label\n _atom_site_symmetry_multiplicity\n _atom_site_fract_x\n _atom_site_fract_y\n _atom_site_fract_z\n _atom_site_occupancy\n  K  K1  1  0.190406  0.500000  0.690406  1\n  K  K2  1  0.809594  0.500000  0.309594  1\n  K  K3  1  0.500000  0.809594  0.309594  1\n  K  K4  1  0.500000  0.190406  0.690406  1\n  Cu  Cu5  1  0.139130  0.860870  0.000000  1\n  Cu  Cu6  1  0.139130  0.139130  0.278260  1\n  Cu  Cu7  1  0.860870  0.139130  0.000000  1\n  Cu  Cu8  1  0.860870  0.860870  0.721740  1\n  O  O9  1  0.000000  0.279345  0.279345  1\n  O  O10  1  0.720655  1.000000  0.720655  1\n  O  O11  1  0.279345  1.000000  0.279345  1\n  O  O12  1  0.000000  0.720655  0.720655  1\n"}}