{"phonon": {"ph_bandstructure": [[0.0, 0.0, 0.0, 109.069276527242, 109.06927653334606, 147.0068941071754, 156.33516415476487, 165.36197105710846, 182.10441845294704, 241.82591186449574, 265.81510657124204, 275.71568781691496, 283.74898155509504, 283.7489815650429, 310.87527618251676]]}, "dielectric": {"eps_electronic": [[10.835182830290186, 0.0, 2.578172697325806e-23], [0.0, 10.835182830056368, 4.465526102402111e-23], [-5.156345394651613e-23, 0.0, 11.731451925630488]], "eps_total": [[22.741277466648175, -1.0658141036401503e-14, 2.578172697325806e-23], [-1.3322676295501878e-14, 22.74127746644251, 4.465526102402111e-23], [-5.156345394651613e-23, 0.0, 25.83389828397238]], "becs": [[[1.7862805420962378, -7.105427397305671e-16, -4.26506421162047e-31], [-1.5099033161371909e-15, 1.786280542096238, -1.3881107545363189e-22], [0.0, 0.0, 1.8380063664869508]], [[1.7862805420962378, -4.884981348055358e-16, -4.26506421162047e-31], [-1.5099033161371909e-15, 1.786280542096238, -3.9660307166933275e-23], [0.0, 0.0, 1.8380063664869508]], [[2.8400582780931876, -4.44089249554732e-17, -2.8622361807188475e-23], [7.105427331131222e-16, 2.8400582780931867, 9.915076976416021e-24], [0.0, 0.0, 2.630594379362052]], [[-3.206309680461078, 1.0658140996696833e-15, 2.8622360954175636e-23], [1.5987211528132475e-15, -3.2063096804610787, 1.0906584526311463e-22], [0.0, 0.0, -3.1533035565064176]], [[-3.206309680461078, 1.776356799695581e-16, -4.26506421162047e-31], [7.105427331131222e-16, -3.206309680461077, 5.949046111976532e-23], [0.0, 0.0, -3.1533035565064105]]]}, "metadata": {"formula": "Mg3As2", "nsites": 5, "structure": "# generated using pymatgen\ndata_Mg3As2\n_symmetry_space_group_name_H-M   'P 1'\n_cell_length_a   4.26007915\n_cell_length_b   4.26007915\n_cell_length_c   6.68823290\n_cell_angle_alpha   90.00000000\n_cell_angle_beta   90.00000000\n_cell_angle_gamma   120.00000000\n_symmetry_Int_Tables_number   1\n_chemical_formula_structural   Mg3As2\n_chemical_formula_sum   'Mg3 As2'\n_cell_volume   105.118064338\n_cell_formula_units_Z   1\nloop_\n _symmetry_equiv_pos_site_id\n _symmetry_equiv_pos_as_xyz\n  1  'x, y, z'\nloop_\n _atom_site_type_symbol\n _atom_site_label\n _atom_site_symmetry_multiplicity\n _atom_site_fract_x\n _atom_site_fract_y\n _atom_site_fract_z\n _atom_site_occupancy\n  Mg  Mg1  1  0.333333  0.666667  0.141684  1\n  Mg  Mg2  1  0.666667  0.333333  0.858316  1\n  Mg  Mg3  1  0.000000  0.000000  0.500000  1\n  As  As4  1  0.333333  0.666667  0.729142  1\n  As  As5  1  0.666667  0.333333  0.270858  1\n"}}