{"phonon": {"ph_bandstructure": [[0.0, 0.0, 0.0, 61.04984645019808, 61.04984645853788, 96.02842758578437, 213.85519712339072, 213.8551971251068, 244.3087529597979, 259.7323259827323, 276.318881827284, 276.3188818287409, 299.86996945577624, 299.8699694572899, 334.12501806921, 344.7934113061667, 361.3888426551223, 361.3888426569889, 364.59856099701926, 366.01735632658176, 372.49518269158244, 411.9385128411513, 421.3955974686278, 460.3924382746592]]}, "dielectric": {"eps_electronic": [[14.515935103977263, 0.0, 0.0], [0.0, 14.515935104055504, -4.461572015805368e-25], [-2.5758898043266747e-25, 0.0, 7.228098404487412]], "eps_total": [[16.534552023490228, 0.0, 0.0], [0.0, 16.534552023616936, -4.461572015805368e-25], [-2.5758898043266747e-25, 0.0, 11.849430110935891]], "becs": [[[1.0276376808590144, -1.6653345369377348e-16, 2.2276559112412788e-25], [-6.661338147750939e-16, 1.027637680859014, -2.27547446311361e-25], [1.1398351668751578e-24, 1.1314028896046229e-24, 2.1208213537331897]], [[1.0276376808590144, 5.551115123125783e-17, 8.567907350927996e-26], [0.0, 1.027637680859014, 9.596566214000873e-25], [1.0845225417928279e-24, 1.1755032710542653e-24, 2.1208213537331897]], [[-0.4193270649992751, 3.885780586188048e-16, 3.998356763766399e-26], [2.3314683517128287e-15, -0.4193270649992745, 2.473341807732183e-25], [-1.8602162602093126e-24, -1.39448447549387e-24, -0.0697413127570935]], [[-0.41932706499927686, -5.551115123125783e-17, 3.998356763766399e-26], [-3.3306690738754696e-16, -0.4193270649992754, 2.473341807732183e-25], [-1.3545008308851524e-24, -2.4650592527541583e-24, -0.0697413127570935]], [[-0.3041553079298691, -5.551115123125783e-17, -1.422272620254047e-24], [-3.3306690738754696e-16, -0.30415530792986945, -1.0190168247856593e-24], [-1.2412416461927631e-24, 8.668006009067676e-25, -1.025540020488049]], [[-0.3041553079298691, -5.551115123125783e-17, 2.227655911241279e-25], [-3.3306690738754696e-16, -0.30415530792986945, -1.3356045761753795e-24], [1.0055045059609278e-24, 4.546901397739009e-25, -1.0255400204880463]], [[-0.3041553079298691, -5.551115123125783e-17, 9.538936850699833e-25], [-3.3306690738754696e-16, -0.30415530792986945, -6.925357061650117e-26], [7.263074460215477e-25, 6.523815048929882e-25, -1.025540020488049]], [[-0.3041553079298691, -5.551115123125783e-17, -1.4279845584879987e-25], [-3.3306690738754696e-16, -0.30415530792986945, 1.1970974349423768e-24], [4.997890766367673e-25, -4.212346779845169e-25, -1.025540020488049]]]}, "metadata": {"formula": "LiNbS2", "nsites": 8, "structure": "# generated using pymatgen\ndata_LiNbS2\n_symmetry_space_group_name_H-M   'P 1'\n_cell_length_a   3.33113645\n_cell_length_b   3.33113645\n_cell_length_c   12.79611542\n_cell_angle_alpha   90.00000000\n_cell_angle_beta   90.00000000\n_cell_angle_gamma   120.00000000\n_symmetry_Int_Tables_number   1\n_chemical_formula_structural   LiNbS2\n_chemical_formula_sum   'Li2 Nb2 S4'\n_cell_volume   122.96842952\n_cell_formula_units_Z   2\nloop_\n _symmetry_equiv_pos_site_id\n _symmetry_equiv_pos_as_xyz\n  1  'x, y, z'\nloop_\n _atom_site_type_symbol\n _atom_site_label\n _atom_site_symmetry_multiplicity\n _atom_site_fract_x\n _atom_site_fract_y\n _atom_site_fract_z\n _atom_site_occupancy\n  Li  Li1  1  0.000000  0.000000  0.000000  1\n  Li  Li2  1  0.000000  0.000000  0.500000  1\n  Nb  Nb3  1  0.000000  0.000000  0.250000  1\n  Nb  Nb4  1  0.000000  0.000000  0.750000  1\n  S  S5  1  0.666667  0.333333  0.127725  1\n  S  S6  1  0.666667  0.333333  0.372275  1\n  S  S7  1  0.333333  0.666667  0.627725  1\n  S  S8  1  0.333333  0.666667  0.872275  1\n"}}