{"phonon": {"ph_bandstructure": [[0.0, 0.0, 0.0, 139.62689450724943, 139.6268945125273, 144.17770893919104, 144.17770894427608, 225.0230933680613, 225.02444353681048, 230.61645524718344, 230.6278695423879, 254.57738777999668, 254.57738778247318, 276.81137075467757, 279.19548989096063, 496.06853173036353, 504.0187612657252, 601.4136826881228, 763.803311907009, 763.8033119096326, 766.2873857474314, 766.3111557452345, 773.5467211317211, 773.549096101492, 779.7943201898808, 782.2478728333799, 782.2478728360906, 783.4823068555536, 783.4823068582704, 790.1405927465288, 826.2824422853789, 871.5187727619525, 875.9097182161486, 926.4568008980136, 933.8995297928838, 954.2762323326858]]}, "dielectric": {"eps_electronic": [[7.1767223797227615, 0.0, 0.0], [0.0, 7.17672237974432, -1.235488089873799e-22], [0.0, -1.2354880898737992e-22, 7.311636482777979]], "eps_total": [[10.469921466456597, 0.0, 0.0], [-8.881784197001252e-16, 10.469921466501344, -1.235488089873799e-22], [0.0, -1.2354880898737992e-22, 10.841141574732474]], "becs": [[[2.6933232982733197, 0.0, -3.529896869404101e-23], [0.0, 2.6933232982733193, -3.3048436342144817e-25], [1.4497631364764052e-23, 3.5718424018622544e-23, 2.8717132872364353]], [[2.6933232982733197, 0.0, -3.300930592807021e-23], [0.0, 2.6933232982733193, 3.635327879445586e-24], [4.2057482080039696e-23, 9.936517293567265e-23, 2.8717132872364353]], [[2.715137580475594, 0.0, -5.361627082180737e-23], [0.0, 2.715137580475594, -9.550997819223019e-23], [-4.406705140519671e-23, -6.571858206792605e-23, 2.7880639070196396]], [[2.715137580475594, 0.0, 1.3356355614917534e-24], [0.0, 2.715137580475594, 1.9002850329419605e-22], [-3.028712604755887e-23, -1.0027676765507216e-23, 2.7880639070196396]], [[2.6788185592809945, 8.326672684688674e-17, -3.529896869404101e-23], [2.220446049250313e-16, 2.6788185592809945, -3.3048436342144817e-25], [5.239242609826807e-23, 4.566322853691162e-23, 2.5971158610638527]], [[2.6788185592809945, -8.326672684688674e-17, -3.529896869404101e-23], [-2.220446049250313e-16, 2.6788185592809945, -3.3048436342144817e-25], [3.689001007092551e-23, 1.8812256337531112e-23, 2.5971158610638536]], [[-2.7117768047389794, 2.220446049250313e-16, -1.8183738571617207e-22], [4.440892098500626e-16, -2.71177680473898, -1.2723647613516646e-22], [-2.7272753322832258e-24, 6.953075938080541e-23, -2.6946403687450102]], [[-2.7117768047389794, -2.220446049250313e-16, -1.7267873465228888e-22], [-4.440892098500626e-16, -2.71177680473898, 1.5532764608046676e-23], [-3.028712604755887e-23, 5.361907215154289e-23, -2.6946403687450102]], [[-2.697496528491284, 0.0, 2.577778653502211e-22], [0.0, -2.6974965284912846, 5.072934827235585e-22], [-5.784697676283453e-23, -1.5323286182886993e-22, -2.7540555139640954]], [[-2.697496528491284, 0.0, 2.5777786535022106e-22], [0.0, -2.6974965284912846, -5.079544514504014e-22], [2.4832575382992447e-23, -7.36744256825573e-23, -2.7540555139640954]], [[-2.6780061021906163, 0.0, 2.881158875314133e-23], [0.0, -2.6780061021906163, 1.5532764608046676e-23], [-3.028712604755886e-23, -2.5939363994769738e-23, -2.8081971726448094]], [[-2.6780061021906163, 0.0, 1.3356355614917578e-24], [0.0, -2.6780061021906163, -3.3048436342144817e-25], [2.483257538299242e-23, 5.884010463755311e-24, -2.8081971726448094]]]}, "metadata": {"formula": "SiC", "nsites": 12, "structure": "# generated using pymatgen\ndata_SiC\n_symmetry_space_group_name_H-M   'P 1'\n_cell_length_a   3.07951081\n_cell_length_b   3.07951081\n_cell_length_c   15.10947589\n_cell_angle_alpha   90.00000000\n_cell_angle_beta   90.00000000\n_cell_angle_gamma   120.00000000\n_symmetry_Int_Tables_number   1\n_chemical_formula_structural   SiC\n_chemical_formula_sum   'Si6 C6'\n_cell_volume   124.091917994\n_cell_formula_units_Z   6\nloop_\n _symmetry_equiv_pos_site_id\n _symmetry_equiv_pos_as_xyz\n  1  'x, y, z'\nloop_\n _atom_site_type_symbol\n _atom_site_label\n _atom_site_symmetry_multiplicity\n _atom_site_fract_x\n _atom_site_fract_y\n _atom_site_fract_z\n _atom_site_occupancy\n  Si  Si1  1  0.666667  0.333333  0.832993  1\n  Si  Si2  1  0.333333  0.666667  0.332993  1\n  Si  Si3  1  0.333333  0.666667  0.666503  1\n  Si  Si4  1  0.666667  0.333333  0.166503  1\n  Si  Si5  1  -0.000000  -0.000000  0.499722  1\n  Si  Si6  1  -0.000000  -0.000000  0.999722  1\n  C  C7  1  -0.000000  -0.000000  0.874371  1\n  C  C8  1  -0.000000  -0.000000  0.374371  1\n  C  C9  1  0.666667  0.333333  0.707999  1\n  C  C10  1  0.333333  0.666667  0.207999  1\n  C  C11  1  0.333333  0.666667  0.541511  1\n  C  C12  1  0.666667  0.333333  0.041511  1\n"}}