{"phonon": {"ph_bandstructure": [[-19.17484149151877, -19.174841485785542, -19.174841468569518, -7.956463729530179, -7.956463674181142, 0.0, 0.0, 0.0, 60.986421854581224, 81.45133139970997, 81.45133140519842, 141.93756087700223, 376.87972260734796, 376.8797226088933, 434.0538831594297]]}, "dielectric": {"eps_electronic": [[3.1146274958396116, 0.0, 0.0], [0.0, 3.1146274958396116, 0.0], [0.0, 0.0, 3.1146274958396116]], "eps_total": null, "becs": [[[1.238033548097155, 0.0, 0.0], [0.0, 1.238033548097155, 0.0], [0.0, 0.0, 1.238033548097155]], [[2.633410934080705, 0.0, 0.0], [0.0, 2.633410934080705, 0.0], [0.0, 0.0, 2.633410934080705]], [[-0.858479636227849, 0.0, 0.0], [0.0, -2.1544852097219467, 0.0], [0.0, 0.0, -0.858479636227849]], [[-0.858479636227849, 0.0, 0.0], [0.0, -0.858479636227849, 0.0], [0.0, 0.0, -2.1544852097219467]], [[-2.1544852097219467, 0.0, 0.0], [0.0, -0.858479636227849, 0.0], [0.0, 0.0, -0.858479636227849]]]}, "metadata": {"formula": "RbHgF3", "nsites": 5, "structure": "# generated using pymatgen\ndata_RbHgF3\n_symmetry_space_group_name_H-M   'P 1'\n_cell_length_a   4.52935753\n_cell_length_b   4.52935753\n_cell_length_c   4.52935753\n_cell_angle_alpha   90.00000000\n_cell_angle_beta   90.00000000\n_cell_angle_gamma   90.00000000\n_symmetry_Int_Tables_number   1\n_chemical_formula_structural   RbHgF3\n_chemical_formula_sum   'Rb1 Hg1 F3'\n_cell_volume   92.9201304579\n_cell_formula_units_Z   1\nloop_\n _symmetry_equiv_pos_site_id\n _symmetry_equiv_pos_as_xyz\n  1  'x, y, z'\nloop_\n _atom_site_type_symbol\n _atom_site_label\n _atom_site_symmetry_multiplicity\n _atom_site_fract_x\n _atom_site_fract_y\n _atom_site_fract_z\n _atom_site_occupancy\n  Rb  Rb1  1  0.000000  0.000000  0.000000  1\n  Hg  Hg2  1  0.500000  0.500000  0.500000  1\n  F  F3  1  0.500000  0.000000  0.500000  1\n  F  F4  1  0.500000  0.500000  0.000000  1\n  F  F5  1  0.000000  0.500000  0.500000  1\n"}}