{"phonon": {"ph_bandstructure": [[0.0, 0.0, 0.0, 92.18387293454036, 122.19090719745596, 203.23296449990264, 212.03934797725998, 213.60661629470508, 264.46981910588516, 321.522467376848, 385.33092088146606, 409.57254969488315, 451.33176019576246, 479.08756055819237, 479.0875605581927, 623.0337021514969, 718.1878354661928, 790.6130884201332]]}, "dielectric": {"eps_electronic": [[4.469002734568901, 0.0, -3.705855994874229e-24], [0.0, 4.469002734568901, -3.705855994874229e-24], [-3.705855994874229e-24, -3.705855994874229e-24, 5.038207066596537]], "eps_total": [[27.90826160369542, -5.747619990625202e-15, -3.705855994874229e-24], [-5.747619990625202e-15, 27.908261604072496, -3.705855994874229e-24], [-3.705855994874229e-24, -3.705855994874229e-24, 32.0038063674204]], "becs": [[[5.304668428984677, 0.6166178634580122, -1.6883726583484775e-23], [0.6166178634580121, 5.304668428984677, -1.6883726583484775e-23], [0.0, 0.0, 6.210257115184914]], [[5.304668428984677, -0.6166178634580122, 8.441862536981017e-24], [-0.6166178634580121, 5.304668428984677, 8.441862536981017e-24], [0.0, 0.0, 6.210257115184915]], [[-2.6523342144903674, 1.3227080286191113, -1.6883726583484775e-23], [1.3227080286191113, -2.6523342144903674, -1.6883726583484775e-23], [0.0, 0.0, -3.1051285576026437]], [[-2.6523342144903674, -1.3227080286191113, 8.441862536981017e-24], [-1.3227080286191113, -2.6523342144903674, 8.441862536981017e-24], [0.0, 0.0, -3.1051285576026437]], [[-2.6523342144903674, -1.3227080286191113, 3.376745165744681e-23], [-1.3227080286191113, -2.6523342144903674, 3.376745165744681e-23], [0.0, 0.0, -3.1051285576026437]], [[-2.6523342144903674, 1.3227080286191113, -1.6883726583484775e-23], [1.3227080286191113, -2.6523342144903674, -1.6883726583484775e-23], [0.0, 0.0, -3.1051285576026437]]]}, "metadata": {"formula": "HfO2", "nsites": 6, "structure": "# generated using pymatgen\ndata_HfO2\n_symmetry_space_group_name_H-M   'P 1'\n_cell_length_a   4.81252543\n_cell_length_b   4.81252543\n_cell_length_c   3.20216664\n_cell_angle_alpha   90.00000000\n_cell_angle_beta   90.00000000\n_cell_angle_gamma   90.00000000\n_symmetry_Int_Tables_number   1\n_chemical_formula_structural   HfO2\n_chemical_formula_sum   'Hf2 O4'\n_cell_volume   74.1634635584\n_cell_formula_units_Z   2\nloop_\n _symmetry_equiv_pos_site_id\n _symmetry_equiv_pos_as_xyz\n  1  'x, y, z'\nloop_\n _atom_site_type_symbol\n _atom_site_label\n _atom_site_symmetry_multiplicity\n _atom_site_fract_x\n _atom_site_fract_y\n _atom_site_fract_z\n _atom_site_occupancy\n  Hf  Hf1  1  0.000000  0.000000  0.000000  1\n  Hf  Hf2  1  0.500000  0.500000  0.500000  1\n  O  O3  1  0.194780  0.805220  0.500000  1\n  O  O4  1  0.305220  0.305220  0.000000  1\n  O  O5  1  0.694780  0.694780  0.000000  1\n  O  O6  1  0.805220  0.194780  0.500000  1\n"}}