{"phonon": {"ph_bandstructure": [[0.0, 0.0, 0.0, 85.56172657247014, 85.56172657770293, 107.7666332013635, 121.23065148120001, 121.23065148216888, 121.23065148495408, 179.62839462079367, 179.62839462342492, 231.15997989026593, 360.72142838919154, 360.72142839077304, 447.3258358169002]]}, "dielectric": {"eps_electronic": [[2.4076840920239047, 0.0, 0.0], [0.0, 2.4076840920239047, 0.0], [0.0, 0.0, 2.4076840920239047]], "eps_total": [[9.727213606139113, 9.334185801948645e-12, -1.8020118175980415e-10], [9.334185801948645e-12, 9.72721360656244, -1.465709825882453e-10], [-1.8020118175980415e-10, -1.465709825882453e-10, 9.727213606865213]], "becs": [[[1.3442711058432637, 0.0, 0.0], [0.0, 1.3442711058432637, 0.0], [0.0, 0.0, 1.3442711058432637]], [[2.4373767149839853, 0.0, 0.0], [0.0, 2.4373767149839853, 0.0], [0.0, 0.0, 2.4373767149839853]], [[-1.6074905295477488, 0.0, 0.0], [0.0, -1.0870786456391766, 0.0], [0.0, 0.0, -1.0870786456391766]], [[-1.0870786456391766, 0.0, 0.0], [0.0, -1.6074905295477488, 0.0], [0.0, 0.0, -1.0870786456391766]], [[-1.0870786456391766, 0.0, 0.0], [0.0, -1.0870786456391766, 0.0], [0.0, 0.0, -1.6074905295477488]]]}, "metadata": {"formula": "CsCaF3", "nsites": 5, "structure": "# generated using pymatgen\ndata_CsCaF3\n_symmetry_space_group_name_H-M   'P 1'\n_cell_length_a   4.48830624\n_cell_length_b   4.48830624\n_cell_length_c   4.48830624\n_cell_angle_alpha   90.00000000\n_cell_angle_beta   90.00000000\n_cell_angle_gamma   90.00000000\n_symmetry_Int_Tables_number   1\n_chemical_formula_structural   CsCaF3\n_chemical_formula_sum   'Cs1 Ca1 F3'\n_cell_volume   90.4164484458\n_cell_formula_units_Z   1\nloop_\n _symmetry_equiv_pos_site_id\n _symmetry_equiv_pos_as_xyz\n  1  'x, y, z'\nloop_\n _atom_site_type_symbol\n _atom_site_label\n _atom_site_symmetry_multiplicity\n _atom_site_fract_x\n _atom_site_fract_y\n _atom_site_fract_z\n _atom_site_occupancy\n  Cs  Cs1  1  0.000000  0.000000  0.000000  1\n  Ca  Ca2  1  0.500000  0.500000  0.500000  1\n  F  F3  1  0.000000  0.500000  0.500000  1\n  F  F4  1  0.500000  0.000000  0.500000  1\n  F  F5  1  0.500000  0.500000  0.000000  1\n"}}