{"phonon": {"ph_bandstructure": [[0.0, 0.0, 0.0, 68.6749658149193, 73.66705041709353, 76.91353929204763, 76.91353929559244, 89.04056703272047, 117.72782811671452, 124.38229559949794, 124.38229560273835, 176.0005527364974, 209.46282549574897, 209.67362520542036, 220.9021067763413, 296.8403425051153, 308.5918640146891, 308.5918640158267, 314.05497871308063, 327.5950339880432, 358.96434440142536, 446.25283516052787, 446.25283516336754, 559.2277128375332, 567.8296742680611, 582.2769888784379, 621.2980357541309]]}, "dielectric": {"eps_electronic": [[2.1229833436841967, 0.0, -4.8781779140307834e-24], [0.0, 2.1229833437032233, -8.449251995533253e-24], [2.4390889570153913e-24, 1.2673877993299884e-23, 2.07996565964738]], "eps_total": [[6.834108620010035, -6.217248937900877e-15, -4.878245486626935e-24], [-6.217248937900877e-15, 6.834108620453563, -2.8475626974330586e-12], [2.4392336495902697e-24, -2.8475626974119397e-12, 10.747459859736605]], "becs": [[[1.2484399830876698, 1.4802973441087257e-16, 5.425153667367941e-23], [9.868648519561845e-17, 1.2484399830876693, -2.7755669788841975e-17], [3.083803985747923e-18, -7.709925151834084e-18, 1.1897120201843454]], [[1.2484399830876698, 1.4802973441087257e-16, -5.425153667367941e-23], [9.868648519561845e-17, 1.2484399830876693, -2.775585772167779e-17], [3.0840738369291042e-18, -7.70975860844736e-18, 1.1897120201843445]], [[3.3870065096868327, -2.9605947543919004e-16, -1.4693679385278594e-39], [-7.894919345045068e-16, 3.3870065096868323, -2.7755575822424067e-17], [3.0839296061253694e-18, -7.709879486711918e-18, 3.285822957584634]], [[-1.0668795503892454, -0.1493578664687481, -0.257097803716133], [-0.14935786647127702, -0.8944159415651449, -0.14843548618482846], [-0.262755253431478, -0.15170181629836701, -0.9442078329924644]], [[-0.808184137153094, 1.4802973441087257e-16, -1.3239497904693192e-17], [9.868648519561845e-17, -1.1531113548012963, 0.29687097236965687], [-1.6375849439299235e-17, 0.30340363259673403, -0.9442078329924644]], [[-1.0668795503892454, 0.149357866468748, 0.257097803716133], [0.14935786647127725, -0.8944159415651431, -0.14843548618482835], [0.262755253431478, -0.151701816298367, -0.9442078329924621]], [[-1.0668795503892463, -0.1493578664687481, -0.257097803716133], [-0.14935786647127747, -0.8944159415651445, -0.14843548618482838], [-0.262755253431478, -0.15170181629836701, -0.9442078329924621]], [[-0.8081841371530945, -2.9605947543919004e-16, 6.300604000785964e-18], [-7.894919345045068e-16, -1.1531113548012963, 0.2968709723696568], [3.0839528691582296e-18, 0.30340363259673403, -0.9442078329924644]], [[-1.0668795503892463, 0.14935786646874843, 0.257097803716133], [0.14935786647127858, -0.8944159415651449, -0.14843548618482838], [0.262755253431478, -0.15170181629836701, -0.9442078329924621]]]}, "metadata": {"formula": "K2GeF6", "nsites": 9, "structure": "# generated using pymatgen\ndata_K2GeF6\n_symmetry_space_group_name_H-M   'P 1'\n_cell_length_a   5.62875111\n_cell_length_b   5.62875111\n_cell_length_c   4.66228891\n_cell_angle_alpha   90.00000000\n_cell_angle_beta   90.00000000\n_cell_angle_gamma   120.00000000\n_symmetry_Int_Tables_number   1\n_chemical_formula_structural   K2GeF6\n_chemical_formula_sum   'K2 Ge1 F6'\n_cell_volume   127.924552321\n_cell_formula_units_Z   1\nloop_\n _symmetry_equiv_pos_site_id\n _symmetry_equiv_pos_as_xyz\n  1  'x, y, z'\nloop_\n _atom_site_type_symbol\n _atom_site_label\n _atom_site_symmetry_multiplicity\n _atom_site_fract_x\n _atom_site_fract_y\n _atom_site_fract_z\n _atom_site_occupancy\n  K  K1  1  0.666667  0.333333  0.294404  1\n  K  K2  1  0.333333  0.666667  0.705596  1\n  Ge  Ge3  1  0.000000  0.000000  0.000000  1\n  F  F4  1  0.154201  0.308401  0.218248  1\n  F  F5  1  0.154201  0.845799  0.218248  1\n  F  F6  1  0.691599  0.845799  0.218248  1\n  F  F7  1  0.845799  0.691599  0.781752  1\n  F  F8  1  0.845799  0.154201  0.781752  1\n  F  F9  1  0.308401  0.154201  0.781752  1\n"}}