{"phonon": {"ph_bandstructure": [[0.0, 0.0, 0.0, 104.72684965857795, 105.4102318586668, 105.410231859114, 108.23231015428539, 108.23231015446153, 108.2976487775208, 111.09959945485747, 111.89555376035109, 119.41549995104333, 119.47694696753507, 126.70388610234774, 127.69501015697706, 141.6407306107949, 141.94516633707485, 156.6854485603321, 156.70701604924093, 157.6138585976282, 164.24764749237548, 164.24764749584878, 175.98312918794036, 193.76851308479308, 193.76851308746177, 203.21076354838814, 203.21076355088402, 210.496930001827, 214.1852964786585, 218.17643417222268, 225.33754405983578, 226.94018046739035, 267.372520390225, 362.1702574879144, 366.9122784223355, 423.2005767914637]]}, "dielectric": {"eps_electronic": [[6.68598784725986, 0.0, 2.1993068986298705e-22], [0.0, 6.685987847312964, 1.1427933869644369e-21], [0.0, 0.0, 10.085443291830439]], "eps_total": [[10.571364021150131, 0.0, 2.1993068986298705e-22], [0.0, 10.57136402140106, 1.1427933869644369e-21], [0.0, 0.0, 16.99134846287225]], "becs": [[[2.1584637050782334, 0.04947391644585616, 3.926513110484317e-24], [0.049473916446318, 2.1013361471222076, 3.509274825251565e-23], [-3.2504596295809933e-22, 7.490506818483328e-23, 2.5334574480477388]], [[2.1584637050782343, -0.04947391644585556, 3.926513110484317e-24], [-0.049473916446316754, 2.1013361471222085, 3.509274825251565e-23], [-1.6475505951843347e-21, -3.6002756781206595e-22, 2.533457448047736]], [[2.0727723681441947, -2.590520401821107e-16, 3.926513110484317e-24], [6.291263729005697e-16, 2.187027484056247, 3.509274825251565e-23], [2.273926808832395e-22, -2.0538485279094613e-22, 2.5334574480477388]], [[1.9630816050952664, -0.08625429379377451, 3.926513110484317e-24], [-0.08625429379457986, 2.0626794845769236, 3.509274825251565e-23], [2.2739268088323953e-22, 1.0390057725129322e-22, 1.8771526147291466]], [[1.9630816050952664, 0.08625429379377465, 3.926513110484317e-24], [0.0862542937945798, 2.0626794845769236, 3.509274825251565e-23], [-4.422299177123228e-22, -1.3652052154493442e-21, 1.8771526147291449]], [[2.1124784243177532, -2.590520401821107e-16, 3.926513110484317e-24], [-2.590520467995556e-16, 1.9132826653544373, 3.509274825251565e-23], [-4.422299177123227e-22, 4.905073648040925e-22, 1.8771526147291466]], [[-2.067287724889814, -0.04352146472768096, 1.0193227742737346e-22], [0.043521464728087, -2.0672877248898143, -1.346582149797499e-22], [5.998703123434899e-23, -1.0873315590274634e-22, -2.2445755803405003]], [[-2.0672877248898134, -0.04352146472767985, 3.926513110484317e-24], [0.04352146472808789, -2.0672877248898134, 3.509274825251565e-23], [5.622039801810205e-22, 5.291680435593723e-22, -2.2445755803405003]], [[-2.0672877248898147, 0.043521464727680446, -1.1669596604876388e-22], [-0.04352146472808842, -2.067287724889815, -1.738315141871958e-22], [5.622039801810206e-22, 3.7452532853825267e-22, -2.2445755803405003]], [[-2.067287724889814, 0.043521464727680224, -2.0574927968737967e-23], [-0.04352146472808753, -2.0672877248898134, -7.344992555550736e-24], [8.970152794788017e-22, 2.657921974073337e-23, -2.2445755803405003]], [[-2.0795952566201574, -3.700743525707937e-17, 3.926513110484317e-24], [-2.590520467995556e-16, -2.0795952566201574, 3.509274825251565e-23], [-4.045635855498536e-23, 3.3586464978297276e-22, -2.126763935177154]], [[-2.0795952566201557, -3.700743525707937e-17, 3.926513110484317e-24], [-2.590520467995556e-16, -2.0795952566201557, 3.509274825251565e-23], [3.6131720060235196e-22, 1.0390057725129322e-22, -2.126763935177154]]]}, "metadata": {"formula": "SrP", "nsites": 12, "structure": "# generated using pymatgen\ndata_SrP\n_symmetry_space_group_name_H-M   'P 1'\n_cell_length_a   7.99031350\n_cell_length_b   7.99031350\n_cell_length_c   5.95339564\n_cell_angle_alpha   90.00000000\n_cell_angle_beta   90.00000000\n_cell_angle_gamma   120.00000000\n_symmetry_Int_Tables_number   1\n_chemical_formula_structural   SrP\n_chemical_formula_sum   'Sr6 P6'\n_cell_volume   329.172097269\n_cell_formula_units_Z   6\nloop_\n _symmetry_equiv_pos_site_id\n _symmetry_equiv_pos_as_xyz\n  1  'x, y, z'\nloop_\n _atom_site_type_symbol\n _atom_site_label\n _atom_site_symmetry_multiplicity\n _atom_site_fract_x\n _atom_site_fract_y\n _atom_site_fract_z\n _atom_site_occupancy\n  Sr  Sr1  1  0.359302  0.000000  0.500000  1\n  Sr  Sr2  1  0.000000  0.359302  0.500000  1\n  Sr  Sr3  1  0.640698  0.640698  0.500000  1\n  Sr  Sr4  1  0.694289  0.000000  0.000000  1\n  Sr  Sr5  1  0.000000  0.694289  0.000000  1\n  Sr  Sr6  1  0.305711  0.305711  0.000000  1\n  P  P7  1  0.333333  0.666667  0.193678  1\n  P  P8  1  0.333333  0.666667  0.806322  1\n  P  P9  1  0.666667  0.333333  0.806322  1\n  P  P10  1  0.666667  0.333333  0.193678  1\n  P  P11  1  0.000000  0.000000  0.688516  1\n  P  P12  1  0.000000  0.000000  0.311484  1\n"}}