{"phonon": {"ph_bandstructure": [[-46.126459452752435, -0.02709423359302475, -0.0029098165538400684, 0.0, 28.648754541458462, 47.55439399052183, 119.94818890572829, 141.5708365083953, 174.99385077365517, 181.92156378542302, 204.63396663042312, 207.31801436367837, 213.48859398929443, 251.02031237264777, 253.6656086470282, 263.4989258607661, 271.2625730952428, 273.6235568579638, 297.3313420405777, 300.560104452994, 302.69360211247226, 361.56002755274653, 442.20876863501314, 460.1837120699058, 475.65172525116554, 482.74455583986395, 497.09732818746977, 544.6824533975869, 546.6250585592297, 702.2112237658735, 733.573572864808, 744.5714951326788, 879.3998507953818]]}, "dielectric": {"eps_electronic": [[4.792204872908289, 0.0, -2.6745608943567696e-23], [0.0, 4.789165298940433, 0.0], [-2.6745608943567696e-23, 0.0, 7.0509136550830025]], "eps_total": null, "becs": [[[5.360097593372917, 0.0, 4.428229464140888e-22], [4.037174755317749e-17, 9.07229109185744, 1.704229575236683e-23], [0.0, 0.0, 10.047390106016117]], [[7.001451285959403, 0.0, 1.6044309635609301e-22], [4.037174755317749e-17, 5.437864415230348, -7.669032809220085e-23], [0.0, 0.0, 9.970962147165805]], [[7.001451285959404, 0.0, 7.572914133869423e-23], [-4.037174622968851e-16, 5.437864415230348, 1.5764123151921834e-22], [0.0, 0.0, 9.970962147165805]], [[-3.6914434067931543, 0.8602557045973758, -1.219367537019029e-22], [0.6429426135389495, -3.2620688407385003, -1.7042295193676853e-22], [0.0, 0.0, -1.3807447728085722]], [[-3.6914434067931543, -0.8602557045973758, -1.219367537019029e-22], [-0.6429426135389495, -3.2620688407385003, -1.7042295193676853e-22], [0.0, 0.0, -1.380744772808574]], [[-1.0486151582624512, 0.0, -8.984813678704532e-24], [4.037174755317749e-17, -1.4208351190416875, 1.704229575236683e-23], [0.0, 0.0, -7.772673381152946]], [[-1.3265605962616098, 0.0, -8.984813678704532e-24], [4.037174755317749e-17, -1.0742005505607612, 1.704229575236683e-23], [0.0, 0.0, -7.918514406263561]], [[-1.3265605962616098, 0.0, -8.984813678704532e-24], [4.037174755317749e-17, -1.0742005505607612, 1.704229575236683e-23], [0.0, 0.0, -7.918514406263561]], [[-3.6914434067931543, 0.8602557045973758, -6.546078369030371e-23], [0.6429426135389495, -3.2620688407385003, -7.669032809220085e-23], [0.0, 0.0, -1.3807447728085753]], [[-3.6914434067931543, -0.8602557045973758, -3.196026487425e-22], [-0.6429426135389495, -3.2620688407385003, 2.5137385536378603e-22], [0.0, 0.0, -1.380744772808574]], [[-0.8954901872848487, 0.0, -2.3103806181604327e-23], [4.037174755317749e-17, -3.330508339474796, 1.704229575236683e-23], [0.0, 0.0, -0.8566331154968858]]]}, "metadata": {"formula": "Ta3O7F", "nsites": 11, "structure": "# generated using pymatgen\ndata_Ta3O7F\n_symmetry_space_group_name_H-M   'P 1'\n_cell_length_a   6.22805192\n_cell_length_b   6.22805192\n_cell_length_c   3.83617789\n_cell_angle_alpha   90.00000000\n_cell_angle_beta   90.00000000\n_cell_angle_gamma   117.86022160\n_symmetry_Int_Tables_number   1\n_chemical_formula_structural   Ta3O7F\n_chemical_formula_sum   'Ta3 O7 F1'\n_cell_volume   131.552711856\n_cell_formula_units_Z   1\nloop_\n _symmetry_equiv_pos_site_id\n _symmetry_equiv_pos_as_xyz\n  1  'x, y, z'\nloop_\n _atom_site_type_symbol\n _atom_site_label\n _atom_site_symmetry_multiplicity\n _atom_site_fract_x\n _atom_site_fract_y\n _atom_site_fract_z\n _atom_site_occupancy\n  Ta  Ta1  1  0.000000  0.000000  0.000000  1\n  Ta  Ta2  1  0.301900  0.698100  1.000000  1\n  Ta  Ta3  1  0.698100  0.301900  0.000000  1\n  O  O4  1  0.662179  0.954561  1.000000  1\n  O  O5  1  0.954561  0.662179  1.000000  1\n  O  O6  1  0.000000  0.000000  0.500000  1\n  O  O7  1  0.314377  0.685623  0.500000  1\n  O  O8  1  0.685623  0.314377  0.500000  1\n  O  O9  1  0.337821  0.045439  1.000000  1\n  O  O10  1  0.045439  0.337821  1.000000  1\n  F  F11  1  0.500000  0.500000  1.000000  1\n"}}