{"phonon": {"ph_bandstructure": [[0.0, 0.0, 0.0, 155.78980347638236, 183.08378237271097, 189.5189007279872, 199.3812022005877, 213.04126248558902, 234.46334359321958, 254.49100104679866, 259.9014610755379, 261.45148255842724, 301.9315120007714, 323.09927105490357, 333.80302496355546, 362.00665064075184, 383.42695969855936, 404.29632460397727, 412.9500020133775, 422.73752046198257, 439.3306754990563, 451.10144987416976, 474.7146909933445, 481.7215658017224, 490.7487691792583, 494.17730870910526, 496.2205825512291, 588.9916375274844, 623.2208734156835, 654.3223254805976, 696.5403223821305, 701.2961548689705, 717.9695718062774, 746.5593058957814, 780.2764686272437, 796.1026577814262]]}, "dielectric": {"eps_electronic": [[11.82058501525285, 0.0, 0.0], [0.0, 9.501509662438199, 0.22565822525251678], [0.0, 0.22565822525251625, 10.470830171603355]], "eps_total": [[40.93204826993912, 0.0, 0.0], [0.0, 27.051389485894305, 2.3074100549021246], [0.0, 2.307410054902124, 24.651902727774516]], "becs": [[[7.366281121452062, -0.5048218018606998, 0.10657791684728762], [-0.5777325616296138, 6.348753973747473, 0.14148101406980573], [-0.36435923777709006, 0.03332248613015338, 6.0943427162668815]], [[7.366281121452062, 0.5048218018606997, -0.1065779168472876], [0.5777325616296138, 6.348753973747473, 0.14148101406980573], [0.36435923777709006, 0.03332248613015338, 6.0943427162668815]], [[7.366281121452062, -0.5048218018606998, 0.10657791684728762], [-0.5777325616296138, 6.348753973747473, 0.14148101406980573], [-0.36435923777709006, 0.03332248613015338, 6.0943427162668815]], [[7.366281121452062, 0.5048218018606996, -0.10657791684728757], [0.5777325616296138, 6.348753973747473, 0.14148101406980573], [0.36435923777709006, 0.03332248613015338, 6.0943427162668815]], [[-4.331144888185162, 0.5669893203487563, -0.4808409393221075], [0.296564948220028, -2.4703928185173694, -0.24987067632387605], [-0.6127619128248915, -0.3438158985334522, -3.9444051121149477]], [[-4.331144888185162, -0.5669893203487565, 0.48084093932210753], [-0.296564948220028, -2.4703928185173694, -0.24987067632387627], [0.6127619128248915, -0.3438158985334522, -3.9444051121149495]], [[-4.331144888185162, 0.5669893203487563, -0.4808409393221075], [0.296564948220028, -2.47039281851737, -0.24987067632387594], [-0.6127619128248915, -0.3438158985334522, -3.9444051121149477]], [[-4.331144888185161, -0.5669893203487565, 0.48084093932210753], [-0.296564948220028, -2.47039281851737, -0.24987067632387605], [0.6127619128248915, -0.3438158985334522, -3.9444051121149477]], [[-3.0351362333202037, -1.7421986137639867, -0.921661459700716], [-1.7916929836719213, -3.878361155303062, 0.10838966224870894], [-0.6869794249612754, 0.31049341239687567, -2.1499376041931977]], [[-3.0351362333202037, 1.742198613763987, 0.921661459700716], [1.7916929836719213, -3.878361155303061, 0.10838966224870883], [0.6869794249612755, 0.31049341239687567, -2.1499376041931977]], [[-3.0351362333202037, -1.7421986137639867, -0.921661459700716], [-1.7916929836719213, -3.878361155303061, 0.10838966224870883], [-0.6869794249612755, 0.31049341239687567, -2.1499376041931977]], [[-3.0351362333202037, 1.742198613763987, 0.921661459700716], [1.7916929836719215, -3.878361155303061, 0.10838966224870883], [0.6869794249612755, 0.31049341239687567, -2.1499376041931977]]]}, "metadata": {"formula": "NbNO", "nsites": 12, "structure": "# generated using pymatgen\ndata_NbNO\n_symmetry_space_group_name_H-M   'P 1'\n_cell_length_a   5.01959920\n_cell_length_b   4.95421551\n_cell_length_c   5.17052437\n_cell_angle_alpha   80.02916409\n_cell_angle_beta   90.00000000\n_cell_angle_gamma   90.00000000\n_symmetry_Int_Tables_number   1\n_chemical_formula_structural   NbNO\n_chemical_formula_sum   'Nb4 N4 O4'\n_cell_volume   126.639417992\n_cell_formula_units_Z   4\nloop_\n _symmetry_equiv_pos_site_id\n _symmetry_equiv_pos_as_xyz\n  1  'x, y, z'\nloop_\n _atom_site_type_symbol\n _atom_site_label\n _atom_site_symmetry_multiplicity\n _atom_site_fract_x\n _atom_site_fract_y\n _atom_site_fract_z\n _atom_site_occupancy\n  Nb  Nb1  1  0.451231  0.706211  0.718439  1\n  Nb  Nb2  1  0.951231  0.293789  0.781561  1\n  Nb  Nb3  1  0.548769  0.293789  0.281561  1\n  Nb  Nb4  1  0.048769  0.706211  0.218439  1\n  N  N5  1  0.745153  0.558806  0.977674  1\n  N  N6  1  0.245153  0.441194  0.522326  1\n  N  N7  1  0.254847  0.441194  0.022326  1\n  N  N8  1  0.754847  0.558806  0.477674  1\n  O  O9  1  0.323576  0.938531  0.348312  1\n  O  O10  1  0.823576  0.061469  0.151688  1\n  O  O11  1  0.676424  0.061469  0.651688  1\n  O  O12  1  0.176424  0.938531  0.848312  1\n"}}