{"phonon": {"ph_bandstructure": [[0.0, 0.0, 0.0, 79.57860672064515, 89.48014906388424, 112.39397091167687, 170.23113504341117, 180.85582173317857, 208.67450443632987, 237.24359285812545, 270.605789437012, 288.88953235724625, 406.0597351699933, 432.91375453522204, 455.99789511364054]]}, "dielectric": {"eps_electronic": [[4.869163379858409, 1.618892043443286e-15, 3.786704211913762e-16], [2.0524603080762102e-15, 4.869163379858409, -1.0724161043988463e-15], [-1.0052351811935146e-15, -7.831905762684833e-16, 4.085835726317849]], "eps_total": [[11.431394345894745, -2.1535811994929375e-15, 1.6206996649752066e-15], [1.3153846477813538e-16, 11.431394346227997, -1.1295940735390181e-15], [1.8502967896469823e-15, 1.4062075797969197e-15, 9.115436074698014]], "becs": [[[1.2273919280932004, 5.551115139669395e-16, 2.1828847063110226e-16], [0.0, 1.2273919280931997, -2.146985088072727e-16], [-3.1086243829236546e-16, -2.7533530891589874e-15, 1.6189298192892938]], [[0.9140744358191495, 2.2204460657939253e-16, 2.3834456284160068e-17], [0.0, 0.9140744358191493, -2.0574464535410075e-17], [3.5527137648272846e-16, 3.552713797914509e-16, 0.39909842761852254]], [[2.1039296220071093, -7.771561155832484e-16, -2.2646067936911945e-16], [0.0, 2.1039296220071106, 2.2873076089263086e-16], [5.773159814077598e-16, 2.575717429041764e-15, 0.9821305962748825]], [[-2.629488009834463, -3.3306690573318574e-16, -3.756134293929068e-18], [0.0, -1.6159079756334995, 7.346096117758617e-18], [-1.1990408579924907e-15, 2.575717429041764e-15, -1.500079421585082]], [[-1.6159079756334989, 3.330669090419082e-16, -1.1906113532067588e-17], [0.0, -2.6294880098344633, -8.038831203799028e-19], [5.773159814077598e-16, -2.7533530891589874e-15, -1.500079421585082]]]}, "metadata": {"formula": "KLiZnS2", "nsites": 5, "structure": "# generated using pymatgen\ndata_KLiZnS2\n_symmetry_space_group_name_H-M   'P 1'\n_cell_length_a   7.09458467\n_cell_length_b   7.09458467\n_cell_length_c   7.09458467\n_cell_angle_alpha   148.04897211\n_cell_angle_beta   148.04897211\n_cell_angle_gamma   45.81307834\n_symmetry_Int_Tables_number   1\n_chemical_formula_structural   KLiZnS2\n_chemical_formula_sum   'K1 Li1 Zn1 S2'\n_cell_volume   99.6661303539\n_cell_formula_units_Z   1\nloop_\n _symmetry_equiv_pos_site_id\n _symmetry_equiv_pos_as_xyz\n  1  'x, y, z'\nloop_\n _atom_site_type_symbol\n _atom_site_label\n _atom_site_symmetry_multiplicity\n _atom_site_fract_x\n _atom_site_fract_y\n _atom_site_fract_z\n _atom_site_occupancy\n  K  K1  1  0.000000  0.000000  0.000000  1\n  Li  Li2  1  0.750000  0.250000  0.500000  1\n  Zn  Zn3  1  0.250000  0.750000  0.500000  1\n  S  S4  1  0.353154  0.353154  0.000000  1\n  S  S5  1  0.646846  0.646846  0.000000  1\n"}}