{"phonon": {"ph_bandstructure": [[0.0, 0.0, 0.0, 254.29517403244364, 256.7124806597326, 353.5530554053015, 353.5530554060393, 357.0635334081579, 466.94999384551625]]}, "dielectric": {"eps_electronic": [[17.38500780238231, -2.1438057444495072e-15, -3.3109243766455652e-15], [-2.1438057444495072e-15, 17.38500780238231, -3.3109243766455652e-15], [8.697349446019977e-15, 8.697349446019977e-15, 17.715309435834236]], "eps_total": [[34.27596140680934, -1.8475417254374767e-14, 4.301250321310227e-15], [-1.8228895275660068e-14, 34.27596140692975, 2.9265386853028664e-15], [2.464468131611033e-15, 6.881112922107825e-16, 29.578412651990927]], "becs": [[[3.103501092695616, -5.863365528713391e-16, 1.1914969368764688e-18], [-2.925900353114765e-16, 3.103501092695616, -1.1214675598958385e-18], [-1.1564822483861537e-17, 5.990578576035868e-16, 2.625624523870555]], [[3.103501092695616, -5.863365528713391e-16, 1.1914969368764688e-18], [-2.925900353114765e-16, 3.103501092695616, -1.1214675598958385e-18], [-1.1564822483861537e-17, 5.990578576035868e-16, 2.625624523870555]], [[-6.207002184309552, 1.1726730517691433e-15, -2.382994077417534e-18], [5.851800435327879e-16, -6.207002184309552, 2.242935329717387e-18], [2.3129647035674605e-17, -1.1981156635083853e-15, -5.251249047721221]]]}, "metadata": {"formula": "Al2Os", "nsites": 3, "structure": "# generated using pymatgen\ndata_Al2Os\n_symmetry_space_group_name_H-M   'P 1'\n_cell_length_a   4.70892620\n_cell_length_b   4.70892620\n_cell_length_c   4.70892620\n_cell_angle_alpha   140.84901494\n_cell_angle_beta   140.84901494\n_cell_angle_gamma   56.56643082\n_symmetry_Int_Tables_number   1\n_chemical_formula_structural   Al2Os\n_chemical_formula_sum   'Al2 Os1'\n_cell_volume   41.2883849047\n_cell_formula_units_Z   1\nloop_\n _symmetry_equiv_pos_site_id\n _symmetry_equiv_pos_as_xyz\n  1  'x, y, z'\nloop_\n _atom_site_type_symbol\n _atom_site_label\n _atom_site_symmetry_multiplicity\n _atom_site_fract_x\n _atom_site_fract_y\n _atom_site_fract_z\n _atom_site_occupancy\n  Al  Al1  1  0.338435  0.338435  0.000000  1\n  Al  Al2  1  0.661565  0.661565  0.000000  1\n  Os  Os3  1  0.000000  0.000000  0.000000  1\n"}}