{"phonon": {"ph_bandstructure": [[-191.71125385282312, -191.71125385118123, -191.7112538504583, -53.74803469296293, -53.748034680251635, 0.0, 0.0, 0.0, 61.74103193327978, 61.74103193616393, 61.74103194475471, 77.60982813072674, 170.71400115095278, 170.71400115441583, 189.00341245599282, 189.00341245867148, 269.55979439668187, 332.4587600149075, 332.45876001560373, 332.4587600173595, 797.3654479161406, 797.3654479161481, 866.9301334644123, 915.7888202340204]]}, "dielectric": {"eps_electronic": [[3.1282034737794358, -1.6465911975097103e-15, -1.3322676295501878e-15], [-1.424546592584679e-15, 3.1282034737794353, -1.5543122344752192e-15], [-1.7518046624034392e-15, -1.3077154525533766e-15, 3.1282034737794358]], "eps_total": null, "becs": [[[1.2663376508557591, 2.220446049250313e-16, -1.6653345369377348e-16], [-2.220446049250313e-16, 1.2663376508557591, 1.1102230246251565e-16], [-3.2648722083389344e-16, 3.3270770003729326e-16, 1.2663376508557591]], [[1.2663376508557591, 2.220446049250313e-16, -1.6653345369377348e-16], [-2.220446049250313e-16, 1.2663376508557591, 1.1102230246251565e-16], [-3.2648722083389344e-16, 3.3270770003729326e-16, 1.2663376508557591]], [[2.803270675974526, 2.220446049250313e-16, -1.6653345369377348e-16], [-2.220446049250313e-16, 2.803270675974526, 1.1102230246251565e-16], [-3.262466678266532e-16, 3.329482530445335e-16, 2.803270675974526]], [[2.803270675974526, 2.220446049250313e-16, -1.6653345369377348e-16], [-2.220446049250313e-16, 2.803270675974526, 1.1102230246251565e-16], [-3.262466678266532e-16, 3.329482530445335e-16, 2.803270675974526]], [[-2.034804163415141, 0.6271551287733836, 0.6271551287733833], [0.6271551287733834, -2.03480416341514, -0.6271551287733835], [0.6271551287733833, -0.6271551287733833, -2.03480416341514]], [[-2.034804163415146, -0.6271551287733839, -0.6271551287733833], [-0.627155128773383, -2.034804163415147, -0.6271551287733844], [-0.6271551287733828, -0.6271551287733846, -2.034804163415146]], [[-2.034804163415141, -0.6271551287733839, 0.627155128773384], [-0.6271551287733834, -2.034804163415141, 0.6271551287733833], [0.627155128773384, 0.6271551287733833, -2.0348041634151417]], [[-2.0348041634151417, 0.6271551287733832, -0.6271551287733831], [0.6271551287733839, -2.0348041634151426, 0.6271551287733842], [-0.6271551287733833, 0.6271551287733833, -2.0348041634151417]]]}, "metadata": {"formula": "RbGaO2", "nsites": 8, "structure": "# generated using pymatgen\ndata_RbGaO2\n_symmetry_space_group_name_H-M   'P 1'\n_cell_length_a   5.90334305\n_cell_length_b   5.90334305\n_cell_length_c   5.90334305\n_cell_angle_alpha   60.00000000\n_cell_angle_beta   60.00000000\n_cell_angle_gamma   60.00000000\n_symmetry_Int_Tables_number   1\n_chemical_formula_structural   RbGaO2\n_chemical_formula_sum   'Rb2 Ga2 O4'\n_cell_volume   145.471884854\n_cell_formula_units_Z   2\nloop_\n _symmetry_equiv_pos_site_id\n _symmetry_equiv_pos_as_xyz\n  1  'x, y, z'\nloop_\n _atom_site_type_symbol\n _atom_site_label\n _atom_site_symmetry_multiplicity\n _atom_site_fract_x\n _atom_site_fract_y\n _atom_site_fract_z\n _atom_site_occupancy\n  Rb  Rb1  1  0.500000  0.500000  0.500000  1\n  Rb  Rb2  1  0.750000  0.750000  0.750000  1\n  Ga  Ga3  1  0.250000  0.250000  0.250000  1\n  Ga  Ga4  1  0.000000  0.000000  0.000000  1\n  O  O5  1  0.625000  0.125000  0.125000  1\n  O  O6  1  0.125000  0.125000  0.125000  1\n  O  O7  1  0.125000  0.125000  0.625000  1\n  O  O8  1  0.125000  0.625000  0.125000  1\n"}}