{"phonon": {"ph_bandstructure": [[-13.282476228298135, 0.0, 0.0, 0.0, 45.84763401332679, 45.851641757592276, 57.35197232852711, 81.99184868139024, 82.19846949907719, 110.93202156483734, 121.12201391987395, 131.93005939315597, 161.08090982932256, 165.80168034366798, 178.9215686215158, 206.2995166820107, 222.92680574045806, 234.42550571838262, 241.91251088927598, 257.5001655185752, 351.87023412448514, 372.92702096999034, 385.3055788116685, 401.69323815843507]]}, "dielectric": {"eps_electronic": [[7.76931124085757, 7.327237548682538e-16, -1.0801919772380405e-15], [-1.554546648318714e-16, 7.769311240857571, -1.920135575379153e-16], [-1.5992348994300123e-16, -1.5992348994300123e-16, 6.2455997118802316]], "eps_total": null, "becs": [[[2.7632667055976863, 2.7755575615628914e-17, -3.815365214481507e-16], [6.938893903907228e-16, 2.7632667055976867, 2.8633201680292005e-16], [-1.27675647831893e-15, -6.661338147750939e-16, 2.9230333179295993]], [[1.2818571581147973, -0.029909731976429182, 1.637965669605758e-15], [0.02990973197643146, 1.2818571581147937, -1.246879470943672e-15], [1.8318679906315083e-15, -2.220446049250313e-16, 0.47309886690751063]], [[1.2818571581147937, 0.029909731976430126, -1.5373517079991031e-15], [-0.029909731976431403, 1.2818571581147973, 1.795052089352343e-15], [1.8318679906315083e-15, 3.3306690738754696e-15, 0.47309886690751063]], [[2.6828830881340116, 4.718447854656915e-16, 7.10231704401674e-16], [-8.604228440844963e-16, 2.6828830881340098, -8.423458065975683e-16], [5.551115123125783e-17, -1.1102230246251565e-15, 3.3165920338829347]], [[-2.002466027490322, 0.5030155621370689, -0.18858401214254256], [0.5030155621370682, -2.002466027490322, 0.18858401214254245], [-0.2638301309564967, 0.2638301309564952, -1.7964557714068894]], [[-2.002466027490323, -0.5030155621370695, 0.18858401214254267], [-0.5030155621370691, -2.002466027490323, 0.1885840121425429], [0.2638301309564955, 0.2638301309564961, -1.7964557714068894]], [[-2.002466027490321, -0.5030155621370687, -0.18858401214254297], [-0.5030155621370684, -2.002466027490322, -0.18858401214254275], [-0.26383013095649716, -0.263830130956497, -1.796455771406889]], [[-2.002466027490322, 0.5030155621370678, 0.18858401214254245], [0.5030155621370693, -2.002466027490322, -0.18858401214254256], [0.26383013095649593, -0.26383013095649566, -1.7964557714068885]]]}, "metadata": {"formula": "BaAg2GeS4", "nsites": 8, "structure": "# generated using pymatgen\ndata_BaAg2GeS4\n_symmetry_space_group_name_H-M   'P 1'\n_cell_length_a   6.24039113\n_cell_length_b   6.24039113\n_cell_length_c   6.24039113\n_cell_angle_alpha   114.76101267\n_cell_angle_beta   114.76101267\n_cell_angle_gamma   99.34224714\n_symmetry_Int_Tables_number   1\n_chemical_formula_structural   BaAg2GeS4\n_chemical_formula_sum   'Ba1 Ag2 Ge1 S4'\n_cell_volume   182.80435063\n_cell_formula_units_Z   1\nloop_\n _symmetry_equiv_pos_site_id\n _symmetry_equiv_pos_as_xyz\n  1  'x, y, z'\nloop_\n _atom_site_type_symbol\n _atom_site_label\n _atom_site_symmetry_multiplicity\n _atom_site_fract_x\n _atom_site_fract_y\n _atom_site_fract_z\n _atom_site_occupancy\n  Ba  Ba1  1  0.000000  0.000000  0.000000  1\n  Ag  Ag2  1  0.750000  0.250000  0.500000  1\n  Ag  Ag3  1  0.250000  0.750000  0.500000  1\n  Ge  Ge4  1  0.500000  0.500000  0.000000  1\n  S  S5  1  0.466270  0.849348  0.000000  1\n  S  S6  1  0.533730  0.533730  0.383078  1\n  S  S7  1  0.150652  0.150652  0.616922  1\n  S  S8  1  0.849348  0.466270  0.000000  1\n"}}