{"phonon": {"ph_bandstructure": [[0.0, 0.0, 0.0, 62.93237758728105, 63.681773160168554, 70.70868206664187, 87.0767894820557, 88.44992594763872, 90.78121064599141, 94.01160963684612, 98.29742306132033, 100.07920056993184, 101.98352669851258, 108.80142163031088, 114.40015341286497, 128.46636194652467, 131.29075799915378, 143.33984740218665, 148.29004000331014, 155.0152200129335, 216.98377183406222, 221.0641597320783, 232.96198466652282, 238.63761871705967, 245.96822129173708, 283.03200701105317, 287.8192527329565, 293.46473644043414, 446.62558396567425, 492.49483947662486]]}, "dielectric": {"eps_electronic": [[5.523107011303488, -1.7763568394002505e-15, 0.0], [-1.3322676295501878e-15, 6.231924511543232, 2.2811241167730988e-23], [7.346839692639297e-40, 2.2811241167730986e-23, 10.722625109892226]], "eps_total": [[10.04272991465632, -5.329070518200751e-15, 0.0], [-1.3322676295501878e-15, 9.811033558033555, 2.2811241167730988e-23], [7.346839692639297e-40, 2.2811241167730986e-23, 17.022341709582]], "becs": [[[0.8194260180575847, -3.3306691235063064e-17, -2.262465268945343e-24], [-8.88178432935015e-17, 1.7185678594060931, -2.2204460823375376e-17], [0.0, 0.0, 1.2677326829514188]], [[1.6335218369289746, -3.3306691235063064e-17, -2.262465268945343e-24], [-8.88178432935015e-17, 0.7980935704699643, -2.2204460823375376e-17], [0.0, 0.0, 1.2089423471612413]], [[0.8194260180575847, -3.3306691235063064e-17, 2.2624652015186203e-24], [-8.88178432935015e-17, 1.7185678594060931, -2.2204450629516502e-17], [0.0, 0.0, 1.2677326829514188]], [[1.6335218369289741, -1.4432899369757872e-16, -2.262465268945343e-24], [-9.769962629936267e-16, 0.7980935704699643, -2.2204460823375376e-17], [0.0, 0.0, 1.2089423471612413]], [[-1.1143882108114536, 0.5488237100315811, -2.9185801537863897e-22], [1.5031599373335252, -1.1058647410490345, -2.2205113230343382e-17], [0.0, 0.0, -1.0054138725462496]], [[-1.1143882108114544, -0.5488237100315807, 2.873330848407483e-22], [-1.5031599373335234, -1.105864741049035, -2.2205113230343382e-17], [0.0, 0.0, -1.0054138725462496]], [[-1.1143882108114544, 0.5488237100315807, -2.262465268945343e-24], [1.5031599373335234, -1.105864741049035, -2.2204460823375376e-17], [0.0, 0.0, -1.0054138725462496]], [[-1.1143882108114544, -0.5488237100315807, 1.583725661291051e-23], [-1.5031599373335234, -1.105864741049035, -2.2204420047939877e-17], [0.0, 0.0, -1.005413872546251]], [[-0.22417143382557286, -3.3306691235063064e-17, -2.262465268945343e-24], [-8.88178432935015e-17, -0.30493194778036337, 0.4879586031349093], [0.0, -0.06863856978717552, -0.46584728613429754]], [[-0.22417143382557464, -3.3306691235063064e-17, -2.262465268945343e-24], [-8.88178432935015e-17, -0.3049319477803669, -0.4879586031349091], [0.0, 0.06863856978717552, -0.46584728613429754]]]}, "metadata": {"formula": "K2P2Pd", "nsites": 10, "structure": "# generated using pymatgen\ndata_K2P2Pd\n_symmetry_space_group_name_H-M   'P 1'\n_cell_length_a   7.70820129\n_cell_length_b   7.70820129\n_cell_length_c   5.82319313\n_cell_angle_alpha   90.00000000\n_cell_angle_beta   90.00000000\n_cell_angle_gamma   132.12829001\n_symmetry_Int_Tables_number   1\n_chemical_formula_structural   K2P2Pd\n_chemical_formula_sum   'K4 P4 Pd2'\n_cell_volume   256.603868955\n_cell_formula_units_Z   2\nloop_\n _symmetry_equiv_pos_site_id\n _symmetry_equiv_pos_as_xyz\n  1  'x, y, z'\nloop_\n _atom_site_type_symbol\n _atom_site_label\n _atom_site_symmetry_multiplicity\n _atom_site_fract_x\n _atom_site_fract_y\n _atom_site_fract_z\n _atom_site_occupancy\n  K  K1  1  0.210876  0.789124  0.250000  1\n  K  K2  1  0.576684  0.423316  0.250000  1\n  K  K3  1  0.789124  0.210876  0.750000  1\n  K  K4  1  0.423316  0.576684  0.750000  1\n  P  P5  1  0.715133  0.937168  0.250000  1\n  P  P6  1  0.937168  0.715133  0.750000  1\n  P  P7  1  0.284867  0.062832  0.750000  1\n  P  P8  1  0.062832  0.284867  0.250000  1\n  Pd  Pd9  1  0.000000  0.000000  0.000000  1\n  Pd  Pd10  1  0.000000  0.000000  0.500000  1\n"}}