{"phonon": {"ph_bandstructure": [[-0.0048749671388135995, -0.004559375278734753, 0.0, 149.69072985314136, 168.73847239799778, 192.87302695549724, 193.75229792638186, 194.8812619154642, 214.06785404615124, 229.85981982706187, 239.38565683017893, 262.67033955739413, 272.27762625149086, 283.6171613946654, 289.8698107178331, 305.2688634691434, 318.2905944775267, 359.39610948482715]]}, "dielectric": {"eps_electronic": [[23.080205990529173, 0.0, 0.0], [0.0, 28.67526615201062, 0.0], [0.0, 0.0, 25.812026538901183]], "eps_total": [[28.187784130291778, 0.0, 0.0], [0.0, 42.25202181106374, 0.0], [0.0, 0.0, 38.06342775898352]], "becs": [[[-4.642068483887622, 0.0, 0.0], [-1.5193404151768884e-24, -6.257069806194543, -0.4035988281031617], [0.0, -0.9637272864133876, -6.306370263417149]], [[-4.642068483887622, 0.0, 0.0], [-1.1687234284413032e-25, -6.257069806194536, 0.4035988281031617], [0.0, 0.9637272864133876, -6.306370263417149]], [[2.321034241887995, 0.0, 0.0], [2.688063801821386e-24, 3.12853490318766, -0.30702377989763174], [0.0, -0.45480964404765006, 3.1531851316537294]], [[2.321034241887995, 0.0, 0.0], [-1.5193404151768884e-24, 3.12853490318766, -0.30702377989763174], [0.0, -0.45480964404765006, 3.1531851316537294]], [[2.321034241887997, 0.0, 0.0], [-8.181063790105094e-25, 3.12853490318766, 0.30702377989763174], [0.0, 0.45480964404765, 3.153185131653731]], [[2.321034241887995, 0.0, 0.0], [1.2855957294886279e-24, 3.12853490318766, 0.30702377989763174], [0.0, 0.45480964404765, 3.1531851316537294]]]}, "metadata": {"formula": "FeSe2", "nsites": 6, "structure": "# generated using pymatgen\ndata_FeSe2\n_symmetry_space_group_name_H-M   'P 1'\n_cell_length_a   3.54492463\n_cell_length_b   4.72051654\n_cell_length_c   5.68645325\n_cell_angle_alpha   90.00000000\n_cell_angle_beta   90.00000000\n_cell_angle_gamma   90.00000000\n_symmetry_Int_Tables_number   1\n_chemical_formula_structural   FeSe2\n_chemical_formula_sum   'Fe2 Se4'\n_cell_volume   95.156399943\n_cell_formula_units_Z   2\nloop_\n _symmetry_equiv_pos_site_id\n _symmetry_equiv_pos_as_xyz\n  1  'x, y, z'\nloop_\n _atom_site_type_symbol\n _atom_site_label\n _atom_site_symmetry_multiplicity\n _atom_site_fract_x\n _atom_site_fract_y\n _atom_site_fract_z\n _atom_site_occupancy\n  Fe  Fe1  1  0.000000  0.000000  0.000000  1\n  Fe  Fe2  1  0.500000  0.500000  0.500000  1\n  Se  Se3  1  0.000000  0.219166  0.366513  1\n  Se  Se4  1  0.000000  0.780834  0.633487  1\n  Se  Se5  1  0.500000  0.719166  0.133487  1\n  Se  Se6  1  0.500000  0.280834  0.866513  1\n"}}