{"phonon": {"ph_bandstructure": [[-0.00985190937501964, -0.00814614427078204, 0.0, 99.30510257130462, 140.05058603518106, 148.60151115376618, 158.27961103233744, 160.09595754599545, 160.99654859902864, 168.15636619869593, 168.4046121467543, 184.4067547975651, 207.60519401043325, 212.16295016985814, 227.64742343694783, 244.70495794503066, 244.9542542649138, 251.17010223511832, 260.79665155101947, 274.778611955436, 290.52867820309035, 299.1135066245386, 329.31133565219034, 335.63918939829324, 344.62808127750344, 356.0870569827359, 395.9473170083136, 405.9137102743487, 413.29566358477234, 440.3759731397054, 459.4459655966929, 523.6563965819288, 542.5716417425884]]}, "dielectric": {"eps_electronic": [[4.473645322963026, 0.0, 0.0], [0.0, 3.735845786307865, -0.0405940812259714], [0.0, -0.04059408122597168, 3.8182454220787525]], "eps_total": [[21.076426986229347, 0.0, 0.0], [0.0, 8.08273436440776, -0.11337725027028359], [0.0, -0.11337725027028388, 8.585357610438749]], "becs": [[[1.0042442549165775, -4.037174755317749e-17, 9.013931706806384e-18], [2.7752005092334053e-18, 1.171682330452503, -0.05177124932263445], [1.8310059602243618e-17, 0.023253978435997642, 0.707886799875491]], [[0.9498681964224329, 4.037174622968851e-16, -1.0082146505253523e-16], [2.7752005092334053e-18, 1.0787138449852212, -0.06336804360467875], [1.8310059602243618e-17, -0.08996533430830746, 1.2115717611103225]], [[0.9498681964224338, -4.037174755317749e-17, 1.0200837409980427e-17], [4.9557151300752525e-18, 1.0787138449852216, -0.06336804360467875], [2.4766370113647835e-17, -0.08996533430830746, 1.2115717611103225]], [[1.0042442549165775, -4.037174755317749e-17, 1.0200837409980427e-17], [2.7752005092334053e-18, 1.171682330452503, -0.05177124932263445], [1.8310059602243618e-17, 0.023253978435997642, 0.707886799875491]], [[0.7532135746258981, -4.037174755317749e-17, 1.0200837409980427e-17], [2.7752005092334053e-18, 0.8395941901865747, 0.2676291160081715], [1.8310059602243618e-17, 0.17393344851668996, 1.3837658678149078]], [[6.079029372894897, -4.037174755317749e-17, 1.0200837409980427e-17], [2.7752005092334053e-18, 3.4646285293614705, -0.33887891688891647], [1.8310059602243618e-17, -0.14027377407034622, 3.228323413266431]], [[-1.575590612354285, -4.037174755317749e-17, 1.0200837409980427e-17], [2.7752005092334053e-18, -2.1555909068570234, -0.35217967765000224], [1.8310059602243618e-17, -0.38612008047491375, -1.471521276505141]], [[-4.372673693053844, -4.037174755317749e-17, 1.0200837409980427e-17], [4.9557151300752525e-18, -1.2069320675013337, 0.13114364359238906], [2.4766370113647835e-17, 0.06122329300572811, -0.913542427174642]], [[-1.6083064660221003, -4.037174755317749e-17, 1.0200837409980427e-17], [-1.4668916457501372e-17, -1.6434505946660185, 0.43737204921052053], [-8.885157572024794e-17, 0.4053899526105192, -2.2972107114469726]], [[-1.6083064660221003, -4.037174755317749e-17, 1.0200837409980427e-17], [-1.4668916457501372e-17, -1.6434505946660185, 0.4373720492105201], [-8.885157572024794e-17, 0.4053899526105192, -2.2972107114469735]], [[-1.575590612354285, -4.037174755317749e-17, 1.0200837409980427e-17], [2.7752005092334053e-18, -2.1555909068570234, -0.3521796776500016], [1.8310059602243618e-17, -0.38612008047491375, -1.4715212765051393]]]}, "metadata": {"formula": "Na5BiO5", "nsites": 11, "structure": "# generated using pymatgen\ndata_Na5BiO5\n_symmetry_space_group_name_H-M   'P 1'\n_cell_length_a   5.89910027\n_cell_length_b   5.89910027\n_cell_length_c   6.53070790\n_cell_angle_alpha   72.82310923\n_cell_angle_beta   72.82310923\n_cell_angle_gamma   45.27803039\n_symmetry_Int_Tables_number   1\n_chemical_formula_structural   Na5BiO5\n_chemical_formula_sum   'Na5 Bi1 O5'\n_cell_volume   152.988560216\n_cell_formula_units_Z   1\nloop_\n _symmetry_equiv_pos_site_id\n _symmetry_equiv_pos_as_xyz\n  1  'x, y, z'\nloop_\n _atom_site_type_symbol\n _atom_site_label\n _atom_site_symmetry_multiplicity\n _atom_site_fract_x\n _atom_site_fract_y\n _atom_site_fract_z\n _atom_site_occupancy\n  Na  Na1  1  0.679017  0.679017  0.143122  1\n  Na  Na2  1  0.696070  0.696070  0.674730  1\n  Na  Na3  1  0.303930  0.303930  0.325270  1\n  Na  Na4  1  0.320983  0.320983  0.856878  1\n  Na  Na5  1  0.000000  0.000000  0.500000  1\n  Bi  Bi6  1  0.000000  0.000000  0.000000  1\n  O  O7  1  0.138581  0.138581  0.162974  1\n  O  O8  1  0.500000  0.500000  0.000000  1\n  O  O9  1  0.149951  0.149951  0.694641  1\n  O  O10  1  0.850049  0.850049  0.305359  1\n  O  O11  1  0.861419  0.861419  0.837026  1\n"}}