{"phonon": {"ph_bandstructure": [[-0.00499027391087326, -0.00470188696517338, 0.0, 36.25794983861207, 37.94849663848444, 54.82417846397692, 73.19744168068345, 78.46191369603618, 80.49736882323636, 93.93459893156546, 102.59803512295194, 110.01486539518648, 190.08946260680133, 190.089462607141, 206.7795426632766, 219.26332246845917, 224.92392643264603, 239.14316051268338, 530.4513564232254, 622.2272161712261, 682.9760497600596]]}, "dielectric": {"eps_electronic": [[4.5850612937362465, 0.0, -0.3343349795191827], [0.0, 5.521146912203037, 0.0], [-0.33433497951918295, 0.0, 5.401734888005738]], "eps_total": [[8.634844427677596, -1.7319479184152442e-14, -1.4806162449326177], [-1.9405193347380138e-14, 12.780338195431625, 2.8301829763636256e-14], [-1.4806162449326172, 2.842170943040401e-14, 12.251517121687657]], "becs": [[[0.9204987012048576, 0.0, -0.16081289154624545], [0.0, 1.3707496299367163, 0.0], [-0.16081289154803663, 0.0, 1.3133132440516508]], [[1.4388684225033948, 0.0, 0.09617423759914234], [0.0, 1.1695956087212978, 0.0], [0.09617423760021397, 0.0, 1.203945470662298]], [[1.7506734381513982, 0.0, -0.31012813768929504], [0.0, 2.6189836878948514, 0.0], [-0.31012813769274983, 0.0, 2.5082174475837204]], [[1.7506734381513982, 0.0, -0.31012813768929504], [0.0, 2.6189836878948514, 0.0], [-0.31012813769274983, 0.0, 2.5082174475837204]], [[-1.3658278612667534, 0.32132826439333495, -0.32937396327645563], [1.3091806466941773, -3.391560061105273, 1.9367322425196916], [-0.9349968396168772, 1.5839080996274215, -2.300185485484591]], [[-3.1290582775236526, 0.0, 1.3436428557052842], [0.0, -0.9951924917980131, 0.0], [2.5548886083937568, 0.0, -2.9333226385349533]], [[-1.3658278612667534, -0.32132826439333495, -0.32937396327645563], [-1.3091806466941773, -3.391560061105273, -1.9367322425196916], [-0.9349968396168772, -1.5839080996274215, -2.300185485484591]]]}, "metadata": {"formula": "Rb2Sn2O3", "nsites": 7, "structure": "# generated using pymatgen\ndata_Rb2Sn2O3\n_symmetry_space_group_name_H-M   'P 1'\n_cell_length_a   6.08756314\n_cell_length_b   6.08756314\n_cell_length_c   6.08756314\n_cell_angle_alpha   60.44849637\n_cell_angle_beta   60.44849637\n_cell_angle_gamma   60.44849637\n_symmetry_Int_Tables_number   1\n_chemical_formula_structural   Rb2Sn2O3\n_chemical_formula_sum   'Rb2 Sn2 O3'\n_cell_volume   161.13754298\n_cell_formula_units_Z   1\nloop_\n _symmetry_equiv_pos_site_id\n _symmetry_equiv_pos_as_xyz\n  1  'x, y, z'\nloop_\n _atom_site_type_symbol\n _atom_site_label\n _atom_site_symmetry_multiplicity\n _atom_site_fract_x\n _atom_site_fract_y\n _atom_site_fract_z\n _atom_site_occupancy\n  Rb  Rb1  1  0.500000  0.500000  0.500000  1\n  Rb  Rb2  1  0.000000  0.000000  0.000000  1\n  Sn  Sn3  1  0.237635  0.237635  0.237635  1\n  Sn  Sn4  1  0.762365  0.762365  0.762365  1\n  O  O5  1  0.000000  0.500000  0.000000  1\n  O  O6  1  0.000000  0.000000  0.500000  1\n  O  O7  1  0.500000  0.000000  1.000000  1\n"}}