{"phonon": {"ph_bandstructure": [[0.0, 0.0, 0.0, 70.08979807132673, 70.08979808127349, 71.42021325977765, 71.42021326963363, 100.79142767516224, 100.79535932307124, 154.1556277086944, 173.86400720969766, 182.86039091346248, 250.74816750830232, 250.74816752043813, 252.68322215440688, 361.0128963129646, 361.01289632915933, 362.0570957011824, 362.0570957174174, 448.62905396248607, 515.4535753341303, 519.3817520346533, 571.1706379474549, 585.5416283035381]]}, "dielectric": {"eps_electronic": [[4.269839520892685, 4.440892098500626e-16, -1.6997153606441565e-23], [2.220446049250313e-16, 4.2698395207905575, 0.0], [-8.498576803220782e-24, -1.4719966814974812e-23, 3.7781821091026937]], "eps_total": [[21.818473799737653, 1.4210854715202004e-14, -1.6997153606441565e-23], [1.7763568394002505e-14, 21.81847379939564, 0.0], [-8.498576803220782e-24, -1.4719966814974812e-23, 11.09200517655411]], "becs": [[[1.0427453452653397, 9.71445146547012e-17, 6.057526685717924e-23], [6.661338147750939e-16, 1.0427453452653404, 7.729272345971219e-23], [0.0, 0.0, 1.8981187544142408]], [[1.0427453452653397, -1.249000902703301e-16, 7.276200693495495e-23], [-2.220446049250313e-16, 1.04274534526534, 9.591747610060669e-23], [0.0, 0.0, 1.8981187544142426]], [[4.274470873681787, -4.579669976578771e-16, 1.9283724005421559e-22], [-6.661338147750939e-16, 4.274470873681788, 6.614891312957699e-22], [0.0, 0.0, 2.3576365015944876]], [[4.274470873681788, 3.191891195797325e-16, -5.240298233443554e-22], [6.661338147750939e-16, 4.274470873681789, -1.1364203236385797e-21], [0.0, 0.0, 2.357636501594486]], [[-2.6586081094735645, 3.191891195797325e-16, 5.519876388168995e-23], [-2.220446049250313e-16, -2.6586081094735645, 1.0522985242105394e-22], [0.0, 0.0, -2.1278776280043643]], [[-2.6586081094735636, 9.71445146547012e-17, 4.372889086731282e-23], [2.220446049250313e-16, -2.6586081094735645, 2.5764241153237386e-23], [0.0, 0.0, -2.127877628004365]], [[-2.6586081094735645, -1.249000902703301e-16, 3.225901785293568e-23], [-2.220446049250313e-16, -2.6586081094735645, 4.563064397019153e-23], [0.0, 0.0, -2.1278776280043643]], [[-2.6586081094735645, -1.249000902703301e-16, 6.66686368960671e-23], [-2.220446049250313e-16, -2.6586081094735645, 1.2509625523800807e-22], [0.0, 0.0, -2.1278776280043643]]]}, "metadata": {"formula": "RbScO2", "nsites": 8, "structure": "# generated using pymatgen\ndata_RbScO2\n_symmetry_space_group_name_H-M   'P 1'\n_cell_length_a   3.23089971\n_cell_length_b   3.23089971\n_cell_length_c   12.65796961\n_cell_angle_alpha   90.00000000\n_cell_angle_beta   90.00000000\n_cell_angle_gamma   120.00000000\n_symmetry_Int_Tables_number   1\n_chemical_formula_structural   RbScO2\n_chemical_formula_sum   'Rb2 Sc2 O4'\n_cell_volume   114.43045802\n_cell_formula_units_Z   2\nloop_\n _symmetry_equiv_pos_site_id\n _symmetry_equiv_pos_as_xyz\n  1  'x, y, z'\nloop_\n _atom_site_type_symbol\n _atom_site_label\n _atom_site_symmetry_multiplicity\n _atom_site_fract_x\n _atom_site_fract_y\n _atom_site_fract_z\n _atom_site_occupancy\n  Rb  Rb1  1  0.333333  0.666667  0.250000  1\n  Rb  Rb2  1  0.666667  0.333333  0.750000  1\n  Sc  Sc3  1  -0.000000  -0.000000  -0.000000  1\n  Sc  Sc4  1  -0.000000  -0.000000  0.500000  1\n  O  O5  1  0.333333  0.666667  0.584459  1\n  O  O6  1  0.666667  0.333333  0.084459  1\n  O  O7  1  0.333333  0.666667  0.915541  1\n  O  O8  1  0.666667  0.333333  0.415541  1\n"}}