{"phonon": {"ph_bandstructure": [[0.0, 0.0, 0.0, 44.361040008738435, 44.467786635417056, 57.58296889573008, 61.174188099280016, 70.28784837531535, 71.5552535355601, 73.88162836030888, 76.52836962503655, 78.64468728706525, 82.74120612890346, 90.6962414135598, 99.99498661030776, 106.59315326793168, 109.81017460216586, 119.22087935674921, 135.32376988899742, 137.25612325843937, 138.26043031117223, 147.8660706561378, 159.1211029738338, 178.09482511806695, 226.12532823606773, 227.05991377925133, 443.8996813765544, 451.88127153425603, 454.4277440218662, 460.43935894769754]]}, "dielectric": {"eps_electronic": [[4.950876215502323, 0.0, 0.0], [0.0, 3.4566020804739743, 0.0], [0.0, 0.0, 4.003101355904754]], "eps_total": [[9.083769330294901, 0.0, 0.0], [0.0, 5.979281005372816, 0.0], [0.0, 0.0, 7.012635222548092]], "becs": [[[1.2825874443784058, -4.440892098500626e-16, -2.0370045689053604e-17], [-4.440892098500626e-16, 1.3301191807922796, 0.03225826369363795], [8.326672808765766e-18, -0.012639252464591692, 1.1025402762126701]], [[1.2825874443784058, 4.440892098500626e-16, -2.0370045689053604e-17], [4.440892098500626e-16, 1.3301191807922796, -0.03225826369363795], [6.468798060262253e-18, 0.012639252464591692, 1.1025402762126693]], [[0.944783969497202, 2.220446049250313e-16, -2.2204460823375376e-17], [8.881784197001252e-16, 1.3249031041200294, -0.06614440106745151], [8.326672808765766e-18, -0.07566228386412299, 1.1946721429305815]], [[0.944783969497202, -2.220446049250313e-16, -2.2204460823375376e-17], [-8.881784197001252e-16, 1.3249031041200294, 0.06614440106745151], [8.326672808765766e-18, 0.07566228386412299, 1.1946721429305807]], [[-1.870430072936747, -0.3241307442200687, -0.5585117881524666], [-0.1591676603333556, -1.0248521260876662, -0.09716344683333814], [-0.1683199902196172, -0.12730212918440748, -1.0757961283811033]], [[-1.8704300729367482, -0.3241307442200685, 0.5585117881524667], [-0.15916766033335517, -1.024852126087668, 0.09716344683333819], [0.16831999021961713, 0.12730212918440742, -1.0757961283811046]], [[-1.8704300729367482, 0.3241307442200685, 0.5585117881524667], [0.15916766033335517, -1.024852126087668, -0.09716344683333819], [0.16831999021961713, -0.12730212918440742, -1.0757961283811046]], [[-1.870430072936747, 0.3241307442200687, -0.5585117881524666], [0.1591676603333556, -1.0248521260876662, 0.09716344683333814], [-0.1683199902196172, 0.12730212918440748, -1.0757961283811033]], [[1.5134887320022428, 0.0, -2.2204460823375376e-17], [0.0, -0.6053180327361565, -0.4099696367499341], [8.326672808765766e-18, -0.46207378538277294, -0.1456201623800742]], [[1.5134887320022428, 0.0, -2.2204460823375376e-17], [0.0, -0.6053180327361565, 0.4099696367499341], [8.326672808765766e-18, 0.46207378538277294, -0.1456201623800742]]]}, "metadata": {"formula": "Rb2S3", "nsites": 10, "structure": "# generated using pymatgen\ndata_Rb2S3\n_symmetry_space_group_name_H-M   'P 1'\n_cell_length_a   6.39471800\n_cell_length_b   6.39471800\n_cell_length_c   7.59400574\n_cell_angle_alpha   90.00000000\n_cell_angle_beta   90.00000000\n_cell_angle_gamma   109.79282740\n_symmetry_Int_Tables_number   1\n_chemical_formula_structural   Rb2S3\n_chemical_formula_sum   'Rb4 S6'\n_cell_volume   292.191701612\n_cell_formula_units_Z   2\nloop_\n _symmetry_equiv_pos_site_id\n _symmetry_equiv_pos_as_xyz\n  1  'x, y, z'\nloop_\n _atom_site_type_symbol\n _atom_site_label\n _atom_site_symmetry_multiplicity\n _atom_site_fract_x\n _atom_site_fract_y\n _atom_site_fract_z\n _atom_site_occupancy\n  Rb  Rb1  1  0.920956  0.079044  0.809984  1\n  Rb  Rb2  1  0.079044  0.920956  0.309984  1\n  Rb  Rb3  1  0.397166  0.602834  0.538762  1\n  Rb  Rb4  1  0.602834  0.397166  0.038762  1\n  S  S5  1  0.889447  0.566776  0.654323  1\n  S  S6  1  0.110553  0.433224  0.154323  1\n  S  S7  1  0.433224  0.110553  0.654323  1\n  S  S8  1  0.566776  0.889447  0.154323  1\n  S  S9  1  0.296983  0.703017  0.000008  1\n  S  S10  1  0.703017  0.296983  0.500008  1\n"}}