{"phonon": {"ph_bandstructure": [[-0.011157241820544889, -0.010896489063306666, -0.004714477156712883, 115.24800192138264, 118.32807066861646, 283.66682588115304, 373.01957047563104, 382.6297116069601, 437.1203896817497, 455.08252599512247, 492.25149202957687, 688.5300394814439, 708.0386331656207, 724.652343052335, 1089.545779282489, 1097.2866786682132, 1097.8495582126263, 1222.2866148110256]]}, "dielectric": {"eps_electronic": [[2.139729134392047, 4.726428684179065e-17, -8.295311274931833e-17], [4.726428684179065e-17, 2.139729134392047, -8.295311274931833e-17], [2.541291814388204e-17, 2.541291814388204e-17, 2.148475830876822]], "eps_total": [[3.7140305557516107, 3.6427890551944026e-12, 7.113514140959765e-16], [3.643294358024293e-12, 3.714030555757656, -3.0187105686991246e-16], [6.835825947654008e-16, -2.045958249347244e-16, 3.822748050658888]], "becs": [[[2.8022045141127174, 0.33216211158139963, 6.013708270634428e-17], [-0.33216211158139985, 2.802204514112717, -9.598803468106173e-17], [-2.0122792983075452e-16, 1.1796119884796472e-16, 2.8714439865433192]], [[3.5089347645518965, -0.3671317564120268, 1.0177044612978765e-16], [0.36713175641202656, 3.5089347645518965, -7.864079992129366e-17], [-2.220446115424762e-16, -2.7755573134087076e-17, 3.556554767845339]], [[-1.024292450475635, -0.11162037629590292, -0.08423160558603193], [-0.1291051987110471, -2.1312771888747672, -0.8708833488032199], [-0.08670399722706246, -0.8567957992373714, -1.6069996886060616]], [[-2.1312771888747672, 0.12910519871104742, 0.8708833488032202], [0.1116203762959035, -1.0242924504756354, -0.08423160558603182], [0.8567957992373716, -0.08670399722706215, -1.6069996886060611]], [[-1.0242924504756363, -0.11162037629590381, 0.0842316055860321], [-0.1291051987110473, -2.1312771888747672, 0.8708833488032197], [0.08670399722706246, 0.8567957992373718, -1.6069996886060607]], [[-2.1312771888747672, 0.12910519871104675, -0.8708833488032206], [0.11162037629590373, -1.0242924504756354, 0.0842316055860321], [-0.8567957992373711, 0.08670399722706143, -1.6069996886060611]]]}, "metadata": {"formula": "AlPO4", "nsites": 6, "structure": "# generated using pymatgen\ndata_AlPO4\n_symmetry_space_group_name_H-M   'P 1'\n_cell_length_a   5.14344224\n_cell_length_b   5.14344224\n_cell_length_c   5.14344224\n_cell_angle_alpha   121.23672819\n_cell_angle_beta   121.23672819\n_cell_angle_gamma   87.87094720\n_symmetry_Int_Tables_number   1\n_chemical_formula_structural   AlPO4\n_chemical_formula_sum   'Al1 P1 O4'\n_cell_volume   94.3465273459\n_cell_formula_units_Z   1\nloop_\n _symmetry_equiv_pos_site_id\n _symmetry_equiv_pos_as_xyz\n  1  'x, y, z'\nloop_\n _atom_site_type_symbol\n _atom_site_label\n _atom_site_symmetry_multiplicity\n _atom_site_fract_x\n _atom_site_fract_y\n _atom_site_fract_z\n _atom_site_occupancy\n  Al  Al1  1  0.000000  0.000000  0.000000  1\n  P  P2  1  0.750000  0.250000  0.500000  1\n  O  O3  1  0.401643  0.037847  0.174780  1\n  O  O4  1  0.962153  0.136933  0.363795  1\n  O  O5  1  0.863067  0.226863  0.825220  1\n  O  O6  1  0.773137  0.598357  0.636205  1\n"}}