{"phonon": {"ph_bandstructure": [[0.0, 0.0, 0.0, 137.8586087102155, 137.85860871315944, 140.82274430003255, 183.89139712708518, 185.04324718705604, 185.04324718929055, 186.5052810046389, 191.29091652194552, 238.12287287746906, 337.81344242172503, 341.1809507091559, 414.46394136084706, 416.2059275241341, 416.20592752529456, 445.22090115237336]]}, "dielectric": {"eps_electronic": [[4.014394369386615, 0.0, 1.4291741260515122e-22], [0.0, 4.014394369386615, 1.4291741260515122e-22], [1.4291741260515125e-22, 1.4291741260515125e-22, 3.9532378191988]], "eps_total": [[10.101856802422198, 2.8973016070717515e-15, 1.4291741260515122e-22], [2.8973016070717515e-15, 10.101856802617482, 1.4291741260515122e-22], [1.4291741260515125e-22, 1.4291741260515125e-22, 8.411859587065925]], "becs": [[[1.10175064611995, 0.0, 0.0], [0.0, 1.1017506461199515, 0.0], [1.915095828846412e-22, 1.915095828846412e-22, 1.2055800808297183]], [[1.10175064611995, 0.0, 0.0], [0.0, 1.1017506461199524, 0.0], [-2.7358509045187e-23, -2.7358509045187e-23, 1.2055800808297183]], [[0.8948866754085811, 0.0, 0.0], [0.0, 0.8948866754085796, 0.0], [5.471702542849857e-23, 5.471702542849857e-23, 0.6775032021125429]], [[0.8948866754085811, 0.0, 0.0], [0.0, 0.8948866754085796, 0.0], [5.471702542849857e-23, 5.471702542849857e-23, 0.6775032021125429]], [[-1.996637321623116, 0.0, 0.0], [0.0, -1.9966373216231161, 0.0], [-1.367925550101011e-22, -1.367925550101011e-22, -1.8830832829353827]], [[-1.996637321623116, 0.0, 0.0], [0.0, -1.9966373216231161, 0.0], [-1.367925550101011e-22, -1.367925550101011e-22, -1.8830832829353827]]]}, "metadata": {"formula": "NaLiS", "nsites": 6, "structure": "# generated using pymatgen\ndata_NaLiS\n_symmetry_space_group_name_H-M   'P 1'\n_cell_length_a   3.99324917\n_cell_length_b   3.99324917\n_cell_length_c   6.48318518\n_cell_angle_alpha   90.00000000\n_cell_angle_beta   90.00000000\n_cell_angle_gamma   90.00000000\n_symmetry_Int_Tables_number   1\n_chemical_formula_structural   NaLiS\n_chemical_formula_sum   'Na2 Li2 S2'\n_cell_volume   103.381123165\n_cell_formula_units_Z   2\nloop_\n _symmetry_equiv_pos_site_id\n _symmetry_equiv_pos_as_xyz\n  1  'x, y, z'\nloop_\n _atom_site_type_symbol\n _atom_site_label\n _atom_site_symmetry_multiplicity\n _atom_site_fract_x\n _atom_site_fract_y\n _atom_site_fract_z\n _atom_site_occupancy\n  Na  Na1  1  0.500000  0.000000  0.649544  1\n  Na  Na2  1  0.000000  0.500000  0.350456  1\n  Li  Li3  1  0.500000  0.500000  0.000000  1\n  Li  Li4  1  0.000000  0.000000  0.000000  1\n  S  S5  1  0.500000  0.000000  0.216310  1\n  S  S6  1  0.000000  0.500000  0.783690  1\n"}}