{"phonon": {"ph_bandstructure": [[0.0, 0.0, 0.0, 80.42923622057134, 80.42923622636101, 92.72129499758894, 141.45851794699152, 151.3853849114053, 155.91476541749884, 165.02586213205922, 169.68666283167119, 207.37115367895922, 207.3711536812926, 210.9652580046698, 244.07773870703028, 315.109132246282, 364.13286016332455, 421.8862121811903, 515.9794548083908, 531.7572782847108, 644.8942714771943]]}, "dielectric": {"eps_electronic": [[4.5059303168432425, 5.935701698466437e-17, -3.0868209719530474e-15], [5.935701698466437e-17, 4.5059303168432425, -3.0868209719530474e-15], [-2.902845777549887e-15, -2.902845777549887e-15, 4.649513078087193]], "eps_total": [[51.60407896455602, -2.2907457820945274e-14, 3.4150504804240578e-15], [-1.971713399305658e-14, 51.604078968641105, -1.308614624896988e-14], [-8.694277524797567e-15, -6.029742265697192e-15, 19.88299528202238]], "becs": [[[2.5294988212171052, -4.758098691145196e-16, -3.193606479982308e-17], [-3.172065727922348e-16, 2.5294988212171057, -2.1540553536613433e-19], [1.2688263308736086e-15, 1.649474242047092e-15, 2.9876852644118306]], [[2.5294988212171052, -4.758098691145196e-16, -3.193606479982308e-17], [-3.172065727922348e-16, 2.5294988212171057, -2.1540553536613433e-19], [1.2688263308736086e-15, 1.649474242047092e-15, 2.9876852644118306]], [[5.922853083905945, 6.34413155510637e-16, 1.9066859450714562e-16], [1.268826370578278e-16, 5.922853083905945, -2.2169995607846004e-16], [-5.075305085266418e-16, -1.903239436753409e-15, 5.188327749359612]], [[-2.122235638665118, 4.1236855058560566e-16, -3.159141594940007e-17], [5.709718469078904e-16, -2.122235638665118, 1.292433150568798e-19], [-2.2838873479268923e-15, -1.903239436753409e-15, -3.801653181979358]], [[-2.122235638665118, 4.1236855058560566e-16, -3.159141594940007e-17], [5.709718469078904e-16, -2.122235638665118, 1.292433150568798e-19], [-2.2838873479268923e-15, -1.903239436753409e-15, -3.801653181979358]], [[-2.0596906381391715, -4.758098691145196e-16, -3.6487372886846144e-16], [-3.172065727922348e-16, -4.6776888104107, 4.440030476336051e-16], [3.806479111734834e-16, 2.5376526617472173e-15, -1.7801959571053916]], [[-4.6776888104107, -3.172065926445695e-17, 3.012600859066325e-16], [-3.172065727922348e-16, -2.0596906381391715, -2.2213076714148883e-16], [2.157004750573734e-15, -1.268825973531584e-16, -1.7801959571053925]]]}, "metadata": {"formula": "Ba2ZrO4", "nsites": 7, "structure": "# generated using pymatgen\ndata_Ba2ZrO4\n_symmetry_space_group_name_H-M   'P 1'\n_cell_length_a   7.30848778\n_cell_length_b   7.30848778\n_cell_length_c   7.30848778\n_cell_angle_alpha   146.82135541\n_cell_angle_beta   146.82135541\n_cell_angle_gamma   47.62836769\n_symmetry_Int_Tables_number   1\n_chemical_formula_structural   Ba2ZrO4\n_chemical_formula_sum   'Ba2 Zr1 O4'\n_cell_volume   116.449874896\n_cell_formula_units_Z   1\nloop_\n _symmetry_equiv_pos_site_id\n _symmetry_equiv_pos_as_xyz\n  1  'x, y, z'\nloop_\n _atom_site_type_symbol\n _atom_site_label\n _atom_site_symmetry_multiplicity\n _atom_site_fract_x\n _atom_site_fract_y\n _atom_site_fract_z\n _atom_site_occupancy\n  Ba  Ba1  1  0.353132  0.353132  0.000000  1\n  Ba  Ba2  1  0.646868  0.646868  0.000000  1\n  Zr  Zr3  1  0.000000  0.000000  0.000000  1\n  O  O4  1  0.157714  0.157714  0.000000  1\n  O  O5  1  0.842286  0.842286  0.000000  1\n  O  O6  1  0.500000  1.000000  0.500000  1\n  O  O7  1  0.000000  0.500000  0.500000  1\n"}}