{"phonon": {"ph_bandstructure": [[0.0, 0.0, 0.0, 36.21527865376974, 36.21527866353469, 36.43917020864486, 101.40893857980403, 101.40893858337981, 117.05213172472263, 117.67083762582575, 117.67083762663319, 117.67083762893765]]}, "dielectric": {"eps_electronic": [[37.9682100215118, 1.5854623211577203e-14, 1.0658141036401503e-14], [8.682497142315331e-15, 37.96821002151181, 7.105427357601002e-15], [1.7088490474426868e-15, 1.236699008384419e-14, 37.968210021511794]], "eps_total": [[51.21292707692414, -8.483173907096321e-14, 4.192202140984591e-13], [-8.771859126412988e-14, 51.21292707784535, -3.552713678800501e-14], [4.180841085864863e-13, -3.3110528621177296e-14, 51.212927078474024]], "becs": [[[2.971577210541097, 0.0, 0.0], [0.0, 2.971577210541097, 0.0], [1.0612291243125364e-19, 1.0612291243125364e-19, 2.971577210541097]], [[2.971577210541097, 0.0, 0.0], [0.0, 2.971577210541097, 0.0], [1.0612291243125364e-19, 1.0612291243125364e-19, 2.971577210541097]], [[-4.855795792486505, 0.0, 0.0], [0.0, -4.855795792486505, 0.0], [4.2842335886254153e-19, 4.2842335886254153e-19, -4.855795792486505]], [[-1.0873586285956889, 0.0, 0.0], [0.0, -1.0873586285956889, 0.0], [-6.406691837250489e-19, -6.406691837250489e-19, -1.0873586285956889]]]}, "metadata": {"formula": "Sr2BiAu", "nsites": 4, "structure": "# generated using pymatgen\ndata_Sr2BiAu\n_symmetry_space_group_name_H-M   'P 1'\n_cell_length_a   5.55065236\n_cell_length_b   5.55065236\n_cell_length_c   5.55065236\n_cell_angle_alpha   60.00000000\n_cell_angle_beta   60.00000000\n_cell_angle_gamma   60.00000000\n_symmetry_Int_Tables_number   1\n_chemical_formula_structural   Sr2BiAu\n_chemical_formula_sum   'Sr2 Bi1 Au1'\n_cell_volume   120.925276057\n_cell_formula_units_Z   1\nloop_\n _symmetry_equiv_pos_site_id\n _symmetry_equiv_pos_as_xyz\n  1  'x, y, z'\nloop_\n _atom_site_type_symbol\n _atom_site_label\n _atom_site_symmetry_multiplicity\n _atom_site_fract_x\n _atom_site_fract_y\n _atom_site_fract_z\n _atom_site_occupancy\n  Sr  Sr1  1  0.750000  0.750000  0.750000  1\n  Sr  Sr2  1  0.250000  0.250000  0.250000  1\n  Bi  Bi3  1  0.000000  0.000000  0.000000  1\n  Au  Au4  1  0.500000  0.500000  0.500000  1\n"}}