{"phonon": {"ph_bandstructure": [[0.0, 0.0, 0.0, 110.79753717581912, 111.44134806863191, 111.45173730476355, 184.0832646694675, 187.77119222400546, 196.88853887311203, 197.0554130432006, 197.54284534325305, 238.44530135528242, 243.119004791648, 283.2095710272103, 285.17644065663995, 295.2525656292622, 298.30352917781545, 303.90518734263827, 304.37732405813426, 308.1496024195783, 321.96969068186945, 395.12505397198737, 415.928140164465, 469.95570444521564, 485.43341526449836, 497.7669008792732, 503.534352289143]]}, "dielectric": {"eps_electronic": [[4.280060964444992, 6.09381817770269e-16, -3.52531240382551e-16], [4.888328545044381e-16, 4.280060964444993, -4.954810299715589e-16], [-1.0381541416770378e-15, -1.926332561377163e-15, 4.3184333390314045]], "eps_total": [[6.905047855531354, 3.799939540999008e-17, 2.996981884880582e-17], [-1.9770894157593564e-16, 6.905047855562409, -1.262183730524462e-16], [-2.4175484241856357e-16, -1.5740224719687513e-15, 6.908156834292736]], "becs": [[[0.4260167530910024, -6.167905324726153e-18, -1.833137072317345e-17], [-5.551115205843844e-17, 1.4502083516532998, 5.568349689585314e-17], [2.960594737848288e-16, -2.481541837659083e-24, 0.45997875062556226]], [[1.4502083516532998, 1.048543971377895e-16, 1.1701786253623679e-16], [-1.665334545209541e-16, 0.4260167530910022, -3.101187476976792e-17], [7.401486885979751e-17, -3.330669098690888e-16, 0.45997875062556226]], [[1.0847139129829304, -0.40546880125878776, 4.938128689157079e-17], [-0.4054688012587879, 1.0847139129829304, -4.3137299183176104e-17], [2.960594737848288e-16, 1.1102229998097382e-16, 1.3661625914473912]], [[1.0847139129829306, 0.4054688012587881, 7.709882152216059e-17], [0.4054688012587878, 1.0847139129829304, -7.093091578384413e-17], [-1.480297360652338e-16, -7.771561197191514e-16, 1.3661625914473907]], [[2.3299386173607344, 4.9343245906531674e-17, 4.9267163936453447e-17], [-5.551115131397589e-16, 2.3299386173607344, -4.325142213829344e-17], [7.401486885979751e-17, -3.330669098690888e-16, 2.2790632369072803]], [[-1.5938978870176368, 0.6209596210222537, 0.573293956692793], [0.620959621022254, -1.5938978870176366, -0.573293956692793], [0.5849157576489743, -0.584915757648976, -1.48283648026346]], [[-1.5938978870176364, -0.6209596210222539, -0.5732939566927937], [-0.6209596210222538, -1.5938978870176366, -0.5732939566927935], [-0.5849157576489739, -0.5849157576489737, -1.4828364802634582]], [[-1.5938978870176368, 0.6209596210222528, -0.5732939566927935], [0.6209596210222538, -1.5938978870176357, 0.5732939566927935], [-0.5849157576489765, 0.5849157576489753, -1.48283648026346]], [[-1.5938978870176372, -0.6209596210222532, 0.5732939566927939], [-0.6209596210222531, -1.593897887017637, 0.573293956692793], [0.5849157576489752, 0.5849157576489757, -1.48283648026346]]]}, "metadata": {"formula": "Li4TiS4", "nsites": 9, "structure": "# generated using pymatgen\ndata_Li4TiS4\n_symmetry_space_group_name_H-M   'P 1'\n_cell_length_a   6.70399112\n_cell_length_b   6.70399112\n_cell_length_c   6.70399112\n_cell_angle_alpha   128.46822336\n_cell_angle_beta   128.46822336\n_cell_angle_gamma   75.86774302\n_symmetry_Int_Tables_number   1\n_chemical_formula_structural   Li4TiS4\n_chemical_formula_sum   'Li4 Ti1 S4'\n_cell_volume   179.619250719\n_cell_formula_units_Z   1\nloop_\n _symmetry_equiv_pos_site_id\n _symmetry_equiv_pos_as_xyz\n  1  'x, y, z'\nloop_\n _atom_site_type_symbol\n _atom_site_label\n _atom_site_symmetry_multiplicity\n _atom_site_fract_x\n _atom_site_fract_y\n _atom_site_fract_z\n _atom_site_occupancy\n  Li  Li1  1  0.500000  0.000000  0.500000  1\n  Li  Li2  1  0.000000  0.500000  0.500000  1\n  Li  Li3  1  0.283935  0.283935  0.000000  1\n  Li  Li4  1  0.716065  0.716065  0.000000  1\n  Ti  Ti5  1  0.000000  0.000000  0.000000  1\n  S  S6  1  0.655864  0.099656  0.000000  1\n  S  S7  1  0.344136  0.344136  0.443792  1\n  S  S8  1  0.099656  0.655864  1.000000  1\n  S  S9  1  0.900344  0.900344  0.556208  1\n"}}