{"phonon": {"ph_bandstructure": [[0.0, 0.0, 0.0, 52.59101400331514, 52.591014009195064, 52.591014011309696, 73.81282671025843, 73.81282671298071, 73.81282672107172, 82.60779787555781, 82.60779788523824, 122.21231991296177, 198.3212133275082, 198.3212133286068, 198.32121333170386, 305.77077212580366, 305.7707721268151, 305.77077212717865, 321.53881045782356, 321.5388104606105, 351.47088164684436, 458.90828353234417, 458.9082835336884, 572.9339454156202, 572.9339454175771, 576.5473707912347, 610.3583640263207]]}, "dielectric": {"eps_electronic": [[2.021671497236256, 5.2444003932291545e-16, 4.440892098500626e-16], [2.8761930049940235e-16, 2.021671497236256, 6.661338147750939e-16], [3.932906481741733e-16, 6.153352530992047e-16, 2.021671497236256]], "eps_total": [[6.000273550798502, -1.985558987808475e-11, -2.0404700151743782e-10], [-1.985585120356742e-11, 6.000273551314946, -3.5988989566249074e-12], [-2.0404738969819288e-10, -3.600175315799672e-12, 6.000273552086247]], "becs": [[[1.2296913441789905, 4.9343245906531674e-17, 4.9343245906531674e-17], [4.9343245906531674e-17, 1.2296913441789905, 4.9343245906531674e-17], [4.933245241011348e-17, 4.933245241011349e-17, 1.2296913441789905]], [[1.2296913441789905, 4.9343245906531674e-17, 4.9343245906531674e-17], [4.9343245906531674e-17, 1.2296913441789905, 4.9343245906531674e-17], [4.933245241011348e-17, 4.933245241011349e-17, 1.2296913441789905]], [[3.172854486106515, 4.9343245906531674e-17, 4.9343245906531674e-17], [4.9343245906531674e-17, 3.172854486106515, 4.9343245906531674e-17], [4.907461804450092e-17, 4.907461804450093e-17, 3.172854486106515]], [[-0.809723304765093, 1.1595662705316882e-15, -1.2829243836436562e-15], [1.1595662705316882e-15, -0.8097233047650929, -1.2829243836436562e-15], [4.957567492592107e-17, 4.9575674925921085e-17, -1.19667197770693]], [[-0.8097233047650921, -1.2829243836436562e-15, 1.1595662705316882e-15], [4.934324557565943e-16, -1.19667197770693, -3.9474596394353094e-16], [1.603611819585041e-15, -1.7270572542904285e-15, -0.8097233047650926]], [[-0.8097233047650921, -1.2829243836436562e-15, 1.1595662705316882e-15], [4.934324557565943e-16, -1.19667197770693, -3.9474596394353094e-16], [1.603611819585041e-15, -1.7270572542904285e-15, -0.8097233047650926]], [[-0.809723304765093, 1.1595662705316882e-15, -1.2829243836436562e-15], [1.1595662705316882e-15, -0.8097233047650929, -1.2829243836436562e-15], [4.957567492592107e-17, 4.9575674925921085e-17, -1.19667197770693]], [[-1.19667197770693, 4.9343245906531674e-17, 4.9343245906531674e-17], [-1.7270135934937188e-15, -0.8097233047650925, 1.6036554803817508e-15], [-1.7270572542904287e-15, 1.603611819585041e-15, -0.8097233047650926]], [[-1.19667197770693, 4.9343245906531674e-17, 4.9343245906531674e-17], [-1.7270135934937188e-15, -0.8097233047650925, 1.6036554803817508e-15], [-1.7270572542904287e-15, 1.603611819585041e-15, -0.8097233047650926]]]}, "metadata": {"formula": "Rb2GeF6", "nsites": 9, "structure": "# generated using pymatgen\ndata_Rb2GeF6\n_symmetry_space_group_name_H-M   'P 1'\n_cell_length_a   6.03329409\n_cell_length_b   6.03329409\n_cell_length_c   6.03329409\n_cell_angle_alpha   60.00000000\n_cell_angle_beta   60.00000000\n_cell_angle_gamma   60.00000000\n_symmetry_Int_Tables_number   1\n_chemical_formula_structural   Rb2GeF6\n_chemical_formula_sum   'Rb2 Ge1 F6'\n_cell_volume   155.291787244\n_cell_formula_units_Z   1\nloop_\n _symmetry_equiv_pos_site_id\n _symmetry_equiv_pos_as_xyz\n  1  'x, y, z'\nloop_\n _atom_site_type_symbol\n _atom_site_label\n _atom_site_symmetry_multiplicity\n _atom_site_fract_x\n _atom_site_fract_y\n _atom_site_fract_z\n _atom_site_occupancy\n  Rb  Rb1  1  0.750000  0.750000  0.750000  1\n  Rb  Rb2  1  0.250000  0.250000  0.250000  1\n  Ge  Ge3  1  0.000000  0.000000  0.000000  1\n  F  F4  1  0.787340  0.787340  0.212660  1\n  F  F5  1  0.212660  0.787340  0.212660  1\n  F  F6  1  0.787340  0.212660  0.787340  1\n  F  F7  1  0.212660  0.212660  0.787340  1\n  F  F8  1  0.787340  0.212660  0.212660  1\n  F  F9  1  0.212660  0.787340  0.787340  1\n"}}