{"phonon": {"ph_bandstructure": [[0.0, 0.0, 0.0, 47.233911965234086, 65.53903334891426, 79.66741304538053, 80.75294544041965, 82.833990742174, 112.33034339192274, 112.8856406275954, 132.42960715218538, 132.5167199560282, 165.5348592193456, 176.40222912962685, 189.51824530232352]]}, "dielectric": {"eps_electronic": [[10.706610576202666, -1.7332296317499807e-15, -3.80272555311495e-15], [-2.118608495004921e-15, 6.800887825411535, -7.069068220837984e-15], [-1.4004895282000887e-15, -1.20756974944636e-15, 4.137219074905695]], "eps_total": [[16.35445155429691, 1.959682809203027e-16, -8.86695143965367e-15], [-7.40911615897767e-16, 10.876553764607403, -4.250043217682678e-15], [-2.767608257878231e-15, -5.857090506288614e-15, 6.947566962394952]], "becs": [[[1.1145155756837712, 1.5543122907235008e-16, 1.0687607193900974e-16], [-1.509903309519746e-15, 1.221776270916421, -2.7457650529670657e-16], [2.4868995857482625e-15, 1.776356733521132e-16, 1.400085179138007]], [[1.1145155756837712, 4.440892660983443e-17, -1.1516853298602157e-16], [-1.0658140996696833e-15, 1.221776270916422, 3.915573094783873e-16], [7.10542746348012e-16, 1.776356733521132e-16, 1.4000851791380073]], [[-1.7997471058326862, -6.661337585268123e-17, 3.308722450212111e-24], [2.664535298805045e-16, -1.1219468663999002, -9.325873479643209e-16], [-1.0658140930522384e-15, -7.10542746348012e-16, -0.7992008985465866]], [[-1.7997471058326862, -6.661337585268123e-17, 6.412564150904462e-16], [-1.509903309519746e-15, -1.121946866399902, -9.813251806091984e-16], [2.4868995857482625e-15, -7.10542746348012e-16, -0.7992008985465866]], [[1.3704630595906129, -6.661337585268123e-17, -6.329639408085445e-16], [3.8191672086810054e-15, -0.19965880901799837, 1.7969316879958917e-15], [-4.618527771852739e-15, 1.0658140930522384e-15, -1.2017685611772562]]]}, "metadata": {"formula": "K2Te2Pt", "nsites": 5, "structure": "# generated using pymatgen\ndata_K2Te2Pt\n_symmetry_space_group_name_H-M   'P 1'\n_cell_length_a   6.74407402\n_cell_length_b   6.74407402\n_cell_length_c   6.74407402\n_cell_angle_alpha   145.73374980\n_cell_angle_beta   109.50031564\n_cell_angle_gamma   80.77904851\n_symmetry_Int_Tables_number   1\n_chemical_formula_structural   K2Te2Pt\n_chemical_formula_sum   'K2 Te2 Pt1'\n_cell_volume   158.888293633\n_cell_formula_units_Z   1\nloop_\n _symmetry_equiv_pos_site_id\n _symmetry_equiv_pos_as_xyz\n  1  'x, y, z'\nloop_\n _atom_site_type_symbol\n _atom_site_label\n _atom_site_symmetry_multiplicity\n _atom_site_fract_x\n _atom_site_fract_y\n _atom_site_fract_z\n _atom_site_occupancy\n  K  K1  1  0.706955  0.206955  0.500000  1\n  K  K2  1  0.293045  0.793045  0.500000  1\n  Te  Te3  1  0.223455  0.500000  0.723455  1\n  Te  Te4  1  0.776545  0.500000  0.276545  1\n  Pt  Pt5  1  0.000000  0.000000  0.000000  1\n"}}