{"phonon": {"ph_bandstructure": [[0.0, 0.0, 0.0, 67.84867404040666, 67.84867404387418, 83.83350326004565, 84.64003875152612, 103.11296561446574, 123.59943270577047, 178.50698970387018, 223.4656494724351, 238.0971122353676, 238.09711224269077, 256.2971030265617, 271.5952177936883]]}, "dielectric": {"eps_electronic": [[14.718022300027284, 0.0, -9.417229561978753e-24], [0.0, 14.718022300392901, -1.0330376043132648e-22], [0.0, -8.699264036322232e-23, 11.806408625679547]], "eps_total": [[22.16096271146113, -7.105427357601002e-15, -9.417229561978753e-24], [-4.440892098500626e-15, 22.160962712166775, -1.0330376043132648e-22], [0.0, -8.699264036322232e-23, 26.76633051686279]], "becs": [[[2.5169275707331056, 1.77635686587003e-16, 3.38181184343668e-23], [3.55271373174006e-16, 2.516927570733105, -3.4974214229209195e-22], [1.3069082107684519e-22, -3.9946436389310265e-23, 3.943465148161378]], [[2.1690419961759697, 1.77635686587003e-16, 2.3557767120520448e-23], [3.55271373174006e-16, 2.169041996175971, -3.675135920714167e-22], [1.6912929779676695e-22, 7.101588801664101e-23, 1.6229093337270184]], [[2.1690419961759697, -7.105427331131222e-16, 8.511987500359857e-23], [-1.4210854662262445e-15, 2.1690419961759693, -4.030564916300663e-22], [1.4991005943680611e-22, 3.772719069485563e-23, 1.6229093337270184]], [[-3.4275057798952937, 1.77635686587003e-16, -4.389788701076732e-22], [3.55271373174006e-16, -3.427505779895294, -7.677267368166308e-23], [-4.651055680819422e-22, 2.5965183950675813e-22, -3.5946419078772918]], [[-3.4275057798952937, 1.77635686587003e-16, 2.964831120688335e-22], [3.55271373174006e-16, -3.427505779895294, 1.1970848465003384e-21], [1.537539091707989e-23, -3.2844847984478357e-22, -3.5946419078772918]]]}, "metadata": {"formula": "Ba(CdP)2", "nsites": 5, "structure": "# generated using pymatgen\ndata_Ba(CdP)2\n_symmetry_space_group_name_H-M   'P 1'\n_cell_length_a   4.37358713\n_cell_length_b   4.37358713\n_cell_length_c   7.48229397\n_cell_angle_alpha   90.00000000\n_cell_angle_beta   90.00000000\n_cell_angle_gamma   120.00000000\n_symmetry_Int_Tables_number   1\n_chemical_formula_structural   Ba(CdP)2\n_chemical_formula_sum   'Ba1 Cd2 P2'\n_cell_volume   123.948411557\n_cell_formula_units_Z   1\nloop_\n _symmetry_equiv_pos_site_id\n _symmetry_equiv_pos_as_xyz\n  1  'x, y, z'\nloop_\n _atom_site_type_symbol\n _atom_site_label\n _atom_site_symmetry_multiplicity\n _atom_site_fract_x\n _atom_site_fract_y\n _atom_site_fract_z\n _atom_site_occupancy\n  Ba  Ba1  1  0.000000  0.000000  0.000000  1\n  Cd  Cd2  1  0.333333  0.666667  0.631369  1\n  Cd  Cd3  1  0.666667  0.333333  0.368631  1\n  P  P4  1  0.333333  0.666667  0.266069  1\n  P  P5  1  0.666667  0.333333  0.733931  1\n"}}