{"phonon": {"ph_bandstructure": [[0.0, 0.0, 0.0, 74.41102928378261, 74.41102929048068, 228.06939378802053, 348.7012071935847, 348.7012072109828, 354.307710348859, 357.6692465215308, 365.7603797027049, 387.0817686043248]]}, "dielectric": {"eps_electronic": [[10.627700256721614, 0.0, 7.162348418487239e-24], [2.220446049250313e-15, 10.627700256373423, 6.2027756810530796e-24], [1.7905871046218098e-24, 3.10138784052654e-24, 10.621393196314001]], "eps_total": [[12.447482686779448, -5.329070518200751e-15, 7.162348418487239e-24], [4.440892098500626e-16, 12.447482686374784, 6.2027756810530796e-24], [1.7905871046218098e-24, 3.10138784052654e-24, 12.75100588435954]], "becs": [[[2.020163835388024, 4.996003610813204e-16, 1.437403122252378e-24], [1.9984014443252818e-15, 2.0201638353880247, 3.2273308649221552e-24], [0.0, 0.0, 2.1648418492394566]], [[2.0201638353880247, -1.6653345369377348e-16, 2.3584058635474188e-23], [-6.661338147750939e-16, 2.0201638353880256, 1.7980843390280582e-23], [0.0, 0.0, 2.16484184923946]], [[-2.0201638353880247, -3.885780586188048e-16, -1.6450280176888315e-23], [-1.1102230246251565e-15, -2.0201638353880256, -7.100127902828744e-24], [0.0, 0.0, -2.1648418492394583]], [[-2.020163835388024, 5.551115123125783e-17, -8.571181580838248e-24], [-2.220446049250313e-16, -2.0201638353880247, -1.4108046352373997e-23], [0.0, 0.0, -2.1648418492394583]]]}, "metadata": {"formula": "GaP", "nsites": 4, "structure": "# generated using pymatgen\ndata_GaP\n_symmetry_space_group_name_H-M   'P 1'\n_cell_length_a   3.83366569\n_cell_length_b   3.83366569\n_cell_length_c   6.32016822\n_cell_angle_alpha   90.00000000\n_cell_angle_beta   90.00000000\n_cell_angle_gamma   120.00000000\n_symmetry_Int_Tables_number   1\n_chemical_formula_structural   GaP\n_chemical_formula_sum   'Ga2 P2'\n_cell_volume   80.442904793\n_cell_formula_units_Z   2\nloop_\n _symmetry_equiv_pos_site_id\n _symmetry_equiv_pos_as_xyz\n  1  'x, y, z'\nloop_\n _atom_site_type_symbol\n _atom_site_label\n _atom_site_symmetry_multiplicity\n _atom_site_fract_x\n _atom_site_fract_y\n _atom_site_fract_z\n _atom_site_occupancy\n  Ga  Ga1  1  0.666667  0.333333  0.500052  1\n  Ga  Ga2  1  0.333333  0.666667  0.000052  1\n  P  P3  1  0.666667  0.333333  0.873948  1\n  P  P4  1  0.333333  0.666667  0.373948  1\n"}}