{"phonon": {"ph_bandstructure": [[0.0, 0.0, 0.0, 300.27924449167847, 300.27924449315196, 322.6322895793661, 322.6322895798005, 322.6322895807809, 337.8769268448873, 350.9974906501217, 350.9974906514763, 404.1936657849481]]}, "dielectric": {"eps_electronic": [[41.255879980275445, -1.0877506523580629e-15, 0.0], [-1.0877506523580629e-15, 41.255879980275445, 0.0], [1.0877506523580629e-15, 1.0877506523580629e-15, 41.255879980275445]], "eps_total": [[69.266505840864, 1.456393654127759e-14, -7.105427357601002e-15], [1.2476557209938197e-14, 69.26650584105036, 0.0], [-7.959308275307358e-15, -8.538809177063564e-16, 69.26650584113119]], "becs": [[[6.090814986848979, 0.0, 0.0], [0.0, 6.090814986848979, 0.0], [-3.5853418051701485e-19, -3.5853418051701485e-19, 6.090814986848979]], [[-5.1898806786406135, 0.0, 0.0], [0.0, -5.1898806786406135, 0.0], [3.9776783512167353e-19, 3.9776783512167353e-19, -5.1898806786406135]], [[-5.1898806786406135, 0.0, 0.0], [0.0, -5.1898806786406135, 0.0], [3.9776783512167353e-19, 3.9776783512167353e-19, -5.1898806786406135]], [[4.288946370432247, 0.0, 0.0], [0.0, 4.288946370432247, 0.0], [-4.37001489726332e-19, -4.37001489726332e-19, 4.288946370432247]]]}, "metadata": {"formula": "TiFe2Si", "nsites": 4, "structure": "# generated using pymatgen\ndata_TiFe2Si\n_symmetry_space_group_name_H-M   'P 1'\n_cell_length_a   3.97781783\n_cell_length_b   3.97781783\n_cell_length_c   3.97781783\n_cell_angle_alpha   60.00000000\n_cell_angle_beta   60.00000000\n_cell_angle_gamma   60.00000000\n_symmetry_Int_Tables_number   1\n_chemical_formula_structural   TiFe2Si\n_chemical_formula_sum   'Ti1 Fe2 Si1'\n_cell_volume   44.5061137918\n_cell_formula_units_Z   1\nloop_\n _symmetry_equiv_pos_site_id\n _symmetry_equiv_pos_as_xyz\n  1  'x, y, z'\nloop_\n _atom_site_type_symbol\n _atom_site_label\n _atom_site_symmetry_multiplicity\n _atom_site_fract_x\n _atom_site_fract_y\n _atom_site_fract_z\n _atom_site_occupancy\n  Ti  Ti1  1  0.000000  0.000000  0.000000  1\n  Fe  Fe2  1  0.750000  0.750000  0.750000  1\n  Fe  Fe3  1  0.250000  0.250000  0.250000  1\n  Si  Si4  1  0.500000  0.500000  0.500000  1\n"}}