{"phonon": {"ph_bandstructure": [[0.0, 0.0, 0.0, 130.03677151160446, 130.0367715147128, 188.21658033332892, 188.21658033825432, 259.9165601631369, 269.8914838899357, 270.2104546429685, 270.21045465117635, 313.1375611589848, 342.9005624904931, 342.9005625015312, 393.6480575784328, 481.69881255039564, 505.44239065586186, 514.1465238283852, 514.2574339663071, 514.2574339837666, 520.6981878148664, 681.3865392549245, 787.500699613225, 822.1199353579515]]}, "dielectric": {"eps_electronic": [[2.7784239504942416, 4.440892098500626e-16, 0.0], [3.3306690738754696e-16, 2.7784239505423707, 4.760972221553469e-25], [-2.748748593681032e-25, 9.521944443106938e-25, 3.965096303224096]], "eps_total": [[7.711834520955245, 8.881784197001252e-16, 0.0], [1.3322676295501878e-15, 7.711834521185624, 4.760972221553469e-25], [-2.748748593681032e-25, 9.521944443106938e-25, 12.52026196982395]], "becs": [[[1.0675435920379963, 1.8041124150158794e-16, 1.727996049080171e-25], [4.996003610813204e-16, 1.0675435920379965, 1.4533111037358255e-24], [-5.974864907191963e-26, -1.1038687559975152e-24, 1.2442863323539952]], [[1.0675435920379963, -1.5265566588595902e-16, 9.025238380933478e-25], [-3.885780586188048e-16, 1.0675435920379965, 2.5288201987354642e-24], [-2.456333350734466e-25, -1.6098086024963764e-24, 1.2442863323539948]], [[1.0482285435721614, 1.3877787807814457e-17, 3.0424061585444313e-25], [5.551115123125783e-17, 1.0482285435721614, 1.680973612896333e-24], [-8.630360421499499e-26, -8.432330774981019e-25, 0.698206348723817]], [[1.0482285435721614, -9.71445146547012e-17, 3.0424061585444313e-25], [-3.885780586188048e-16, 1.0482285435721614, 1.680973612896333e-24], [-1.2812765856533816e-24, -1.5944770919964108e-24, 0.6982063487238177]], [[-1.0578860678050788, 1.3877787807814457e-17, -7.092715586372014e-24], [5.551115123125783e-17, -1.0578860678050788, -2.589661041700771e-24], [1.7194333455141228e-24, -1.7631237074960312e-24, -0.9712463405389062]], [[-1.0578860678050788, 1.3877787807814457e-17, 1.1019515788396493e-24], [5.551115123125783e-17, -1.0578860678050788, -7.990757810750052e-24], [-2.635579297950221e-24, 1.1192002664974804e-24, -0.9712463405389062]], [[-1.0578860678050788, 1.3877787807814457e-17, 2.189739255637658e-24], [5.551115123125783e-17, -1.0578860678050788, 6.4540358739166265e-24], [1.319117396732264e-23, 1.516286388446587e-23, -0.9712463405389062]], [[-1.0578860678050788, 1.3877787807814457e-17, 2.1172200771844576e-24], [5.551115123125783e-17, -1.0578860678050788, -3.2176955497297586e-24], [-1.06020658408728e-23, -9.367552915478912e-24, -0.9712463405389062]]]}, "metadata": {"formula": "Li2O2", "nsites": 8, "structure": "# generated using pymatgen\ndata_Li2O2\n_symmetry_space_group_name_H-M   'P 1'\n_cell_length_a   3.12165341\n_cell_length_b   3.12165341\n_cell_length_c   7.55598388\n_cell_angle_alpha   90.00000000\n_cell_angle_beta   90.00000000\n_cell_angle_gamma   120.00000000\n_symmetry_Int_Tables_number   1\n_chemical_formula_structural   Li2O2\n_chemical_formula_sum   'Li4 O4'\n_cell_volume   63.7662709819\n_cell_formula_units_Z   2\nloop_\n _symmetry_equiv_pos_site_id\n _symmetry_equiv_pos_as_xyz\n  1  'x, y, z'\nloop_\n _atom_site_type_symbol\n _atom_site_label\n _atom_site_symmetry_multiplicity\n _atom_site_fract_x\n _atom_site_fract_y\n _atom_site_fract_z\n _atom_site_occupancy\n  Li  Li1  1  0.000000  0.000000  -0.000000  1\n  Li  Li2  1  0.000000  0.000000  0.500000  1\n  Li  Li3  1  0.666667  0.333333  0.750000  1\n  Li  Li4  1  0.333333  0.666667  0.250000  1\n  O  O5  1  0.666667  0.333333  0.350755  1\n  O  O6  1  0.333333  0.666667  0.850755  1\n  O  O7  1  0.333333  0.666667  0.649245  1\n  O  O8  1  0.666667  0.333333  0.149245  1\n"}}