{"phonon": {"ph_bandstructure": [[0.0, 0.0, 0.0, 91.64716038972148, 100.31542124033234, 100.3154212471202, 101.26649667906331, 120.455161816463, 162.92204060599514, 232.84020143888526, 243.46864435623624, 252.61491026912822, 252.61491028006913, 264.7514754438199, 271.13502059987843]]}, "dielectric": {"eps_electronic": [[9.820912886478826, 0.0, -2.4588845474650007e-23], [-8.881784197001252e-16, 9.820912886219707, -4.258912966092833e-23], [4.917769094930001e-23, -5.877471754111438e-39, 9.671247659140086]], "eps_total": [[16.25925727525559, 0.0, -2.4588845474650007e-23], [0.0, 16.259257275097198, -4.258912966092833e-23], [4.917769094930001e-23, -5.877471754111438e-39, 18.245854851609234]], "becs": [[[2.520299918944482, -4.44089249554732e-17, 5.760590591576086e-23], [-1.3234889800848443e-23, 2.5202999189444832, -4.53528882903269e-23], [0.0, 0.0, 3.2431076455442516]], [[1.7921700295990934, -2.664535298805045e-16, 5.236900608738169e-24], [-8.88178432935015e-16, 1.7921700295990948, 4.535288964194831e-23], [0.0, 0.0, 1.665230233073386]], [[1.7921700295990934, -4.884981348055358e-16, 5.236900608738169e-24], [-1.7763568526351403e-15, 1.7921700295990939, 4.535288964194831e-23], [0.0, 0.0, 1.6652302330733832]], [[-3.05231998849227, -2.664535298805045e-16, -2.094760204477318e-23], [-8.88178432935015e-16, -3.0523199884922714, 6.758107041539141e-31], [0.0, 0.0, -3.2867840559048798]], [[-3.05231998849227, 1.0658140996696833e-15, -4.713210469828453e-23], [3.552713665565611e-15, -3.0523199884922714, -4.5352888290326895e-23], [0.0, 0.0, -3.2867840559048744]]]}, "metadata": {"formula": "Ba(MgAs)2", "nsites": 5, "structure": "# generated using pymatgen\ndata_Ba(MgAs)2\n_symmetry_space_group_name_H-M   'P 1'\n_cell_length_a   4.46674886\n_cell_length_b   4.46674886\n_cell_length_c   7.66560411\n_cell_angle_alpha   90.00000000\n_cell_angle_beta   90.00000000\n_cell_angle_gamma   120.00000000\n_symmetry_Int_Tables_number   1\n_chemical_formula_structural   Ba(MgAs)2\n_chemical_formula_sum   'Ba1 Mg2 As2'\n_cell_volume   132.45247815\n_cell_formula_units_Z   1\nloop_\n _symmetry_equiv_pos_site_id\n _symmetry_equiv_pos_as_xyz\n  1  'x, y, z'\nloop_\n _atom_site_type_symbol\n _atom_site_label\n _atom_site_symmetry_multiplicity\n _atom_site_fract_x\n _atom_site_fract_y\n _atom_site_fract_z\n _atom_site_occupancy\n  Ba  Ba1  1  0.000000  0.000000  0.000000  1\n  Mg  Mg2  1  0.333333  0.666667  0.376076  1\n  Mg  Mg3  1  0.666667  0.333333  0.623924  1\n  As  As4  1  0.333333  0.666667  0.729438  1\n  As  As5  1  0.666667  0.333333  0.270562  1\n"}}