{"phonon": {"ph_bandstructure": [[-0.0048505945468041095, -0.0022278364740689976, 0.0, 104.87719962461169, 109.58520756771736, 137.54324134666174, 151.07668288945013, 162.41336224189862, 177.14887926014373, 177.8602383495525, 181.47145351385998, 213.13060621628037, 219.88558420919682, 264.34766708825487, 278.6618705145244, 282.6065441158799, 283.088529556782, 287.40217728758864, 316.64162851797215, 348.399863820924, 385.617130403606, 395.231578371493, 404.7533977327424, 434.1784409728128, 471.9573584946913, 477.73855399786447, 506.3438349825561, 506.88848038624343, 574.0153872056982, 585.7969355878521, 631.518140285219, 644.7509458229769, 667.3392863008879, 727.4898090055328, 762.9872584620828, 802.335551022218]]}, "dielectric": {"eps_electronic": [[4.769609524971696, 0.0, 0.0], [0.0, 4.938219035299395, -0.09993365216474677], [0.0, -0.09993365216474678, 5.066366517539693]], "eps_total": [[15.908211363557603, 0.0, 0.0], [0.0, 18.26198184209383, -2.703838915301942], [0.0, -2.7038389153019415, 20.256072491760033]], "becs": [[[5.90547198634224, 4.625929407134921e-18, 4.625929407134921e-18], [0.0, 5.528139555828878, -0.36677545912814186], [-9.251858814269842e-18, -0.35461726949253813, 6.843830951773315]], [[5.90547198634224, 4.6258890009199e-18, 4.625892420248479e-18], [0.0, 5.528139555828878, -0.36677545912814186], [-9.251858814269842e-18, -0.35461726949253813, 6.843830951773315]], [[3.7585938507969128, 4.6258485947048786e-18, 4.625324875063818e-18], [0.0, 4.328462128201294, 0.017320048737495045], [-9.251858814269842e-18, -0.0025594202483214153, 3.675375295819216]], [[3.7585938507969128, 4.625929407134921e-18, 4.6256262309645115e-18], [0.0, 4.328462128201294, 0.017320048737495045], [-9.251858814269842e-18, -0.0025594202483214153, 3.675375295819216]], [[-2.5933421373000134, -1.312760561327188, 0.5544680850291295], [-1.2180581073415127, -2.663115147988829, 0.865652031144528], [0.4735399495121047, 0.9365283724850381, -2.1283541124782186]], [[-2.5933421373000134, 1.312760561327188, -0.5544680850291295], [1.2180581073415127, -2.663115147988829, 0.8656520311445282], [-0.47353994951210465, 0.9365283724850381, -2.128354112478217]], [[-2.5933421373000134, -1.312760561327188, 0.5544680850291295], [-1.2180581073415127, -2.663115147988829, 0.8656520311445282], [0.4735399495121047, 0.9365283724850382, -2.1283541124782186]], [[-2.5933421373000143, 1.312760561327188, -0.5544680850291295], [1.2180581073415127, -2.663115147988828, 0.8656520311445279], [-0.4735399495121047, 0.9365283724850381, -2.128354112478217]], [[-2.238690781272006, 0.5532881874132337, -0.5415844308094186], [0.5341580935926139, -2.2651856940479225, -0.6909243259488069], [-0.7383990746198897, -0.7579400276156343, -3.131249011323372]], [[-2.238690781272004, -0.5532881874132338, 0.5415844308094186], [-0.5341580935926139, -2.2651856940479234, -0.6909243259488069], [0.7383990746198897, -0.7579400276156343, -3.131249011323372]], [[-2.238690781272006, 0.5532881874132338, -0.5415844308094186], [0.5341580935926139, -2.2651856940479225, -0.6909243259488069], [-0.7383990746198897, -0.7579400276156343, -3.1312490113233737]], [[-2.238690781272006, -0.5532881874132338, 0.5415844308094186], [-0.5341580935926139, -2.2651856940479234, -0.6909243259488069], [0.7383990746198897, -0.7579400276156343, -3.1312490113233737]]]}, "metadata": {"formula": "TaInO4", "nsites": 12, "structure": "# generated using pymatgen\ndata_TaInO4\n_symmetry_space_group_name_H-M   'P 1'\n_cell_length_a   5.79795817\n_cell_length_b   4.83601179\n_cell_length_c   5.15751606\n_cell_angle_alpha   88.70965222\n_cell_angle_beta   90.00000000\n_cell_angle_gamma   90.00000000\n_symmetry_Int_Tables_number   1\n_chemical_formula_structural   TaInO4\n_chemical_formula_sum   'Ta2 In2 O8'\n_cell_volume   144.574891238\n_cell_formula_units_Z   2\nloop_\n _symmetry_equiv_pos_site_id\n _symmetry_equiv_pos_as_xyz\n  1  'x, y, z'\nloop_\n _atom_site_type_symbol\n _atom_site_label\n _atom_site_symmetry_multiplicity\n _atom_site_fract_x\n _atom_site_fract_y\n _atom_site_fract_z\n _atom_site_occupancy\n  Ta  Ta1  1  0.172450  0.000000  0.750000  1\n  Ta  Ta2  1  0.827550  0.000000  0.250000  1\n  In  In3  1  0.677321  0.500000  0.750000  1\n  In  In4  1  0.322679  0.500000  0.250000  1\n  O  O5  1  0.379485  0.259231  0.600030  1\n  O  O6  1  0.379485  0.740769  0.899970  1\n  O  O7  1  0.620515  0.740769  0.399970  1\n  O  O8  1  0.620515  0.259231  0.100030  1\n  O  O9  1  0.897784  0.213770  0.563378  1\n  O  O10  1  0.897784  0.786230  0.936622  1\n  O  O11  1  0.102216  0.786230  0.436622  1\n  O  O12  1  0.102216  0.213770  0.063378  1\n"}}