{"phonon": {"ph_bandstructure": [[0.0, 0.0, 0.0, 788.7012163403105, 788.7012163413237, 956.0051943785384]]}, "dielectric": {"eps_electronic": [[7.099490531509752, -1.3808034088710387e-15, -1.7763568394002505e-15], [-1.3808034088710387e-15, 7.099490531509752, -1.7763568394002505e-15], [-1.4028576268118651e-15, -1.4028576268118651e-15, 7.099490531509753]], "eps_total": [[10.430921260873019, -2.82406060098101e-15, -2.6645352591003757e-15], [-1.5571856065922747e-15, 10.430921260877767, -1.7763568394002505e-15], [-1.7308935280980478e-15, -1.7308935280980478e-15, 10.430921260881567]], "becs": [[[2.707353447978919, 0.0, 0.0], [0.0, 2.707353447978919, 0.0], [-2.0212060308103335e-19, -2.0212060308103335e-19, 2.707353447978919]], [[-2.707353447978919, 0.0, 0.0], [0.0, -2.707353447978919, 0.0], [2.0212060308103335e-19, 2.0212060308103335e-19, -2.707353447978919]]]}, "metadata": {"formula": "SiC", "nsites": 2, "structure": "# generated using pymatgen\ndata_SiC\n_symmetry_space_group_name_H-M   'P 1'\n_cell_length_a   3.08133320\n_cell_length_b   3.08133320\n_cell_length_c   3.08133320\n_cell_angle_alpha   60.00000000\n_cell_angle_beta   60.00000000\n_cell_angle_gamma   60.00000000\n_symmetry_Int_Tables_number   1\n_chemical_formula_structural   SiC\n_chemical_formula_sum   'Si1 C1'\n_cell_volume   20.6871656569\n_cell_formula_units_Z   1\nloop_\n _symmetry_equiv_pos_site_id\n _symmetry_equiv_pos_as_xyz\n  1  'x, y, z'\nloop_\n _atom_site_type_symbol\n _atom_site_label\n _atom_site_symmetry_multiplicity\n _atom_site_fract_x\n _atom_site_fract_y\n _atom_site_fract_z\n _atom_site_occupancy\n  Si  Si1  1  0.750000  0.750000  0.750000  1\n  C  C2  1  0.000000  0.000000  0.000000  1\n"}}