{"phonon": {"ph_bandstructure": [[0.0, 0.0, 0.0, 44.29734117796, 62.22415781725285, 78.3961519610634, 79.88905435054274, 83.49676485821193, 94.07251462752075, 97.62763969469218, 99.55514102827054, 100.34711434995094, 112.65745932786449, 121.13930959225947, 131.17805892718542, 132.04213906531, 133.732385635667, 158.88362397893994, 161.1425906621833, 168.18030974003506, 193.69321906258173, 196.51621682001792, 198.0640110267725, 347.34487175152026, 357.50575660436874, 377.66671192354465, 382.21291402810266, 492.2865620768294, 504.32531154924806, 507.8354472306852]]}, "dielectric": {"eps_electronic": [[5.7971011461817765, 1.0414004061668224e-15, 8.881784197001252e-16], [1.4966217484837047e-15, 4.088604171335473, 8.881784197001252e-16], [3.7056979955903786e-16, 1.0800622688773926e-16, 5.487401121919836]], "eps_total": [[9.273343409082933, -8.497495365397154e-17, 0.0], [-5.331634191000382e-16, 6.402601710102946, 1.7763568394002505e-15], [-5.360127468089944e-16, -3.7990915716272553e-16, 9.079490851868627]], "becs": [[[0.9846470897054868, -8.43769494744652e-16, 8.43769494744652e-16], [1.3322676494025225e-16, 1.1720783887173982, -3.308722450212111e-24], [1.6320278374308656e-15, -1.6905522961235117e-15, 1.7898247969695533]], [[0.9846470897054868, -8.43769494744652e-16, 8.43769494744652e-16], [1.3322676494025225e-16, 1.1720783887173982, -3.308722450212111e-24], [1.6320278374308656e-15, -1.6905522961235117e-15, 1.7898247969695533]], [[1.1964141328933797, 4.44089249554732e-17, -4.884981348055358e-16], [1.3322676494025225e-16, 1.3803999163925496, -3.308722450212111e-24], [2.8596905549071045e-16, -8.150629190924861e-16, 0.3597458820443663]], [[1.1964141328933797, 4.44089249554732e-17, -4.884981348055358e-16], [1.3322676494025225e-16, 1.3803999163925496, -3.308722450212111e-24], [2.8596905549071045e-16, -8.150629190924861e-16, 0.3597458820443663]], [[-1.1864558263448757, 7.105427397305671e-16, -0.7774553443430483], [-8.881783998477905e-17, -0.8144702675368799, -1.110223057712381e-16], [-0.6602476788043941, 4.743826018955436e-16, -0.3845599567738577]], [[-1.1864558263448752, 2.664535298805045e-16, 0.7774553443430476], [-3.1086244490981036e-16, -0.8144702675368799, 2.2204460161630886e-16], [0.6602476788043915, 1.5013388996738134e-15, -0.38455995677385724]], [[-1.1864558263448757, 7.105427397305671e-16, -0.7774553443430483], [-8.881783998477905e-17, -0.8144702675368799, -1.110223057712381e-16], [-0.6602476788043941, 4.743826018955436e-16, -0.3845599567738577]], [[-1.1864558263448752, 2.664535298805045e-16, 0.7774553443430476], [-3.1086244490981036e-16, -0.8144702675368799, 2.2204460161630886e-16], [0.6602476788043915, 1.5013388996738134e-15, -0.38455995677385724]], [[0.1918504301066818, -1.776356799695581e-16, 2.8865798243207376e-16], [1.3322676494025225e-16, -0.923537770018506, -1.110223057712381e-16], [5.218048128057091e-16, 5.298937531268014e-16, -1.380450765457426]], [[0.1918504301066818, -1.776356799695581e-16, 2.8865798243207376e-16], [1.3322676494025225e-16, -0.923537770018506, -1.110223057712381e-16], [5.218048128057091e-16, 5.298937531268014e-16, -1.380450765457426]]]}, "metadata": {"formula": "K2P3", "nsites": 10, "structure": "# generated using pymatgen\ndata_K2P3\n_symmetry_space_group_name_H-M   'P 1'\n_cell_length_a   8.45310032\n_cell_length_b   8.25624348\n_cell_length_c   6.29164130\n_cell_angle_alpha   69.55172750\n_cell_angle_beta   66.22949541\n_cell_angle_gamma   44.21877709\n_symmetry_Int_Tables_number   1\n_chemical_formula_structural   K2P3\n_chemical_formula_sum   'K4 P6'\n_cell_volume   278.988203217\n_cell_formula_units_Z   2\nloop_\n _symmetry_equiv_pos_site_id\n _symmetry_equiv_pos_as_xyz\n  1  'x, y, z'\nloop_\n _atom_site_type_symbol\n _atom_site_label\n _atom_site_symmetry_multiplicity\n _atom_site_fract_x\n _atom_site_fract_y\n _atom_site_fract_z\n _atom_site_occupancy\n  K  K1  1  0.750000  0.750000  0.750000  1\n  K  K2  1  0.250000  0.250000  0.250000  1\n  K  K3  1  0.269534  0.730466  0.269534  1\n  K  K4  1  0.730466  0.269534  0.730466  1\n  P  P5  1  0.857194  0.295424  0.142806  1\n  P  P6  1  0.704576  0.142806  0.295424  1\n  P  P7  1  0.142806  0.704576  0.857194  1\n  P  P8  1  0.295424  0.857194  0.704576  1\n  P  P9  1  0.153363  0.153363  0.846637  1\n  P  P10  1  0.846637  0.846637  0.153363  1\n"}}