{"phonon": {"ph_bandstructure": [[0.0, 0.0, 0.0, 42.7747619831607, 42.77476199144025, 53.62349263083543, 92.77155009142598, 92.77155009531656, 99.60958878295486, 104.85790621494172, 104.85790621583419, 104.8579062184067]]}, "dielectric": {"eps_electronic": [[12.09728764953204, -1.3790068797123211e-14, -1.2434497875801753e-14], [-1.2901890377423086e-14, 12.097287649532037, -1.5987211554602254e-14], [-9.342836623204487e-15, -1.467190714140524e-14, 12.097287649532039]], "eps_total": [[21.917734746196267, 4.611082257774041e-11, -1.7779555605557107e-11], [4.610902345485265e-11, 21.917734748370133, -1.5063505998114124e-11], [-1.777811100341235e-11, -1.5062061395969367e-11, 21.91773474925168]], "becs": [[[1.2085259460493982, 0.0, 0.0], [0.0, 1.2085259460493982, 0.0], [4.4707130153472875e-20, 4.4707130153472875e-20, 1.2085259460493982]], [[0.8982065340847215, 0.0, 0.0], [0.0, 0.8982065340847215, 0.0], [-3.2566787491336726e-20, -3.2566787491336726e-20, 0.8982065340847215]], [[0.8982065340847215, 0.0, 0.0], [0.0, 0.8982065340847215, 0.0], [-3.2566787491336726e-20, -3.2566787491336726e-20, 0.8982065340847215]], [[-3.0049390142188415, 0.0, 0.0], [0.0, -3.0049390142188415, 0.0], [2.0426444829200552e-20, 2.0426444829200552e-20, -3.0049390142188415]]]}, "metadata": {"formula": "CsK2Bi", "nsites": 4, "structure": "# generated using pymatgen\ndata_CsK2Bi\n_symmetry_space_group_name_H-M   'P 1'\n_cell_length_a   6.14963039\n_cell_length_b   6.14963039\n_cell_length_c   6.14963039\n_cell_angle_alpha   60.00000000\n_cell_angle_beta   60.00000000\n_cell_angle_gamma   60.00000000\n_symmetry_Int_Tables_number   1\n_chemical_formula_structural   CsK2Bi\n_chemical_formula_sum   'Cs1 K2 Bi1'\n_cell_volume   164.44930618\n_cell_formula_units_Z   1\nloop_\n _symmetry_equiv_pos_site_id\n _symmetry_equiv_pos_as_xyz\n  1  'x, y, z'\nloop_\n _atom_site_type_symbol\n _atom_site_label\n _atom_site_symmetry_multiplicity\n _atom_site_fract_x\n _atom_site_fract_y\n _atom_site_fract_z\n _atom_site_occupancy\n  Cs  Cs1  1  0.000000  0.000000  0.000000  1\n  K  K2  1  0.250000  0.250000  0.250000  1\n  K  K3  1  0.750000  0.750000  0.750000  1\n  Bi  Bi4  1  0.500000  0.500000  0.500000  1\n"}}