{"phonon": {"ph_bandstructure": [[0.0, 0.0, 0.0, 217.6823061308944, 217.68230613140793, 217.68230613273064, 320.10718441348115, 320.1071844149019, 413.3697343953702, 658.9827827729134, 658.9827827741072, 801.6298364076298]]}, "dielectric": {"eps_electronic": [[1.9117291555592326, 0.0, 0.0], [0.0, 1.9117291555592326, 0.0], [0.0, 0.0, 1.9117291555592326]], "eps_total": [[4.717506232732843, -1.8422649751472387e-11, -3.840424086565036e-11], [-1.8422649751472387e-11, 4.717506232772375, 7.266847953136143e-11], [-3.840424086565036e-11, 7.266847953136143e-11, 4.717506232895671]], "becs": [[[2.944944478697308, 0.0, 0.0], [0.0, 2.944944478697308, 0.0], [0.0, 0.0, 2.944944478697308]], [[-0.6765450005337562, 0.0, 0.0], [0.0, -0.6765450005337562, 0.0], [0.0, 0.0, -1.5918544776297956]], [[-0.6765450005337562, 0.0, 0.0], [0.0, -1.5918544776297956, 0.0], [0.0, 0.0, -0.6765450005337562]], [[-1.5918544776297956, 0.0, 0.0], [0.0, -0.6765450005337562, 0.0], [0.0, 0.0, -0.6765450005337562]]]}, "metadata": {"formula": "AlF3", "nsites": 4, "structure": "# generated using pymatgen\ndata_AlF3\n_symmetry_space_group_name_H-M   'P 1'\n_cell_length_a   3.60318235\n_cell_length_b   3.60318235\n_cell_length_c   3.60318235\n_cell_angle_alpha   90.00000000\n_cell_angle_beta   90.00000000\n_cell_angle_gamma   90.00000000\n_symmetry_Int_Tables_number   1\n_chemical_formula_structural   AlF3\n_chemical_formula_sum   'Al1 F3'\n_cell_volume   46.7798391286\n_cell_formula_units_Z   1\nloop_\n _symmetry_equiv_pos_site_id\n _symmetry_equiv_pos_as_xyz\n  1  'x, y, z'\nloop_\n _atom_site_type_symbol\n _atom_site_label\n _atom_site_symmetry_multiplicity\n _atom_site_fract_x\n _atom_site_fract_y\n _atom_site_fract_z\n _atom_site_occupancy\n  Al  Al1  1  0.000000  0.000000  0.000000  1\n  F  F2  1  0.000000  0.000000  0.500000  1\n  F  F3  1  0.000000  0.500000  0.000000  1\n  F  F4  1  0.500000  0.000000  0.000000  1\n"}}