{"phonon": {"ph_bandstructure": [[0.0, 0.0, 0.0, 83.47089923137732, 83.47089923357137, 226.83750133922493]]}, "dielectric": {"eps_electronic": [[2.7490994560707955, 0.0, 0.0], [0.0, 2.7490994560707955, 0.0], [0.0, 0.0, 2.7490994560707955]], "eps_total": [[20.302521408803596, 0.0, 0.0], [0.0, 20.302521409486864, 0.0], [0.0, 0.0, 20.30252140972634]], "becs": [[[1.3793063240340444, 0.0, 0.0], [0.0, 1.3793063240340444, 0.0], [0.0, 0.0, 1.3793063240340444]], [[-1.3793063240340444, 0.0, 0.0], [0.0, -1.3793063240340444, 0.0], [0.0, 0.0, -1.3793063240340444]]]}, "metadata": {"formula": "CsF", "nsites": 2, "structure": "# generated using pymatgen\ndata_CsF\n_symmetry_space_group_name_H-M   'P 1'\n_cell_length_a   3.58431947\n_cell_length_b   3.58431947\n_cell_length_c   3.58431947\n_cell_angle_alpha   90.00000000\n_cell_angle_beta   90.00000000\n_cell_angle_gamma   90.00000000\n_symmetry_Int_Tables_number   1\n_chemical_formula_structural   CsF\n_chemical_formula_sum   'Cs1 F1'\n_cell_volume   46.048992655\n_cell_formula_units_Z   1\nloop_\n _symmetry_equiv_pos_site_id\n _symmetry_equiv_pos_as_xyz\n  1  'x, y, z'\nloop_\n _atom_site_type_symbol\n _atom_site_label\n _atom_site_symmetry_multiplicity\n _atom_site_fract_x\n _atom_site_fract_y\n _atom_site_fract_z\n _atom_site_occupancy\n  Cs  Cs1  1  0.000000  0.000000  0.000000  1\n  F  F2  1  0.500000  0.500000  0.500000  1\n"}}