{"phonon": {"ph_bandstructure": [[-0.0035269255464939198, -0.0033699837162180835, 0.0, 103.99529660212761, 103.99529660662608, 105.07791051315564, 108.76883289657358, 131.9420838449655, 134.68944966642593, 134.68944966992672, 142.53454679925187, 147.653659182627, 166.41730488139916, 180.00482707810323, 180.97692749806683, 197.80389201973063, 251.54135792564264, 269.24044098920547, 299.5265883910944, 426.2008522551663, 460.05456789621945]]}, "dielectric": {"eps_electronic": [[9.184557589729147, -1.7518809724893526e-15, 4.953665530525547e-17], [2.4475866910897914e-17, 9.184557589729145, 5.378607173506007e-15], [2.9067622688599736e-15, 8.679921996910788e-15, 7.594102981205888]], "eps_total": [[27.103633797759173, -1.7475679722034564e-14, -3.242105877969255e-15], [-1.6547836284013672e-14, 27.10363379891038, 1.3444032709575828e-14], [-3.786070090153292e-15, 6.872070946248211e-15, 29.454150761183012]], "becs": [[[2.518907311817391, -1.2371056914614864e-15, -1.1195271241825688e-16], [-9.833404173458308e-16, 2.518907311817392, 1.1009190243294178e-16], [3.2989485237988535e-15, 4.567774854672462e-15, 2.2272405376680213]], [[2.518907311817391, -1.2371056914614864e-15, -1.1195271241825688e-16], [-9.833404173458308e-16, 2.518907311817392, 1.1009190243294178e-16], [3.2989485237988535e-15, 4.567774854672462e-15, 2.2272405376680213]], [[2.0580201571264984, -1.015061086536455e-15, -1.0245593691133137e-16], [-7.612958124207995e-16, 2.795884945799063, 2.3061098040238294e-16], [2.4107701040987283e-15, 3.679596434972337e-15, 2.163062191964595]], [[2.795884945799062, -1.2371056914614864e-15, -2.2755560220487796e-16], [-5.392512074957682e-16, 2.0580201571264993, 1.0551131510883633e-16], [3.2989485237988535e-15, 2.7914180152722117e-15, 2.1630621919645954]], [[-3.268883138222741, 1.871518777488952e-15, 3.327568505342782e-16], [1.2371056319044823e-15, -3.2688831382227423, -3.333769543146484e-16], [-4.6946572535022736e-15, -6.090366181729041e-15, -3.0224569880828946]], [[-3.268883138222741, 1.871518777488952e-15, 3.327568505342782e-16], [1.2371056319044823e-15, -3.2688831382227423, -3.333769543146484e-16], [-4.6946572535022736e-15, -6.090366181729041e-15, -3.0224569880828946]], [[-3.353953442485578, 9.833403577888267e-16, -1.115967721135596e-16], [7.930164220544197e-16, -3.3539534424855777, 1.1044784273763907e-16], [-2.918300414102023e-15, -3.425830922628665e-15, -2.735691482983861]]]}, "metadata": {"formula": "Ca4As2O", "nsites": 7, "structure": "# generated using pymatgen\ndata_Ca4As2O\n_symmetry_space_group_name_H-M   'P 1'\n_cell_length_a   8.26637832\n_cell_length_b   8.26637832\n_cell_length_c   8.26637832\n_cell_angle_alpha   148.43287966\n_cell_angle_beta   148.43287966\n_cell_angle_gamma   45.24675259\n_symmetry_Int_Tables_number   1\n_chemical_formula_structural   Ca4As2O\n_chemical_formula_sum   'Ca4 As2 O1'\n_cell_volume   154.306307523\n_cell_formula_units_Z   1\nloop_\n _symmetry_equiv_pos_site_id\n _symmetry_equiv_pos_as_xyz\n  1  'x, y, z'\nloop_\n _atom_site_type_symbol\n _atom_site_label\n _atom_site_symmetry_multiplicity\n _atom_site_fract_x\n _atom_site_fract_y\n _atom_site_fract_z\n _atom_site_occupancy\n  Ca  Ca1  1  0.671155  0.671155  0.000000  1\n  Ca  Ca2  1  0.328845  0.328845  0.000000  1\n  Ca  Ca3  1  0.500000  0.000000  0.500000  1\n  Ca  Ca4  1  0.000000  0.500000  0.500000  1\n  As  As5  1  0.862962  0.862962  0.000000  1\n  As  As6  1  0.137038  0.137038  0.000000  1\n  O  O7  1  0.500000  0.500000  0.000000  1\n"}}