{"phonon": {"ph_bandstructure": [[0.0, 0.0, 0.0, 133.88738635816665, 133.8873863599438, 168.60508931962826, 170.14646830294842, 194.14585217708066, 213.9981390274905, 215.25975058227078, 216.0346943347442, 233.13720017894755, 247.8135795444318, 247.81357954734054, 249.52062599438182, 324.06973577700296, 333.01399815244935, 345.6102804438827, 559.7970142598966, 561.7849262276397, 563.9664415387133, 563.9664415443747, 606.8128708471925, 624.7888190660666]]}, "dielectric": {"eps_electronic": [[3.3839711220031496, 0.0, 0.056568173863357676], [9.661636691117616e-17, 3.2053034343437146, 1.1478141723456554e-16], [0.056568173863357205, 0.0, 3.2232135463169644]], "eps_total": [[6.392706512268615, -1.578155384152069e-10, 0.25435905181718205], [-1.578183391189875e-10, 5.589326439872501, -4.707484352474343e-11], [0.2543590518171823, -4.707478851173619e-11, 5.669859340119434]], "becs": [[[2.872482537975241, 0.1328053436606207, 0.08683268792409449], [-0.1328053436580427, 2.5982259286317726, 0.4194588941801899], [0.08683268792174509, -0.41945889417697596, 2.6257181218371377]], [[3.0110363909056783, -0.14209730664359682, -0.004633265674048537], [0.1420973066408398, 3.0256703238672253, -0.4488070846232126], [-0.004633265673923711, 0.4488070846197737, 3.024203380506055]], [[-0.8078507953996092, -0.6344894283137071, -0.29301136104859704], [-0.6301577881965801, -1.3261243913767298, -0.4614132967538518], [-0.3483763108557406, -0.4735481184746918, -0.7255809271775127]], [[-1.4578551784027163, 0.2470777176532301, 0.7197025019207964], [0.19455485362628727, -0.5222369770448511, -0.15257172938444513], [0.7406365437798076, -0.146705783776223, -0.8794639585062833]], [[-0.6760534906381339, 0.3920576921519651, -0.46779085199722237], [0.4309569530788942, -0.9635867578279179, 0.6286591213598083], [-0.4333599440479776, 0.6055798070295159, -1.2199158654878002]], [[-1.4578551784027163, 0.2470777176532301, 0.7197025019207964], [0.19455485362628727, -0.5222369770448511, -0.15257172938444513], [0.7406365437798076, -0.146705783776223, -0.8794639585062833]], [[-0.8078507953996092, -0.6344894283137071, -0.29301136104859704], [-0.6301577881965801, -1.3261243913767298, -0.4614132967538518], [-0.3483763108557406, -0.4735481184746918, -0.7255809271775127]], [[-0.6760534906381339, 0.3920576921519651, -0.46779085199722237], [0.4309569530788942, -0.9635867578279179, 0.6286591213598083], [-0.4333599440479776, 0.6055798070295159, -1.2199158654878002]]]}, "metadata": {"formula": "ZnPtF6", "nsites": 8, "structure": "# generated using pymatgen\ndata_ZnPtF6\n_symmetry_space_group_name_H-M   'P 1'\n_cell_length_a   5.40545988\n_cell_length_b   5.40545988\n_cell_length_c   5.40545988\n_cell_angle_alpha   55.20189147\n_cell_angle_beta   55.20189147\n_cell_angle_gamma   55.20189147\n_symmetry_Int_Tables_number   1\n_chemical_formula_structural   ZnPtF6\n_chemical_formula_sum   'Zn1 Pt1 F6'\n_cell_volume   99.2244461296\n_cell_formula_units_Z   1\nloop_\n _symmetry_equiv_pos_site_id\n _symmetry_equiv_pos_as_xyz\n  1  'x, y, z'\nloop_\n _atom_site_type_symbol\n _atom_site_label\n _atom_site_symmetry_multiplicity\n _atom_site_fract_x\n _atom_site_fract_y\n _atom_site_fract_z\n _atom_site_occupancy\n  Zn  Zn1  1  0.500000  0.500000  0.500000  1\n  Pt  Pt2  1  0.000000  0.000000  1.000000  1\n  F  F3  1  0.758273  0.389657  0.098989  1\n  F  F4  1  0.389657  0.098989  0.758273  1\n  F  F5  1  0.901011  0.241727  0.610343  1\n  F  F6  1  0.610343  0.901011  0.241727  1\n  F  F7  1  0.241727  0.610343  0.901011  1\n  F  F8  1  0.098989  0.758273  0.389657  1\n"}}