{"phonon": {"ph_bandstructure": [[0.0, 0.0, 0.0, 76.11414013334398, 96.79673562459708, 97.49393316285682, 97.5281888069702, 101.46889272950457, 102.47002677195903, 103.00441667965876, 106.56993413517198, 109.09324582940158, 122.66182967232409, 126.58309602376217, 127.10962436723064, 144.05374035709073, 146.63443798320924, 152.10959820624433, 154.29983639852426, 181.16094825143625, 270.39849525367396, 315.3848677423608, 322.54661934908546, 373.5295004373564]]}, "dielectric": {"eps_electronic": [[6.358982654372885, 0.0, 0.0], [0.0, 5.038857629284173, 0.0], [0.0, 0.0, 8.193591093279746]], "eps_total": [[12.71601903222204, 0.0, 0.0], [0.0, 8.731552286581357, 0.0], [0.0, 0.0, 12.713976167173124]], "becs": [[[1.1087421007152551, 0.25638150151004335, 4.062344146468074e-22], [0.12394864530160443, 1.1412510593044876, 4.1628000445950952e-22], [0.0, 0.0, 0.9855247668367297]], [[1.108742100715256, -0.25638150151004313, -7.685515952777436e-23], [-0.12394864530160377, 1.1412510593044884, 7.303157972973836e-24], [0.0, 0.0, 0.985524766836728]], [[1.1087421007152551, 0.25638150151004335, 1.0979308503967765e-23], [0.12394864530160443, 1.1412510593044876, -1.0954736959460776e-22], [0.0, 0.0, 0.985524766836728]], [[1.1087421007152556, -0.25638150151004313, -2.525240955912586e-22], [-0.12394864530160465, 1.1412510593044876, 2.4100421310813704e-22], [0.0, 0.0, 0.985524766836728]], [[0.1957817499725611, -1.3877787807814457e-16, 0.7367495963853932], [-1.1102230246251565e-16, -0.815897050255008, -1.0954736959460776e-22], [1.3026979939653334, 0.0, 0.33039580565583004]], [[0.19578174997256464, -1.3877787807814457e-16, -0.7367495963853932], [-1.1102230246251565e-16, -0.8158970502550045, -1.0954736959460776e-22], [-1.3026979939653334, 0.0, 0.3303958056558336]], [[-2.4132659514030737, 8.326672684688674e-17, 1.0979308503967765e-23], [-1.1102230246251565e-16, -1.4666050683539686, -1.0954736959460776e-22], [0.0, 0.0, -2.3014453393292884]], [[-2.4132659514030737, -1.3877787807814457e-16, -7.685515952777436e-23], [-1.1102230246251565e-16, -1.466605068353969, -2.263978971621894e-22], [0.0, 0.0, -2.3014453393292884]]]}, "metadata": {"formula": "K2CuP", "nsites": 8, "structure": "# generated using pymatgen\ndata_K2CuP\n_symmetry_space_group_name_H-M   'P 1'\n_cell_length_a   6.11364553\n_cell_length_b   6.11364553\n_cell_length_c   5.63805365\n_cell_angle_alpha   90.00000000\n_cell_angle_beta   90.00000000\n_cell_angle_gamma   106.13693009\n_symmetry_Int_Tables_number   1\n_chemical_formula_structural   K2CuP\n_chemical_formula_sum   'K4 Cu2 P2'\n_cell_volume   202.428841885\n_cell_formula_units_Z   2\nloop_\n _symmetry_equiv_pos_site_id\n _symmetry_equiv_pos_as_xyz\n  1  'x, y, z'\nloop_\n _atom_site_type_symbol\n _atom_site_label\n _atom_site_symmetry_multiplicity\n _atom_site_fract_x\n _atom_site_fract_y\n _atom_site_fract_z\n _atom_site_occupancy\n  K  K1  1  0.313437  0.975930  0.750000  1\n  K  K2  1  0.975930  0.313437  0.750000  1\n  K  K3  1  0.686563  0.024070  0.250000  1\n  K  K4  1  0.024070  0.686563  0.250000  1\n  Cu  Cu5  1  0.500000  0.500000  0.500000  1\n  Cu  Cu6  1  0.500000  0.500000  1.000000  1\n  P  P7  1  0.733384  0.733384  0.750000  1\n  P  P8  1  0.266616  0.266616  0.250000  1\n"}}