{"phonon": {"ph_bandstructure": [[-0.002216024056238585, 0.0, 0.0, 62.05638812923561, 62.056517345877936, 88.0032513860696, 94.89545373764878, 105.05708239488175, 105.25828639998211, 169.88577611972156, 170.7408027694941, 182.27869304555804, 185.6699902983449, 191.35118759660216, 201.30630965941674, 202.73794817204652, 203.06694037432817, 203.88532215510986, 331.4853969749494, 334.1038187802918, 337.7470615086837, 353.7403522042773, 360.0987773104935, 376.71930669532037]]}, "dielectric": {"eps_electronic": [[8.695623560368322, -1.1718501245563013e-15, -4.400451595924849e-16], [-1.1718501245563013e-15, 8.695623560368322, -4.400451595924849e-16], [1.1325974059386662e-15, 1.1325974059386662e-15, 8.893098113262395]], "eps_total": [[10.364953047164375, 3.377699561410202e-16, -4.889345762849864e-16], [-1.047969064501593e-15, 10.364953047189404, -1.4057390322109647e-15], [9.228559433965295e-16, 1.8110343630966547e-15, 10.959323528894771]], "becs": [[[2.435565045375157, 0.06445678752559302, -6.938893903907228e-17], [-0.06445678752559217, 2.4355650453751565, -4.5102810375396984e-17], [-1.2975731600306517e-15, -1.4641066137244252e-15, 2.57378652959874]], [[2.435565045375157, -0.06445678752559221, -4.163336342344337e-17], [0.064456787525593, 2.4355650453751565, -7.28583859910259e-17], [-1.214306433183765e-15, -1.519617764955683e-15, 2.57378652959874]], [[0.8047193357779352, 0.09695598583300448, 8.587408585382315e-16], [-0.09695598583300269, 0.8047193357779314, -4.769962179639099e-16], [-1.3530843112619095e-15, 1.97758476261356e-15, 0.7998490267073731]], [[0.8047193357779316, -0.09695598583300268, -5.256739511506846e-16], [0.09695598583300447, 0.804719335777935, 8.031242314475497e-16], [2.1996293675385914e-15, -1.5751289161869408e-15, 0.7998490267073731]], [[-1.7490476369075982, 4.579669976578771e-16, 0.6529825027280682], [-4.371503159461554e-16, -1.4912367442454915, -3.122502256758253e-17], [0.6180599690367985, -1.5751289161869408e-15, -1.6868177781530553]], [[-1.491236744245493, 4.579669976578771e-16, -5.551115123125783e-17], [1.339206523454095e-15, -1.7490476369075985, 0.6529825027280682], [-3.12944115066216e-15, 0.6180599690367983, -1.6868177781530553]], [[-1.4912367442454912, -3.094746681142624e-15, -5.273559366969494e-16], [-1.3253287356462806e-15, -1.7490476369075985, -0.6529825027280678], [2.1996293675385914e-15, -0.6180599690367943, -1.6868177781530571]], [[-1.7490476369075982, -4.3021142204224816e-16, -0.6529825027280678], [-2.213507155346406e-15, -1.4912367442454915, -4.753142324176451e-16], [-0.6180599690367958, 2.0122792321330962e-16, -1.6868177781530589]]]}, "metadata": {"formula": "AlCuSe2", "nsites": 8, "structure": "# generated using pymatgen\ndata_AlCuSe2\n_symmetry_space_group_name_H-M   'P 1'\n_cell_length_a   6.76956399\n_cell_length_b   6.76956399\n_cell_length_c   6.76956399\n_cell_angle_alpha   131.57437231\n_cell_angle_beta   131.57437231\n_cell_angle_gamma   70.90209598\n_symmetry_Int_Tables_number   1\n_chemical_formula_structural   AlCuSe2\n_chemical_formula_sum   'Al2 Cu2 Se4'\n_cell_volume   170.031465249\n_cell_formula_units_Z   2\nloop_\n _symmetry_equiv_pos_site_id\n _symmetry_equiv_pos_as_xyz\n  1  'x, y, z'\nloop_\n _atom_site_type_symbol\n _atom_site_label\n _atom_site_symmetry_multiplicity\n _atom_site_fract_x\n _atom_site_fract_y\n _atom_site_fract_z\n _atom_site_occupancy\n  Al  Al1  1  0.500000  0.500000  0.000000  1\n  Al  Al2  1  0.250000  0.750000  0.500000  1\n  Cu  Cu3  1  0.000000  0.000000  0.000000  1\n  Cu  Cu4  1  0.750000  0.250000  0.500000  1\n  Se  Se5  1  0.627957  0.625000  0.502957  1\n  Se  Se6  1  0.375000  0.877957  0.002957  1\n  Se  Se7  1  0.875000  0.372043  0.997043  1\n  Se  Se8  1  0.122043  0.125000  0.497043  1\n"}}