{"phonon": {"ph_bandstructure": [[-0.006695009962225861, 0.0, 0.0, 55.445703520426, 66.65772824649721, 84.79487348869789, 116.70091692075984, 117.65586391090827, 131.7966681826056, 149.2938811399879, 164.28581608337254, 164.46359717875262, 182.78995360855845, 205.31975820365093, 210.71011666748706, 233.12144980696098, 277.11767305582794, 296.6370802931081, 413.0403639063842, 428.1342302577837, 453.2019779810115, 460.618383533521, 560.2169790004283, 565.6372729776152, 566.478700013636, 567.7108793567917, 630.0114125176538, 644.8282387508186, 948.2652269787595, 952.5232323328424, 957.3500657033255, 1071.9708036749867, 1084.6642438459285, 1116.384344126495, 1151.2531686021314, 1206.7287584246164]]}, "dielectric": {"eps_electronic": [[3.0067308697637114, 0.0, 1.3805357565833852e-22], [0.0, 2.9783976169768622, 0.0], [1.3805357565833852e-22, 0.0, 2.9569316192107995]], "eps_total": [[15.54376712925523, 0.0, 1.3805357565833852e-22], [0.0, 6.390812018385663, 0.0], [1.3805357565833852e-22, 0.0, 6.9842964318919005]], "becs": [[[2.514018032256747, 1.739349404143171e-15, 1.840808112089122e-17], [3.4601950906578025e-15, 2.5964380773904585, -0.31464642316700553], [0.0, 0.3285777652092958, 2.6350522185858813]], [[2.514018032256747, -1.81336427465733e-15, 1.840808112089122e-17], [-3.645232266943199e-15, 2.5964380773904585, 0.31464642316700553], [0.0, -0.3285777652092958, 2.635052218585878]], [[4.330398424013794, 7.401486720543629e-17, -3.681335181186915e-18], [1.8503714319817234e-17, 3.7700737186424185, -1.5579308929783534e-22], [0.0, -1.3877788221404763e-17, 3.360821584022163]], [[4.330398424013794, 7.401486720543629e-17, -3.681335181186915e-18], [1.8503714319817234e-17, 3.7700737186424185, -1.5579308929783534e-22], [0.0, -1.3877788221404763e-17, 3.360821584022163]], [[-2.479550291605633, 0.9209471383579926, -3.681736859268207e-18], [0.9293187001672133, -1.4020626887078427, -1.5579308929783534e-22], [0.0, -1.3877788221404763e-17, -1.278275675188098]], [[-2.479550291605635, 0.920947138357993, -3.681937698308852e-18], [0.9293187001672137, -1.402062688707845, 1.5579308929783534e-22], [0.0, -1.3877788221404763e-17, -1.278275675188098]], [[-2.479550291605633, -0.9209471383579926, -3.681536020227561e-18], [-0.9293187001672126, -1.4020626887078436, 1.5579308929783534e-22], [0.0, -1.3877788221404763e-17, -1.278275675188098]], [[-2.479550291605633, -0.9209471383579928, -3.681736859268207e-18], [-0.9293187001672135, -1.4020626887078427, 4.67379267893506e-22], [0.0, -1.3877788221404763e-17, -1.278275675188098]], [[-0.9426579365319615, -2.590520401821107e-16, -3.681636439747884e-18], [-5.36607797992761e-16, -1.781193209312458, 0.8155220754665361], [0.0, 0.7310105165212707, -1.7196612261188953]], [[-0.9426579365319615, -2.590520401821107e-16, -3.681636439747884e-18], [-5.36607797992761e-16, -1.781193209312458, -0.8155220754665361], [5.972214179596342e-17, -0.7310105165212706, -1.7196612261188953]], [[-0.9426579365319606, -3.700743525707937e-17, -4.786107156102609e-17], [-9.251858814269842e-17, -1.781193209312458, 0.815522075466536], [-5.972214179596342e-17, 0.7310105165212707, -1.7196612261188953]], [[-0.9426579365319615, 1.8503716966795194e-16, 4.049779868153032e-17], [3.515706217073642e-16, -1.781193209312458, -0.815522075466536], [0.0, -0.7310105165212707, -1.7196612261188953]]]}, "metadata": {"formula": "CdSO4", "nsites": 12, "structure": "# generated using pymatgen\ndata_CdSO4\n_symmetry_space_group_name_H-M   'P 1'\n_cell_length_a   4.91829149\n_cell_length_b   4.91829149\n_cell_length_c   7.15428335\n_cell_angle_alpha   90.00000000\n_cell_angle_beta   90.00000000\n_cell_angle_gamma   114.39078857\n_symmetry_Int_Tables_number   1\n_chemical_formula_structural   CdSO4\n_chemical_formula_sum   'Cd2 S2 O8'\n_cell_volume   157.613668186\n_cell_formula_units_Z   2\nloop_\n _symmetry_equiv_pos_site_id\n _symmetry_equiv_pos_as_xyz\n  1  'x, y, z'\nloop_\n _atom_site_type_symbol\n _atom_site_label\n _atom_site_symmetry_multiplicity\n _atom_site_fract_x\n _atom_site_fract_y\n _atom_site_fract_z\n _atom_site_occupancy\n  Cd  Cd1  1  0.000000  0.000000  0.500000  1\n  Cd  Cd2  1  0.000000  0.000000  0.000000  1\n  S  S3  1  0.643527  0.356473  0.750000  1\n  S  S4  1  0.356473  0.643527  0.250000  1\n  O  O5  1  0.692443  0.764812  0.250000  1\n  O  O6  1  0.307557  0.235188  0.750000  1\n  O  O7  1  0.764812  0.692443  0.750000  1\n  O  O8  1  0.235188  0.307557  0.250000  1\n  O  O9  1  0.261371  0.738629  0.077135  1\n  O  O10  1  0.738629  0.261371  0.577135  1\n  O  O11  1  0.738629  0.261371  0.922865  1\n  O  O12  1  0.261371  0.738629  0.422865  1\n"}}