{"phonon": {"ph_bandstructure": [[-0.00541276424751789, -0.005322574221760427, -0.002301908834827334, 261.9274170461142, 268.0414373285239, 283.37391884601135, 397.0935936447751, 433.21556434089484, 436.6762450721213, 500.9614767507178, 509.072964079291, 580.5498909483134, 589.5164793247172, 616.5754353536373, 872.5943654986696, 904.5848315621748, 909.9873195463086, 941.0761772568189, 956.5163120813459, 979.2654810341361, 1164.5208412337395]]}, "dielectric": {"eps_electronic": [[2.718985927667343, 6.395564086336953e-16, 2.817639929774003e-16], [4.3960334581640696e-16, 2.718985927667344, -9.71587615180051e-17], [4.1646639521215596e-16, -2.7622814637906673e-17, 2.7552102477112888]], "eps_total": [[5.7338515708233, 6.226704872801917e-13, -5.85713504271581e-16], [6.229921712285265e-13, 5.733851570836695, -7.1233616095807e-16], [1.5359045132943257e-15, -2.4045232610592473e-16, 6.85065010131136]], "becs": [[[1.1187898450645024, 0.0016262698494370008, 6.093163377247954e-17], [-0.0016262698494372825, 1.1187898450645022, -1.0439847091006756e-17], [1.4274297165313996e-16, -2.6962558885863306e-16, 1.043648478090946]], [[3.2259256141381636, 0.2897027041411742, 1.1895246976017173e-16], [-0.2897027041411744, 3.225925614138164, -7.9301623345724e-18], [3.0927642534691344e-16, 3.568574291328499e-17, 3.2153375825033144]], [[2.4363542626946004, -0.3496539294775342, 6.34413185289139e-17], [0.349653929477534, 2.436354262694601, 4.7580988896685427e-17], [3.231542131547279e-16, -1.9825408317972838e-17, 2.564126120373688]], [[-2.0349871405652684, 0.016673561814701053, 0.6952671862382221], [-0.012488915927243353, -1.355547720412484, -0.11286883598029618], [0.6997060667636938, -0.09489864468629866, -1.7057780452563172]], [[-2.03498714056527, 0.016673561814701275, -0.6952671862382223], [-0.01248891592724402, -1.355547720412484, 0.11286883598029582], [-0.6997060667636947, 0.09489864468629877, -1.7057780452563163]], [[-1.3555477204124844, 0.012488915927243348, -0.11286883598029673], [-0.016673561814700616, -2.034987140565269, -0.695267186238222], [-0.09489864468629891, -0.6997060667636941, -1.7057780452563163]], [[-1.3555477204124835, 0.012488915927244236, 0.11286883598029662], [-0.016673561814701282, -2.0349871405652697, 0.6952671862382224], [0.09489864468629897, 0.6997060667636941, -1.7057780452563163]]]}, "metadata": {"formula": "LiSiBO4", "nsites": 7, "structure": "# generated using pymatgen\ndata_LiSiBO4\n_symmetry_space_group_name_H-M   'P 1'\n_cell_length_a   4.61734170\n_cell_length_b   4.61734170\n_cell_length_c   4.61734170\n_cell_angle_alpha   123.11919827\n_cell_angle_beta   123.11919827\n_cell_angle_gamma   84.67728973\n_symmetry_Int_Tables_number   1\n_chemical_formula_structural   LiSiBO4\n_chemical_formula_sum   'Li1 Si1 B1 O4'\n_cell_volume   66.0152329344\n_cell_formula_units_Z   1\nloop_\n _symmetry_equiv_pos_site_id\n _symmetry_equiv_pos_as_xyz\n  1  'x, y, z'\nloop_\n _atom_site_type_symbol\n _atom_site_label\n _atom_site_symmetry_multiplicity\n _atom_site_fract_x\n _atom_site_fract_y\n _atom_site_fract_z\n _atom_site_occupancy\n  Li  Li1  1  0.500000  0.500000  0.000000  1\n  Si  Si2  1  0.000000  0.000000  0.000000  1\n  B  B3  1  0.250000  0.750000  0.500000  1\n  O  O4  1  0.972061  0.855743  0.571424  1\n  O  O5  1  0.284319  0.400637  0.428576  1\n  O  O6  1  0.599363  0.027939  0.883682  1\n  O  O7  1  0.144257  0.715681  0.116318  1\n"}}