{"phonon": {"ph_bandstructure": [[0.0, 0.0, 0.0, 62.212951058154786, 64.60006994766326, 65.84020448171056, 73.78228087214087, 78.44436750136707, 83.24082169085729, 87.54328199003261, 87.96034610587827, 91.9698717800285, 94.01610821323256, 95.9533632093528, 101.19165081416236, 102.67157515568971, 109.69704523757386, 115.78209912705701, 126.16032397994069, 127.63782810792996, 136.90952915259174, 161.79867465097993, 167.76859931409578, 201.57795263188288, 211.64955663936996, 216.1110020437809, 247.2218134805442, 256.89048613667694, 262.1114403659712, 269.54159766027715]]}, "dielectric": {"eps_electronic": [[10.017910783057472, 1.4608476875521071e-15, -3.747768671328868e-15], [-8.880469075422057e-18, 5.766160706511963, 6.017145593244384e-15], [9.419787310737568e-16, 4.4247041822705645e-15, 6.173290259746815]], "eps_total": [[20.487028045816803, -9.410144081743229e-17, 1.1816189373767305e-16], [1.2617556451317108e-15, 8.959263138377878, 1.392425666537093e-15], [2.3714643521396255e-15, 2.960006385522519e-15, 8.673112662195708]], "becs": [[[1.2167056198927508, -1.3322675832280735e-16, 5.107434945918522e-16], [-1.4210854794611343e-15, 1.2214918712787506, 0.3191438080013189], [2.930988795598325e-15, 0.17836529015197483, 1.1349618043468679]], [[1.2167056198927508, -7.993605730979013e-16, 1.7767658720430524e-16], [-1.4210854794611343e-15, 1.2214918712787506, 0.31914380800131903], [2.930988795598325e-15, 0.17836529015197572, 1.1349618043468679]], [[1.2167056198927517, 5.329070564522866e-16, 3.889870912616064e-17], [-3.108624548359777e-16, 1.2214918712787515, -0.31914380800132], [-1.776356733521132e-16, -0.17836529015197428, 1.134961804346866]], [[1.2167056198927517, 1.1990408712273805e-15, 3.7196561651370763e-16], [-7.549516646860403e-16, 1.2214918712787506, -0.3191438080013202], [7.10542746348012e-16, -0.1783652901519756, 1.134961804346866]], [[4.226966114728283, -5.7731596817287e-16, -6.962150116377087e-16], [3.552713599391162e-16, 0.45923603669883456, 5.760592438176025e-16], [-1.9539925127523637e-15, -8.437694980533745e-16, 0.8061035626322522]], [[4.226966114728283, 3.1086245152725526e-16, -8.362199888667437e-16], [3.552713599391162e-16, 0.45923603669883545, 8.851407498960939e-16], [-1.9539925127523637e-15, 4.440892164675075e-17, 0.8061035626322531]], [[-3.330188677131289, 1.6431300810774431e-15, 1.2601440362138328e-15], [1.2434497796392414e-15, -1.451109889603295, -0.3773259466597034], [-1.0658140930522384e-15, -0.5264726675397355, -1.5380135856932329]], [[-3.330188677131289, -1.3322675832280735e-16, 8.576881897872136e-16], [1.2434497796392414e-15, -1.451109889603295, -0.377325946659703], [-1.0658140930522384e-15, -0.5264726675397338, -1.538013585693231]], [[-3.3301886771312943, -1.0214051780229326e-15, -4.190682885317164e-16], [3.552713599391162e-16, -1.451109889603295, 0.37732594665970365], [7.10542746348012e-16, 0.5264726675397355, -1.538013585693231]], [[-3.3301886771312925, -1.0214051780229326e-15, -1.2656133448083984e-15], [3.552713599391162e-16, -1.4511098896032932, 0.3773259466597033], [-1.0658140930522384e-15, 0.5264726675397338, -1.538013585693231]]]}, "metadata": {"formula": "K2GeAs2", "nsites": 10, "structure": "# generated using pymatgen\ndata_K2GeAs2\n_symmetry_space_group_name_H-M   'P 1'\n_cell_length_a   8.18203744\n_cell_length_b   8.18203744\n_cell_length_c   8.18203744\n_cell_angle_alpha   132.79620231\n_cell_angle_beta   129.72808148\n_cell_angle_gamma   71.42549763\n_symmetry_Int_Tables_number   1\n_chemical_formula_structural   K2GeAs2\n_chemical_formula_sum   'K4 Ge2 As4'\n_cell_volume   302.551155903\n_cell_formula_units_Z   2\nloop_\n _symmetry_equiv_pos_site_id\n _symmetry_equiv_pos_as_xyz\n  1  'x, y, z'\nloop_\n _atom_site_type_symbol\n _atom_site_label\n _atom_site_symmetry_multiplicity\n _atom_site_fract_x\n _atom_site_fract_y\n _atom_site_fract_z\n _atom_site_occupancy\n  K  K1  1  0.023997  0.358284  0.665713  1\n  K  K2  1  0.976003  0.641716  0.334287  1\n  K  K3  1  0.307429  0.141716  0.165713  1\n  K  K4  1  0.692571  0.858284  0.834287  1\n  Ge  Ge5  1  0.500000  0.750000  0.250000  1\n  Ge  Ge6  1  0.500000  0.250000  0.750000  1\n  As  As7  1  0.776585  0.105167  0.671418  1\n  As  As8  1  0.223415  0.894833  0.328582  1\n  As  As9  1  0.566252  0.394833  0.171418  1\n  As  As10  1  0.433748  0.605167  0.828582  1\n"}}