{"phonon": {"ph_bandstructure": [[-0.008065018091379782, -0.007964011188859203, -0.005523780212956701, 232.1148936423323, 244.3341886386221, 300.78359726905137, 363.37769911869924, 396.7689057449958, 409.05055847311246, 414.0090945578167, 461.0177043799865, 518.5719041387387, 524.428492268174, 584.1594448046108, 726.33329547314, 775.3159644542054, 787.4778462344053, 891.8024087646118, 903.8957291616058, 923.9772619118208, 1080.9910896922197]]}, "dielectric": {"eps_electronic": [[3.0409632439450123, 2.866431821018664e-16, -3.258420760991697e-16], [2.866431821018664e-16, 3.0409632439450123, -1.214020495799295e-15], [5.31160135648313e-16, -3.570182840518122e-16, 3.0882188540644835]], "eps_total": [[6.306924991033599, 1.488599114106513e-12, 8.546880183349951e-17], [1.490243871279421e-12, 6.306924991050328, -2.0962635758875498e-15], [6.551765196942449e-18, 6.551765196942449e-18, 7.151024192373344]], "becs": [[[1.1377123735996002, 0.013640702893600233, -1.13223946186329e-16], [-0.013640702893600566, 1.1377123735996002, 6.52047646577832e-17], [-4.916702235621664e-16, 2.3790494448342713e-17, 1.0006180702684482]], [[3.2993360176929416, 0.27060992249626303, -1.7990358956709238e-16], [-0.2706099224962627, 3.2993360176929425, -1.6800833241675368e-16], [2.8548589367544316e-16, 2.3790494448342713e-17, 3.369917480498352]], [[2.4235310411527653, -0.7334493267587179, -1.8930863558772868e-16], [0.7334493267587179, 2.4235310411527653, 4.463122648764135e-17], [-5.055480113699809e-16, -1.4274295924543077e-16, 2.565936841382538]], [[-2.022409055920755, 0.1769503052343862, 0.6871464933337301], [-0.04764904544853913, -1.407880660341507, -0.19063661321046066], [0.692629669582262, -0.2292150345891666, -1.7341180980568067]], [[-2.0224090559207557, 0.17695030523438532, -0.6871464933337297], [-0.04764904544853935, -1.407880660341507, 0.1906366132104606], [-0.6926296695822611, 0.22921503458916748, -1.7341180980568067]], [[-1.407880660341507, 0.04764904544853902, -0.19063661321046052], [-0.17695030523438562, -2.0224090559207557, -0.6871464933337303], [-0.22921503458916542, -0.6926296695822618, -1.7341180980568076]], [[-1.407880660341507, 0.04764904544853902, 0.1906366132104606], [-0.1769503052343854, -2.0224090559207557, 0.6871464933337306], [0.2292150345891651, 0.6926296695822609, -1.7341180980568067]]]}, "metadata": {"formula": "LiGeBO4", "nsites": 7, "structure": "# generated using pymatgen\ndata_LiGeBO4\n_symmetry_space_group_name_H-M   'P 1'\n_cell_length_a   4.69414533\n_cell_length_b   4.69414533\n_cell_length_c   4.69414533\n_cell_angle_alpha   122.62574322\n_cell_angle_beta   122.62574322\n_cell_angle_gamma   85.50923011\n_symmetry_Int_Tables_number   1\n_chemical_formula_structural   LiGeBO4\n_chemical_formula_sum   'Li1 Ge1 B1 O4'\n_cell_volume   70.0026354337\n_cell_formula_units_Z   1\nloop_\n _symmetry_equiv_pos_site_id\n _symmetry_equiv_pos_as_xyz\n  1  'x, y, z'\nloop_\n _atom_site_type_symbol\n _atom_site_label\n _atom_site_symmetry_multiplicity\n _atom_site_fract_x\n _atom_site_fract_y\n _atom_site_fract_z\n _atom_site_occupancy\n  Li  Li1  1  0.250000  0.750000  0.500000  1\n  Ge  Ge2  1  0.750000  0.250000  0.500000  1\n  B  B3  1  1.000000  0.000000  0.000000  1\n  O  O4  1  0.710563  0.094913  0.040604  1\n  O  O5  1  0.054308  0.669959  0.959396  1\n  O  O6  1  0.330041  0.289437  0.384350  1\n  O  O7  1  0.905087  0.945692  0.615650  1\n"}}