{"phonon": {"ph_bandstructure": [[0.0, 0.0, 0.0, 160.32922468001246, 172.66353770450826, 172.66353770873917, 178.51917841342635, 190.17315225651555, 239.49401390460656, 245.84561354083428, 245.84561354295937, 279.20707767838974, 279.78821221947675, 286.0336601821247, 298.70831647709383, 311.1748522926104, 328.62908229728953, 367.3041000388727, 367.30410003957456, 369.28209155535905, 386.6320110619243, 424.78623291252904, 478.0139093516767, 478.0139093525575, 501.18811355695385, 512.2533865961508, 545.028413966443, 614.0581379716831, 665.8293176107032, 673.5951240685087, 695.8368679733046, 736.593406125979, 752.2982916567447, 752.2982916568361, 766.9857367247558, 808.597566570522]]}, "dielectric": {"eps_electronic": [[5.055781449180232, -2.7108924394956265e-17, 1.0245809450688072e-16], [-2.7108924394956265e-17, 5.055781449180232, 1.0245809450688072e-16], [6.621980408236511e-16, -2.259803788764741e-16, 4.760115457789165]], "eps_total": [[20.35268460303956, 5.4401527661079025e-12, 3.530030484469152e-15], [5.443593759343559e-12, 20.35268460327275, 1.5669691405796294e-16], [4.6859037184648585e-15, 2.021368459364483e-15, 15.567518604250354]], "becs": [[[5.2643793786374395, -0.06304410914641706, -3.7470027205176125e-16], [0.06304410914641828, 5.264379378637441, 3.2844097798041204e-16], [-9.621932769793942e-16, -3.700743525707937e-16, 5.168240669974924]], [[5.2643793786374395, -0.06304410914641706, -3.7470027205176125e-16], [0.06304410914641828, 5.264379378637441, 3.2844097798041204e-16], [-9.621932769793942e-16, -3.700743525707937e-16, 5.168240669974924]], [[4.2884420006679225, 0.017614521710315037, 4.084828695727747e-16], [-0.017614521710314038, 4.288442000667921, -4.426881148702712e-16], [3.700743525707937e-16, -3.700743525707937e-16, 3.5509724385767534]], [[4.288442000667921, 0.017614521710315037, 1.8643826464774338e-16], [-0.017614521710313594, 4.288442000667921, -2.2064350994523987e-16], [-1.4062824868294568e-15, -1.258252772270919e-15, 3.5509724385767534]], [[-2.389775666250139, 0.5834189655761192, -0.34521769210254144], [0.5607041718583625, -2.3866350234168605, -0.4302961811628646], [-0.3302078577495285, -0.2630495945628327, -2.1798032771477063]], [[-2.3866350234168596, -0.5607041718583637, -0.4302961811628649], [-0.5834189655761204, -2.389775666250138, 0.34521769210254183], [-0.2630495945628338, 0.33020785774952943, -2.1798032771477054]], [[-2.3866350234168587, -0.5607041718583629, 0.4302961811628646], [-0.583418965576119, -2.389775666250138, -0.3452176921025416], [0.2630495945628319, -0.3302078577495292, -2.1798032771477063]], [[-2.389775666250139, 0.5834189655761192, 0.34521769210254183], [0.5607041718583627, -2.3866350234168596, 0.43029618116286444], [0.33020785774953193, 0.26304959456283383, -2.1798032771477063]], [[-2.389775666250139, 0.5834189655761192, 0.34521769210254183], [0.5607041718583627, -2.3866350234168596, 0.43029618116286444], [0.33020785774953193, 0.26304959456283383, -2.1798032771477063]], [[-2.3866350234168587, -0.5607041718583629, 0.4302961811628646], [-0.583418965576119, -2.389775666250138, -0.3452176921025416], [0.2630495945628319, -0.3302078577495292, -2.1798032771477063]], [[-2.3866350234168596, -0.5607041718583637, -0.4302961811628649], [-0.5834189655761204, -2.389775666250138, 0.34521769210254183], [-0.2630495945628338, 0.33020785774952943, -2.1798032771477054]], [[-2.389775666250139, 0.5834189655761192, -0.34521769210254144], [0.5607041718583625, -2.3866350234168605, -0.4302961811628646], [-0.3302078577495285, -0.2630495945628327, -2.1798032771477063]]]}, "metadata": {"formula": "ZrGeO4", "nsites": 12, "structure": "# generated using pymatgen\ndata_ZrGeO4\n_symmetry_space_group_name_H-M   'P 1'\n_cell_length_a   6.28839344\n_cell_length_b   6.28839344\n_cell_length_c   6.28839344\n_cell_angle_alpha   134.49624945\n_cell_angle_beta   134.49624945\n_cell_angle_gamma   66.31392983\n_symmetry_Int_Tables_number   1\n_chemical_formula_structural   ZrGeO4\n_chemical_formula_sum   'Zr2 Ge2 O8'\n_cell_volume   124.547868849\n_cell_formula_units_Z   2\nloop_\n _symmetry_equiv_pos_site_id\n _symmetry_equiv_pos_as_xyz\n  1  'x, y, z'\nloop_\n _atom_site_type_symbol\n _atom_site_label\n _atom_site_symmetry_multiplicity\n _atom_site_fract_x\n _atom_site_fract_y\n _atom_site_fract_z\n _atom_site_occupancy\n  Zr  Zr1  1  0.500000  0.500000  0.000000  1\n  Zr  Zr2  1  0.250000  0.750000  0.500000  1\n  Ge  Ge3  1  0.000000  0.000000  0.000000  1\n  Ge  Ge4  1  0.750000  0.250000  0.500000  1\n  O  O5  1  0.908664  0.349813  0.092850  1\n  O  O6  1  0.565814  0.158664  0.058851  1\n  O  O7  1  0.099813  0.506963  0.941149  1\n  O  O8  1  0.256963  0.815814  0.907150  1\n  O  O9  1  0.493037  0.434186  0.592850  1\n  O  O10  1  0.650187  0.743037  0.558851  1\n  O  O11  1  0.184186  0.091336  0.441149  1\n  O  O12  1  0.841336  0.900187  0.407150  1\n"}}