{"phonon": {"ph_bandstructure": [[0.0, 0.0, 0.0, 99.06725546690242, 99.06725546898512, 331.5637899381013, 395.2632688087496, 421.17586010549303, 421.17586011821015, 429.205222592169, 435.20985241872046, 485.8004940278622]]}, "dielectric": {"eps_electronic": [[8.359039592769188, 0.0, -1.4226154682376512e-23], [0.0, 8.359039592945365, 0.0], [-7.113077341188254e-24, -1.2320211353252476e-23, 8.608000710481635]], "eps_total": [[10.415373522970555, -1.7763568394002505e-15, -1.4226154682376512e-23], [-4.440892098500626e-16, 10.415373523203755, 0.0], [-7.113077341188254e-24, -1.2320211353252476e-23, 11.053267930156363]], "becs": [[[2.1604108011415506, -5.551115123125783e-17, 1.1975081699773392e-23], [-6.938893903907228e-17, 2.16041080114155, -1.4815321377888617e-23], [0.0, 0.0, 2.323373124706068]], [[2.1604108011415506, -5.551115123125783e-17, -4.618960084198308e-23], [-1.249000902703301e-16, 2.16041080114155, -6.815047833828765e-23], [0.0, 0.0, 2.323373124706068]], [[-2.160410801141551, -5.551115123125783e-17, -1.7107259571104808e-24], [-5.689893001203927e-16, -2.1604108011415506, 1.511162780544639e-22], [0.0, 0.0, -2.323373124706069]], [[-2.16041080114155, 1.6653345369377348e-16, 3.592524509932017e-23], [7.632783294297951e-16, -2.16041080114155, -6.815047833828764e-23], [0.0, 0.0, -2.3233731247060674]]]}, "metadata": {"formula": "AlP", "nsites": 4, "structure": "# generated using pymatgen\ndata_AlP\n_symmetry_space_group_name_H-M   'P 1'\n_cell_length_a   3.86022084\n_cell_length_b   3.86022084\n_cell_length_c   6.33739685\n_cell_angle_alpha   90.00000000\n_cell_angle_beta   90.00000000\n_cell_angle_gamma   120.00000000\n_symmetry_Int_Tables_number   1\n_chemical_formula_structural   AlP\n_chemical_formula_sum   'Al2 P2'\n_cell_volume   81.7835270752\n_cell_formula_units_Z   2\nloop_\n _symmetry_equiv_pos_site_id\n _symmetry_equiv_pos_as_xyz\n  1  'x, y, z'\nloop_\n _atom_site_type_symbol\n _atom_site_label\n _atom_site_symmetry_multiplicity\n _atom_site_fract_x\n _atom_site_fract_y\n _atom_site_fract_z\n _atom_site_occupancy\n  Al  Al1  1  0.666667  0.333333  0.999908  1\n  Al  Al2  1  0.333333  0.666667  0.499908  1\n  P  P3  1  0.666667  0.333333  0.625092  1\n  P  P4  1  0.333333  0.666667  0.125092  1\n"}}