{"phonon": {"ph_bandstructure": [[0.0, 0.0, 0.0, 59.76418101755842, 95.97855716830577, 99.45957622900654, 102.63851091565733, 102.63851091565805, 114.58503701146272, 115.19940649781, 133.01820757859699, 192.68653517840812, 208.89854231536683, 275.7272901922567, 365.8258555068408, 684.8115049819475, 688.7813632254218, 839.6675923394031, 1053.1506803332081, 1424.3925086846068, 1499.5399458690943]]}, "dielectric": {"eps_electronic": [[2.489702226393405, 8.881784197001252e-16, 0.0], [6.661338147750939e-16, 2.4897022263832866, 0.0], [0.0, 0.0, 2.1255929326510317]], "eps_total": [[16.00064547045662, 4.2454928461665986e-13, 0.0], [4.263256414560601e-13, 16.000645473232485, 0.0], [0.0, 0.0, 8.120663115292015]], "becs": [[[1.1826193564579999, 1.2291755464977069e-16, 3.136519131614296e-23], [-6.502734950690328e-16, 1.182619356457999, 5.122175609429365e-23], [0.0, 0.0, 1.3213456526820844]], [[2.4300244427790627, 1.2291755464977069e-16, -1.1918772027110366e-22], [6.81994134481155e-16, 2.4300244427790636, -3.5700007937589924e-23], [0.0, 0.0, 2.3655034471636434]], [[2.880055020731005, 1.506731302653996e-16, 1.2546077367737136e-23], [-9.516198275645453e-17, 2.880055020731005, 4.0356535590308203e-23], [0.0, 0.0, 0.10459128219675953]], [[-1.4549658702552586, -3.2117165520029193e-16, -6.900341640868813e-23], [2.3790492463109243e-16, -2.2631563664444587, 2.250652841580608e-22], [0.0, 0.0, -0.6551444583260022]], [[-2.061108742397158, -0.3499567503996871, 3.136519131614296e-23], [-0.34995675039731, -1.657013494302558, -2.9646530003324062e-22], [0.0, 0.0, -0.6551444583260031]], [[-2.061108742397159, 0.3499567503996873, 8.15494951785585e-23], [0.34995675039731, -1.657013494302559, -3.570000793758992e-23], [0.0, 0.0, -0.6551444583260031]], [[-0.9155154649287618, -3.2117165520029193e-16, 3.136519131614296e-23], [-2.0618428521897018e-16, -0.9155154649287622, 5.122175609429365e-23], [0.0, 0.0, -1.8260070070695673]]]}, "metadata": {"formula": "KSrCO3F", "nsites": 7, "structure": "# generated using pymatgen\ndata_KSrCO3F\n_symmetry_space_group_name_H-M   'P 1'\n_cell_length_a   5.22772274\n_cell_length_b   5.22772274\n_cell_length_c   4.68105584\n_cell_angle_alpha   90.00000000\n_cell_angle_beta   90.00000000\n_cell_angle_gamma   120.00000000\n_symmetry_Int_Tables_number   1\n_chemical_formula_structural   KSrCO3F\n_chemical_formula_sum   'K1 Sr1 C1 O3 F1'\n_cell_volume   110.789740593\n_cell_formula_units_Z   1\nloop_\n _symmetry_equiv_pos_site_id\n _symmetry_equiv_pos_as_xyz\n  1  'x, y, z'\nloop_\n _atom_site_type_symbol\n _atom_site_label\n _atom_site_symmetry_multiplicity\n _atom_site_fract_x\n _atom_site_fract_y\n _atom_site_fract_z\n _atom_site_occupancy\n  K  K1  1  0.666667  0.333333  0.000000  1\n  Sr  Sr2  1  0.000000  -0.000000  0.500000  1\n  C  C3  1  0.333333  0.666667  0.500000  1\n  O  O4  1  0.476180  0.523820  0.500000  1\n  O  O5  1  0.476180  0.952360  0.500000  1\n  O  O6  1  0.047640  0.523820  0.500000  1\n  F  F7  1  0.000000  -0.000000  0.000000  1\n"}}