{"phonon": {"ph_bandstructure": [[0.0, 0.0, 0.0, 33.471303996129635, 33.47130400668944, 34.35720087653559, 85.33034064281594, 85.3303406470302, 85.37960618532874, 85.37960618640311, 85.37960618954074, 100.80005828588327]]}, "dielectric": {"eps_electronic": [[30.24647156624389, 1.859508158659663e-14, 1.4210854715202004e-14], [1.6674546983061372e-14, 30.246471566243873, 5.329070518200751e-15], [1.4004111833859584e-14, 6.898684476258582e-15, 30.24647156624387]], "eps_total": [[44.47127800501924, -4.889654499348303e-10, 1.0683010032153106e-11], [-4.889646928220687e-10, 44.47127800718131, 3.7976732869537955e-10], [1.0684358924643124e-11, 3.7977578301522716e-10, 44.47127800856743]], "becs": [[[3.0192071269451897, 0.0, 0.0], [0.0, 3.0192071269451897, 0.0], [-7.836432974503433e-20, -7.836432974503433e-20, 3.0192071269451897]], [[3.0192071269451897, 0.0, 0.0], [0.0, 3.0192071269451897, 0.0], [-7.836432974503433e-20, -7.836432974503433e-20, 3.0192071269451897]], [[-4.793009833052558, 0.0, 0.0], [0.0, -4.793009833052558, 0.0], [-1.2351801630271879e-19, -1.2351801630271879e-19, -4.793009833052558]], [[-1.2454044208378217, 0.0, 0.0], [0.0, -1.2454044208378217, 0.0], [2.8024667579278743e-19, 2.8024667579278743e-19, -1.2454044208378217]]]}, "metadata": {"formula": "Ba2BiAu", "nsites": 4, "structure": "# generated using pymatgen\ndata_Ba2BiAu\n_symmetry_space_group_name_H-M   'P 1'\n_cell_length_a   5.80990019\n_cell_length_b   5.80990019\n_cell_length_c   5.80990019\n_cell_angle_alpha   60.00000000\n_cell_angle_beta   60.00000000\n_cell_angle_gamma   60.00000000\n_symmetry_Int_Tables_number   1\n_chemical_formula_structural   Ba2BiAu\n_chemical_formula_sum   'Ba2 Bi1 Au1'\n_cell_volume   138.672714347\n_cell_formula_units_Z   1\nloop_\n _symmetry_equiv_pos_site_id\n _symmetry_equiv_pos_as_xyz\n  1  'x, y, z'\nloop_\n _atom_site_type_symbol\n _atom_site_label\n _atom_site_symmetry_multiplicity\n _atom_site_fract_x\n _atom_site_fract_y\n _atom_site_fract_z\n _atom_site_occupancy\n  Ba  Ba1  1  0.250000  0.250000  0.250000  1\n  Ba  Ba2  1  0.750000  0.750000  0.750000  1\n  Bi  Bi3  1  0.000000  0.000000  0.000000  1\n  Au  Au4  1  0.500000  0.500000  0.500000  1\n"}}