{"phonon": {"ph_bandstructure": [[0.0, 0.0, 0.0, 106.2682115555489, 107.27625173216576, 199.78188057476373, 256.62978831021087, 353.37504662705226, 353.37504662941825, 366.96781119164683, 470.8896894635923, 532.5061557192238]]}, "dielectric": {"eps_electronic": [[3.2537331508209104, 5.551115123125783e-17, -0.0892207983966064], [-8.188784420905521e-16, 3.806504356633823, 4.891141855170852e-16], [-0.08922079839660743, 6.661338147750939e-16, 3.792103550705802]], "eps_total": [[9.554828481009087, 2.220446049250313e-16, -1.161131503595481], [-7.22238042203013e-16, 16.74866750790615, 3.260761236780568e-15], [-1.1611315035954792, 1.7763568394002505e-15, 16.56125347720207]], "becs": [[[1.5334879953936502, 0.0, 0.07964242522469056], [0.0, 1.040060003081003, 0.0], [0.07964242522524634, 0.0, 1.0529147985010723]], [[2.3918699784917306, 0.0, -0.283328142795795], [0.0, 4.1472413935508, 0.0], [-0.28332814279777435, 0.0, 4.101510424132016]], [[-1.9626789869426906, 0.0, 0.10184285878555221], [0.0, -2.5936506983159022, 0.0], [0.10184285878626402, 0.0, -2.577212611316544]], [[-1.9626789869426906, 0.0, 0.10184285878555221], [0.0, -2.5936506983159022, 0.0], [0.10184285878626402, 0.0, -2.577212611316544]]]}, "metadata": {"formula": "KYO2", "nsites": 4, "structure": "# generated using pymatgen\ndata_KYO2\n_symmetry_space_group_name_H-M   'P 1'\n_cell_length_a   6.45619994\n_cell_length_b   6.45619994\n_cell_length_c   6.45619994\n_cell_angle_alpha   30.85816752\n_cell_angle_beta   30.85816752\n_cell_angle_gamma   30.85816752\n_symmetry_Int_Tables_number   1\n_chemical_formula_structural   KYO2\n_chemical_formula_sum   'K1 Y1 O2'\n_cell_volume   62.7925035495\n_cell_formula_units_Z   1\nloop_\n _symmetry_equiv_pos_site_id\n _symmetry_equiv_pos_as_xyz\n  1  'x, y, z'\nloop_\n _atom_site_type_symbol\n _atom_site_label\n _atom_site_symmetry_multiplicity\n _atom_site_fract_x\n _atom_site_fract_y\n _atom_site_fract_z\n _atom_site_occupancy\n  K  K1  1  0.000000  0.000000  0.000000  1\n  Y  Y2  1  0.500000  0.500000  0.500000  1\n  O  O3  1  0.771120  0.771120  0.771120  1\n  O  O4  1  0.228880  0.228880  0.228880  1\n"}}