{"phonon": {"ph_bandstructure": [[0.0, 0.0, 0.0, 91.46129498630614, 91.46129499068576, 113.63025559795145, 116.1988392166327, 118.46197342486845, 127.47438799333068, 127.47438799650392, 132.38789453503884, 140.76548975918917, 278.1041683759273, 301.99013430721857, 326.6145032336951, 326.61450323507194, 330.5986313424435, 371.415325445259]]}, "dielectric": {"eps_electronic": [[4.170004008691954, 0.0, 3.2037855779393694e-23], [0.0, 4.170004008691954, 3.2037855779393694e-23], [3.203785577939368e-23, 3.203785577939368e-23, 3.974573735000322]], "eps_total": [[8.320665120090037, -3.287971837070275e-15, 3.2037855779393694e-23], [-3.287971837070275e-15, 8.320665120256267, 3.2037855779393694e-23], [3.203785577939368e-23, 3.203785577939368e-23, 8.42739378262854]], "becs": [[[1.055222647996844, 0.0, 0.0], [0.0, 1.0552226479968425, 0.0], [5.719024444565109e-23, 1.5571601430997612e-23, 1.1999573683052964]], [[1.055222647996844, 0.0, 0.0], [0.0, 1.0552226479968425, 0.0], [-7.870736399299102e-23, -3.8787441944459234e-23, 1.1999573683052964]], [[1.0050736980985748, 0.0, 0.0], [0.0, 1.0050736980985748, 0.0], [2.8312010701942517e-24, 2.4065201958412743e-23, 0.6076860514411788]], [[1.0050736980985748, 0.0, 0.0], [0.0, 1.0050736980985748, 0.0], [1.3023521703092412e-23, -4.813039834798702e-24, 0.6076860514411788]], [[-2.0602963461438364, 0.0, 0.0], [0.0, -2.0602963461438355, 0.0], [3.0010722757922675e-23, 1.5571601430997612e-23, -1.807643419749224]], [[-2.0602963461438364, 0.0, 0.0], [0.0, -2.0602963461438355, 0.0], [-2.4348320617534172e-23, -1.160792025673081e-23, -1.8076434197492275]]]}, "metadata": {"formula": "KLiSe", "nsites": 6, "structure": "# generated using pymatgen\ndata_KLiSe\n_symmetry_space_group_name_H-M   'P 1'\n_cell_length_a   4.45336326\n_cell_length_b   4.45336326\n_cell_length_c   7.18289442\n_cell_angle_alpha   90.00000000\n_cell_angle_beta   90.00000000\n_cell_angle_gamma   90.00000000\n_symmetry_Int_Tables_number   1\n_chemical_formula_structural   KLiSe\n_chemical_formula_sum   'K2 Li2 Se2'\n_cell_volume   142.454353503\n_cell_formula_units_Z   2\nloop_\n _symmetry_equiv_pos_site_id\n _symmetry_equiv_pos_as_xyz\n  1  'x, y, z'\nloop_\n _atom_site_type_symbol\n _atom_site_label\n _atom_site_symmetry_multiplicity\n _atom_site_fract_x\n _atom_site_fract_y\n _atom_site_fract_z\n _atom_site_occupancy\n  K  K1  1  0.000000  0.500000  0.661256  1\n  K  K2  1  0.500000  0.000000  0.338744  1\n  Li  Li3  1  0.000000  0.000000  0.000000  1\n  Li  Li4  1  0.500000  0.500000  0.000000  1\n  Se  Se5  1  0.000000  0.500000  0.193046  1\n  Se  Se6  1  0.500000  0.000000  0.806954  1\n"}}