{"phonon": {"ph_bandstructure": [[0.0, 0.0, 0.0, 77.54239007025306, 77.54239007601028, 82.02937040827507, 116.55419384016426, 116.55419384116713, 116.55419384405945, 136.7521147305477, 136.75211473390496, 213.89394462065854, 370.8742504111811, 370.87425041273946, 424.1925869610648]]}, "dielectric": {"eps_electronic": [[2.7036442561097282, 0.0, 0.0], [0.0, 2.7036442561097282, 0.0], [0.0, 0.0, 2.7036442561097282]], "eps_total": [[9.683037217156015, 7.641362420917404e-13, 7.896235710223956e-11], [7.641362420917404e-13, 9.683037217474245, 6.065715084144327e-12], [7.896235710223956e-11, 6.065715084144327e-12, 9.683037218049325]], "becs": [[[1.3632487289510964, 0.0, 0.0], [0.0, 1.3632487289510964, 0.0], [0.0, 0.0, 1.3632487289510964]], [[2.455365808617896, 0.0, 0.0], [0.0, 2.455365808617896, 0.0], [0.0, 0.0, 2.455365808617896]], [[-1.753869060543598, 0.0, 0.0], [0.0, -1.0323727385129637, 0.0], [0.0, 0.0, -1.0323727385129637]], [[-1.0323727385129637, 0.0, 0.0], [0.0, -1.753869060543598, 0.0], [0.0, 0.0, -1.0323727385129637]], [[-1.0323727385129637, 0.0, 0.0], [0.0, -1.0323727385129637, 0.0], [0.0, 0.0, -1.753869060543598]]]}, "metadata": {"formula": "CsCdF3", "nsites": 5, "structure": "# generated using pymatgen\ndata_CsCdF3\n_symmetry_space_group_name_H-M   'P 1'\n_cell_length_a   4.45887838\n_cell_length_b   4.45887838\n_cell_length_c   4.45887838\n_cell_angle_alpha   90.00000000\n_cell_angle_beta   90.00000000\n_cell_angle_gamma   90.00000000\n_symmetry_Int_Tables_number   1\n_chemical_formula_structural   CsCdF3\n_chemical_formula_sum   'Cs1 Cd1 F3'\n_cell_volume   88.6496202454\n_cell_formula_units_Z   1\nloop_\n _symmetry_equiv_pos_site_id\n _symmetry_equiv_pos_as_xyz\n  1  'x, y, z'\nloop_\n _atom_site_type_symbol\n _atom_site_label\n _atom_site_symmetry_multiplicity\n _atom_site_fract_x\n _atom_site_fract_y\n _atom_site_fract_z\n _atom_site_occupancy\n  Cs  Cs1  1  0.000000  0.000000  0.000000  1\n  Cd  Cd2  1  0.500000  0.500000  0.500000  1\n  F  F3  1  0.000000  0.500000  0.500000  1\n  F  F4  1  0.500000  0.000000  0.500000  1\n  F  F5  1  0.500000  0.500000  0.000000  1\n"}}