{"phonon": {"ph_bandstructure": [[0.0, 0.0, 0.0, 58.38781576074613, 119.55999187990773, 126.44848013147885, 135.8334480238238, 136.17087236848428, 136.69807929420614, 162.9894364356226, 191.20511981589382, 199.66434421927315, 221.1152714533424, 221.8858801469752, 242.53556148471247, 248.69579361455132, 251.30265593440228, 265.6090893568929, 372.5209664194904, 380.85910455260887, 415.2589572137351, 446.50482322044365, 529.3798191496788, 530.2341790352709, 540.4302353910726, 562.933092340365, 644.6020938871543, 656.0573027317247, 663.7837729343993, 668.098333076653]]}, "dielectric": {"eps_electronic": [[3.3257922287923147, 6.408254148173458e-18, 0.0], [2.6685899466436685e-16, 4.9329241252802305, -4.440892098500626e-16], [-9.839369426620132e-17, 1.1567858489102724e-15, 4.958567528601859]], "eps_total": [[3.7665612303377367, -1.9260312321722686e-16, 0.0], [3.4913549211202165e-16, 5.711356629092291, 0.0], [-8.76236906618233e-17, -8.753335942979482e-17, 5.771962470360754]], "becs": [[[2.249572110066609, -3.9968028820331186e-16, -3.774758273799365e-16], [1.77635686587003e-16, 2.9179213939064597, -0.629291250847575], [6.716849324624796e-16, -0.28519480631046024, 2.9334760010439713]], [[2.249572110066608, 9.32587341346876e-16, -3.774758273799365e-16], [-1.5987211528132475e-15, 2.9179213939064605, 0.6292912508475754], [-2.048361477869154e-15, 0.2851948063104607, 2.9334760010439704]], [[-0.753780124184648, 0.31040709799209815, -0.21850389255361619], [0.5369175515945372, -0.6401930139469513, 0.19784644396102746], [-0.5143751038309383, 0.2813723235354787, -0.5571691646332695]], [[-0.7537801241846498, -0.31040709799209804, 0.21850389255361585], [-0.5369175515945368, -0.6401930139469513, 0.1978464439610268], [0.5143751038309388, 0.28137232353548025, -0.5571691646332695]], [[-0.3710059308529913, -0.0616788267411152, -0.021324747250073647], [-0.4137996535168178, -0.8187676830103908, -0.7549573350094883], [-0.3981982845685753, -0.6562405228438705, -0.9095688358931129]], [[-0.37100593085299083, 0.06167882674111551, 0.02132474725007423], [0.41379965351681824, -0.8187676830103908, -0.7549573350094878], [0.39819828456857564, -0.6562405228438706, -0.9095688358931124]], [[-0.3710059308529917, 0.061678826741115064, -0.021324747250073425], [0.4137996535168178, -0.8187676830103913, 0.7549573350094887], [-0.3981982845685762, 0.6562405228438709, -0.9095688358931124]], [[-0.3710059308529913, -0.06167882674111565, 0.021324747250073564], [-0.41379965351681647, -0.8187676830103908, 0.7549573350094869], [0.3981982845685771, 0.6562405228438699, -0.9095688358931142]], [[-0.7537801241846498, 0.3104070979920979, 0.21850389255361607], [0.5369175515945368, -0.6401930139469522, -0.1978464439610268], [0.5143751038309383, -0.28137232353547914, -0.5571691646332704]], [[-0.7537801241846489, -0.31040709799209826, -0.21850389255361574], [-0.5369175515945372, -0.6401930139469517, -0.19784644396102746], [-0.5143751038309385, -0.28137232353548025, -0.5571691646332708]]]}, "metadata": {"formula": "PtF4", "nsites": 10, "structure": "# generated using pymatgen\ndata_PtF4\n_symmetry_space_group_name_H-M   'P 1'\n_cell_length_a   6.63819361\n_cell_length_b   5.57197193\n_cell_length_c   5.50010151\n_cell_angle_alpha   73.67124875\n_cell_angle_beta   53.66086855\n_cell_angle_gamma   52.66788270\n_symmetry_Int_Tables_number   1\n_chemical_formula_structural   PtF4\n_chemical_formula_sum   'Pt2 F8'\n_cell_volume   129.326211305\n_cell_formula_units_Z   2\nloop_\n _symmetry_equiv_pos_site_id\n _symmetry_equiv_pos_as_xyz\n  1  'x, y, z'\nloop_\n _atom_site_type_symbol\n _atom_site_label\n _atom_site_symmetry_multiplicity\n _atom_site_fract_x\n _atom_site_fract_y\n _atom_site_fract_z\n _atom_site_occupancy\n  Pt  Pt1  1  0.746524  0.253476  0.253476  1\n  Pt  Pt2  1  0.996524  0.503476  0.503476  1\n  F  F3  1  0.239318  0.080709  0.491611  1\n  F  F4  1  0.188362  0.491611  0.080709  1\n  F  F5  1  0.693525  0.485307  0.536897  1\n  F  F6  1  0.284272  0.536897  0.485307  1\n  F  F7  1  0.713103  0.965728  0.556475  1\n  F  F8  1  0.764693  0.556475  0.965728  1\n  F  F9  1  0.169291  0.010682  0.061638  1\n  F  F10  1  0.758389  0.061638  0.010682  1\n"}}