{"phonon": {"ph_bandstructure": [[0.0, 0.0, 0.0, 85.2565320704454, 94.83778736156253, 106.58257125222426, 116.01547728901545, 124.93381089959671, 128.0214340351222, 128.0214340351228, 134.18707653188704, 182.0059735178575, 185.20985449160966, 264.65328668146464, 323.3192237744365, 683.647099791995, 687.0972350442427, 837.3111268035835, 1055.8153418591878, 1427.9616324728318, 1502.1854735314741]]}, "dielectric": {"eps_electronic": [[2.5594651620314535, 4.440892098500626e-16, 0.0], [1.1102230246251565e-16, 2.5594651620120743, 0.0], [0.0, 0.0, 2.2053565751231927]], "eps_total": [[8.680697528781039, 1.4210854715202004e-14, 0.0], [1.4654943925052066e-14, 8.680697529114095, 0.0], [0.0, 0.0, 5.928057181598517]], "becs": [[[1.1908965713642472, 6.34413185289139e-17, -1.74415588098145e-23], [1.7446362595451323e-16, 1.190896571364247, -5.964965705995081e-24], [0.0, 0.0, 1.4005514221668653]], [[2.4681983214137144, 6.34413185289139e-17, 1.2220201024557722e-24], [1.7446362595451323e-16, 2.4681983214137144, 4.810456602979029e-24], [0.0, 0.0, 2.380868739658889]], [[2.959871753961831, 6.34413185289139e-17, 1.2220201024557722e-24], [2.854859284170289e-16, 2.9598717539618313, 4.810456602979029e-24], [0.0, 0.0, 0.07398829554162155]], [[-1.4518569165674335, 5.075305283789765e-16, 5.72127568392666e-23], [1.0626420456546385e-15, -2.314565597551648, 1.0178925738374604e-22], [0.0, 0.0, -0.6954397118842162]], [[-2.098888427305594, -0.3735638169011685, -3.6105137722084764e-23], [-0.37356381689652524, -1.6675340868134874, -1.0294376648676208e-22], [0.0, 0.0, -0.6954397118842162]], [[-2.098888427305595, 0.3735638169011682, -4.999172868300985e-24], [0.3735638168965251, -1.6675340868134878, -5.964965705995082e-24], [0.0, 0.0, -0.6954397118842162]], [[-0.9693328755657393, -3.806478913211487e-16, -1.110927261578012e-24], [-1.6018932134457372e-15, -0.9693328755657394, 3.4635288143572656e-24], [0.0, 0.0, -1.7690893217224624]]]}, "metadata": {"formula": "RbSrCO3F", "nsites": 7, "structure": "# generated using pymatgen\ndata_RbSrCO3F\n_symmetry_space_group_name_H-M   'P 1'\n_cell_length_a   5.26912987\n_cell_length_b   5.26912987\n_cell_length_c   4.75745209\n_cell_angle_alpha   90.00000000\n_cell_angle_beta   90.00000000\n_cell_angle_gamma   120.00000000\n_symmetry_Int_Tables_number   1\n_chemical_formula_structural   RbSrCO3F\n_chemical_formula_sum   'Rb1 Sr1 C1 O3 F1'\n_cell_volume   114.38863073\n_cell_formula_units_Z   1\nloop_\n _symmetry_equiv_pos_site_id\n _symmetry_equiv_pos_as_xyz\n  1  'x, y, z'\nloop_\n _atom_site_type_symbol\n _atom_site_label\n _atom_site_symmetry_multiplicity\n _atom_site_fract_x\n _atom_site_fract_y\n _atom_site_fract_z\n _atom_site_occupancy\n  Rb  Rb1  1  0.666667  0.333333  0.000000  1\n  Sr  Sr2  1  0.000000  -0.000000  0.500000  1\n  C  C3  1  0.333333  0.666667  0.500000  1\n  O  O4  1  0.474984  0.525016  0.500000  1\n  O  O5  1  0.474984  0.949968  0.500000  1\n  O  O6  1  0.050032  0.525016  0.500000  1\n  F  F7  1  0.000000  -0.000000  0.000000  1\n"}}