{"phonon": {"ph_bandstructure": [[0.0, 0.0, 0.0, 74.83845686398477, 74.83845686931855, 88.2996642971512, 122.03340418677362, 126.29565052538211, 144.97050726568511, 182.58171632456475, 182.5817163268268, 197.8062383347077, 287.78904324436195, 312.82533929912836, 331.15284009998, 331.1528401013424, 367.44484758365553, 391.7042926059987]]}, "dielectric": {"eps_electronic": [[3.9406915846681323, 0.0, 0.0], [0.0, 3.9406915846681323, 0.0], [0.0, 0.0, 3.7775721545844267]], "eps_total": [[8.464294945141361, -4.124094576447466e-15, 0.0], [-4.124094576447466e-15, 8.464294945278612, 0.0], [0.0, 0.0, 8.361713120876097]], "becs": [[[1.1099373604126286, 0.0, 0.0], [0.0, 1.1099373604126286, 0.0], [1.1574733169207299e-24, 1.2298153992282754e-24, 1.1840563362465488]], [[1.1099373604126286, 0.0, 0.0], [0.0, 1.1099373604126286, 0.0], [1.1574733169207299e-24, -5.715024295323753e-24, 1.1840563362465488]], [[1.039578382898012, 0.0, 0.0], [0.0, 1.0395783828980116, 0.0], [1.1574733169207299e-24, 7.9576291831877365e-25, 0.6719155921828558]], [[1.039578382898012, 0.0, 0.0], [0.0, 1.0395783828980116, 0.0], [1.1574733169207299e-24, 1.2298153992282754e-24, 0.6719155921828558]], [[-2.14951574332951, 0.0, 0.0], [0.0, -2.14951574332951, 0.0], [-2.3149465303552843e-24, 1.2298153992282754e-24, -1.8559719284622922]], [[-2.14951574332951, 0.0, 0.0], [0.0, -2.149515743329509, 0.0], [-2.3149465303552843e-24, 1.2298153992282754e-24, -1.8559719284622922]]]}, "metadata": {"formula": "RbLiS", "nsites": 6, "structure": "# generated using pymatgen\ndata_RbLiS\n_symmetry_space_group_name_H-M   'P 1'\n_cell_length_a   4.36435007\n_cell_length_b   4.36435007\n_cell_length_c   7.19467777\n_cell_angle_alpha   90.00000000\n_cell_angle_beta   90.00000000\n_cell_angle_gamma   90.00000000\n_symmetry_Int_Tables_number   1\n_chemical_formula_structural   RbLiS\n_chemical_formula_sum   'Rb2 Li2 S2'\n_cell_volume   137.040995819\n_cell_formula_units_Z   2\nloop_\n _symmetry_equiv_pos_site_id\n _symmetry_equiv_pos_as_xyz\n  1  'x, y, z'\nloop_\n _atom_site_type_symbol\n _atom_site_label\n _atom_site_symmetry_multiplicity\n _atom_site_fract_x\n _atom_site_fract_y\n _atom_site_fract_z\n _atom_site_occupancy\n  Rb  Rb1  1  0.500000  0.000000  0.660122  1\n  Rb  Rb2  1  0.000000  0.500000  0.339878  1\n  Li  Li3  1  0.500000  0.500000  0.000000  1\n  Li  Li4  1  0.000000  0.000000  0.000000  1\n  S  S5  1  0.500000  0.000000  0.176586  1\n  S  S6  1  0.000000  0.500000  0.823414  1\n"}}