{"phonon": {"ph_bandstructure": [[0.0, 0.0, 0.0, 56.53294355629884, 56.53294356258758, 56.602713103077235, 89.72185160249956, 89.7218516035261, 89.72185160651617, 106.4018266675942, 106.40182667101193, 137.65123457719508]]}, "dielectric": {"eps_electronic": [[24.910447591651707, -1.5086722530396447e-14, -8.881784197001252e-15], [-1.5086722530396447e-14, 24.910447591651707, -8.881784197001252e-15], [-9.541472126058912e-15, -9.541472126058912e-15, 24.91044759165171]], "eps_total": [[41.794091021947196, 1.7936872494353134e-13, 3.019806626980426e-13], [1.7460265617809754e-13, 41.79409102317629, -4.253983831858932e-10], [3.0191727755330055e-13, -4.2540199928471673e-10, 41.794091023492584]], "becs": [[[2.9521793975377526, 0.0, 0.0], [0.0, 2.9521793975377526, 0.0], [6.914485916076757e-21, 6.914485916076757e-21, 2.9521793975377526]], [[2.9521793975377526, 0.0, 0.0], [0.0, 2.9521793975377526, 0.0], [6.914485916076757e-21, 6.914485916076757e-21, 2.9521793975377526]], [[-5.041709641998661, 0.0, 0.0], [0.0, -5.041709641998661, 0.0], [4.2564771123373564e-19, 4.2564771123373564e-19, -5.041709641998661]], [[-0.8626491530768434, 0.0, 0.0], [0.0, -0.8626491530768434, 0.0], [-4.394766830658892e-19, -4.394766830658892e-19, -0.8626491530768434]]]}, "metadata": {"formula": "Ba2AsAu", "nsites": 4, "structure": "# generated using pymatgen\ndata_Ba2AsAu\n_symmetry_space_group_name_H-M   'P 1'\n_cell_length_a   5.56099959\n_cell_length_b   5.56099959\n_cell_length_c   5.56099959\n_cell_angle_alpha   60.00000000\n_cell_angle_beta   60.00000000\n_cell_angle_gamma   60.00000000\n_symmetry_Int_Tables_number   1\n_chemical_formula_structural   Ba2AsAu\n_chemical_formula_sum   'Ba2 As1 Au1'\n_cell_volume   121.602804298\n_cell_formula_units_Z   1\nloop_\n _symmetry_equiv_pos_site_id\n _symmetry_equiv_pos_as_xyz\n  1  'x, y, z'\nloop_\n _atom_site_type_symbol\n _atom_site_label\n _atom_site_symmetry_multiplicity\n _atom_site_fract_x\n _atom_site_fract_y\n _atom_site_fract_z\n _atom_site_occupancy\n  Ba  Ba1  1  0.250000  0.250000  0.250000  1\n  Ba  Ba2  1  0.750000  0.750000  0.750000  1\n  As  As3  1  0.000000  0.000000  1.000000  1\n  Au  Au4  1  0.500000  0.500000  0.500000  1\n"}}