{"phonon": {"ph_bandstructure": [[0.0, 0.0, 0.0, 65.11051616304714, 65.11051616916734, 81.41137331916266, 86.1003299549512, 95.23225428975248, 119.50007414836726, 139.23215958167532, 139.23215958459173, 156.11399494900485, 189.91251078244247, 192.2551131983722, 213.95773716381677, 213.95773716577634, 224.9138892608456, 254.742987943117]]}, "dielectric": {"eps_electronic": [[3.6705050730045157, 0.0, 1.2272051602391286e-22], [0.0, 3.6705050730045157, 1.2272051602391286e-22], [1.227205160239129e-22, 1.227205160239129e-22, 3.702455102066599]], "eps_total": [[9.036934250842691, 2.2524808353154703e-15, 1.2272051602391286e-22], [2.2524808353154703e-15, 9.036934251227255, 1.2272051602391286e-22], [1.227205160239129e-22, 1.227205160239129e-22, 7.94070873758476]], "becs": [[[1.1114113340324465, 0.0, 0.0], [0.0, 1.1114113340324474, 0.0], [4.41330315972136e-23, 5.979313958332165e-23, 1.1709521140394363]], [[1.111411334032446, 0.0, 0.0], [0.0, 1.1114113340324447, 0.0], [4.41330315972136e-23, 5.979313958332165e-23, 1.1709521140394372]], [[0.9689334862022917, 0.0, 0.0], [0.0, 0.968933486202291, 0.0], [4.41330315972136e-23, 2.904238299977162e-23, 0.8431547850422214]], [[0.9689334862022917, 0.0, 0.0], [0.0, 0.968933486202291, 0.0], [5.26749084259775e-23, 5.979313958332165e-23, 0.8431547850422214]], [[-2.0803448202714927, 0.0, 0.0], [0.0, -2.080344820271492, 0.0], [-2.292070269232311e-22, -2.68214930641212e-22, -2.0141068991018534]], [[-2.0803448202714927, 0.0, 0.0], [0.0, -2.080344820271492, 0.0], [4.41330315972136e-23, 5.979313958332165e-23, -2.0141068991018534]]]}, "metadata": {"formula": "RbNaS", "nsites": 6, "structure": "# generated using pymatgen\ndata_RbNaS\n_symmetry_space_group_name_H-M   'P 1'\n_cell_length_a   4.65044361\n_cell_length_b   4.65044361\n_cell_length_c   7.54340138\n_cell_angle_alpha   90.00000000\n_cell_angle_beta   90.00000000\n_cell_angle_gamma   90.00000000\n_symmetry_Int_Tables_number   1\n_chemical_formula_structural   RbNaS\n_chemical_formula_sum   'Rb2 Na2 S2'\n_cell_volume   163.138318406\n_cell_formula_units_Z   2\nloop_\n _symmetry_equiv_pos_site_id\n _symmetry_equiv_pos_as_xyz\n  1  'x, y, z'\nloop_\n _atom_site_type_symbol\n _atom_site_label\n _atom_site_symmetry_multiplicity\n _atom_site_fract_x\n _atom_site_fract_y\n _atom_site_fract_z\n _atom_site_occupancy\n  Rb  Rb1  1  0.000000  0.500000  0.351752  1\n  Rb  Rb2  1  0.500000  0.000000  0.648248  1\n  Na  Na3  1  0.000000  0.000000  0.000000  1\n  Na  Na4  1  0.500000  0.500000  0.000000  1\n  S  S5  1  0.500000  0.000000  0.208606  1\n  S  S6  1  0.000000  0.500000  0.791394  1\n"}}