{"phonon": {"ph_bandstructure": [[0.0, 0.0, 0.0, 103.17517536740604, 103.22387120029609, 183.28771602745306, 233.59475279038853, 233.5947527955591, 255.86235536968817, 320.3438662936046, 414.5577262355953, 428.0463348051699]]}, "dielectric": {"eps_electronic": [[3.9219597818526735, 0.0, -0.29121923302866154], [0.0, 5.692666054533336, 0.0], [-0.2912192330286608, 0.0, 5.644770679039687]], "eps_total": [[8.852388093484038, 5.551115123125783e-15, -1.1679351791302597], [1.8745160135727888e-15, 15.953808306044202, -4.581652942041867e-15], [-1.1679351791302517, -5.329070518200751e-15, 15.76172382952117]], "becs": [[[1.6812705657229592, 0.0, 0.10584159338456534], [0.0, 1.0377197557456714, 0.0], [0.10584159338894597, 0.0, 1.055126994951917]], [[1.6557651200574197, 0.0, -0.36273282509316207], [0.0, 3.8612969523861467, 0.0], [-0.3627328251081726, 0.0, 3.8016400929942833]], [[-1.6685178428901892, 0.0, 0.12844561585429837], [0.0, -2.4495083540659093, 0.0], [0.12844561585961334, 0.0, -2.4283835439731005]], [[-1.6685178428901892, 0.0, 0.12844561585429837], [0.0, -2.4495083540659093, 0.0], [0.12844561585961334, 0.0, -2.4283835439731005]]]}, "metadata": {"formula": "KTlO2", "nsites": 4, "structure": "# generated using pymatgen\ndata_KTlO2\n_symmetry_space_group_name_H-M   'P 1'\n_cell_length_a   6.37371667\n_cell_length_b   6.37371667\n_cell_length_c   6.37371667\n_cell_angle_alpha   31.39981912\n_cell_angle_beta   31.39981912\n_cell_angle_gamma   31.39981912\n_symmetry_Int_Tables_number   1\n_chemical_formula_structural   KTlO2\n_chemical_formula_sum   'K1 Tl1 O2'\n_cell_volume   62.3897056174\n_cell_formula_units_Z   1\nloop_\n _symmetry_equiv_pos_site_id\n _symmetry_equiv_pos_as_xyz\n  1  'x, y, z'\nloop_\n _atom_site_type_symbol\n _atom_site_label\n _atom_site_symmetry_multiplicity\n _atom_site_fract_x\n _atom_site_fract_y\n _atom_site_fract_z\n _atom_site_occupancy\n  K  K1  1  0.500000  0.500000  0.500000  1\n  Tl  Tl2  1  0.000000  0.000000  0.000000  1\n  O  O3  1  0.267339  0.267339  0.267339  1\n  O  O4  1  0.732661  0.732661  0.732661  1\n"}}