{"phonon": {"ph_bandstructure": [[0.0, 0.0, 0.0, 126.40599513744365, 126.5162100234086, 231.41197651922536, 267.93382155482175, 369.9889787061552, 369.9889787265571, 467.73775954882933, 522.7084084864858, 601.0230016889049]]}, "dielectric": {"eps_electronic": [[3.44467416592072, 0.0, -0.10665646659543813], [0.0, 4.144106774251531, 0.0], [-0.10665646659544023, 0.0, 4.127842731335092]], "eps_total": [[9.477300164168565, 1.0658141036401503e-14, -1.7409156401487824], [1.1294445042028915e-14, 20.893890326104415, -3.889893314924711e-14], [-1.7409156401487829, -3.9968028886505635e-14, 20.628418128815955]], "becs": [[[1.6872015438896637, 0.0, 0.09867736322367393], [0.0, 1.0400943618962604, 0.0], [0.09867736321948178, 0.0, 1.0551416713425383]], [[2.2123489071076, 0.0, -0.3114979385068899], [0.0, 4.255092517179939, 0.0], [-0.3114979384936548, 0.0, 4.2075922018141325]], [[-1.9497752254986318, 0.0, 0.10641028764160798], [0.0, -2.6475934395381, 0.0], [0.10641028763708651, 0.0, -2.631366936578335]], [[-1.9497752254986318, 0.0, 0.10641028764160798], [0.0, -2.6475934395381, 0.0], [0.10641028763708651, 0.0, -2.631366936578335]]]}, "metadata": {"formula": "KScO2", "nsites": 4, "structure": "# generated using pymatgen\ndata_KScO2\n_symmetry_space_group_name_H-M   'P 1'\n_cell_length_a   6.32789253\n_cell_length_b   6.32789253\n_cell_length_c   6.32789253\n_cell_angle_alpha   29.26669680\n_cell_angle_beta   29.26669680\n_cell_angle_gamma   29.26669680\n_symmetry_Int_Tables_number   1\n_chemical_formula_structural   KScO2\n_chemical_formula_sum   'K1 Sc1 O2'\n_cell_volume   53.5838524537\n_cell_formula_units_Z   1\nloop_\n _symmetry_equiv_pos_site_id\n _symmetry_equiv_pos_as_xyz\n  1  'x, y, z'\nloop_\n _atom_site_type_symbol\n _atom_site_label\n _atom_site_symmetry_multiplicity\n _atom_site_fract_x\n _atom_site_fract_y\n _atom_site_fract_z\n _atom_site_occupancy\n  K  K1  1  0.000000  0.000000  0.000000  1\n  Sc  Sc2  1  0.500000  0.500000  0.500000  1\n  O  O3  1  0.773800  0.773800  0.773800  1\n  O  O4  1  0.226200  0.226200  0.226200  1\n"}}