{"phonon": {"ph_bandstructure": [[0.0, 0.0, 0.0, 105.52005647734279, 109.4281129492439, 109.42811295157716, 111.13687756449296, 118.05021629160166, 118.0502162965948, 155.6682364557409, 155.6682364607606, 155.69337623003915, 163.17083898170569, 164.2384165605959, 164.23841656265208, 169.2363513513609, 206.54071398028717, 206.54071398320738, 210.82920081171832, 210.82920081356767, 218.503421238992, 225.05646401931253, 225.0564640197102, 236.40481028624546, 308.6001378918936, 308.600137894126, 316.15904997965504, 316.15904998034483, 316.7700926323055, 333.6559381397211, 333.6559381404914, 334.8996002357997, 335.0165631436378, 354.888277026144, 354.88827702624485, 355.0403315129825]]}, "dielectric": {"eps_electronic": [[16.742388792231555, 0.0, 0.0], [0.0, 16.742388792231555, 0.0], [0.0, 0.0, 16.742388792231555]], "eps_total": [[22.004898595711847, -2.251269957473134e-11, -2.663192747623768e-11], [-2.251269957473134e-11, 22.004898595657306, 3.1695616717107226e-12], [-2.663192747623768e-11, 3.1695616717107226e-12, 22.004898595866297]], "becs": [[[3.665678313558069, 0.0849369633410076, 0.2954174013276395], [0.2954174013276395, 3.665678313558069, 0.0849369633410076], [0.0849369633410076, 0.2954174013276395, 3.665678313558069]], [[3.665678313558069, 0.0849369633410076, -0.2954174013276395], [0.2954174013276395, 3.665678313558069, -0.0849369633410076], [-0.0849369633410076, -0.2954174013276395, 3.665678313558069]], [[3.665678313558069, -0.0849369633410076, -0.2954174013276395], [-0.2954174013276395, 3.665678313558069, 0.0849369633410076], [-0.0849369633410076, 0.2954174013276395, 3.665678313558069]], [[3.665678313558069, -0.0849369633410076, 0.2954174013276395], [-0.2954174013276395, 3.665678313558069, -0.0849369633410076], [0.0849369633410076, -0.2954174013276395, 3.665678313558069]], [[-4.12952145133626, 0.7901724235089627, -0.6681378404512832], [0.6681378404512832, -4.12952145133626, 0.7901724235089627], [-0.7901724235089627, 0.6681378404512832, -4.12952145133626]], [[-4.12952145133626, 0.7901724235089627, 0.6681378404512832], [0.6681378404512832, -4.12952145133626, -0.7901724235089627], [0.7901724235089627, -0.6681378404512832, -4.12952145133626]], [[-4.12952145133626, -0.7901724235089627, 0.6681378404512832], [-0.6681378404512832, -4.12952145133626, 0.7901724235089627], [0.7901724235089627, 0.6681378404512832, -4.12952145133626]], [[-4.12952145133626, -0.7901724235089627, -0.6681378404512832], [-0.6681378404512832, -4.12952145133626, -0.7901724235089627], [-0.7901724235089627, -0.6681378404512832, -4.12952145133626]], [[0.4638431377970722, -0.5392342848255838, -0.1050646453302132], [0.1050646453302132, 0.4638431377970722, -0.5392342848255838], [0.5392342848255838, 0.1050646453302132, 0.4638431377970722]], [[0.4638431377970722, -0.5392342848255838, 0.1050646453302132], [0.1050646453302132, 0.4638431377970722, 0.5392342848255838], [-0.5392342848255838, -0.1050646453302132, 0.4638431377970722]], [[0.4638431377970722, 0.5392342848255838, 0.1050646453302132], [-0.1050646453302132, 0.4638431377970722, -0.5392342848255838], [-0.5392342848255838, 0.1050646453302132, 0.4638431377970722]], [[0.4638431377970722, 0.5392342848255838, -0.1050646453302132], [-0.1050646453302132, 0.4638431377970722, 0.5392342848255838], [0.5392342848255838, -0.1050646453302132, 0.4638431377970722]]]}, "metadata": {"formula": "SbIrS", "nsites": 12, "structure": "# generated using pymatgen\ndata_SbIrS\n_symmetry_space_group_name_H-M   'P 1'\n_cell_length_a   6.02491061\n_cell_length_b   6.02491061\n_cell_length_c   6.02491061\n_cell_angle_alpha   90.00000000\n_cell_angle_beta   90.00000000\n_cell_angle_gamma   90.00000000\n_symmetry_Int_Tables_number   1\n_chemical_formula_structural   SbIrS\n_chemical_formula_sum   'Sb4 Ir4 S4'\n_cell_volume   218.701531154\n_cell_formula_units_Z   4\nloop_\n _symmetry_equiv_pos_site_id\n _symmetry_equiv_pos_as_xyz\n  1  'x, y, z'\nloop_\n _atom_site_type_symbol\n _atom_site_label\n _atom_site_symmetry_multiplicity\n _atom_site_fract_x\n _atom_site_fract_y\n _atom_site_fract_z\n _atom_site_occupancy\n  Sb  Sb1  1  0.375870  0.375870  0.375870  1\n  Sb  Sb2  1  0.124130  0.624130  0.875870  1\n  Sb  Sb3  1  0.875870  0.124130  0.624130  1\n  Sb  Sb4  1  0.624130  0.875870  0.124130  1\n  Ir  Ir5  1  0.984140  0.515860  0.484140  1\n  Ir  Ir6  1  0.515860  0.484140  0.984140  1\n  Ir  Ir7  1  0.484140  0.984140  0.515860  1\n  Ir  Ir8  1  0.015860  0.015860  0.015860  1\n  S  S9  1  0.383041  0.116959  0.883041  1\n  S  S10  1  0.116959  0.883041  0.383041  1\n  S  S11  1  0.883041  0.383041  0.116959  1\n  S  S12  1  0.616959  0.616959  0.616959  1\n"}}