{"phonon": {"ph_bandstructure": [[0.0, 0.0, 0.0, 38.860559816779165, 41.586819332626895, 49.32238804623894, 50.455421920878564, 52.951463345105715, 62.962781467520415, 64.2094699405386, 66.08973869940887, 74.99045146983046, 101.34339767638312, 103.52292861658711, 104.59289387273532, 112.0026413145477, 133.08729805185368, 156.77322844620866, 185.42777251675082, 197.30153008201546, 203.11644902675195, 275.66085711557093, 318.42108043187176, 353.62117220825644, 380.739199717909, 384.0790108443378, 445.52627531291233, 463.76300619578234, 469.61379793715423, 471.0785323641881]]}, "dielectric": {"eps_electronic": [[7.569033581186312, -2.1935235436908115e-16, -2.6139885532853067e-15], [9.56984590821703e-16, 5.088064617709419, -3.121745260194663e-16], [-6.03765169124906e-15, -2.147717090261171e-15, 4.986577243255196]], "eps_total": [[13.148216069968342, 8.681924269240096e-16, -5.181438313016851e-15], [2.0485254189851606e-15, 9.930593498675728, -1.594673055346974e-15], [-9.298742549192397e-15, 4.655910692145953e-16, 8.471303472616711]], "becs": [[[1.3516366577259005, -7.566863815704216e-16, 1.3275682445181858e-16], [-1.1386724867463838e-15, 1.3735033416013964, -0.3840828944069937], [2.513267369741131e-15, -0.2761494762749536, 1.2974874037702167]], [[1.351636657725901, -7.566863815704216e-16, 3.2704585376122097e-16], [-2.026850906446509e-15, 1.3735033416013964, -0.3840828944069937], [2.513267369741131e-15, -0.2761494762749536, 1.2974874037702175]], [[1.3516366577259014, 3.535366430547349e-16, -1.4479893170447056e-16], [1.9359514280380406e-16, 1.3735033416013986, 0.3840828944069937], [-1.03944630905937e-15, 0.27614947627495506, 1.2974874037702175]], [[1.351636657725901, 5.755812479797662e-16, 1.882679756830764e-16], [1.9359514280380406e-16, 1.3735033416013973, 0.3840828944069936], [7.369105303408805e-16, 0.27614947627495506, 1.2974874037702175]], [[4.077817568362882, -3.12597171720359e-16, 4.8370338584472797e-17], [-9.783840116029953e-17, 0.652870882503019, 2.4795529834206637e-16], [-4.718448080063632e-17, 1.376676554505661e-15, 0.707370326159772]], [[4.077817568362882, -7.320533203555963e-17, 2.7553656872751112e-17], [-3.4069968779705253e-16, 0.6528708825030185, 1.3693299587955071e-16], [8.1323836328386e-16, 1.376676554505661e-15, 0.7073703261597722]], [[-3.390545441689085, 3.535366430547349e-16, -3.3908796101387295e-16], [1.0817735625039293e-15, -1.699938782848632, 0.4717266230736137], [-2.8158031484596204e-15, 0.46770047955166466, -1.6511725668505233]], [[-3.390545441689083, -9.05525667953277e-17, 2.1602355129870532e-16], [-4.725386719712899e-16, -1.699938782848632, -0.4717266230736139], [7.369105303408805e-16, -0.46770047955166677, -1.6511725668505237]], [[-3.390545441689083, 1.314920381297036e-16, -1.1704335608884165e-16], [1.9359514280380406e-16, -1.6999387828486316, -0.4717266230736135], [7.369105303408805e-16, -0.46770047955166766, -1.6511725668505237]], [[-3.390545441689084, 5.755812479797662e-16, -3.3908796101387295e-16], [2.414041192054117e-15, -1.6999387828486316, 0.47172662307361357], [-4.148070778009808e-15, 0.4677004795516642, -1.6511725668505233]]]}, "metadata": {"formula": "Cs2SiP2", "nsites": 10, "structure": "# generated using pymatgen\ndata_Cs2SiP2\n_symmetry_space_group_name_H-M   'P 1'\n_cell_length_a   8.52293041\n_cell_length_b   8.52293041\n_cell_length_c   8.52293041\n_cell_angle_alpha   137.73989441\n_cell_angle_beta   128.62197927\n_cell_angle_gamma   68.63678970\n_symmetry_Int_Tables_number   1\n_chemical_formula_structural   Cs2SiP2\n_chemical_formula_sum   'Cs4 Si2 P4'\n_cell_volume   319.615076572\n_cell_formula_units_Z   2\nloop_\n _symmetry_equiv_pos_site_id\n _symmetry_equiv_pos_as_xyz\n  1  'x, y, z'\nloop_\n _atom_site_type_symbol\n _atom_site_label\n _atom_site_symmetry_multiplicity\n _atom_site_fract_x\n _atom_site_fract_y\n _atom_site_fract_z\n _atom_site_occupancy\n  Cs  Cs1  1  0.185192  0.852894  0.332298  1\n  Cs  Cs2  1  0.814808  0.147106  0.667702  1\n  Cs  Cs3  1  0.479404  0.647106  0.832298  1\n  Cs  Cs4  1  0.520596  0.352894  0.167702  1\n  Si  Si5  1  1.000000  0.250000  0.250000  1\n  Si  Si6  1  1.000000  0.750000  0.750000  1\n  P  P7  1  0.064660  0.411375  0.653285  1\n  P  P8  1  0.241910  0.088625  0.153285  1\n  P  P9  1  0.758090  0.911375  0.846715  1\n  P  P10  1  0.935340  0.588625  0.346715  1\n"}}