{"phonon": {"ph_bandstructure": [[-0.027138184671567794, -0.027108986671575252, -0.010068380660709688, 69.12275329434867, 69.12275329598715, 121.40807948298246, 131.40216193852575, 132.48602474893715, 148.16880058531916, 152.55846967925632, 165.1747580466236, 165.1747580477513, 199.86806254811182, 224.9179049758136, 228.19507766521534, 312.0278248366272, 336.65003227526717, 340.0159424590131, 345.1592992301116, 345.15929923107865, 439.28052454126123, 588.2955193051553, 593.0158829514792, 593.0158829519285, 598.1419156908863, 690.440919042803, 724.0921673450237, 977.4609654235136, 1011.2770047889225, 1203.8286118308838, 1208.8718329424885, 1208.8718329435992, 1373.4446128967536]]}, "dielectric": {"eps_electronic": [[2.8414693589016076, 4.440892098500626e-16, -0.1686770780728243], [1.3380536107452777e-16, 3.481184065095644, 1.2293805175923465e-16], [-0.16867707807282406, 1.1102230246251565e-16, 3.4367080566619173]], "eps_total": [[8.625136611953767, 2.6645352591003757e-15, -0.4515852811241289], [3.234472590569026e-15, 10.33779223128674, 7.868035312591018e-15], [-0.4515852811241298, 7.549516567451064e-15, 10.218720268446443]], "becs": [[[1.2653107258920269, 0.0, 0.023397159362167748], [0.0, 1.1765760436318382, 0.0], [0.02339715936202004, 0.0, 1.1827453007055257]], [[1.2653107258920269, 0.0, 0.023397159362167748], [0.0, 1.1765760436318382, 0.0], [0.02339715936202004, 0.0, 1.1827453007055257]], [[4.381553803099763, 0.0, -0.3393341852565824], [0.0, 5.668492556761077, 0.0], [-0.3393341852544406, 0.0, 5.579018454784251]], [[0.7884247369898572, 0.0, -0.7259134586615963], [0.0, 3.541481170280064, 0.0], [-0.7259134586570117, 0.0, 3.3500755953376906]], [[0.7884247369898572, 0.0, -0.7259134586615963], [0.0, 3.541481170280064, 0.0], [-0.7259134586570117, 0.0, 3.3500755953376906]], [[-1.2301850359299538, 0.10418344002804059, -0.011550677226604127], [0.4248035961294909, -3.06500270936385, 1.0928414979876364], [-0.20298756025631404, 1.0083018265081314, -2.077860914740336]], [[-1.2301850359299538, -0.10418344002804059, -0.011550677226604127], [-0.4248035961294909, -3.06500270936385, -1.0928414979876364], [-0.20298756025631404, -1.0083018265081314, -2.077860914740336]], [[-1.7841422925524086, 0.0, 0.8952847463810942], [0.0, -1.4222980735459225, 0.0], [1.2781585124350063, 0.0, -3.1666082939358073]], [[-1.2301850359299538, 0.10418344002804059, -0.011550677226604127], [0.4248035961294909, -3.06500270936385, 1.0928414979876364], [-0.20298756025631404, 1.0083018265081314, -2.077860914740336]], [[-1.2301850359299538, -0.10418344002804059, -0.011550677226604127], [-0.4248035961294909, -3.06500270936385, -1.0928414979876364], [-0.20298756025631404, -1.0083018265081314, -2.077860914740336]], [[-1.7841422925524086, 0.0, 0.8952847463810942], [0.0, -1.4222980735459225, 0.0], [1.2781585124350063, 0.0, -3.1666082939358073]]]}, "metadata": {"formula": "K2Zr(BO3)2", "nsites": 11, "structure": "# generated using pymatgen\ndata_K2Zr(BO3)2\n_symmetry_space_group_name_H-M   'P 1'\n_cell_length_a   6.54670498\n_cell_length_b   6.54670498\n_cell_length_c   6.54670498\n_cell_angle_alpha   47.65307934\n_cell_angle_beta   47.65307934\n_cell_angle_gamma   47.65307934\n_symmetry_Int_Tables_number   1\n_chemical_formula_structural   K2Zr(BO3)2\n_chemical_formula_sum   'K2 Zr1 B2 O6'\n_cell_volume   140.304921366\n_cell_formula_units_Z   1\nloop_\n _symmetry_equiv_pos_site_id\n _symmetry_equiv_pos_as_xyz\n  1  'x, y, z'\nloop_\n _atom_site_type_symbol\n _atom_site_label\n _atom_site_symmetry_multiplicity\n _atom_site_fract_x\n _atom_site_fract_y\n _atom_site_fract_z\n _atom_site_occupancy\n  K  K1  1  0.211035  0.211035  0.211035  1\n  K  K2  1  0.788965  0.788965  0.788965  1\n  Zr  Zr3  1  0.000000  0.000000  0.000000  1\n  B  B4  1  0.404231  0.404231  0.404231  1\n  B  B5  1  0.595769  0.595769  0.595769  1\n  O  O6  1  0.254030  0.705825  0.254030  1\n  O  O7  1  0.294175  0.745970  0.745970  1\n  O  O8  1  0.745970  0.745970  0.294175  1\n  O  O9  1  0.745970  0.294175  0.745970  1\n  O  O10  1  0.705825  0.254030  0.254030  1\n  O  O11  1  0.254030  0.254030  0.705825  1\n"}}