{"phonon": {"ph_bandstructure": [[0.0, 0.0, 0.0, 187.08251320890776, 187.08251321050741, 235.78501345976161, 235.78501346015977, 235.7850134611183, 322.44801753794405]]}, "dielectric": {"eps_electronic": [[3.930522501214545, 2.235579951347183e-15, 1.1102230246251565e-15], [2.6796691611972457e-15, 3.930522501214544, 8.881784197001252e-16], [9.39523502428502e-16, 7.174788975034707e-16, 3.9305225012145435]], "eps_total": [[11.67624820347304, 8.940929913454648e-11, 8.881784197001252e-16], [8.940958276029681e-11, 11.676248203574563, -3.035554030361709e-10], [1.0290467393593128e-15, -3.0355526216785123e-10, 11.676248203605503]], "becs": [[[2.729990275198815, 0.0, 0.0], [0.0, 2.729990275198815, 0.0], [-1.901574184955488e-19, -1.901574184955488e-19, 2.729990275198815]], [[-1.3649951376072225, 0.0, 0.0], [0.0, -1.3649951376072225, 0.0], [9.507872936389802e-20, 9.507872936389802e-20, -1.3649951376072225]], [[-1.3649951376072225, 0.0, 0.0], [0.0, -1.3649951376072225, 0.0], [9.507872936389802e-20, 9.507872936389802e-20, -1.3649951376072225]]]}, "metadata": {"formula": "HgF2", "nsites": 3, "structure": "# generated using pymatgen\ndata_HgF2\n_symmetry_space_group_name_H-M   'P 1'\n_cell_length_a   3.91237220\n_cell_length_b   3.91237220\n_cell_length_c   3.91237220\n_cell_angle_alpha   60.00000000\n_cell_angle_beta   60.00000000\n_cell_angle_gamma   60.00000000\n_symmetry_Int_Tables_number   1\n_chemical_formula_structural   HgF2\n_chemical_formula_sum   'Hg1 F2'\n_cell_volume   42.3453272768\n_cell_formula_units_Z   1\nloop_\n _symmetry_equiv_pos_site_id\n _symmetry_equiv_pos_as_xyz\n  1  'x, y, z'\nloop_\n _atom_site_type_symbol\n _atom_site_label\n _atom_site_symmetry_multiplicity\n _atom_site_fract_x\n _atom_site_fract_y\n _atom_site_fract_z\n _atom_site_occupancy\n  Hg  Hg1  1  0.000000  0.000000  0.000000  1\n  F  F2  1  0.750000  0.750000  0.750000  1\n  F  F3  1  0.250000  0.250000  0.250000  1\n"}}