{"phonon": {"ph_bandstructure": [[0.0, 0.0, 0.0, 59.96237085720924, 59.96237086078314, 59.96237086201292, 63.29675282862579, 63.2967528384316, 71.51119875430469, 99.91410970373491, 99.9141097080806, 103.14128212368543, 103.14128212536222, 110.94029957427304, 125.64965855189263, 125.64965855320624, 125.64965855704038, 153.61404328450297, 153.61404328915603, 179.46401274996288, 195.2017173876247, 245.72231045758278, 245.72231045885943, 254.9202470185983]]}, "dielectric": {"eps_electronic": [[6.59876236361292, -5.26164710942405e-16, -1.2501921284578455e-15], [-9.374009168878475e-16, 6.59876236361292, -8.38955922512403e-16], [-9.634405485935579e-16, -9.634405485935579e-16, 6.59876236361292]], "eps_total": [[14.31440657069145, 9.454289744267119e-11, -2.1995724301800767e-10], [9.454122237404959e-11, 14.314406571708322, -1.2344432450793106e-10], [-2.1995432287400907e-10, -1.2344485578939346e-10, 14.314406572503685]], "becs": [[[1.1794074129965297, 4.163336342344337e-16, 2.211772431870429e-16], [1.942890293094024e-16, 1.1794074129965293, -2.229119666630197e-16], [-2.7755575615628914e-16, -4.996003610813204e-16, 1.5452652127247957]], [[1.1794074129965293, -2.7755575615628914e-17, 4.432218481120742e-16], [-4.718447854656915e-16, 1.5452652127247957, -4.44956571588051e-16], [6.106226635438361e-16, 1.6653345369377348e-16, 1.1794074129965293]], [[1.5452652127247957, -9.159339953157541e-16, -6.670011765130823e-16], [-2.498001805406602e-16, 1.1794074129965293, 6.652664530371055e-16], [3.885780586188048e-16, 1.0547118733938987e-15, 1.1794074129965293]], [[2.8452945261948335, -2.498001805406602e-16, -9.440262044400374e-19], [-2.498001805406602e-16, 2.8452945261948335, -9.440262044400374e-19], [3.885780586188048e-16, 3.885780586188048e-16, 2.8452945261948335]], [[-1.687343641228174, -0.05945257094276293, -0.059452570942762156], [-0.05945257094276293, -1.687343641228174, -0.059452570942762156], [-0.05945257094276141, -0.05945257094276141, -1.6873436412281722]], [[-1.687343641228174, 0.059452570942761546, -0.059452570942767125], [0.059452570942766875, -1.6873436412281686, 0.059452570942767125], [-0.059452570942766736, 0.059452570942762184, -1.687343641228174]], [[-1.6873436412281722, -0.0594525709427656, 0.05945257094276216], [-0.0594525709427656, -1.6873436412281722, 0.05945257094276216], [0.05945257094276574, 0.05945257094276574, -1.6873436412281686]], [[-1.6873436412281686, 0.05945257094276776, 0.059452570942767125], [0.059452570942762434, -1.6873436412281722, -0.059452570942767125], [0.059452570942761296, -0.059452570942767624, -1.687343641228174]]]}, "metadata": {"formula": "Na3SbSe4", "nsites": 8, "structure": "# generated using pymatgen\ndata_Na3SbSe4\n_symmetry_space_group_name_H-M   'P 1'\n_cell_length_a   6.41566592\n_cell_length_b   6.41566592\n_cell_length_c   6.41566592\n_cell_angle_alpha   109.47122063\n_cell_angle_beta   109.47122063\n_cell_angle_gamma   109.47122063\n_symmetry_Int_Tables_number   1\n_chemical_formula_structural   Na3SbSe4\n_chemical_formula_sum   'Na3 Sb1 Se4'\n_cell_volume   203.284063342\n_cell_formula_units_Z   1\nloop_\n _symmetry_equiv_pos_site_id\n _symmetry_equiv_pos_as_xyz\n  1  'x, y, z'\nloop_\n _atom_site_type_symbol\n _atom_site_label\n _atom_site_symmetry_multiplicity\n _atom_site_fract_x\n _atom_site_fract_y\n _atom_site_fract_z\n _atom_site_occupancy\n  Na  Na1  1  0.500000  0.500000  0.000000  1\n  Na  Na2  1  0.500000  0.000000  0.500000  1\n  Na  Na3  1  1.000000  0.500000  0.500000  1\n  Sb  Sb4  1  0.000000  0.000000  0.000000  1\n  Se  Se5  1  0.609741  0.609741  0.609741  1\n  Se  Se6  1  0.000000  0.390259  0.000000  1\n  Se  Se7  1  0.000000  0.000000  0.390259  1\n  Se  Se8  1  0.390259  0.000000  1.000000  1\n"}}