{"phonon": {"ph_bandstructure": [[0.0, 0.0, 0.0, 62.210081709218464, 76.61570039048051, 87.5080525905774, 94.059697928034, 96.17035870337052, 100.59692837458917, 104.75526857227004, 114.59633427242382, 116.07479428535932, 118.97965365999981, 119.95654696444689, 133.4200751428487, 137.53459088947596, 143.0620459054045, 146.87627145466226, 164.80291456122038, 173.69218312478165, 234.03429693318196, 235.72509539819907, 236.3275802970516, 244.7700563366771, 246.44128935560124, 260.99858175951107, 278.8838523770529, 325.78146556600797, 600.1899369273096, 622.0998063860683]]}, "dielectric": {"eps_electronic": [[16.292654796961884, 0.0, 0.0], [0.0, 10.197370035272284, 0.03722407972114395], [0.0, 0.03722407972114286, 11.384339775504905]], "eps_total": [[29.061300371871436, 0.0, 0.0], [0.0, 17.680640000681606, 1.4728638629925168], [0.0, 1.4728638629925177, 24.319716703398566]], "becs": [[[2.046166081199842, 0.0, 0.0], [-2.749487620869343e-32, 2.708022083716556, -0.24062589663528688], [-8.275507221528346e-32, -0.24895740243428602, 2.8029188451731906]], [[2.064475899851785, 0.0, 0.0], [-2.749487620869343e-32, 2.4439462320499006, 0.0400829772896264], [-8.275507221528346e-32, 0.11826290512867466, 2.3749650546662315]], [[2.064475899851784, 0.0, 0.0], [-2.749487620869343e-32, 2.4439462320499006, 0.040082977289625954], [-8.275507221528346e-32, 0.11826290512867466, 2.37496505466623]], [[2.0461660811998437, 0.0, 0.0], [-2.749487620869343e-32, 2.708022083716556, -0.24062589663528733], [-8.275507221528346e-32, -0.24895740243428602, 2.8029188451731897]], [[3.728859342019751, 0.0, 0.0], [-6.97946851302132e-32, 1.4025076005358978, -0.2720359511538625], [-2.1007056603395543e-31, -0.2619427646528883, 0.9653655559275677]], [[3.728859342019751, 0.0, 0.0], [-4.864478066945331e-32, 1.4025076005358978, -0.2720359511538625], [-1.4641281912461946e-31, -0.26194276465288835, 0.9653655559275677]], [[-4.276460258139507, 0.0, 0.0], [1.4170435947738565e-31, -2.0193151748827187, -0.1545574205339152], [4.265069030594046e-31, -0.24421801944679417, -2.5837922323638467]], [[-4.276460258139507, 0.0, 0.0], [1.4170435947738565e-31, -2.0193151748827187, -0.15455742053391652], [4.265069030594046e-31, -0.24421801944679417, -2.5837922323638502]], [[-3.563041074467229, 0.0, 0.0], [-2.749487620869343e-32, -4.535160741461985, 0.6271362909970967], [-8.275507221528346e-32, 0.6368552813697685, -3.559457223542116]], [[-3.563041074467227, 0.0, 0.0], [-2.749487620869343e-32, -4.535160741461985, 0.6271362909970964], [-8.275507221528346e-32, 0.6368552813697685, -3.559457223542118]]]}, "metadata": {"formula": "Sr2GaGeN", "nsites": 10, "structure": "# generated using pymatgen\ndata_Sr2GaGeN\n_symmetry_space_group_name_H-M   'P 1'\n_cell_length_a   4.03899004\n_cell_length_b   6.87321072\n_cell_length_c   8.63178222\n_cell_angle_alpha   71.62124231\n_cell_angle_beta   90.00000000\n_cell_angle_gamma   90.00000000\n_symmetry_Int_Tables_number   1\n_chemical_formula_structural   Sr2GaGeN\n_chemical_formula_sum   'Sr4 Ga2 Ge2 N2'\n_cell_volume   227.402854226\n_cell_formula_units_Z   2\nloop_\n _symmetry_equiv_pos_site_id\n _symmetry_equiv_pos_as_xyz\n  1  'x, y, z'\nloop_\n _atom_site_type_symbol\n _atom_site_label\n _atom_site_symmetry_multiplicity\n _atom_site_fract_x\n _atom_site_fract_y\n _atom_site_fract_z\n _atom_site_occupancy\n  Sr  Sr1  1  0.250000  0.701628  0.034434  1\n  Sr  Sr2  1  0.750000  0.314225  0.377976  1\n  Sr  Sr3  1  0.250000  0.685775  0.622024  1\n  Sr  Sr4  1  0.750000  0.298372  0.965566  1\n  Ga  Ga5  1  0.250000  0.036129  0.247698  1\n  Ga  Ga6  1  0.750000  0.963871  0.752302  1\n  Ge  Ge7  1  0.750000  0.823978  0.299909  1\n  Ge  Ge8  1  0.250000  0.176022  0.700091  1\n  N  N9  1  0.250000  0.325219  0.170447  1\n  N  N10  1  0.750000  0.674781  0.829553  1\n"}}