{"phonon": {"ph_bandstructure": [[0.0, 0.0, 0.0, 62.5292250181462, 62.5292250182357, 62.52922501847713, 90.27910110066158, 90.2791011011685, 91.30622708297201, 133.0640435826342, 133.0640435859087, 141.6069264130524, 141.60692641813392, 141.8595442934034, 173.9195815342795, 173.91958153478876, 173.9195815362566, 175.69688544941022, 178.2191401874499, 178.2191401909748, 178.25126319359828, 224.6098664594275, 224.60986646142152, 225.58992467808346]]}, "dielectric": {"eps_electronic": [[10.218128242445184, 0.0, 0.0], [0.0, 10.218128242445184, 0.0], [0.0, 0.0, 10.218128242445184]], "eps_total": [[10.584835246441964, 1.0076107911998638e-10, -6.494133547332002e-11], [1.0076107911998638e-10, 10.584835246438749, 8.160564638766044e-11], [-6.494133547332002e-11, 8.160564638766044e-11, 10.584835246650574]], "becs": [[[0.8109705944921957, 0.0, 0.0], [0.0, 0.8109705944921957, 0.0], [0.0, 0.0, 0.8109705944921957]], [[0.15660302892311018, 0.0, 0.0], [0.0, 0.3605119604989633, 0.0], [0.0, 0.0, 0.15660302892311018]], [[0.3605119604989633, 0.0, 0.0], [0.0, 0.15660302892311018, 0.0], [0.0, 0.0, 0.15660302892311018]], [[0.15660302892311018, 0.0, 0.0], [0.0, 0.15660302892311018, 0.0], [0.0, 0.0, 0.3605119604989633]], [[-0.3711721532093448, 0.5495848003289363, 0.5495848003289363], [0.5495848003289363, -0.3711721532093448, -0.5495848003289363], [0.5495848003289363, -0.5495848003289363, -0.3711721532093448]], [[-0.3711721532093448, -0.5495848003289363, -0.5495848003289363], [-0.5495848003289363, -0.3711721532093448, -0.5495848003289363], [-0.5495848003289363, -0.5495848003289363, -0.3711721532093448]], [[-0.3711721532093448, 0.5495848003289363, -0.5495848003289363], [0.5495848003289363, -0.3711721532093448, 0.5495848003289363], [-0.5495848003289363, 0.5495848003289363, -0.3711721532093448]], [[-0.3711721532093448, -0.5495848003289363, 0.5495848003289363], [-0.5495848003289363, -0.3711721532093448, 0.5495848003289363], [0.5495848003289363, 0.5495848003289363, -0.3711721532093448]]]}, "metadata": {"formula": "TaCu3Te4", "nsites": 8, "structure": "# generated using pymatgen\ndata_TaCu3Te4\n_symmetry_space_group_name_H-M   'P 1'\n_cell_length_a   5.86035681\n_cell_length_b   5.86035681\n_cell_length_c   5.86035681\n_cell_angle_alpha   90.00000000\n_cell_angle_beta   90.00000000\n_cell_angle_gamma   90.00000000\n_symmetry_Int_Tables_number   1\n_chemical_formula_structural   TaCu3Te4\n_chemical_formula_sum   'Ta1 Cu3 Te4'\n_cell_volume   201.26681664\n_cell_formula_units_Z   1\nloop_\n _symmetry_equiv_pos_site_id\n _symmetry_equiv_pos_as_xyz\n  1  'x, y, z'\nloop_\n _atom_site_type_symbol\n _atom_site_label\n _atom_site_symmetry_multiplicity\n _atom_site_fract_x\n _atom_site_fract_y\n _atom_site_fract_z\n _atom_site_occupancy\n  Ta  Ta1  1  0.000000  0.000000  0.000000  1\n  Cu  Cu2  1  0.000000  0.500000  0.000000  1\n  Cu  Cu3  1  0.500000  0.000000  0.000000  1\n  Cu  Cu4  1  0.000000  0.000000  0.500000  1\n  Te  Te5  1  0.261264  0.738736  0.738736  1\n  Te  Te6  1  0.261264  0.261264  0.261264  1\n  Te  Te7  1  0.738736  0.261264  0.738736  1\n  Te  Te8  1  0.738736  0.738736  0.261264  1\n"}}