{"phonon": {"ph_bandstructure": [[-26.500963713745776, -26.500963701238827, -26.50096369704038, -0.009748250793453959, -0.009657471360416467, -0.009508864085120205, 34.7878130352583, 34.78781304158408, 34.78781306052693, 39.00215140017101, 39.00215142279429, 51.6847924298237, 61.02861700408484, 61.02861700772359, 61.02861701857878, 84.96619616093697, 84.96619617138882, 92.99807195325243, 99.83265206899922, 99.83265207229677, 99.83265207340362, 176.2625564666722, 176.26255647184556, 179.461041506024, 202.76599991476098, 202.76599991930803, 217.4490990354149, 217.4490990379933, 267.0256695657373, 273.3265395317089]]}, "dielectric": {"eps_electronic": [[3.2434713594792197, -1.8438561180917682e-15, -1.7763568394002505e-15], [-1.8438561180917682e-15, 3.2434713594792197, -1.7763568394002505e-15], [-1.1972403286394374e-15, -1.1972403286394374e-15, 3.24347135947922]], "eps_total": null, "becs": [[[1.3310589646632809, 4.440892164675075e-17, -4.440892164675075e-17], [2.2204460823375376e-16, 1.3310589646632809, -2.2204460823375376e-16], [1.3311072959917068e-16, -2.2216064357483534e-16, 1.3310589646632809]], [[1.3310589646632809, 4.440892164675075e-17, -4.440892164675075e-17], [2.2204460823375376e-16, 1.3310589646632809, -2.2204460823375376e-16], [1.3311072959917068e-16, -2.2216064357483534e-16, 1.3310589646632809]], [[1.5094062367323668, 4.440892164675075e-17, -4.440892164675075e-17], [2.2204460823375376e-16, 1.5094062367323668, -2.2204460823375376e-16], [1.3306194307796615e-16, -2.222094300960399e-16, 1.5094062367323668]], [[3.9506167409391346, 4.440892164675075e-17, -4.440892164675075e-17], [2.2204460823375376e-16, 3.950616740939134, -2.2204460823375376e-16], [1.336403660904605e-16, -2.2163100708354552e-16, 3.9506167409391346]], [[-2.5591807876172754, -1.7763568327828056e-16, 1.7763568327828056e-16], [-2.2204460161630886e-16, -0.7509448329371231, 2.2204460161630886e-16], [3.1140820281998367e-16, -2.6590777527905365e-16, -0.7509448329371229]], [[-0.7509448329371233, -1.0658141029784058e-15, 1.0658141029784058e-15], [-8.881784163914028e-16, -2.559180787617276, 8.881784163914028e-16], [1.771048135481575e-16, 4.387804529918279e-17, -0.7509448329371229]], [[-0.7509448329371233, -1.0658141029784058e-15, 1.0658141029784058e-15], [-8.881784163914028e-16, -2.559180787617276, 8.881784163914028e-16], [1.771048135481575e-16, 4.387804529918279e-17, -0.7509448329371229]], [[-0.7509448329371233, 1.1546319462719073e-15, -1.1546319462719073e-15], [6.661338180838164e-16, -0.7509448329371231, -6.661338180838164e-16], [-7.549748906248035e-16, 6.6611057560144095e-16, -2.5591807876172763]], [[-0.7509448329371233, 1.1546319462719073e-15, -1.1546319462719073e-15], [6.661338180838164e-16, -0.7509448329371231, -6.661338180838164e-16], [-7.549748906248035e-16, 6.6611057560144095e-16, -2.5591807876172763]], [[-2.5591807876172754, -1.7763568327828056e-16, 1.7763568327828056e-16], [-2.2204460161630886e-16, -0.7509448329371231, 2.2204460161630886e-16], [3.1140820281998367e-16, -2.6590777527905365e-16, -0.7509448329371229]]]}, "metadata": {"formula": "Cs2NaSbCl6", "nsites": 10, "structure": "# generated using pymatgen\ndata_Cs2NaSbCl6\n_symmetry_space_group_name_H-M   'P 1'\n_cell_length_a   7.57552438\n_cell_length_b   7.57552438\n_cell_length_c   7.57552438\n_cell_angle_alpha   60.00000000\n_cell_angle_beta   60.00000000\n_cell_angle_gamma   60.00000000\n_symmetry_Int_Tables_number   1\n_chemical_formula_structural   Cs2NaSbCl6\n_chemical_formula_sum   'Cs2 Na1 Sb1 Cl6'\n_cell_volume   307.413618265\n_cell_formula_units_Z   1\nloop_\n _symmetry_equiv_pos_site_id\n _symmetry_equiv_pos_as_xyz\n  1  'x, y, z'\nloop_\n _atom_site_type_symbol\n _atom_site_label\n _atom_site_symmetry_multiplicity\n _atom_site_fract_x\n _atom_site_fract_y\n _atom_site_fract_z\n _atom_site_occupancy\n  Cs  Cs1  1  0.250000  0.250000  0.250000  1\n  Cs  Cs2  1  0.750000  0.750000  0.750000  1\n  Na  Na3  1  0.500000  0.500000  0.500000  1\n  Sb  Sb4  1  0.000000  0.000000  0.000000  1\n  Cl  Cl5  1  0.245801  0.754199  0.754199  1\n  Cl  Cl6  1  0.754199  0.245801  0.754199  1\n  Cl  Cl7  1  0.245801  0.754199  0.245801  1\n  Cl  Cl8  1  0.245801  0.245801  0.754199  1\n  Cl  Cl9  1  0.754199  0.754199  0.245801  1\n  Cl  Cl10  1  0.754199  0.245801  0.245801  1\n"}}