{"phonon": {"ph_bandstructure": [[-0.012022174987263297, -0.009820541734607694, 0.0, 57.76883318828189, 70.69029802847854, 81.31746518987583, 84.78475380766322, 89.53457165567178, 91.37789816681389, 97.13257415524865, 106.8549765816131, 116.78104536618507, 117.38304701775694, 119.61763929658837, 124.74206451189428, 126.871604140664, 141.29312368652208, 145.5685638201089, 181.0701943894533, 203.5547028988428, 229.53678304668028, 231.49306744270245, 249.89447379447867, 263.8429242516335, 265.5351417819283, 266.80142493446465, 269.4655664241588, 280.6541920997098, 283.00880498847556, 286.1365798069012, 300.08608682137236, 303.0199343620333, 312.72294064774997, 315.55059828259743, 326.4622640337011, 329.1590433122046]]}, "dielectric": {"eps_electronic": [[17.723003177144854, -1.0658141036401503e-14, 0.0], [-1.2989609388114332e-14, 5.924062726086076, 0.0], [0.0, 0.0, 10.589611493449144]], "eps_total": [[97.22298800605805, -8.526512829121202e-14, 0.0], [-6.483702463810914e-14, 10.896832256156564, 0.0], [0.0, 0.0, 54.806415112414186]], "becs": [[[1.2030444640585665, 1.5728159322514241e-16, 1.4805350384457403e-22], [6.66133808157649e-16, 1.8481890707987492, 5.782681571842123e-18], [3.357367179565771e-18, -6.938894110702382e-18, 1.2803572755653492]], [[1.2030444640585665, 1.5728159322514241e-16, 1.6083510085209e-22], [6.66133808157649e-16, 1.8481890707987492, 5.782726540662702e-18], [3.357367179565771e-18, -6.938894110702382e-18, 1.280357275565351]], [[10.04957029339194, -6.47630116998889e-17, 1.7361669785960598e-22], [-2.220446115424762e-16, 2.2461114746472295, 0.22819515203880153], [-1.327305939598945e-16, -0.2899123360498325, 7.610518589615297]], [[10.049570293391943, -6.47630116998889e-17, 1.7361669785960598e-22], [-2.220446115424762e-16, 2.246111474647233, -0.2281951520388016], [9.915692336492483e-17, 0.2899123360498326, 7.610518589615298]], [[0.43800708953213036, -6.47630116998889e-17, 1.7361669785960598e-22], [-2.220446115424762e-16, 0.14014132309592986, 5.782411758918651e-18], [3.357367179565771e-18, -6.938894110702382e-18, -0.7765272467290307]], [[0.43800708953213036, -6.47630116998889e-17, 1.7361669785960598e-22], [-2.220446115424762e-16, 0.14014132309592986, 5.782411758918651e-18], [3.357367179565771e-18, -6.938894110702382e-18, -0.776527246729029]], [[-0.9356740718062695, 1.5728159322514241e-16, -6.444055106214165e-22], [6.66133808157649e-16, -1.0120207740592906, 5.779533754401613e-18], [3.357367179565771e-18, -6.938894110702382e-18, -4.542383597274163]], [[-5.377473880472605, -6.47630116998889e-17, 1.7361669785960598e-22], [-1.1102230312426014e-15, -1.6112105473105132, 0.22675536782260342], [3.357367179565771e-18, 0.33629198404007554, -1.7859825107973042]], [[-0.9356740718062704, -6.47630116998889e-17, -1.0534166148619279e-21], [-2.220446115424762e-16, -1.0120207740592915, 5.789606770211248e-18], [3.357367179565771e-18, -6.938894110702382e-18, -4.542383597274163]], [[-5.377473880472603, -6.47630116998889e-17, 1.7361669785960598e-22], [-2.220446115424762e-16, -1.6112105473105114, -0.22675536782260342], [3.357367179565771e-18, -0.33629198404007554, -1.785982510797302]], [[-5.377473880472605, -6.47630116998889e-17, 1.7361669785960598e-22], [-1.1102230312426014e-15, -1.6112105473105132, 0.22675536782260342], [3.357367179565771e-18, 0.33629198404007554, -1.7859825107973042]], [[-5.377473880472604, 4.625929076262676e-17, 1.7361669785960598e-22], [1.5543122278577743e-15, -1.6112105473105118, -0.22675536782260342], [3.357367179565771e-18, -0.33629198404007554, -1.785982510797302]]]}, "metadata": {"formula": "NaZrCuS3", "nsites": 12, "structure": "# generated using pymatgen\ndata_NaZrCuS3\n_symmetry_space_group_name_H-M   'P 1'\n_cell_length_a   6.69471605\n_cell_length_b   6.69471605\n_cell_length_c   9.65252271\n_cell_angle_alpha   90.00000000\n_cell_angle_beta   90.00000000\n_cell_angle_gamma   148.26626235\n_symmetry_Int_Tables_number   1\n_chemical_formula_structural   NaZrCuS3\n_chemical_formula_sum   'Na2 Zr2 Cu2 S6'\n_cell_volume   227.545489138\n_cell_formula_units_Z   2\nloop_\n _symmetry_equiv_pos_site_id\n _symmetry_equiv_pos_as_xyz\n  1  'x, y, z'\nloop_\n _atom_site_type_symbol\n _atom_site_label\n _atom_site_symmetry_multiplicity\n _atom_site_fract_x\n _atom_site_fract_y\n _atom_site_fract_z\n _atom_site_occupancy\n  Na  Na1  1  0.748637  0.251363  0.250000  1\n  Na  Na2  1  0.251363  0.748637  0.750000  1\n  Zr  Zr3  1  0.500000  0.500000  0.500000  1\n  Zr  Zr4  1  0.500000  0.500000  0.000000  1\n  Cu  Cu5  1  0.029928  0.970072  0.250000  1\n  Cu  Cu6  1  0.970072  0.029928  0.750000  1\n  S  S7  1  0.577797  0.422203  0.750000  1\n  S  S8  1  0.131982  0.868018  0.059732  1\n  S  S9  1  0.422203  0.577797  0.250000  1\n  S  S10  1  0.131982  0.868018  0.440268  1\n  S  S11  1  0.868018  0.131982  0.940268  1\n  S  S12  1  0.868018  0.131982  0.559732  1\n"}}