{"phonon": {"ph_bandstructure": [[0.0, 0.0, 0.0, 254.64318295880847, 254.64318296154855, 298.91964743009606, 338.292857975332, 439.7924077142677, 650.136102276755, 685.6366028027812, 1326.9560129764604, 2128.6845414396507]]}, "dielectric": {"eps_electronic": [[4.758311562233936, 8.881784197001252e-16, 0.40892868933442317], [1.1248966935021573e-15, 2.7058703080534467, 1.5369358441586475e-16], [0.4089286893344229, 2.220446049250313e-16, 2.787345318650751]], "eps_total": [[12.599059569371583, -3.3306690738754696e-15, 1.2568923469142856], [-3.556592822340541e-15, 6.290630319631521, 4.610807532475943e-15], [1.2568923469142832, 4.440892098500626e-15, 6.541053730753591]], "becs": [[[3.0043690024237835, 0.0, 0.18141897821130482], [0.0, 2.0938146565435574, 0.0], [0.18141897822597908, 0.0, 2.129960599733888]], [[3.6241184535819944, 0.0, 0.705303700327956], [0.0, 0.08415060770969995, 0.0], [0.7053037003850051, 0.0, 0.2246754179326491]], [[-3.3142437280028894, 0.0, -0.4433613392696304], [0.0, -1.0889826321266285, 0.0], [-0.4433613393054921, 0.0, -1.1773180088332686]], [[-3.3142437280028894, 0.0, -0.4433613392696304], [0.0, -1.0889826321266285, 0.0], [-0.4433613393054921, 0.0, -1.1773180088332686]]]}, "metadata": {"formula": "MgCN2", "nsites": 4, "structure": "# generated using pymatgen\ndata_MgCN2\n_symmetry_space_group_name_H-M   'P 1'\n_cell_length_a   5.08431495\n_cell_length_b   5.08431495\n_cell_length_c   5.08431495\n_cell_angle_alpha   37.39594881\n_cell_angle_beta   37.39594881\n_cell_angle_gamma   37.39594881\n_symmetry_Int_Tables_number   1\n_chemical_formula_structural   MgCN2\n_chemical_formula_sum   'Mg1 C1 N2'\n_cell_volume   43.4668072341\n_cell_formula_units_Z   1\nloop_\n _symmetry_equiv_pos_site_id\n _symmetry_equiv_pos_as_xyz\n  1  'x, y, z'\nloop_\n _atom_site_type_symbol\n _atom_site_label\n _atom_site_symmetry_multiplicity\n _atom_site_fract_x\n _atom_site_fract_y\n _atom_site_fract_z\n _atom_site_occupancy\n  Mg  Mg1  1  0.000000  0.000000  0.000000  1\n  C  C2  1  0.500000  0.500000  0.500000  1\n  N  N3  1  0.413132  0.413132  0.413132  1\n  N  N4  1  0.586868  0.586868  0.586868  1\n"}}