{"phonon": {"ph_bandstructure": [[-0.005563077361696137, -0.00478902115721796, 0.0, 86.58547783262557, 107.23462681287545, 128.25886101626602, 129.9458603608029, 153.0531887376725, 173.55123565904313, 196.7403469570769, 213.5136548263829, 239.71790326525434, 266.81726298635186, 279.9609996972127, 325.8847376207719, 347.693139121394, 372.6093151217081, 384.2361311151399, 399.7209926306874, 450.29947787862335, 454.37396106728573, 470.95221066422454, 537.2011602620145, 586.6136230348335, 725.9455731583433, 726.4987758457719, 760.3900791680218, 854.596067352568, 897.3619575489903, 923.9650742263908]]}, "dielectric": {"eps_electronic": [[10.025780033790454, 0.0, 0.0], [0.0, 9.72722334177974, 0.0], [0.0, 0.0, 8.394279001321976]], "eps_total": [[29.02075993783236, 0.0, 0.0], [0.0, 28.427524529089755, 0.0], [0.0, 0.0, 17.40318630291697]], "becs": [[[3.467194408266769, 0.0, 0.0], [0.0, 4.448397729250553, -0.23049715813821656], [0.0, -0.5861234444917455, 3.886345057973318]], [[3.467194408266769, 0.0, 0.0], [0.0, 4.448397729250553, 0.23049715813821656], [0.0, 0.5861234444917454, 3.886345057973318]], [[8.028467082454924, 0.0, 0.0], [0.0, 6.360055655867066, -1.4626681806804394], [0.0, -0.1281850588945737, 4.8309469195664185]], [[8.028467082454924, 0.0, 0.0], [0.0, 6.360055655867066, 1.4626681806804394], [0.0, 0.12818505889457377, 4.8309469195664185]], [[-2.9486800932086528, 0.0, 0.0], [0.0, -3.8867216592785088, -1.6723765439126783], [0.0, -1.3072215602967565, -3.2771245341222333]], [[-1.8863580118016363, 0.0, 0.0], [0.0, -4.621874409239332, 1.6868326646571892], [0.0, 1.0739933919005835, -2.6835974492088353]], [[-6.660623385712422, 0.0, 0.0], [0.0, -2.2998573165980596, 0.03912679776248173], [0.0, -0.4525519211116237, -2.7565699942367656]], [[-2.9486800932086528, 0.0, 0.0], [0.0, -3.8867216592785088, 1.6723765439126783], [0.0, 1.3072215602967565, -3.2771245341222333]], [[-6.660623385712422, 0.0, 0.0], [0.0, -2.2998573165980596, -0.03912679776248173], [0.0, 0.4525519211116237, -2.7565699942367656]], [[-1.8863580118016363, 0.0, 0.0], [0.0, -4.621874409239332, -1.6868326646571892], [0.0, -1.0739933919005835, -2.6835974492088353]]]}, "metadata": {"formula": "YWN3", "nsites": 10, "structure": "# generated using pymatgen\ndata_YWN3\n_symmetry_space_group_name_H-M   'P 1'\n_cell_length_a   3.58223003\n_cell_length_b   5.89987752\n_cell_length_c   5.98374074\n_cell_angle_alpha   90.00000000\n_cell_angle_beta   90.00000000\n_cell_angle_gamma   90.00000000\n_symmetry_Int_Tables_number   1\n_chemical_formula_structural   YWN3\n_chemical_formula_sum   'Y2 W2 N6'\n_cell_volume   126.464675626\n_cell_formula_units_Z   2\nloop_\n _symmetry_equiv_pos_site_id\n _symmetry_equiv_pos_as_xyz\n  1  'x, y, z'\nloop_\n _atom_site_type_symbol\n _atom_site_label\n _atom_site_symmetry_multiplicity\n _atom_site_fract_x\n _atom_site_fract_y\n _atom_site_fract_z\n _atom_site_occupancy\n  Y  Y1  1  0.000000  0.154031  0.291178  1\n  Y  Y2  1  0.000000  0.845969  0.791178  1\n  W  W3  1  0.500000  0.692174  0.321170  1\n  W  W4  1  0.500000  0.307826  0.821170  1\n  N  N5  1  0.500000  0.099095  0.586188  1\n  N  N6  1  0.500000  0.584895  0.690203  1\n  N  N7  1  0.000000  0.770632  0.415792  1\n  N  N8  1  0.500000  0.900905  0.086188  1\n  N  N9  1  0.000000  0.229368  0.915792  1\n  N  N10  1  0.500000  0.415105  0.190203  1\n"}}