{"phonon": {"ph_bandstructure": [[0.0, 0.0, 0.0, 107.6243260610724, 108.38542053838445, 109.20255439525647, 111.23206067551513, 118.89494938152025, 123.00614151660523, 154.46451874252418, 157.83698369892244, 157.93004280207407, 164.22166841125403, 165.92987958279625, 170.9795701740898, 172.0158201014481, 197.87799790395792, 199.58181375733054, 203.64349470946271, 206.83935950915674, 207.96968456752353, 229.28859538757214, 229.3140254868214, 244.2384388917367, 296.5911423719112, 307.02264833707494, 311.1712265427939, 313.55493259768764, 316.68408133615515, 335.27264949958135, 336.75693221486966, 345.066081988243, 345.2300407962502, 357.506760596891, 360.9072538327937, 361.59402613120363]]}, "dielectric": {"eps_electronic": [[16.58458705343737, 0.0, 0.0], [0.0, 16.46813120918321, 0.0], [0.0, 0.0, 16.42634618202024]], "eps_total": [[21.23883193860274, 0.0, 0.0], [0.0, 21.68367794066001, 0.0], [0.0, 0.0, 21.670139158933964]], "becs": [[[3.424236594685013, -0.2934021374662034, 0.2552480395029954], [-0.1558488188466684, 3.648480765105408, -0.006908832883385827], [-0.036260754415300654, -0.23260271485472173, 3.6442772697077617]], [[3.4242365946850137, 0.2934021374662034, 0.2552480395029954], [0.1558488188466684, 3.648480765105408, 0.006908832883385817], [-0.036260754415300654, 0.23260271485472173, 3.6442772697077617]], [[3.424236594685013, -0.2934021374662034, -0.25524803950299535], [-0.1558488188466684, 3.648480765105408, 0.006908832883385819], [0.036260754415300654, 0.23260271485472173, 3.6442772697077617]], [[3.4242365946850137, 0.2934021374662034, -0.25524803950299535], [0.1558488188466684, 3.648480765105408, -0.006908832883385827], [0.036260754415300654, -0.23260271485472167, 3.6442772697077617]], [[-4.221672524258825, -0.5551501857911516, 0.5403046501332458], [-0.8097642579465026, -3.8654249280933723, 0.40369085960869144], [0.1876040577483091, 0.6335762390873717, -4.059295101170962]], [[-4.221672524258825, 0.5551501857911516, 0.5403046501332458], [0.8097642579465028, -3.8654249280933723, -0.4036908596086914], [0.1876040577483091, -0.6335762390873717, -4.059295101170962]], [[-4.221672524258819, -0.5551501857911516, -0.5403046501332458], [-0.8097642579465026, -3.8654249280933635, -0.40369085960869144], [-0.1876040577483091, -0.6335762390873717, -4.059295101170962]], [[-4.221672524258825, 0.5551501857911516, -0.5403046501332458], [0.8097642579465026, -3.8654249280933635, 0.40369085960869144], [-0.1876040577483091, 0.6335762390873717, -4.059295101170962]], [[0.7974359296436805, -0.07694335199824413, -0.09616157354092914], [0.2543822166326857, 0.2169441630367857, -0.22084045605370217], [-0.4245744636944, -0.006049468203125862, 0.415017831465979]], [[0.7974359296436792, 0.07694335199824413, -0.09616157354092914], [-0.2543822166326857, 0.2169441630367857, 0.22084045605370217], [-0.4245744636944, 0.0060494682031258535, 0.415017831465979]], [[0.7974359296436792, -0.07694335199824413, 0.09616157354092914], [0.2543822166326857, 0.2169441630367857, 0.22084045605370217], [0.4245744636944, 0.0060494682031258535, 0.415017831465979]], [[0.7974359296436792, 0.07694335199824413, 0.09616157354092916], [-0.2543822166326857, 0.2169441630367857, -0.22084045605370217], [0.4245744636944, -0.006049468203125864, 0.415017831465979]]]}, "metadata": {"formula": "SbIrS", "nsites": 12, "structure": "# generated using pymatgen\ndata_SbIrS\n_symmetry_space_group_name_H-M   'P 1'\n_cell_length_a   6.02300675\n_cell_length_b   6.03047302\n_cell_length_c   6.03256606\n_cell_angle_alpha   90.00000000\n_cell_angle_beta   90.00000000\n_cell_angle_gamma   90.00000000\n_symmetry_Int_Tables_number   1\n_chemical_formula_structural   SbIrS\n_chemical_formula_sum   'Sb4 Ir4 S4'\n_cell_volume   219.112328993\n_cell_formula_units_Z   4\nloop_\n _symmetry_equiv_pos_site_id\n _symmetry_equiv_pos_as_xyz\n  1  'x, y, z'\nloop_\n _atom_site_type_symbol\n _atom_site_label\n _atom_site_symmetry_multiplicity\n _atom_site_fract_x\n _atom_site_fract_y\n _atom_site_fract_z\n _atom_site_occupancy\n  Sb  Sb1  1  0.133775  0.618170  0.878604  1\n  Sb  Sb2  1  0.866225  0.118170  0.121396  1\n  Sb  Sb3  1  0.133775  0.118170  0.621396  1\n  Sb  Sb4  1  0.866225  0.618170  0.378604  1\n  Ir  Ir5  1  0.269643  0.001426  0.013421  1\n  Ir  Ir6  1  0.730357  0.501426  0.986579  1\n  Ir  Ir7  1  0.269643  0.501426  0.486579  1\n  Ir  Ir8  1  0.730357  0.001426  0.513421  1\n  S  S9  1  0.625256  0.378205  0.618378  1\n  S  S10  1  0.374744  0.878205  0.381622  1\n  S  S11  1  0.625256  0.878205  0.881622  1\n  S  S12  1  0.374744  0.378205  0.118378  1\n"}}