{"phonon": {"ph_bandstructure": [[127.61284389346473, 142.78653320325333, 147.6633948305235, 167.2259255555173, 174.73370737751188, 187.95338022963284, 211.32940147249894, 229.89686852248158, 244.83408518069112, 255.41469667092505, 266.82243313580517, 293.83766410751934, 330.9289435856544, 340.3328567654172, 372.4446375402887, 392.0100321214603, 396.7370045015239, 407.64284626291715, 420.3195751287151, 427.2935379704322, 443.9236456834373, 449.45835746092416, 466.43037566237285, 470.2545220856157, 493.0789749394681, 501.28579637169923, 513.957600524107]]}, "dielectric": {"eps_electronic": [[17.501311633235535, 0.046046591817672025, -0.7962508893627921], [0.04604659181767331, 17.267638907935734, 0.23313279818437743], [-0.7962508893627943, 0.2331327981843772, 17.433398519907353]], "eps_total": [[21.985139269955056, -0.7369250654812521, -1.664661261001557], [-0.7369250654812503, 20.41539637366927, 0.43354391050483526], [-1.6646612610015583, 0.433543910504835, 21.79613928662467]], "becs": [[[-6.861126902648815, 0.9998473996538781, 0.7442439460352404], [0.6877300671191635, -5.526520631887104, -0.17771136448783437], [0.5012660338956794, 0.020553050058860784, -6.764103793286202]], [[2.3754363752613488, 0.19615248539948305, 0.2560535879025175], [-0.023730293548557352, 2.2204836085673083, -0.4232917688502329], [-0.04120162406408497, -0.39030780788304165, 2.2704949151286886]], [[1.4288599588394315, -0.3476497855938434, 0.023042245533509434], [-0.1315505142053378, 1.7007312977092006, 0.16388484913792917], [-0.3881468325815134, 0.35185473231679865, 1.4791072607865563]], [[2.3586571231381255, -0.16268161234696932, -0.6081211662871016], [0.006948227746179621, 2.26189923265364, 0.12994093241594612], [-0.21493710484121634, 0.10047191334080761, 2.4902955232171387]], [[2.503898015109078, 0.03667093200111321, -0.15787896311567978], [-0.10683330547889225, 1.8287762407628478, 0.2602154498275392], [0.1811098618319337, 0.14452376491115895, 2.3879061440159157]], [[-0.05622631550751084, -0.15918461772544634, 0.5273979260297739], [-0.19012377510618914, -0.5888045706515379, -0.0010158119027750812], [0.6136975118475176, -0.3302937849452149, 0.009785854266284094]], [[0.05808831578984913, -0.6402295401307845, -0.43698952935844826], [-0.532142420462417, -0.05523598771849801, 0.43522954858017204], [-0.2518625407924545, 0.3519309603908671, -0.051966281234854465]], [[-1.6725126715879775, -0.03639778099739657, 0.1462517023313471], [0.1470655822030022, -1.5517166862718308, 0.03427822792295333], [-0.009931129535002942, 0.09473383299737409, -1.8061888758284648]], [[-0.13507389845298906, 0.11347251962419472, -0.4939997490005479], [0.14263643161738943, -0.2896125034237167, -0.42153006263846193], [-0.38999417569561007, -0.3434666611860601, -0.015330747184980393]]]}, "metadata": {"formula": "Fe(SiP)4", "nsites": 9, "structure": "# generated using pymatgen\ndata_Fe(SiP)4\n_symmetry_space_group_name_H-M   'P 1'\n_cell_length_a   4.84145454\n_cell_length_b   5.49342447\n_cell_length_c   6.02324018\n_cell_angle_alpha   85.33540344\n_cell_angle_beta   111.56536697\n_cell_angle_gamma   109.55047968\n_symmetry_Int_Tables_number   1\n_chemical_formula_structural   Fe(SiP)4\n_chemical_formula_sum   'Fe1 Si4 P4'\n_cell_volume   140.233189272\n_cell_formula_units_Z   1\nloop_\n _symmetry_equiv_pos_site_id\n _symmetry_equiv_pos_as_xyz\n  1  'x, y, z'\nloop_\n _atom_site_type_symbol\n _atom_site_label\n _atom_site_symmetry_multiplicity\n _atom_site_fract_x\n _atom_site_fract_y\n _atom_site_fract_z\n _atom_site_occupancy\n  Fe  Fe1  1  0.000268  0.997654  0.999425  1\n  Si  Si2  1  0.682072  0.221005  0.784623  1\n  Si  Si3  1  0.240387  0.660977  0.569994  1\n  Si  Si4  1  0.340842  0.399596  0.112410  1\n  Si  Si5  1  0.847441  0.027009  0.301302  1\n  P  P6  1  0.155087  0.990733  0.693363  1\n  P  P7  1  0.640644  0.602405  0.885346  1\n  P  P8  1  0.760572  0.358756  0.434413  1\n  P  P9  1  0.325886  0.783565  0.228323  1\n"}}