{"phonon": {"ph_bandstructure": [[-64.36586256431647, -64.36586255913328, -64.36586255737076, 0.0, 0.0, 0.0, 34.88111078198426, 34.88111080727, 35.90310709249425, 35.90310709848276, 35.90310711640703, 68.96343315829482, 89.83559215513849, 89.83559215763478, 89.83559216503336, 114.5135897276062, 114.51358973541237, 144.00926890009004, 177.15025919055267, 177.1502591923342, 177.15025919294033, 187.33802331406318, 187.33802331895242, 216.78371828602636, 378.7814933100318, 378.7814933116895, 442.424704377911, 442.4247043803444, 479.5469854594557, 492.71678709526714]]}, "dielectric": {"eps_electronic": [[2.292129131857389, 9.699828273293882e-16, 8.881784197001252e-16], [8.390595510549223e-16, 2.292129131857389, 8.881784197001252e-16], [8.859779073186632e-16, 6.639333023936319e-16, 2.29212913185739]], "eps_total": null, "becs": [[[1.3122692232339284, 1.3322676494025225e-16, -1.3322676494025225e-16], [4.440892164675075e-17, 1.3122692232339284, -4.440892164675075e-17], [-1.7751726507724607e-16, 1.7775410809675997e-16, 1.3122692232339281]], [[1.3122692232339284, 1.3322676494025225e-16, -1.3322676494025225e-16], [4.440892164675075e-17, 1.3122692232339284, -4.440892164675075e-17], [-1.7751726507724607e-16, 1.7775410809675997e-16, 1.3122692232339281]], [[1.3186900900307217, 1.3322676494025225e-16, -1.3322676494025225e-16], [4.440892164675075e-17, 1.3186900900307217, -4.440892164675075e-17], [-1.7767014482074747e-16, 1.7760122835325857e-16, 1.3186900900307215]], [[2.938844767686864, 1.3322676494025225e-16, -1.3322676494025225e-16], [4.440892164675075e-17, 2.938844767686864, -4.440892164675075e-17], [-1.7739006460891826e-16, 1.7788130856508778e-16, 2.9388447676868634]], [[-1.5302927134211153, 1.3322676494025225e-16, -1.3322676494025225e-16], [-1.7763568327828056e-16, -0.9553719693361954, 1.7763568327828056e-16], [-3.9969360601387414e-16, 3.996669770101945e-16, -0.9553719693361955]], [[-0.9553719693361964, -7.54951654759873e-16, 7.54951654759873e-16], [-8.437694980533745e-16, -1.5302927134211162, 8.437694980533745e-16], [4.439560383618847e-17, -4.442223283986813e-17, -0.9553719693361955]], [[-0.9553719693361964, -7.54951654759873e-16, 7.54951654759873e-16], [-8.437694980533745e-16, -1.5302927134211162, 8.437694980533745e-16], [4.439560383618847e-17, -4.442223283986813e-17, -0.9553719693361955]], [[-0.955371969336196, 3.5527136986528356e-16, -3.5527136986528356e-16], [9.32587341346876e-16, -0.9553719693361963, -9.32587341346876e-16], [7.103453587338828e-16, -7.107401074923616e-16, -1.5302927134211164]], [[-0.955371969336196, 3.5527136986528356e-16, -3.5527136986528356e-16], [9.32587341346876e-16, -0.9553719693361963, -9.32587341346876e-16], [7.103453587338828e-16, -7.107401074923616e-16, -1.5302927134211164]], [[-1.5302927134211153, 1.3322676494025225e-16, -1.3322676494025225e-16], [-1.7763568327828056e-16, -0.9553719693361954, 1.7763568327828056e-16], [-3.9969360601387414e-16, 3.996669770101945e-16, -0.9553719693361955]]]}, "metadata": {"formula": "Cs2RbInF6", "nsites": 10, "structure": "# generated using pymatgen\ndata_Cs2RbInF6\n_symmetry_space_group_name_H-M   'P 1'\n_cell_length_a   6.67085689\n_cell_length_b   6.67085689\n_cell_length_c   6.67085689\n_cell_angle_alpha   60.00000000\n_cell_angle_beta   60.00000000\n_cell_angle_gamma   60.00000000\n_symmetry_Int_Tables_number   1\n_chemical_formula_structural   Cs2RbInF6\n_chemical_formula_sum   'Cs2 Rb1 In1 F6'\n_cell_volume   209.908427117\n_cell_formula_units_Z   1\nloop_\n _symmetry_equiv_pos_site_id\n _symmetry_equiv_pos_as_xyz\n  1  'x, y, z'\nloop_\n _atom_site_type_symbol\n _atom_site_label\n _atom_site_symmetry_multiplicity\n _atom_site_fract_x\n _atom_site_fract_y\n _atom_site_fract_z\n _atom_site_occupancy\n  Cs  Cs1  1  0.250000  0.250000  0.250000  1\n  Cs  Cs2  1  0.750000  0.750000  0.750000  1\n  Rb  Rb3  1  0.500000  0.500000  0.500000  1\n  In  In4  1  0.000000  0.000000  0.000000  1\n  F  F5  1  0.220988  0.779012  0.779012  1\n  F  F6  1  0.779012  0.220988  0.779012  1\n  F  F7  1  0.220988  0.779012  0.220988  1\n  F  F8  1  0.220988  0.220988  0.779012  1\n  F  F9  1  0.779012  0.779012  0.220988  1\n  F  F10  1  0.779012  0.220988  0.220988  1\n"}}