{"phonon": {"ph_bandstructure": [[0.0, 0.0, 0.0, 149.5842524808244, 160.8271837092737, 161.0323978474887, 191.9553541882221, 196.08131513010525, 196.081315134252, 214.27898938336256, 229.80535102136446, 282.28152133426886, 294.442330750619, 296.82273071675024, 296.82273071690656, 330.9121948150072, 354.9068725655443, 397.90120360695886, 704.2026604391244, 704.2026604402014, 717.2134019032959, 719.9928013022338, 816.2428166709007, 823.1402411364085, 1079.3970002865256, 1079.8360783141, 1392.8397302607066, 1398.242133407854, 1398.2421334306916, 1543.4331844037517]]}, "dielectric": {"eps_electronic": [[2.951437274798418, 0.0, -0.23084002676585091], [0.0, 3.802922973217479, 0.0], [-0.230840026765852, 0.0, 3.7403416308763657]], "eps_total": [[9.647358785385533, 1.7319479184152442e-14, -0.26295921332936345], [1.7797957800640974e-14, 10.61732059250881, 1.7264744637514223e-15], [-0.2629592133293647, 1.3322676295501878e-15, 10.54603165364642]], "becs": [[[2.398358135484528, -0.06588745507276175, -0.05265733925065867], [0.06588745507376625, 2.592592090118634, -0.24303508574194843], [-0.05265733925077444, 0.24303508573875338, 2.5783165460605018]], [[2.398358135484528, 0.06588745507276175, -0.05265733925065867], [-0.06588745507376625, 2.592592090118634, 0.24303508574194843], [-0.05265733925077444, -0.24303508573875338, 2.5783165460605018]], [[0.5471120441508193, 0.0, -0.7656826493222975], [0.0, 3.3714394995249695, 0.0], [-0.7656826493239548, 0.0, 3.16386090648367]], [[0.5471120441508193, 0.0, -0.7656826493222975], [0.0, 3.3714394995249695, 0.0], [-0.7656826493239548, 0.0, 3.16386090648367]], [[-0.94384701706969, -0.33787602894775265, 0.28260403540381196], [-0.41914160356614716, -1.6161165770900041, 0.5537602082863213], [0.2339917175454424, 0.5757915206714228, -2.323929479778367]], [[-0.94384701706969, 0.33787602894775265, 0.28260403540381196], [0.41914160356614716, -1.6161165770900041, -0.5537602082863213], [0.2339917175454424, -0.5757915206714228, -2.323929479778367]], [[-1.0577761454955596, 0.0, 0.2531319177642466], [0.0, -2.731798435459183, 0.0], [0.35035655348275885, 0.0, -1.094318492983318]], [[-0.94384701706969, -0.33787602894775265, 0.28260403540381196], [-0.41914160356614716, -1.6161165770900041, 0.5537602082863213], [0.2339917175454424, 0.5757915206714228, -2.323929479778367]], [[-0.94384701706969, 0.33787602894775265, 0.28260403540381196], [0.41914160356614716, -1.6161165770900041, -0.5537602082863213], [0.2339917175454424, -0.5757915206714228, -2.323929479778367]], [[-1.0577761454955596, 0.0, 0.2531319177642466], [0.0, -2.731798435459183, 0.0], [0.35035655348275885, 0.0, -1.094318492983318]]]}, "metadata": {"formula": "ZnCO3", "nsites": 10, "structure": "# generated using pymatgen\ndata_ZnCO3\n_symmetry_space_group_name_H-M   'P 1'\n_cell_length_a   5.63378355\n_cell_length_b   5.63378355\n_cell_length_c   5.63378355\n_cell_angle_alpha   48.76047793\n_cell_angle_beta   48.76047793\n_cell_angle_gamma   48.76047793\n_symmetry_Int_Tables_number   1\n_chemical_formula_structural   ZnCO3\n_chemical_formula_sum   'Zn2 C2 O6'\n_cell_volume   92.7865883918\n_cell_formula_units_Z   2\nloop_\n _symmetry_equiv_pos_site_id\n _symmetry_equiv_pos_as_xyz\n  1  'x, y, z'\nloop_\n _atom_site_type_symbol\n _atom_site_label\n _atom_site_symmetry_multiplicity\n _atom_site_fract_x\n _atom_site_fract_y\n _atom_site_fract_z\n _atom_site_occupancy\n  Zn  Zn1  1  0.500000  0.500000  0.500000  1\n  Zn  Zn2  1  0.000000  0.000000  0.000000  1\n  C  C3  1  0.750000  0.750000  0.750000  1\n  C  C4  1  0.250000  0.250000  0.250000  1\n  O  O5  1  0.750000  0.472850  0.027150  1\n  O  O6  1  0.027150  0.750000  0.472850  1\n  O  O7  1  0.527150  0.972850  0.250000  1\n  O  O8  1  0.250000  0.527150  0.972850  1\n  O  O9  1  0.972850  0.250000  0.527150  1\n  O  O10  1  0.472850  0.027150  0.750000  1\n"}}