{"phonon": {"ph_bandstructure": [[0.0, 0.0, 0.0, 54.466498532536846, 55.23573425623115, 67.42435202412369, 67.42435203199568, 78.37922934020918, 81.89576168358953, 82.09854093254629, 102.30958797084077, 128.6389804091023, 130.31846212435443, 130.31846212847506, 132.94361057464474, 158.81009524034536, 207.50064304267445, 275.9475902574888, 277.83831285432825, 277.83831285636916, 291.35867204899284, 306.42636247484353, 310.91903409968745, 316.9711790270978]]}, "dielectric": {"eps_electronic": [[10.791209474841946, 0.0, -3.568869354482901e-23], [0.0, 10.791209474841946, -3.568869354482901e-23], [-3.568869354482901e-23, -3.568869354482901e-23, 7.381345637078671]], "eps_total": [[24.172612306688325, -1.7267918594587178e-15, -3.568869354482901e-23], [-1.7267918594587178e-15, 24.172612307449615, -3.568869354482901e-23], [-3.568869354482901e-23, -3.568869354482901e-23, 13.570126819452847]], "becs": [[[1.1796180762882185, 0.0, 0.0], [0.0, 1.1796180762882185, 0.0], [-7.70548719088691e-23, -7.70548719088691e-23, 2.386496512948752]], [[2.068624374560413, 0.0, 0.0], [0.0, 2.234123472936004, 0.0], [-1.3830361624668808e-23, 9.878829731906298e-24, 0.7373052496243857]], [[2.068624374560413, 0.0, 0.0], [0.0, 2.234123472936004, 0.0], [-1.3830361624668808e-23, 9.878829731906298e-24, 0.7373052496243875]], [[2.2341234729360058, 0.0, 0.0], [0.0, 2.068624374560415, 0.0], [9.878829731906301e-24, -1.383036162466881e-23, 0.7373052496243928]], [[2.2341234729360058, 0.0, 0.0], [0.0, 2.068624374560415, 0.0], [9.878829731906301e-24, -1.383036162466881e-23, 0.7373052496243928]], [[-3.876916762199277, 0.0, 0.0], [0.0, -3.876916762199277, 0.0], [-1.3830361624668808e-23, -1.383036162466881e-23, -1.9481015985059158]], [[-2.954098504540889, 0.0, 0.0], [0.0, -2.95409850454089, 0.0], [4.939414865953148e-23, 4.939414865953148e-23, -1.6938079564701978]], [[-2.954098504540889, 0.0, 0.0], [0.0, -2.95409850454089, 0.0], [4.939414865953148e-23, 4.939414865953148e-23, -1.6938079564701978]]]}, "metadata": {"formula": "RbZn4P3", "nsites": 8, "structure": "# generated using pymatgen\ndata_RbZn4P3\n_symmetry_space_group_name_H-M   'P 1'\n_cell_length_a   3.99779862\n_cell_length_b   3.99779862\n_cell_length_c   9.99964726\n_cell_angle_alpha   90.00000000\n_cell_angle_beta   90.00000000\n_cell_angle_gamma   90.00000000\n_symmetry_Int_Tables_number   1\n_chemical_formula_structural   RbZn4P3\n_chemical_formula_sum   'Rb1 Zn4 P3'\n_cell_volume   159.818300311\n_cell_formula_units_Z   1\nloop_\n _symmetry_equiv_pos_site_id\n _symmetry_equiv_pos_as_xyz\n  1  'x, y, z'\nloop_\n _atom_site_type_symbol\n _atom_site_label\n _atom_site_symmetry_multiplicity\n _atom_site_fract_x\n _atom_site_fract_y\n _atom_site_fract_z\n _atom_site_occupancy\n  Rb  Rb1  1  0.000000  0.000000  0.500000  1\n  Zn  Zn2  1  0.000000  0.500000  0.156416  1\n  Zn  Zn3  1  0.000000  0.500000  0.843584  1\n  Zn  Zn4  1  0.500000  0.000000  0.843584  1\n  Zn  Zn5  1  0.500000  0.000000  0.156416  1\n  P  P6  1  0.000000  0.000000  0.000000  1\n  P  P7  1  0.500000  0.500000  0.286701  1\n  P  P8  1  0.500000  0.500000  0.713299  1\n"}}