{"phonon": {"ph_bandstructure": [[-0.020461400891919994, -0.009952225064122182, 0.0, 58.797228102817286, 67.58993013955212, 80.17877621880945, 80.6068336133225, 83.88733078999367, 92.1857629846104, 94.70288351845913, 103.18242874846113, 104.25998679796155, 105.35332198852005, 118.98275893587382, 122.7576185318256, 125.07035877361272, 127.09111027438928, 134.50019665486778, 183.1511838010967, 217.14568029987882, 228.77619714425248, 229.7724325520654, 252.9583863227365, 258.13394006457446, 267.08665464870927, 268.76861267105807, 268.8197514990216, 279.7868187337813, 281.57372228422946, 286.2508789302681, 304.45768060805517, 305.27726897562604, 309.9890412564582, 313.0733317478098, 322.78147344963446, 336.6741165408521]]}, "dielectric": {"eps_electronic": [[16.194736421166844, 0.0, 0.0], [0.0, 4.8437779210260485, -7.694842548265709e-23], [0.0, -7.694842548265707e-23, 9.934299224627386]], "eps_total": [[102.94095578167183, 0.0, 0.0], [0.0, 8.395555999846396, -7.694842548265709e-23], [0.0, -7.694842548265707e-23, 51.334873548151435]], "becs": [[[1.1648155299908731, 2.3129647035674605e-17, -6.889380340304458e-23], [1.4802974102831747e-16, 1.9260079321000951, -4.625929407134921e-18], [0.0, 0.0, 1.1884675955331079]], [[1.1648155299908731, 2.3129647035674605e-17, -6.889380340304458e-23], [1.4802974102831747e-16, 1.9260079321000951, -4.625929407134921e-18], [0.0, 0.0, 1.1884675955331079]], [[10.306185489149255, 2.3129647035674605e-17, -6.889380340304458e-23], [1.4802974102831747e-16, 1.9762250724871837, -0.25856128139205414], [0.0, 0.2825344795265316, 7.952828447332185]], [[10.306185489149254, 2.3129647035674605e-17, -6.889380340304458e-23], [1.4802974102831747e-16, 1.9762250724871855, 0.25856128139205414], [0.0, -0.2825344795265316, 7.952828447332186]], [[0.5363577294293649, 2.3129647035674605e-17, 3.4446900469605127e-22], [1.4802974102831747e-16, 0.11498899549473399, -4.624370114517498e-18], [0.0, 0.0, -0.7362997246231338]], [[0.5363577294293649, 2.3129647035674605e-17, 3.4446900469605127e-22], [1.4802974102831747e-16, 0.11498899549473399, -4.624370114517498e-18], [0.0, 0.0, -0.7362997246231391]], [[-0.8224380326669338, -1.4340380665809888e-16, -1.7223450542781853e-22], [-1.628327098371933e-15, -0.8899889688106556, -4.6263192302892765e-18], [0.0, 0.0, -4.7812174993159]], [[-0.8224380326669334, 2.3129647035674605e-17, 3.4446898621729373e-23], [1.4802974102831747e-16, -0.8899889688106551, -4.6263192302892765e-18], [0.0, 0.0, -4.7812174993159]], [[-5.5924603475093555, -8.789265542684105e-17, -6.889380340304458e-23], [1.4802974102831747e-16, -1.5636165156706423, -0.17528329196530013], [-6.813871579665375e-17, -0.23785538740758588, -1.811889409647239]], [[-5.5924603475093555, 1.3415194949819026e-16, -6.889380340304458e-23], [1.4802974102831747e-16, -1.5636165156706423, 0.17528329196530018], [-6.813871579665375e-17, 0.23785538740758588, -1.8118894096472404]], [[-5.5924603475093555, -8.789265542684105e-17, -6.889380340304458e-23], [1.4802974102831747e-16, -1.5636165156706423, 0.17528329196530018], [6.813871579665375e-17, 0.23785538740758588, -1.8118894096472404]], [[-5.5924603475093555, 2.3129647035674605e-17, -6.889380340304458e-23], [1.4802974102831747e-16, -1.5636165156706427, -0.17528329196530013], [6.813871579665375e-17, -0.23785538740758588, -1.811889409647239]]]}, "metadata": {"formula": "KZrCuS3", "nsites": 12, "structure": "# generated using pymatgen\ndata_KZrCuS3\n_symmetry_space_group_name_H-M   'P 1'\n_cell_length_a   7.23595671\n_cell_length_b   7.23595671\n_cell_length_c   9.67521991\n_cell_angle_alpha   90.00000000\n_cell_angle_beta   90.00000000\n_cell_angle_gamma   150.30522788\n_symmetry_Int_Tables_number   1\n_chemical_formula_structural   KZrCuS3\n_chemical_formula_sum   'K2 Zr2 Cu2 S6'\n_cell_volume   250.952031713\n_cell_formula_units_Z   2\nloop_\n _symmetry_equiv_pos_site_id\n _symmetry_equiv_pos_as_xyz\n  1  'x, y, z'\nloop_\n _atom_site_type_symbol\n _atom_site_label\n _atom_site_symmetry_multiplicity\n _atom_site_fract_x\n _atom_site_fract_y\n _atom_site_fract_z\n _atom_site_occupancy\n  K  K1  1  0.245722  0.754278  0.750000  1\n  K  K2  1  0.754278  0.245722  0.250000  1\n  Zr  Zr3  1  0.500000  0.500000  0.000000  1\n  Zr  Zr4  1  0.500000  0.500000  0.500000  1\n  Cu  Cu5  1  0.967772  0.032228  0.750000  1\n  Cu  Cu6  1  0.032228  0.967772  0.250000  1\n  S  S7  1  0.565448  0.434552  0.750000  1\n  S  S8  1  0.434552  0.565448  0.250000  1\n  S  S9  1  0.121770  0.878230  0.444855  1\n  S  S10  1  0.121770  0.878230  0.055145  1\n  S  S11  1  0.878230  0.121770  0.944855  1\n  S  S12  1  0.878230  0.121770  0.555145  1\n"}}