{"phonon": {"ph_bandstructure": [[0.0, 0.0, 0.0, 212.2629944606852, 212.26299446214244, 248.01247338565923, 281.5537125257998, 281.55371252701985, 300.6334945872361]]}, "dielectric": {"eps_electronic": [[6.716577684021956, -2.7776568126357776e-15, -4.440892098500626e-15], [-4.3973962929172454e-15, 6.716577684021957, -3.552713678800501e-15], [-5.16442322965278e-15, -2.0557987607023424e-15, 6.71657768402196]], "eps_total": [[10.454390776755808, 2.4975831669103016e-11, 2.390887487990767e-11], [2.4976182388273035e-11, 10.454390776886267, 5.773248545892784e-11], [2.3909431214848244e-11, 5.773215361544871e-11, 10.45439077684965]], "becs": [[[0.8691074062248219, 0.0, 0.0], [0.0, 0.8691074062248219, 0.0], [5.712957566196266e-19, 5.712957566196266e-19, 0.8691074062248219]], [[1.7004341241832335, 0.0, 0.0], [0.0, 1.7004341241832335, 0.0], [3.0430838898611293e-19, 3.0430838898611293e-19, 1.7004341241832335]], [[-2.569541530336213, 0.0, 0.0], [0.0, -2.569541530336213, 0.0], [-8.756040998252561e-19, -8.756040998252561e-19, -2.569541530336213]]]}, "metadata": {"formula": "LiCaAs", "nsites": 3, "structure": "# generated using pymatgen\ndata_LiCaAs\n_symmetry_space_group_name_H-M   'P 1'\n_cell_length_a   4.65935020\n_cell_length_b   4.65935020\n_cell_length_c   4.65935020\n_cell_angle_alpha   60.00000000\n_cell_angle_beta   60.00000000\n_cell_angle_gamma   60.00000000\n_symmetry_Int_Tables_number   1\n_chemical_formula_structural   LiCaAs\n_chemical_formula_sum   'Li1 Ca1 As1'\n_cell_volume   71.5255262516\n_cell_formula_units_Z   1\nloop_\n _symmetry_equiv_pos_site_id\n _symmetry_equiv_pos_as_xyz\n  1  'x, y, z'\nloop_\n _atom_site_type_symbol\n _atom_site_label\n _atom_site_symmetry_multiplicity\n _atom_site_fract_x\n _atom_site_fract_y\n _atom_site_fract_z\n _atom_site_occupancy\n  Li  Li1  1  0.750000  0.750000  0.750000  1\n  Ca  Ca2  1  0.250000  0.250000  0.250000  1\n  As  As3  1  0.500000  0.500000  0.500000  1\n"}}