{"phonon": {"ph_bandstructure": [[0.0, 0.0, 0.0, 31.039020253746365, 38.75611140094417, 51.60688138774882, 69.66781840264517, 71.10602740301987, 72.54137532841753, 74.83749850729839, 82.84866412123658, 84.14933086309189, 129.3424991347061, 181.03704751893017, 324.9780923986537, 327.4150500773148, 327.8925739098449, 328.9677926280742]]}, "dielectric": {"eps_electronic": [[3.5480223913356914, 0.0, 0.0], [0.0, 4.368249900235545, 0.0], [0.0, 0.0, 5.922533197957941]], "eps_total": [[5.850727339009413, 0.0, 0.0], [0.0, 7.657234467940127, 0.0], [0.0, 0.0, 14.437231787242615]], "becs": [[[1.3653475291508288, -3.700743393359039e-16, 3.3648026910037e-22], [-7.401486786718078e-16, 1.349339076642452, -6.928354268438001e-22], [-2.767213915959588e-17, -3.700743525707937e-17, 1.194471916567899]], [[1.3653475291508297, 7.401487051415874e-17, -2.018881582512961e-22], [1.4802974102831747e-16, 1.3493390766424525, -2.771340835199243e-23], [-2.767213915959588e-17, -3.700743525707937e-17, 1.1944719165678985]], [[-0.6233236120388753, -2.1464311787361543e-15, 6.729605542453696e-23], [-4.292862357472309e-15, 0.14965286717400955, -0.6599518455820867], [1.3836069084981547e-16, -1.1717828726415696, 0.6072561665524283]], [[-0.6233236120388753, 2.294460919764472e-15, 6.729605542453696e-23], [4.588921839528944e-15, 0.14965286717400955, 0.6599518455820867], [-2.767213915959588e-17, 1.17178287264157, 0.6072561665524283]], [[-0.7420239171169661, 7.401487051415874e-17, -6.729605141337961e-23], [1.4802974102831747e-16, -1.4989919438172783, -5.2655492222084815e-22], [-2.767213915959588e-17, -3.700743525707937e-17, -1.8017280831582414]], [[-0.7420239171169661, 7.401487051415874e-17, -2.018881582512961e-22], [1.4802974102831747e-16, -1.4989919438172783, -6.928354268438001e-22], [-2.767213915959588e-17, -3.700743525707937e-17, -1.8017280831582414]]]}, "metadata": {"formula": "RbAuS", "nsites": 6, "structure": "# generated using pymatgen\ndata_RbAuS\n_symmetry_space_group_name_H-M   'P 1'\n_cell_length_a   5.22864644\n_cell_length_b   5.22864644\n_cell_length_c   6.58986583\n_cell_angle_alpha   90.00000000\n_cell_angle_beta   90.00000000\n_cell_angle_gamma   102.02464033\n_symmetry_Int_Tables_number   1\n_chemical_formula_structural   RbAuS\n_chemical_formula_sum   'Rb2 Au2 S2'\n_cell_volume   176.205628405\n_cell_formula_units_Z   2\nloop_\n _symmetry_equiv_pos_site_id\n _symmetry_equiv_pos_as_xyz\n  1  'x, y, z'\nloop_\n _atom_site_type_symbol\n _atom_site_label\n _atom_site_symmetry_multiplicity\n _atom_site_fract_x\n _atom_site_fract_y\n _atom_site_fract_z\n _atom_site_occupancy\n  Rb  Rb1  1  0.127119  0.872881  0.250000  1\n  Rb  Rb2  1  0.872881  0.127119  0.750000  1\n  Au  Au3  1  0.500000  0.500000  0.000000  1\n  Au  Au4  1  0.500000  0.500000  0.500000  1\n  S  S5  1  0.698073  0.301927  0.250000  1\n  S  S6  1  0.301927  0.698073  0.750000  1\n"}}