{"phonon": {"ph_bandstructure": [[0.0, 0.0, 0.0, 71.80729242627176, 76.5010242097367, 76.94663355261731, 87.44857604999885, 87.80291283062577, 91.51391950247861, 96.3873392724516, 101.11664492316748, 107.85452888942757, 108.38594007917024, 119.22990795886383, 126.75944087562745, 135.87864686517887, 135.89799716502677, 146.395877241821, 149.6565072668875, 170.70116373078847, 229.1657131194967, 254.13235171619252, 293.144434402293, 325.1346771077505]]}, "dielectric": {"eps_electronic": [[6.598362879284866, 0.0, 0.0], [0.0, 5.112917531508558, 0.0], [0.0, 0.0, 8.382089628145124]], "eps_total": [[12.257897213584524, 0.0, 0.0], [0.0, 8.628343503512216, 0.0], [0.0, 0.0, 14.408339337796734]], "becs": [[[1.1255731905257282, 0.2397609024064998, -2.081677483015516e-17], [0.09627893289049555, 1.1592495745988387, -3.363930807275693e-22], [0.0, 0.0, 0.9907192564487819]], [[1.1255731905257287, -0.2397609024065003, -2.081673100971588e-17], [-0.09627893289049566, 1.1592495745988387, -5.606551345459488e-23], [0.0, 0.0, 0.9907192564487837]], [[1.1255731905257287, 0.23976090240650047, -2.081677483015516e-17], [0.096278932890496, 1.1592495745988387, 1.1213102690918976e-22], [0.0, 0.0, 0.9907192564487819]], [[1.1255731905257287, -0.2397609024065003, -2.0816862471033727e-17], [-0.09627893289049566, 1.1592495745988387, 2.2426205381837953e-22], [0.0, 0.0, 0.9907192564487819]], [[0.4277024448904299, 8.326672684688674e-17, 0.6677653118947492], [1.6653345369377348e-16, -0.725115628673196, 4.408103815583578e-39], [1.422421319973234, -1.044947128648967e-16, 0.5187823357084238]], [[0.42770244489042636, 8.326672684688674e-17, -0.6677653118947491], [1.6653345369377348e-16, -0.7251156286732031, 4.408103815583578e-39], [-1.422421319973234, 1.044947128648967e-16, 0.5187823357084238]], [[-2.678848825941885, 8.326672684688674e-17, -2.0816687189276598e-17], [-2.7755575615628914e-16, -1.5933835205244775, 4.408103815583578e-39], [0.0, 0.0, -2.5002208486059887]], [[-2.678848825941885, 8.326672684688674e-17, -2.0816643368837315e-17], [-2.7755575615628914e-16, -1.5933835205244775, 5.606551345459488e-23], [0.0, 0.0, -2.5002208486059887]]]}, "metadata": {"formula": "K2AgP", "nsites": 8, "structure": "# generated using pymatgen\ndata_K2AgP\n_symmetry_space_group_name_H-M   'P 1'\n_cell_length_a   6.19468472\n_cell_length_b   6.19468472\n_cell_length_c   5.86787863\n_cell_angle_alpha   90.00000000\n_cell_angle_beta   90.00000000\n_cell_angle_gamma   103.97809799\n_symmetry_Int_Tables_number   1\n_chemical_formula_structural   K2AgP\n_chemical_formula_sum   'K4 Ag2 P2'\n_cell_volume   218.506829132\n_cell_formula_units_Z   2\nloop_\n _symmetry_equiv_pos_site_id\n _symmetry_equiv_pos_as_xyz\n  1  'x, y, z'\nloop_\n _atom_site_type_symbol\n _atom_site_label\n _atom_site_symmetry_multiplicity\n _atom_site_fract_x\n _atom_site_fract_y\n _atom_site_fract_z\n _atom_site_occupancy\n  K  K1  1  0.311491  0.969151  0.250000  1\n  K  K2  1  0.969151  0.311491  0.250000  1\n  K  K3  1  0.688509  0.030849  0.750000  1\n  K  K4  1  0.030849  0.688509  0.750000  1\n  Ag  Ag5  1  0.500000  0.500000  0.000000  1\n  Ag  Ag6  1  0.500000  0.500000  0.500000  1\n  P  P7  1  0.752939  0.752939  0.250000  1\n  P  P8  1  0.247061  0.247061  0.750000  1\n"}}