{"phonon": {"ph_bandstructure": [[-0.005798523153753972, -0.002577381466895388, 0.0, 68.39215634953041, 69.6039769714773, 72.80134553540178, 78.68318000356061, 86.2135568244604, 90.61454700609536, 90.78855670151862, 93.09350497645937, 94.83106150306058, 97.74690742317475, 100.21429461307615, 105.4159491850012, 105.75524562771336, 106.42967168880446, 119.55850529053434, 124.10603014154403, 126.4557518351613, 127.45479398380863, 133.88230013323903, 141.76554345625092, 145.18334749544204, 146.36630816339195, 152.71277406135525, 155.81956510853823, 162.5883079518409, 370.5832544549138, 373.9423271748688, 378.28916513182673, 383.56880832362435, 489.6357309795238, 490.49519262316306, 1113.839302631689, 1138.265800582004]]}, "dielectric": {"eps_electronic": [[3.6928565668693247, 0.0, 0.0], [0.0, 5.5299481641162025, 0.9522251554342807], [0.0, 0.952225155434281, 4.217584762284854]], "eps_total": [[7.646964364592191, 0.0, 0.0], [0.0, 13.199505261132195, 1.54195475780085], [0.0, 1.5419547578008501, 7.668669674912248]], "becs": [[[1.0758857413679295, -1.3877788221404763e-16, 4.1524944443734564e-17], [-8.880099491241204e-17, 1.2928453106184548, 0.14103449123202083], [-1.2589525373330626e-17, 0.0707787242725604, 1.2118332016187683]], [[1.0758857413679295, -1.3877788221404763e-16, 4.1524944443734564e-17], [-8.880099491241204e-17, 1.2928453106184548, 0.14103449123202083], [-1.2589525373330626e-17, 0.0707787242725604, 1.2118332016187683]], [[1.1125929016740066, 0.03300560304998998, -0.055803836386071774], [0.02678440283511974, 0.9679181283694491, -0.12070322165189273], [-0.07493834237808725, -0.09277672380513113, 1.0163062156811722]], [[1.1125929016740075, -0.03300560304998981, 0.055803836386071524], [-0.026784402835119472, 0.9679181283694491, -0.1207032216518934], [0.07493834237808722, -0.09277672380513113, 1.0163062156811722]], [[1.1125929016740075, 0.033005603049989535, -0.05580383638607144], [0.026784402835119295, 0.9679181283694491, -0.1207032216518934], [-0.07493834237808725, -0.09277672380513113, 1.0163062156811722]], [[1.1125929016740075, -0.03300560304998981, 0.055803836386071524], [-0.026784402835119472, 0.9679181283694491, -0.12070322165189273], [0.07493834237808722, -0.09277672380513113, 1.0163062156811726]], [[-0.9333606823275158, 1.9428902517349933e-16, -1.3986206787523263e-17], [-1.4644971388366005e-16, 2.639026014488169, 1.9806801564918652], [5.423483759593934e-17, 1.9392167977528634, 0.21795652354913925]], [[-0.933360682327516, -1.3877788221404763e-16, 4.1524944443734564e-17], [-8.96273822632391e-17, 2.639026014488169, 1.9806801564918652], [-1.474514998524256e-17, 1.9392167977528634, 0.21795652354913925]], [[-1.1838554311956815, -0.0214420581313243, 0.0033559199043487428], [-0.12168952483511707, -2.9338537909162836, -0.9401541022040709], [-0.044578848989697856, -0.91222103720153, -1.7312010782656455]], [[-1.1838554311956824, 0.02144205813132491, -0.0033559199043487692], [0.12168952483511758, -2.9338537909162836, -0.9401541022040707], [0.044578848989697946, -0.9122210372015298, -1.7312010782656455]], [[-1.1838554311956815, 0.02144205813132402, -0.0033559199043486027], [0.12168952483511689, -2.9338537909162836, -0.9401541022040709], [0.044578848989697786, -0.9122210372015298, -1.7312010782656455]], [[-1.1838554311956815, -0.0214420581313243, 0.003355919904348686], [-0.12168952483511707, -2.9338537909162836, -0.9401541022040709], [-0.044578848989697856, -0.91222103720153, -1.7312010782656455]]]}, "metadata": {"formula": "K3BP2", "nsites": 12, "structure": "# generated using pymatgen\ndata_K3BP2\n_symmetry_space_group_name_H-M   'P 1'\n_cell_length_a   6.39037711\n_cell_length_b   6.39037711\n_cell_length_c   8.84971764\n_cell_angle_alpha   74.91212571\n_cell_angle_beta   74.91212571\n_cell_angle_gamma   86.69968200\n_symmetry_Int_Tables_number   1\n_chemical_formula_structural   K3BP2\n_chemical_formula_sum   'K6 B2 P4'\n_cell_volume   336.888334329\n_cell_formula_units_Z   2\nloop_\n _symmetry_equiv_pos_site_id\n _symmetry_equiv_pos_as_xyz\n  1  'x, y, z'\nloop_\n _atom_site_type_symbol\n _atom_site_label\n _atom_site_symmetry_multiplicity\n _atom_site_fract_x\n _atom_site_fract_y\n _atom_site_fract_z\n _atom_site_occupancy\n  K  K1  1  0.650367  0.349633  0.250000  1\n  K  K2  1  0.349633  0.650367  0.750000  1\n  K  K3  1  0.848981  0.747164  0.481781  1\n  K  K4  1  0.252836  0.151019  0.018219  1\n  K  K5  1  0.151019  0.252836  0.518219  1\n  K  K6  1  0.747164  0.848981  0.981781  1\n  B  B7  1  0.283479  0.716521  0.250000  1\n  B  B8  1  0.716521  0.283479  0.750000  1\n  P  P9  1  0.146762  0.589690  0.146195  1\n  P  P10  1  0.410310  0.853238  0.353805  1\n  P  P11  1  0.589690  0.146762  0.646195  1\n  P  P12  1  0.853238  0.410310  0.853805  1\n"}}