{"phonon": {"ph_bandstructure": [[-0.00504765054449023, -0.003350189304708136, -0.0029312739109409354, 46.613248512726244, 47.42051098282849, 48.369284239528554, 52.48698662805819, 55.97055059388274, 62.298076868436006, 64.78709856203277, 65.17103031042255, 69.58069244086381, 69.62415070382491, 70.39416024135818, 82.07535862223048, 82.88246731902487, 84.61667198710151, 88.73489217674818, 99.78656724787787, 100.67572662721368, 101.08245865399613, 111.08827529172648, 121.15062976696095, 121.28656526042188, 122.809256693244, 125.59616935858851, 135.13760640203475, 144.72244871172649, 361.146433932706, 363.8944028844738, 372.5157974602846, 376.7824513657106, 487.2227976222032, 487.5382912959634, 1111.8500717955162, 1132.888470805312]]}, "dielectric": {"eps_electronic": [[3.770933230364628, -2.2615653389934776e-17, -6.036038895277861e-17], [0.0, 5.300388700336304, 0.8955299784534173], [-5.551115123125783e-17, 0.8955299784534175, 4.327656521986872]], "eps_total": [[7.809148850487557, -4.523130677986955e-17, -1.2072077790555721e-16], [0.0, 11.854053209557383, 1.6486645004809235], [-2.220446049250313e-16, 1.648664500480924, 7.980281998073379]], "becs": [[[1.1446918966505708, 0.051568704737769325, -0.06765904652419452], [0.056338097810877855, 0.9841910149772916, -0.11677070116238193], [-0.0792988507168762, -0.09588885562365665, 1.0408784277540235]], [[1.1446918966505708, -0.05156870473776819, 0.06765904652419423], [-0.056338097810876855, 0.9841910149772916, -0.1167707011623826], [0.07929885071687617, -0.09588885562365665, 1.0408784277540235]], [[1.1446918966505717, 0.05156870473776866, -0.0676590465241943], [0.05633809781087741, 0.9841910149772924, -0.11677070116238238], [-0.0792988507168762, -0.09588885562365665, 1.040878427754024]], [[1.1446918966505717, -0.05156870473776863, 0.06765904652419434], [-0.0563380978108773, 0.9841910149772924, -0.1167707011623826], [0.07929885071687617, -0.09588885562365665, 1.0408784277540235]], [[1.0968340098598575, 9.251858814269842e-18, 1.6263033071958707e-17], [5.435467053383532e-17, 1.3016993633956822, 0.12172430935797877], [-7.661695580567213e-18, 0.0753070571889416, 1.2746049137894535]], [[1.0968340098598575, 9.251858814269842e-18, 1.6263033071958707e-17], [5.435467053383532e-17, 1.3016993633956822, 0.12172430935797877], [-7.661695580567213e-18, 0.0753070571889416, 1.2746049137894535]], [[-0.9357009208056823, -1.0177044364824581e-16, -9.179811138106096e-17], [-3.897345393162273e-16, 2.4801726792116954, 2.0417496974851206], [-7.661695580567213e-18, 2.030556655484543, 0.34122674539799147]], [[-0.9357009208056823, 9.251858814269842e-18, -9.179811138106096e-17], [5.435467053383532e-17, 2.4801726792116954, 2.0417496974851206], [-7.661695580567213e-18, 2.030556655484543, 0.34122674539799147]], [[-1.2252584411739316, -0.027509700542935438, 0.007167163683508342], [-0.1029076973673887, -2.8751270362823513, -0.9649663022602863], [-0.02754307046978751, -0.9570430007140098, -1.8487942573474907]], [[-1.2252584411739325, 0.02750970054293434, -0.007167163683507976], [0.10290769736738771, -2.8751270362823504, -0.9649663022602863], [0.027543070469787587, -0.9570430007140098, -1.8487942573474907]], [[-1.2252584411739333, 0.027509700542935007, -0.007167163683508088], [0.10290769736738815, -2.875127036282352, -0.9649663022602861], [0.027543070469787587, -0.9570430007140098, -1.8487942573474916]], [[-1.2252584411739333, -0.027509700542934994, 0.007167163683508121], [-0.10290769736738804, -2.875127036282352, -0.9649663022602859], [-0.027543070469787604, -0.9570430007140098, -1.8487942573474907]]]}, "metadata": {"formula": "Rb3BP2", "nsites": 12, "structure": "# generated using pymatgen\ndata_Rb3BP2\n_symmetry_space_group_name_H-M   'P 1'\n_cell_length_a   6.57854169\n_cell_length_b   6.57854169\n_cell_length_c   9.28938861\n_cell_angle_alpha   75.37044947\n_cell_angle_beta   75.37044947\n_cell_angle_gamma   87.91435859\n_symmetry_Int_Tables_number   1\n_chemical_formula_structural   Rb3BP2\n_chemical_formula_sum   'Rb6 B2 P4'\n_cell_volume   376.21252425\n_cell_formula_units_Z   2\nloop_\n _symmetry_equiv_pos_site_id\n _symmetry_equiv_pos_as_xyz\n  1  'x, y, z'\nloop_\n _atom_site_type_symbol\n _atom_site_label\n _atom_site_symmetry_multiplicity\n _atom_site_fract_x\n _atom_site_fract_y\n _atom_site_fract_z\n _atom_site_occupancy\n  Rb  Rb1  1  0.653884  0.756442  0.017527  1\n  Rb  Rb2  1  0.243558  0.346116  0.482473  1\n  Rb  Rb3  1  0.346116  0.243558  0.982473  1\n  Rb  Rb4  1  0.756442  0.653884  0.517527  1\n  Rb  Rb5  1  0.846496  0.153504  0.250000  1\n  Rb  Rb6  1  0.153504  0.846496  0.750000  1\n  B  B7  1  0.783842  0.216158  0.750000  1\n  B  B8  1  0.216158  0.783842  0.250000  1\n  P  P9  1  0.655495  0.094945  0.645082  1\n  P  P10  1  0.905055  0.344505  0.854918  1\n  P  P11  1  0.094945  0.655495  0.145082  1\n  P  P12  1  0.344505  0.905055  0.354918  1\n"}}