{"phonon": {"ph_bandstructure": [[-0.0038369381919489006, -0.0034942270025303496, -0.002364489043222216, 80.1196079231722, 80.11960792434223, 110.01082499387357, 216.28893910169444, 217.15125923820872, 222.03884890843008, 241.02203202290622, 245.29161473800656, 329.59760920813983, 343.0266271789275, 345.6462379261975, 345.64623792816144, 371.05599780933824, 374.45818494071705, 403.8070338862578, 534.8439330029092, 534.843933006998, 650.3892317477604, 650.93562818057, 652.6362213632269, 721.3302355919395]]}, "dielectric": {"eps_electronic": [[2.040312474556621, 0.0, 0.0014404795272175786], [0.0, 2.0360063941117525, 0.0], [0.0014404795272176388, 0.0, 2.0364882664941026]], "eps_total": [[6.289410839325858, -1.0130429828336673e-10, 0.22250977427947935], [-1.0130348286607622e-10, 5.624253872725802, -1.9608333593110412e-10], [0.22250977427947957, -1.9608337176180157e-10, 5.698688332752676]], "becs": [[[1.2839398197696559, -0.04255746726179853, 0.01760541860895609], [0.042557467262761745, 1.2313112695003454, -0.12721866232649592], [0.017605418609297374, 0.12721866232608314, 1.2372006729290266]], [[3.8302897153407063, 0.035630654973221224, -0.010050051509286673], [-0.03563065497402779, 3.8603327181692, 0.1065120777894373], [-0.010050051509482282, -0.10651207778909202, 3.85697075279184]], [[-1.108965494339784, -0.10425252462755077, 0.37633284290919905], [-0.10910313722883519, -0.6171624392341171, 0.07819100013834866], [0.3797817591285484, 0.07213905207094248, -0.8238795578428944]], [[-0.6929451470825596, -0.19957708713703154, -0.21498865792374783], [-0.20344774891340828, -0.8732888042005706, -0.33100085069937235], [-0.2190341662678081, -0.3373806140755509, -0.9837735401336651]], [[-0.7552041261328373, 0.307293017908871, -0.16512186853528593], [0.3090874799978765, -1.055370750400085, 0.263163142829553], [-0.16452527641064785, 0.2548882697361129, -0.7394326148838739]], [[-0.6929451470825596, -0.19957708713703154, -0.21498865792374783], [-0.20344774891340828, -0.8732888042005706, -0.33100085069937235], [-0.2190341662678081, -0.3373806140755509, -0.9837735401336651]], [[-0.7552041261328373, 0.307293017908871, -0.16512186853528593], [0.3090874799978765, -1.055370750400085, 0.263163142829553], [-0.16452527641064785, 0.2548882697361129, -0.7394326148838739]], [[-1.108965494339784, -0.10425252462755077, 0.37633284290919905], [-0.10910313722883519, -0.6171624392341171, 0.07819100013834866], [0.3797817591285484, 0.07213905207094248, -0.8238795578428944]]]}, "metadata": {"formula": "LiAsF6", "nsites": 8, "structure": "# generated using pymatgen\ndata_LiAsF6\n_symmetry_space_group_name_H-M   'P 1'\n_cell_length_a   5.26260268\n_cell_length_b   5.26260268\n_cell_length_c   5.26260268\n_cell_angle_alpha   57.57580928\n_cell_angle_beta   57.57580928\n_cell_angle_gamma   57.57580928\n_symmetry_Int_Tables_number   1\n_chemical_formula_structural   LiAsF6\n_chemical_formula_sum   'Li1 As1 F6'\n_cell_volume   97.3153777226\n_cell_formula_units_Z   1\nloop_\n _symmetry_equiv_pos_site_id\n _symmetry_equiv_pos_as_xyz\n  1  'x, y, z'\nloop_\n _atom_site_type_symbol\n _atom_site_label\n _atom_site_symmetry_multiplicity\n _atom_site_fract_x\n _atom_site_fract_y\n _atom_site_fract_z\n _atom_site_occupancy\n  Li  Li1  1  0.500000  0.500000  0.500000  1\n  As  As2  1  0.000000  0.000000  0.000000  1\n  F  F3  1  0.128234  0.329355  0.773006  1\n  F  F4  1  0.773006  0.128234  0.329355  1\n  F  F5  1  0.329355  0.773006  0.128234  1\n  F  F6  1  0.226994  0.871766  0.670645  1\n  F  F7  1  0.670645  0.226994  0.871766  1\n  F  F8  1  0.871766  0.670645  0.226994  1\n"}}