{"phonon": {"ph_bandstructure": [[-0.0071387874580082855, -0.003699839478924041, 0.0, 82.25355571483037, 113.1711900126861, 122.85281980799792, 128.87529835974726, 132.58461020919688, 135.7122953960821, 155.6680052365694, 157.20080561435867, 185.46587210091414, 222.44750563085708, 275.4721522852526, 315.2503372295892, 320.180004086504, 344.70313264115725, 347.88537457821616, 372.88045889968726, 422.6058970161262, 451.4518985541226, 551.7353987371044, 574.7339995924583, 629.5396758973634, 631.3984077263408, 714.3155626407331, 742.03559880432, 900.0426009560641, 915.0010846297951, 954.7858311443022]]}, "dielectric": {"eps_electronic": [[7.001898154321158, 1.085309963193358e-17, 4.472679996133757e-17], [0.0, 9.440729601722383, 0.5278809140063562], [2.7755575615628914e-17, 0.5278809140063561, 6.06741279981005]], "eps_total": [[17.389898088893496, 2.170619926386716e-17, 8.945359992267514e-17], [0.0, 21.395144520483086, -0.9007101030817855], [0.0, -0.9007101030817856, 11.78060858972387]], "becs": [[[2.3825509545988024, -2.2204460823375376e-17, 6.674666108781409e-18], [-4.478430121941218e-16, 2.4368842258403465, -0.04878354106148307], [-1.442896496589121e-17, 0.03137273343841472, 3.1595493645284245]], [[2.3825509545988024, -2.2204460823375376e-17, 6.674666108781409e-18], [-4.486590547312259e-16, 2.4368842258403465, -0.04878354106148307], [-2.1261411664903295e-17, 0.03137273343841472, 3.1595493645284245]], [[6.131801102822235, -2.2204460823375376e-17, 6.959494845913742e-18], [-4.3478633160045785e-16, 6.200323734737166, -0.7631019067934153], [3.937903098704432e-17, 0.22868003264205944, 2.930321667368163]], [[6.131801102822235, -2.2204460823375376e-17, 6.959494845913742e-18], [-4.478430121941218e-16, 6.200323734737166, -0.7631019067934153], [-1.442896496589121e-17, 0.22868003264205944, 2.930321667368163]], [[-1.4013994665645875, -2.2204460823375376e-17, 4.396036211722734e-18], [-4.217296510067938e-16, -1.6062007455003924, -0.4998189842172419], [9.318702693997984e-17, -0.82334203008947, -4.184802891823438]], [[-1.4923107679022936, 8.881784163914028e-17, -3.0607445946007024e-17], [1.3285138272061287e-15, -3.9126952722297648, -0.4673690625607423], [-1.442896496589121e-17, -0.030809875178554765, -0.7790239179909761]], [[-1.4923107679022931, -2.2204460823375376e-17, 6.674666108781409e-18], [-4.486590547312259e-16, -3.912695272229764, -0.46736906256074234], [-2.473085861685691e-17, -0.03080987517855476, -0.7790239179909761]], [[-5.620641822963833, 8.881784163914028e-17, -2.1080909506847505e-17], [2.2166922469062537e-15, -3.1183119428363697, 1.7790734946345794], [-1.442896496589121e-17, 0.5940991391873343, -1.1260442220830984]], [[-5.620641822963833, -2.2204460823375376e-17, 6.674666108781409e-18], [-4.478430121941218e-16, -3.118311942836369, 1.7790734946345792], [-1.442896496589121e-17, 0.5940991391873343, -1.1260442220830984]], [[-1.4013994665645875, -2.2204460823375376e-17, 6.674666108781409e-18], [-4.478430121941218e-16, -1.6062007455003924, -0.4998189842172419], [-1.442896496589121e-17, -0.8233420300894699, -4.184802891823436]]]}, "metadata": {"formula": "SrWN3", "nsites": 10, "structure": "# generated using pymatgen\ndata_SrWN3\n_symmetry_space_group_name_H-M   'P 1'\n_cell_length_a   6.39112186\n_cell_length_b   6.39112186\n_cell_length_c   6.63286361\n_cell_angle_alpha   76.98637603\n_cell_angle_beta   76.98637603\n_cell_angle_gamma   34.53382304\n_symmetry_Int_Tables_number   1\n_chemical_formula_structural   SrWN3\n_chemical_formula_sum   'Sr2 W2 N6'\n_cell_volume   149.256273664\n_cell_formula_units_Z   2\nloop_\n _symmetry_equiv_pos_site_id\n _symmetry_equiv_pos_as_xyz\n  1  'x, y, z'\nloop_\n _atom_site_type_symbol\n _atom_site_label\n _atom_site_symmetry_multiplicity\n _atom_site_fract_x\n _atom_site_fract_y\n _atom_site_fract_z\n _atom_site_occupancy\n  Sr  Sr1  1  0.618329  0.618329  0.664024  1\n  Sr  Sr2  1  0.381671  0.381671  0.335976  1\n  W  W3  1  0.848167  0.848167  0.869266  1\n  W  W4  1  0.151833  0.151833  0.130734  1\n  N  N5  1  0.844872  0.844872  0.602674  1\n  N  N6  1  0.996501  0.996501  0.107419  1\n  N  N7  1  0.003499  0.003499  0.892581  1\n  N  N8  1  0.679168  0.679168  0.023843  1\n  N  N9  1  0.320832  0.320832  0.976157  1\n  N  N10  1  0.155128  0.155128  0.397326  1\n"}}