{"phonon": {"ph_bandstructure": [[0.0, 0.0, 0.0, 68.01766203672089, 68.01766203672089, 73.61481154522708, 82.18439285617607, 82.53867618678427, 96.67823667465129, 129.82793616504122, 134.2228794699806, 136.0571930546694, 144.47714523689567, 155.6442757682838, 160.1746878848984, 160.17468788489856, 164.1372174525935, 166.58580601962626, 166.71154467746848, 167.23359496938588, 176.95878658673323, 181.87094010485436, 194.8359593213019, 197.46508245058902, 206.86845011865685, 206.97376094417044, 241.822918053747]]}, "dielectric": {"eps_electronic": [[8.757738416752492, -8.881784197001252e-16, 0.0], [0.0, 8.757738416604532, 0.0], [0.0, 0.0, 8.91543530546605]], "eps_total": [[19.26130555814818, -7.105427357601002e-15, 0.0], [-5.329070518200751e-15, 19.261305558326892, 0.0], [0.0, 0.0, 22.465835482705252]], "becs": [[[1.9719546479974004, -1.480297360652338e-16, 4.498333278424054e-24], [-6.908054360739985e-16, 2.5943232070821223, -7.647986808851418e-24], [0.0, 0.0, 2.620640593688854]], [[2.4387310673109424, -0.2694934913446124, -2.3546933097639134e-24], [-0.26949349133947265, 2.1275467877685807, 7.318270445549201e-24], [0.0, 0.0, 2.620640593688854]], [[2.4387310673109424, 0.26949349134461176, 2.896811221451042e-26], [0.2694934913394713, 2.1275467877685816, 1.125336409245496e-24], [0.0, 0.0, 2.620640593688854]], [[1.039805800334141, 0.06004000757936907, 1.0345752746116578e-24], [0.060040007578225224, 1.1091340294096712, 1.4478850569696472e-24], [0.0, 0.0, 0.9529937775354957]], [[1.0398058003341406, -0.060040007579369156, 6.062611128499098e-25], [-0.060040007578224835, 1.109134029409672, 2.125237217190365e-24], [0.0, 0.0, 0.9529937775354966]], [[1.1437981439474378, 9.621932885599227e-16, 7.179952420051485e-25], [1.973729823026377e-15, 1.005141685796378, 2.3187664058248557e-24], [0.0, 0.0, 0.9529937775354957]], [[-3.261428688666739, -0.1736361608248606, -7.12201615372076e-24], [0.17363616082155106, -3.261428688666741, -9.389749361890712e-25], [0.0, 0.0, -4.1288218434410435]], [[-3.5499691498582795, 7.401486885979751e-17, -2.950608665258519e-24], [1.973729836261267e-16, -3.5499691498582786, 9.318073652821195e-26], [0.0, 0.0, -2.463259427189935]], [[-3.261428688666739, 0.1736361608248605, 5.541185150539614e-24], [-0.17363616082155156, -3.26142868866674, -5.841714381596171e-24], [0.0, 0.0, -4.128821843441045]]]}, "metadata": {"formula": "BaNaP", "nsites": 9, "structure": "# generated using pymatgen\ndata_BaNaP\n_symmetry_space_group_name_H-M   'P 1'\n_cell_length_a   7.87141559\n_cell_length_b   7.87141559\n_cell_length_c   4.63721762\n_cell_angle_alpha   90.00000000\n_cell_angle_beta   90.00000000\n_cell_angle_gamma   120.00000000\n_symmetry_Int_Tables_number   1\n_chemical_formula_structural   BaNaP\n_chemical_formula_sum   'Ba3 Na3 P3'\n_cell_volume   248.824874614\n_cell_formula_units_Z   3\nloop_\n _symmetry_equiv_pos_site_id\n _symmetry_equiv_pos_as_xyz\n  1  'x, y, z'\nloop_\n _atom_site_type_symbol\n _atom_site_label\n _atom_site_symmetry_multiplicity\n _atom_site_fract_x\n _atom_site_fract_y\n _atom_site_fract_z\n _atom_site_occupancy\n  Ba  Ba1  1  0.412328  0.412328  0.500000  1\n  Ba  Ba2  1  -0.000000  0.587672  0.500000  1\n  Ba  Ba3  1  0.587672  -0.000000  0.500000  1\n  Na  Na4  1  -0.000000  0.242871  0.000000  1\n  Na  Na5  1  0.242871  -0.000000  0.000000  1\n  Na  Na6  1  0.757129  0.757129  0.000000  1\n  P  P7  1  0.666667  0.333333  0.000000  1\n  P  P8  1  -0.000000  -0.000000  0.500000  1\n  P  P9  1  0.333333  0.666667  0.000000  1\n"}}