{"phonon": {"ph_bandstructure": [[0.0, 0.0, 0.0, 93.6785400687261, 93.6785400723045, 149.51532699165148, 230.98086009761465, 262.75642214474306, 262.756422146655, 283.94847267051, 305.7123177603786, 328.9005606082267, 379.09815209022446, 426.7183885405872, 448.35336421477615, 448.3533642188189, 461.34677258332533, 463.3106501057904]]}, "dielectric": {"eps_electronic": [[13.557562187859725, 0.0, 0.0], [2.220446049250313e-15, 13.557562187961661, 0.0], [0.0, 0.0, 13.551812325639924]], "eps_total": [[18.34515358218112, -3.552713678800501e-15, 0.0], [-8.881784197001252e-16, 18.34515358237322, 0.0], [0.0, 0.0, 18.417960508771166]], "becs": [[[1.438710467820099, 5.551115123125783e-17, -5.116792894725902e-23], [3.3306690738754696e-16, 1.438710467820099, -3.65517404455536e-23], [2.2690646527621472e-23, 3.0330689084012463e-23, 1.269804720614711]], [[1.438710467820099, -5.551115123125783e-17, -2.861935048778895e-23], [-3.3306690738754696e-16, 1.438710467820099, -2.1530477549240577e-23], [8.195160766092282e-24, 2.754103154853936e-23, 1.269804720614711]], [[0.7535937194220269, 0.0, 1.1274288325119646e-23], [0.0, 0.753593719422027, -5.007094944023469e-25], [1.446232620510729e-22, -5.278468868791213e-24, 0.6205046740032079]], [[0.7535937194220269, 0.0, -2.3415832381757394e-23], [0.0, 0.753593719422027, 8.361836272495059e-23], [-5.547128650023202e-23, 8.924169233312084e-23, 0.6205046740032079]], [[-2.1923041829149845, 0.0, 2.5150336607870464e-23], [0.0, -2.1923041829149845, -2.453473012850318e-23], [6.276640128008454e-23, -1.0529588935564108e-23, -1.8903093951153576]], [[-2.1923041829149845, 0.0, 6.677848145612291e-23], [0.0, -2.1923041829149845, -5.007094944023616e-25], [-1.828041810328806e-22, -1.3130535047134063e-22, -1.8903093951153576]]]}, "metadata": {"formula": "LiBeSb", "nsites": 6, "structure": "# generated using pymatgen\ndata_LiBeSb\n_symmetry_space_group_name_H-M   'P 1'\n_cell_length_a   4.13374496\n_cell_length_b   4.13374496\n_cell_length_c   6.69340434\n_cell_angle_alpha   90.00000000\n_cell_angle_beta   90.00000000\n_cell_angle_gamma   120.00000000\n_symmetry_Int_Tables_number   1\n_chemical_formula_structural   LiBeSb\n_chemical_formula_sum   'Li2 Be2 Sb2'\n_cell_volume   99.0524108321\n_cell_formula_units_Z   2\nloop_\n _symmetry_equiv_pos_site_id\n _symmetry_equiv_pos_as_xyz\n  1  'x, y, z'\nloop_\n _atom_site_type_symbol\n _atom_site_label\n _atom_site_symmetry_multiplicity\n _atom_site_fract_x\n _atom_site_fract_y\n _atom_site_fract_z\n _atom_site_occupancy\n  Li  Li1  1  0.000000  0.000000  0.845311  1\n  Li  Li2  1  0.000000  0.000000  0.345311  1\n  Be  Be3  1  0.666667  0.333333  0.994303  1\n  Be  Be4  1  0.333333  0.666667  0.494303  1\n  Sb  Sb5  1  0.666667  0.333333  0.610386  1\n  Sb  Sb6  1  0.333333  0.666667  0.110386  1\n"}}