{"phonon": {"ph_bandstructure": [[0.0, 0.0, 0.0, 155.26600445952167, 155.26600446002487, 155.26600446137894, 205.4345183228817, 205.4345183243735, 340.2359228982932]]}, "dielectric": {"eps_electronic": [[3.1921363554110966, -1.0162983019959357e-15, -2.220446049250313e-16], [-6.648340495394743e-16, 3.192136355411096, -1.1102230246251565e-15], [-1.055692522605004e-15, -1.4997817324550667e-15, 3.192136355411096]], "eps_total": [[8.755781781081973, -1.475806978803395e-15, -1.7763568394002505e-15], [-2.2873396691121724e-15, 8.755781781381492, 2.1320545329217566e-10], [-1.6839205843552721e-15, 2.1320554572843072e-10, 8.755781781350843]], "becs": [[[1.002681992474395, 0.0, 0.0], [0.0, 1.002681992474395, 0.0], [-1.4197752125548664e-20, -1.4197752125548664e-20, 1.002681992474395]], [[1.002681992474395, 0.0, 0.0], [0.0, 1.002681992474395, 0.0], [-1.4197752125548664e-20, -1.4197752125548664e-20, 1.002681992474395]], [[-2.0053639849617904, 0.0, 0.0], [0.0, -2.0053639849617904, 0.0], [2.839549047925628e-20, 2.839549047925628e-20, -2.0053639849617904]]]}, "metadata": {"formula": "K2O", "nsites": 3, "structure": "# generated using pymatgen\ndata_K2O\n_symmetry_space_group_name_H-M   'P 1'\n_cell_length_a   4.47698797\n_cell_length_b   4.47698797\n_cell_length_c   4.47698797\n_cell_angle_alpha   60.00000000\n_cell_angle_beta   60.00000000\n_cell_angle_gamma   60.00000000\n_symmetry_Int_Tables_number   1\n_chemical_formula_structural   K2O\n_chemical_formula_sum   'K2 O1'\n_cell_volume   63.4516301812\n_cell_formula_units_Z   1\nloop_\n _symmetry_equiv_pos_site_id\n _symmetry_equiv_pos_as_xyz\n  1  'x, y, z'\nloop_\n _atom_site_type_symbol\n _atom_site_label\n _atom_site_symmetry_multiplicity\n _atom_site_fract_x\n _atom_site_fract_y\n _atom_site_fract_z\n _atom_site_occupancy\n  K  K1  1  0.750000  0.750000  0.750000  1\n  K  K2  1  0.250000  0.250000  0.250000  1\n  O  O3  1  0.000000  0.000000  0.000000  1\n"}}