{"phonon": {"ph_bandstructure": [[-0.0023129539621558936, 0.0, 0.0, 64.33396037504949, 87.55249427795877, 88.93949254828921, 93.91262999520188, 124.85583212995027, 130.82131136459137, 153.52690262907262, 196.75736679062996, 199.9998081626987, 284.32342807842394, 285.79955386003854, 289.0188454052046, 305.3821281813062, 342.9229488715975, 357.2972832670029, 367.2215113451852, 383.88924277652234, 429.9399325226603, 450.7951713501252, 472.23468279832133, 569.4404890486303]]}, "dielectric": {"eps_electronic": [[17.53654346486938, 0.0, 0.0], [0.0, 8.634300716278307, -1.6647279554410122], [0.0, -1.6647279554410124, 5.777730046179204]], "eps_total": [[25.536236071407853, 0.0, 0.0], [0.0, 14.958439035038628, -2.3400135167504654], [0.0, -2.3400135167504654, 16.69090988079749]], "becs": [[[3.0745465948723507, -1.0477335790820503, 0.294809687005101], [-0.45212191414355246, 2.442053038955839, -0.09178459315043788], [0.5632464103446624, -0.04454901059374551, 2.7831319475812313]], [[3.0745465948723507, 1.0477335790820503, -0.294809687005101], [0.4521219141435524, 2.442053038955839, -0.09178459315043788], [-0.5632464103446624, -0.04454901059374551, 2.7831319475812286]], [[0.008890921244266381, -5.551115123125783e-17, 2.8731810076944752e-18], [-2.7633238636451994e-17, 1.3714065271625178, 0.794903360207962], [2.3302415056036017e-17, 0.33125905485912455, 0.3502590066993097]], [[2.608925022445121, -5.551115123125783e-17, 2.8731810076944752e-18], [-2.7633238636451994e-17, 2.110490820556019, -1.3001336785666946], [9.42462724822156e-18, -0.6476910058963155, 0.9773020414256137]], [[-3.0203182450342347, 3.885780586188048e-16, -1.1221628237048637e-17], [1.9424825031634342e-16, -1.5150960741191228, -0.09152721097034716], [-5.454507050709596e-18, -0.08649325198019617, -1.7284063054995291]], [[-3.0203182450342347, -5.551115123125783e-17, -6.017457809118215e-18], [-2.779635460868789e-17, -1.5150960741191224, -0.09152721097034716], [-5.454507050709596e-18, -0.08649325198019617, -1.7284063054995291]], [[-1.36313632168281, -5.551115123125783e-17, 2.8731810076944752e-18], [-2.779635460868789e-17, -2.667905638695985, 0.4359269633001513], [-5.454507050709596e-18, 0.2892582380925371, -1.7185061661441627]], [[-1.36313632168281, -5.551115123125783e-17, 2.8731810076944752e-18], [-2.779635460868789e-17, -2.667905638695985, 0.4359269633001513], [-5.454507050709596e-18, 0.2892582380925371, -1.7185061661441627]]]}, "metadata": {"formula": "SrAgO2", "nsites": 8, "structure": "# generated using pymatgen\ndata_SrAgO2\n_symmetry_space_group_name_H-M   'P 1'\n_cell_length_a   5.93118142\n_cell_length_b   5.93118142\n_cell_length_c   3.56504091\n_cell_angle_alpha   89.62077604\n_cell_angle_beta   89.62077604\n_cell_angle_gamma   105.71809108\n_symmetry_Int_Tables_number   1\n_chemical_formula_structural   SrAgO2\n_chemical_formula_sum   'Sr2 Ag2 O4'\n_cell_volume   120.717301468\n_cell_formula_units_Z   2\nloop_\n _symmetry_equiv_pos_site_id\n _symmetry_equiv_pos_as_xyz\n  1  'x, y, z'\nloop_\n _atom_site_type_symbol\n _atom_site_label\n _atom_site_symmetry_multiplicity\n _atom_site_fract_x\n _atom_site_fract_y\n _atom_site_fract_z\n _atom_site_occupancy\n  Sr  Sr1  1  0.500000  0.000000  0.000000  1\n  Sr  Sr2  1  0.000000  0.500000  0.000000  1\n  Ag  Ag3  1  0.000000  0.000000  0.500000  1\n  Ag  Ag4  1  0.500000  0.500000  0.500000  1\n  O  O5  1  0.717376  0.282624  0.500000  1\n  O  O6  1  0.282624  0.717376  0.500000  1\n  O  O7  1  0.750133  0.750133  0.217302  1\n  O  O8  1  0.249867  0.249867  0.782698  1\n"}}