{"phonon": {"ph_bandstructure": [[-52.760033049502816, -52.760033043223075, -52.76003304111727, 0.0, 0.0, 0.0, 22.282054266911874, 22.28205430646518, 26.904417682775886, 26.90441769072993, 26.904417714560513, 47.001513090748844, 50.885620273352664, 50.8856202777057, 50.88562029071347, 78.27678062599891, 78.27678063733005, 104.95206025596116, 104.95206025892787, 104.95206025992307, 109.90973765380456, 172.97947607545493, 172.97947608071985, 173.60612604111657, 180.85599330057886, 180.85599330365233, 252.75605118806095, 252.75605119179875, 278.838692785887, 283.4680311475586]]}, "dielectric": {"eps_electronic": [[3.0544738099652804, 2.6201497543791166e-16, 4.440892098500626e-16], [4.84059580362943e-16, 3.05447380996528, 4.440892098500626e-16], [4.743526559775996e-16, 4.743526559775996e-16, 3.0544738099652804]], "eps_total": null, "becs": [[[1.282783878066736, 8.88178432935015e-17, -4.440892164675075e-17], [4.440892164675075e-17, 1.2827838780667358, 0.0], [-4.451328498202106e-17, -4.451328498202106e-17, 1.2827838780667356]], [[1.282783878066736, 8.88178432935015e-17, -4.440892164675075e-17], [4.440892164675075e-17, 1.2827838780667358, 0.0], [-4.451328498202106e-17, -4.451328498202106e-17, 1.2827838780667356]], [[1.3880226321807312, 8.88178432935015e-17, -4.440892164675075e-17], [4.440892164675075e-17, 1.388022632180731, 0.0], [-4.4397274841541826e-17, -4.4397274841541826e-17, 1.3880226321807307]], [[3.057378732904374, 8.88178432935015e-17, -4.440892164675075e-17], [4.440892164675075e-17, 3.0573787329043736, 0.0], [-4.44980450745061e-17, -4.44980450745061e-17, 3.0573787329043736]], [[-1.874347010779529, -5.773159714815924e-16, 6.217248931283432e-16], [2.9309887856721578e-15, -0.8155687749101144, -2.886579864025407e-15], [3.730376611530817e-15, -3.597095350995216e-15, -0.8155687749101137]], [[-0.8155687749101141, 3.19744231224394e-15, -3.153033390597189e-15], [-1.7763568327828056e-16, -1.8743470107795284, 2.220446049250313e-16], [-3.597095350995216e-15, 3.730376611530817e-15, -0.8155687749101137]], [[-0.8155687749101141, 3.19744231224394e-15, -3.153033390597189e-15], [-1.7763568327828056e-16, -1.8743470107795284, 2.220446049250313e-16], [-3.597095350995216e-15, 3.730376611530817e-15, -0.8155687749101137]], [[-0.8155687749101141, -2.7977620207319055e-15, 2.620126337453625e-15], [-2.8421709423786563e-15, -0.8155687749101144, 2.6645352591003757e-15], [-4.4320318902248524e-17, -4.4320318902248524e-17, -1.8743470107795295]], [[-0.8155687749101141, -2.7977620207319055e-15, 2.620126337453625e-15], [-2.8421709423786563e-15, -0.8155687749101144, 2.6645352591003757e-15], [-4.4320318902248524e-17, -4.4320318902248524e-17, -1.8743470107795295]], [[-1.874347010779529, -5.773159714815924e-16, 6.217248931283432e-16], [2.9309887856721578e-15, -0.8155687749101144, -2.886579864025407e-15], [3.730376611530817e-15, -3.597095350995216e-15, -0.8155687749101137]]]}, "metadata": {"formula": "Rb2NaTlCl6", "nsites": 10, "structure": "# generated using pymatgen\ndata_Rb2NaTlCl6\n_symmetry_space_group_name_H-M   'P 1'\n_cell_length_a   7.44614548\n_cell_length_b   7.44614548\n_cell_length_c   7.44614548\n_cell_angle_alpha   60.00000000\n_cell_angle_beta   60.00000000\n_cell_angle_gamma   60.00000000\n_symmetry_Int_Tables_number   1\n_chemical_formula_structural   Rb2NaTlCl6\n_chemical_formula_sum   'Rb2 Na1 Tl1 Cl6'\n_cell_volume   291.930555122\n_cell_formula_units_Z   1\nloop_\n _symmetry_equiv_pos_site_id\n _symmetry_equiv_pos_as_xyz\n  1  'x, y, z'\nloop_\n _atom_site_type_symbol\n _atom_site_label\n _atom_site_symmetry_multiplicity\n _atom_site_fract_x\n _atom_site_fract_y\n _atom_site_fract_z\n _atom_site_occupancy\n  Rb  Rb1  1  0.750000  0.750000  0.750000  1\n  Rb  Rb2  1  0.250000  0.250000  0.250000  1\n  Na  Na3  1  0.000000  0.000000  0.000000  1\n  Tl  Tl4  1  0.500000  0.500000  0.500000  1\n  Cl  Cl5  1  0.744563  0.255437  0.255437  1\n  Cl  Cl6  1  0.255437  0.744563  0.255437  1\n  Cl  Cl7  1  0.744563  0.255437  0.744563  1\n  Cl  Cl8  1  0.744563  0.744563  0.255437  1\n  Cl  Cl9  1  0.255437  0.255437  0.744563  1\n  Cl  Cl10  1  0.255437  0.744563  0.744563  1\n"}}