{"phonon": {"ph_bandstructure": [[0.0, 0.0, 0.0, 18.33603567619857, 35.29792026628873, 40.82041059201278, 46.33597509838531, 47.195893223051655, 53.465015919065465, 53.56295821175144, 55.463304503370814, 59.11233634169129, 64.21213957670959, 66.10648277142788, 66.41462804106735, 79.29860313661679, 85.83795928977202, 91.14441625659349, 92.47285690734786, 97.27271130448828, 100.70096446646816, 110.7044406290212, 123.0886566697521, 145.64955996648143, 152.97516649465, 157.0809594775864, 159.1064389255775, 161.55663740203957, 191.70335152858735, 219.99433452207072]]}, "dielectric": {"eps_electronic": [[6.380661964217595, 0.0, 0.0], [0.0, 3.770079026429694, -1.396619294734281], [0.0, -1.3966192947342815, 5.676155280301185]], "eps_total": [[23.98410692808118, 0.0, 0.0], [0.0, 6.68414180977305, -4.624253643015823], [0.0, -4.624253643015824, 14.773183767119281]], "becs": [[[1.349051451016142, 6.661338247012613e-17, -1.1102230411687688e-17], [2.0816682021914415e-18, 1.3608035979447584, -0.013587821636539243], [1.1102230411687688e-17, 0.17466701325156736, 1.4889867217678718]], [[1.349051451016142, 6.661338247012613e-17, -1.1102230411687688e-17], [2.0816682021914415e-18, 1.3608035979447584, -0.013587821636539243], [1.1102230411687688e-17, 0.1746670132515674, 1.4889867217678718]], [[3.535873050572204, -2.813916898764938, -1.4986610461098238], [-1.0141280351130075, 1.282492540470518, -2.064481928487113], [-0.5861608312913544, -2.014588341887181, 3.8862609737558156]], [[3.535873050572201, 2.813916898764937, 1.4986610461098238], [1.0141280351130075, 1.2824925404705207, -2.0644819284871136], [0.5861608312913544, -2.014588341887181, 3.8862609737558156]], [[-0.6233687723064152, -0.02836365564176784, 0.09399643432014168], [-0.062293223420083525, -1.1382714658887063, 1.0285719578141146], [0.10335228721816705, 0.919271887809201, -2.5695923338197213]], [[-0.6233687723064152, 0.02836365564176797, -0.09399643432014171], [0.06229322342008352, -1.1382714658887063, 1.0285719578141148], [-0.10335228721816703, 0.919271887809201, -2.5695923338197195]], [[-0.6233687723064152, 0.028363655641767974, -0.09399643432014171], [0.062293223420083504, -1.1382714658887063, 1.0285719578141146], [-0.10335228721816703, 0.919271887809201, -2.5695923338197213]], [[-0.6233687723064165, -0.028363655641767842, 0.09399643432014168], [-0.06229322342008352, -1.1382714658887063, 1.0285719578141146], [0.10335228721816705, 0.919271887809201, -2.5695923338197213]], [[-3.638186956909827, 6.661338247012613e-17, -1.1102230411687688e-17], [2.0816682021914415e-18, -0.36675320663865957, 0.020925834495090133], [1.1102230411687688e-17, 0.0013775530167868763, -0.236063027884434]], [[-3.638186956909827, 6.661338247012613e-17, -1.1102230411687688e-17], [2.0816682021914415e-18, -0.36675320663865957, 0.020925834495090355], [1.1102230411687688e-17, 0.0013775530167868763, -0.23606302788443356]]]}, "metadata": {"formula": "CsSeBr3", "nsites": 10, "structure": "# generated using pymatgen\ndata_CsSeBr3\n_symmetry_space_group_name_H-M   'P 1'\n_cell_length_a   8.79608151\n_cell_length_b   5.49465277\n_cell_length_c   7.79211186\n_cell_angle_alpha   78.67482500\n_cell_angle_beta   90.00000000\n_cell_angle_gamma   90.00000000\n_symmetry_Int_Tables_number   1\n_chemical_formula_structural   CsSeBr3\n_chemical_formula_sum   'Cs2 Se2 Br6'\n_cell_volume   369.27072845\n_cell_formula_units_Z   2\nloop_\n _symmetry_equiv_pos_site_id\n _symmetry_equiv_pos_as_xyz\n  1  'x, y, z'\nloop_\n _atom_site_type_symbol\n _atom_site_label\n _atom_site_symmetry_multiplicity\n _atom_site_fract_x\n _atom_site_fract_y\n _atom_site_fract_z\n _atom_site_occupancy\n  Cs  Cs1  1  0.750000  0.804110  0.656959  1\n  Cs  Cs2  1  0.250000  0.195890  0.343041  1\n  Se  Se3  1  0.000000  0.000000  0.000000  1\n  Se  Se4  1  0.500000  0.000000  0.000000  1\n  Br  Br5  1  0.989839  0.703227  0.301217  1\n  Br  Br6  1  0.489839  0.296773  0.698783  1\n  Br  Br7  1  0.510161  0.703227  0.301217  1\n  Br  Br8  1  0.010161  0.296773  0.698783  1\n  Br  Br9  1  0.750000  0.211446  0.073486  1\n  Br  Br10  1  0.250000  0.788554  0.926514  1\n"}}