{"phonon": {"ph_bandstructure": [[0.0, 0.0, 0.0, 156.60333388091914, 177.94257667415076, 242.43220949821347, 357.9613697040328, 434.47692044297906, 496.4620665385586, 603.0210878081828, 607.1480711963254, 650.79714060131]]}, "dielectric": {"eps_electronic": [[11.749088699010304, 3.552713678800501e-15, 0.0], [2.4424906541753444e-15, 3.8564446183893013, 0.17884720928723208], [0.0, 0.1788472092872316, 8.360585298933428]], "eps_total": [[24.68055346757864, 3.552713678800501e-15, 0.0], [4.884981308350689e-15, 7.893897490082117, 1.5614184520111358], [0.0, 1.5614184520111347, 13.889362698975006]], "becs": [[[1.2313331140107704, 5.551115123125783e-17, 0.0], [-1.1102230246251565e-16, 1.1349213299767693, 0.16870248349624858], [0.0, 0.29205492236430397, 1.7058028737601023]], [[4.060595257406982, 5.551115123125783e-17, 0.0], [-1.1102230246251565e-16, 0.9440146686062221, -0.06524777830993836], [0.0, 0.4122179576605461, 0.663057735520673]], [[-2.645964185708876, -1.6653345369377348e-16, 0.0], [3.3306690738754696e-16, -1.0394679992914955, -0.051727352593155224], [0.0, -0.35213644001242506, -1.1844303046403875]], [[-2.645964185708876, 5.551115123125783e-17, 0.0], [-1.1102230246251565e-16, -1.039467999291496, -0.051727352593155], [0.0, -0.35213644001242506, -1.1844303046403875]]]}, "metadata": {"formula": "LiCuO2", "nsites": 4, "structure": "# generated using pymatgen\ndata_LiCuO2\n_symmetry_space_group_name_H-M   'P 1'\n_cell_length_a   3.17475427\n_cell_length_b   3.17475427\n_cell_length_c   5.48847291\n_cell_angle_alpha   64.03733511\n_cell_angle_beta   64.03733511\n_cell_angle_gamma   50.27024525\n_symmetry_Int_Tables_number   1\n_chemical_formula_structural   LiCuO2\n_chemical_formula_sum   'Li1 Cu1 O2'\n_cell_volume   37.2386983187\n_cell_formula_units_Z   1\nloop_\n _symmetry_equiv_pos_site_id\n _symmetry_equiv_pos_as_xyz\n  1  'x, y, z'\nloop_\n _atom_site_type_symbol\n _atom_site_label\n _atom_site_symmetry_multiplicity\n _atom_site_fract_x\n _atom_site_fract_y\n _atom_site_fract_z\n _atom_site_occupancy\n  Li  Li1  1  0.000000  0.000000  0.500000  1\n  Cu  Cu2  1  0.000000  0.000000  0.000000  1\n  O  O3  1  0.415212  0.415212  0.253613  1\n  O  O4  1  0.584788  0.584788  0.746387  1\n"}}