{"phonon": {"ph_bandstructure": [[0.0, 0.0, 0.0, 57.1961361887463, 57.196136192227954, 57.19613620261814, 63.55431307063213, 63.55431308316877, 67.92053437545269, 67.92053437989978, 67.92053438142739, 93.17785294073524, 181.46110018403803, 181.46110018569024, 181.46110018625816, 231.05288108517914, 231.05288108615252, 231.05288108884133, 258.4401706520598, 258.44017065538577, 266.89526494963536, 559.2217317465894, 559.2217317477599, 565.9002304930333, 565.9002304949993, 573.0326768712849, 590.6730930097974]]}, "dielectric": {"eps_electronic": [[2.326140428864458, 3.362733378920517e-16, 6.661338147750939e-16], [8.352850765128298e-16, 2.3261404288644574, -2.220446049250313e-16], [5.793663461934312e-16, -3.08812073506694e-16, 2.3261404288644574]], "eps_total": [[5.8096183360761975, -2.1582806106756766e-11, 1.4193224373570956e-10], [-2.1582150363493727e-11, 5.809618337016746, -1.4289192051819555e-10], [1.419328515062694e-10, -1.428922009260554e-10, 5.809618338145455]], "becs": [[[1.3349673145079848, -1.973729836261267e-16, 0.0], [-4.9343245906531674e-17, 1.3349673145079848, -9.868649181306335e-17], [9.876152681185863e-17, -1.4795470272079974e-16, 1.334967314507985]], [[1.3349673145079848, -1.973729836261267e-16, 0.0], [-4.9343245906531674e-17, 1.3349673145079848, -9.868649181306335e-17], [9.876152681185863e-17, -1.4795470272079974e-16, 1.334967314507985]], [[2.4301237569009064, -1.973729836261267e-16, 0.0], [-4.9343245906531674e-17, 2.430123756900906, -9.868649181306335e-17], [9.84228236091208e-17, -1.4829340592353757e-16, 2.4301237569009064]], [[-1.3450522159460392, -4.19417588551158e-16, 2.220446049250313e-16], [-4.9343245906531674e-17, -0.6024884885055068, 5.674473229620306e-16], [-3.453582211302489e-16, 2.9610396903721794e-16, -0.6024884885055066]], [[-0.6024884885055063, -1.973729836261267e-16, 0.0], [-4.9343245906531674e-17, -0.6024884885055064, -9.868649181306335e-17], [9.865429710423056e-17, -1.4806193242842781e-16, -1.345052215946038]], [[-0.6024884885055063, -1.973729836261267e-16, 0.0], [-4.9343245906531674e-17, -0.6024884885055064, -9.868649181306335e-17], [9.865429710423056e-17, -1.4806193242842781e-16, -1.345052215946038]], [[-1.3450522159460392, -4.19417588551158e-16, 2.220446049250313e-16], [-4.9343245906531674e-17, -0.6024884885055068, 5.674473229620306e-16], [-3.453582211302489e-16, 2.9610396903721794e-16, -0.6024884885055066]], [[-0.6024884885055067, 9.128500409990298e-16, -2.220446049250313e-16], [1.7270135901849963e-16, -1.3450522159460383, -3.2073109673809466e-16], [9.873098871981369e-17, 7.405936411218663e-17, -0.6024884885055075]], [[-0.6024884885055067, 9.128500409990298e-16, -2.220446049250313e-16], [1.7270135901849963e-16, -1.3450522159460383, -3.2073109673809466e-16], [9.873098871981369e-17, 7.405936411218663e-17, -0.6024884885055075]]]}, "metadata": {"formula": "Cs2PtF6", "nsites": 9, "structure": "# generated using pymatgen\ndata_Cs2PtF6\n_symmetry_space_group_name_H-M   'P 1'\n_cell_length_a   6.35646310\n_cell_length_b   6.35646310\n_cell_length_c   6.35646310\n_cell_angle_alpha   60.00000000\n_cell_angle_beta   60.00000000\n_cell_angle_gamma   60.00000000\n_symmetry_Int_Tables_number   1\n_chemical_formula_structural   Cs2PtF6\n_chemical_formula_sum   'Cs2 Pt1 F6'\n_cell_volume   181.606585124\n_cell_formula_units_Z   1\nloop_\n _symmetry_equiv_pos_site_id\n _symmetry_equiv_pos_as_xyz\n  1  'x, y, z'\nloop_\n _atom_site_type_symbol\n _atom_site_label\n _atom_site_symmetry_multiplicity\n _atom_site_fract_x\n _atom_site_fract_y\n _atom_site_fract_z\n _atom_site_occupancy\n  Cs  Cs1  1  0.250000  0.250000  0.250000  1\n  Cs  Cs2  1  0.750000  0.750000  0.750000  1\n  Pt  Pt3  1  0.000000  0.000000  0.000000  1\n  F  F4  1  0.216350  0.783650  0.783650  1\n  F  F5  1  0.783650  0.783650  0.216350  1\n  F  F6  1  0.216350  0.216350  0.783650  1\n  F  F7  1  0.783650  0.216350  0.216350  1\n  F  F8  1  0.783650  0.216350  0.783650  1\n  F  F9  1  0.216350  0.783650  0.216350  1\n"}}