{"phonon": {"ph_bandstructure": [[0.0, 0.0, 0.0, 46.470516304867864, 52.547571990676744, 52.54757199824609, 57.44335665717151, 74.12897569937107, 78.96463425164868, 78.96463425670773, 79.88009062314477, 96.47048431533845, 133.2753790501841, 166.5074767579345, 182.0421952577159, 192.27419848872833, 197.80604308152454, 197.80604308362732]]}, "dielectric": {"eps_electronic": [[6.454164398703414, 0.0, 0.0], [0.0, 6.454164398703414, 0.0], [0.0, 0.0, 5.6836244179472155]], "eps_total": [[13.150406795564937, -1.738136341127884e-14, 0.0], [-1.738136341127884e-14, 13.15040679733378, 0.0], [0.0, 0.0, 9.219413907800815]], "becs": [[[1.0819535258432476, 0.0, 0.0], [0.0, 1.081953525843248, 0.0], [2.653274259921724e-23, 2.653274259921724e-23, 1.42682325187433]], [[1.0819535258432476, 0.0, 0.0], [0.0, 1.081953525843248, 0.0], [-2.6532748925116804e-23, -2.6532748925116804e-23, 1.42682325187433]], [[1.7950475538592814, 0.0, 0.0], [0.0, 1.7950475538592814, 0.0], [-3.162949787080997e-30, -3.162949787080997e-30, 0.7196310993770016]], [[1.7950475538592814, 0.0, 0.0], [0.0, 1.7950475538592805, 0.0], [-3.162949787080997e-30, -3.162949787080997e-30, 0.7196310993770016]], [[-2.8770010797552974, 0.0, 0.0], [0.0, -2.8770010797552974, 0.0], [-3.162949787080997e-30, -3.162949787080997e-30, -2.1464543512595933]], [[-2.8770010797552974, 0.0, 0.0], [0.0, -2.8770010797552974, 0.0], [-3.162949787080997e-30, -3.162949787080997e-30, -2.1464543512595933]]]}, "metadata": {"formula": "RbCaSb", "nsites": 6, "structure": "# generated using pymatgen\ndata_RbCaSb\n_symmetry_space_group_name_H-M   'P 1'\n_cell_length_a   5.32673350\n_cell_length_b   5.32673350\n_cell_length_c   8.38711729\n_cell_angle_alpha   90.00000000\n_cell_angle_beta   90.00000000\n_cell_angle_gamma   90.00000000\n_symmetry_Int_Tables_number   1\n_chemical_formula_structural   RbCaSb\n_chemical_formula_sum   'Rb2 Ca2 Sb2'\n_cell_volume   237.976819091\n_cell_formula_units_Z   2\nloop_\n _symmetry_equiv_pos_site_id\n _symmetry_equiv_pos_as_xyz\n  1  'x, y, z'\nloop_\n _atom_site_type_symbol\n _atom_site_label\n _atom_site_symmetry_multiplicity\n _atom_site_fract_x\n _atom_site_fract_y\n _atom_site_fract_z\n _atom_site_occupancy\n  Rb  Rb1  1  0.500000  0.000000  0.635715  1\n  Rb  Rb2  1  0.000000  0.500000  0.364285  1\n  Ca  Ca3  1  0.500000  0.500000  0.000000  1\n  Ca  Ca4  1  0.000000  0.000000  0.000000  1\n  Sb  Sb5  1  0.000000  0.500000  0.803188  1\n  Sb  Sb6  1  0.500000  0.000000  0.196812  1\n"}}