{"phonon": {"ph_bandstructure": [[0.0, 0.0, 0.0, 79.77266325899247, 79.77266326238471, 141.19062396258082, 198.18951846242751, 198.18951846395876, 231.49068465623986]]}, "dielectric": {"eps_electronic": [[9.215475760685514, -1.562877285774616e-15, -1.7763568394002505e-15], [2.1347955362563445e-16, 9.215475760685514, 0.0], [-2.1347955362563445e-16, -1.989836393025885e-15, 9.215475760685512]], "eps_total": [[39.38464788219573, 2.453992088972539e-14, -1.7763568394002505e-14], [1.9060930279995806e-14, 39.38464788400203, 3.552713678800501e-15], [-2.4289719387578328e-14, 7.684703721626182e-15, 39.38464788462424]], "becs": [[[0.6315266994851944, 0.0, 0.0], [0.0, 0.6315266994851944, 0.0], [3.692494223737693e-19, 3.692494223737693e-19, 0.6315266994851944]], [[2.9494561386751834, 0.0, 0.0], [0.0, 2.9494561386751834, 0.0], [4.6019352233081976e-20, 4.6019352233081976e-20, 2.9494561386751834]], [[-3.580982837959975, 0.0, 0.0], [0.0, -3.580982837959975, 0.0], [-4.152687324345116e-19, -4.152687324345116e-19, -3.580982837959975]]]}, "metadata": {"formula": "KBaP", "nsites": 3, "structure": "# generated using pymatgen\ndata_KBaP\n_symmetry_space_group_name_H-M   'P 1'\n_cell_length_a   5.09234185\n_cell_length_b   5.09234185\n_cell_length_c   5.09234185\n_cell_angle_alpha   60.00000000\n_cell_angle_beta   60.00000000\n_cell_angle_gamma   60.00000000\n_symmetry_Int_Tables_number   1\n_chemical_formula_structural   KBaP\n_chemical_formula_sum   'K1 Ba1 P1'\n_cell_volume   93.3765134419\n_cell_formula_units_Z   1\nloop_\n _symmetry_equiv_pos_site_id\n _symmetry_equiv_pos_as_xyz\n  1  'x, y, z'\nloop_\n _atom_site_type_symbol\n _atom_site_label\n _atom_site_symmetry_multiplicity\n _atom_site_fract_x\n _atom_site_fract_y\n _atom_site_fract_z\n _atom_site_occupancy\n  K  K1  1  0.250000  0.250000  0.250000  1\n  Ba  Ba2  1  0.500000  0.500000  0.500000  1\n  P  P3  1  1.000000  1.000000  1.000000  1\n"}}