{"phonon": {"ph_bandstructure": [[-0.0030536240178487195, -0.0024511862606082626, 0.0, 41.820478340566204, 53.57617684296691, 66.97724969061343, 75.19120974131405, 126.27306866330369, 144.8848557258188, 156.2618101602583, 200.36015676316256, 217.64727205385785, 222.11785903287273, 314.9472139528105, 387.9333484241823, 410.63951385340533, 436.06841310248177, 477.42574180686336, 554.8619590131652, 570.1883399355058, 591.636543877198, 591.8802788575757, 609.2600859694625, 616.0745642566264]]}, "dielectric": {"eps_electronic": [[8.213667862805675, 0.0, 0.0], [0.0, 12.957297857118924, 1.4725605702537463], [0.0, 1.4725605702537463, 8.919658240581251]], "eps_total": [[9.437586172552564, 0.0, 0.0], [0.0, 18.631243740801068, 4.29809507516273], [0.0, 4.29809507516273, 11.999155189172843]], "becs": [[[0.754295543024218, 0.043831930667864324, 0.4009144925503487], [-0.19528815326403118, 1.0861772811701607, -0.00434258604096921], [0.3824274485706557, 0.16558101714410667, 1.458493943891602]], [[0.7542955430242198, -0.04383193066786431, -0.4009144925503486], [0.19528815326403112, 1.0861772811701642, -0.004342586040969654], [-0.3824274485706557, 0.16558101714410667, 1.458493943891602]], [[1.7540138761517503, -0.27643626278024946, -1.4512239561722364], [0.6511893444619734, 3.281345810812775, -0.43922805639844303], [-0.8763704826896714, 0.0793108813791911, 0.5707417833565938]], [[1.754013876151752, 0.2764362627802495, 1.4512239561722362], [-0.6511893444619734, 3.281345810812776, -0.4392280563984435], [0.8763704826896714, 0.07931088137919107, 0.5707417833565938]], [[-1.254154709587985, -0.918539254059855, 0.05459200470000408], [-1.0756537935674912, -2.1837615459914694, 0.22178532121970634], [-0.018131948078358134, -0.12244594926164885, -1.014617863624098]], [[-1.254154709587985, 0.9185392540598549, -0.05459200470000399], [1.0756537935674912, -2.1837615459914694, 0.22178532121970634], [0.018131948078358134, -0.1224459492616489, -1.014617863624098]], [[-1.254154709587985, -0.9185392540598549, 0.05459200470000403], [-1.0756537935674908, -2.1837615459914694, 0.22178532121970634], [-0.018131948078358134, -0.1224459492616489, -1.014617863624098]], [[-1.254154709587985, 0.9185392540598549, -0.05459200470000399], [1.0756537935674912, -2.1837615459914694, 0.22178532121970634], [0.018131948078358134, -0.1224459492616489, -1.014617863624098]]]}, "metadata": {"formula": "AgAuO2", "nsites": 8, "structure": "# generated using pymatgen\ndata_AgAuO2\n_symmetry_space_group_name_H-M   'P 1'\n_cell_length_a   3.88502142\n_cell_length_b   5.43851241\n_cell_length_c   5.59256118\n_cell_angle_alpha   74.33610279\n_cell_angle_beta   90.00000000\n_cell_angle_gamma   90.00000000\n_symmetry_Int_Tables_number   1\n_chemical_formula_structural   AgAuO2\n_chemical_formula_sum   'Ag2 Au2 O4'\n_cell_volume   113.775397714\n_cell_formula_units_Z   2\nloop_\n _symmetry_equiv_pos_site_id\n _symmetry_equiv_pos_as_xyz\n  1  'x, y, z'\nloop_\n _atom_site_type_symbol\n _atom_site_label\n _atom_site_symmetry_multiplicity\n _atom_site_fract_x\n _atom_site_fract_y\n _atom_site_fract_z\n _atom_site_occupancy\n  Ag  Ag1  1  0.500000  0.000000  0.500000  1\n  Ag  Ag2  1  0.000000  0.500000  0.500000  1\n  Au  Au3  1  0.500000  0.500000  0.000000  1\n  Au  Au4  1  0.000000  0.000000  0.000000  1\n  O  O5  1  0.796285  0.781524  0.800085  1\n  O  O6  1  0.296285  0.718476  0.199915  1\n  O  O7  1  0.203715  0.218476  0.199915  1\n  O  O8  1  0.703715  0.281524  0.800085  1\n"}}