{"phonon": {"ph_bandstructure": [[0.0, 0.0, 0.0, 74.4492016804893, 74.44920168348435, 74.44920169239494, 105.90161692819646, 105.90161693661666, 106.2610635374581, 148.7479178765712, 148.74791788264292, 158.83077276937405, 442.5780085625114, 442.5780085634686, 442.57800856392885, 550.878816147642, 550.8788161497911, 602.2520032808292, 602.2520032814961, 602.2520032828941, 742.7677934932216, 742.7677934937922, 742.7677934940662, 764.4284427951427, 877.673102479947, 877.6731024812628, 1098.8921982327834, 1098.8921982346847, 1171.3001956949117, 1328.559212087788]]}, "dielectric": {"eps_electronic": [[4.1682708458066084, -3.983556703921546e-15, -5.329070518200751e-15], [-3.741296519886613e-15, 4.1682708458066084, -5.329070518200751e-15], [-5.463936942873065e-15, -5.908026152723128e-15, 4.168270845806607]], "eps_total": [[10.467776113128423, -1.3285914975110697e-10, 8.735145939908762e-11], [-1.3285943092913451e-10, 10.467776113302335, -3.7054803669889225e-11], [8.735240786220596e-11, -3.705651974202999e-11, 10.467776113300133]], "becs": [[[1.091582793820591, -6.661338247012613e-17, 8.88178432935015e-17], [-1.1102230411687688e-17, 1.0915827938205909, 2.2204460823375376e-17], [5.437682328207316e-17, -1.2236559188052974e-17, 1.0915827938205909]], [[1.091582793820591, -6.661338247012613e-17, 8.88178432935015e-17], [-1.1102230411687688e-17, 1.0915827938205909, 2.2204460823375376e-17], [5.437682328207316e-17, -1.2236559188052974e-17, 1.0915827938205909]], [[1.296926508757296, -6.661338247012613e-17, 8.88178432935015e-17], [-1.1102230411687688e-17, 1.2969265087572959, 2.2204460823375376e-17], [5.4017360589556857e-17, -1.2596021880569274e-17, 1.2969265087572959]], [[2.4817737273848612, -6.661338247012613e-17, 8.88178432935015e-17], [-1.1102230411687688e-17, 2.4817737273848612, 2.2204460823375376e-17], [5.388100899156199e-17, -1.2732373478564144e-17, 2.4817737273848612]], [[-1.3073871850545817, 2.6645352491742083e-16, -2.4424906409404546e-16], [3.2196467697585927e-16, -0.836772863412105, -3.108624465641716e-16], [1.6519622249757922e-16, -2.899952185913517e-16, -0.8367728634121051]], [[-0.8367728634121052, 3.2196467614867866e-16, -3.552713665565611e-16], [2.1094237451334362e-16, -1.307387185054582, -1.9984014410165593e-16], [-3.276731390843289e-16, 3.273584444518967e-16, -0.8367728634121053]], [[-0.8367728634121052, 3.2196467614867866e-16, -3.552713665565611e-16], [2.1094237451334362e-16, -1.307387185054582, -1.9984014410165593e-16], [-3.276731390843289e-16, 3.273584444518967e-16, -0.8367728634121053]], [[-0.8367728634121051, -4.551914410889309e-16, 4.2188475068104847e-16], [-5.107025914930081e-16, -0.836772863412105, 4.66293670673438e-16], [5.4150912550388636e-17, -1.2462469919737503e-17, -1.3073871850545817]], [[-0.8367728634121051, -4.551914410889309e-16, 4.2188475068104847e-16], [-5.107025914930081e-16, -0.836772863412105, 4.66293670673438e-16], [5.4150912550388636e-17, -1.2462469919737503e-17, -1.3073871850545817]], [[-1.3073871850545817, 2.6645352491742083e-16, -2.4424906409404546e-16], [3.2196467697585927e-16, -0.836772863412105, -3.108624465641716e-16], [1.6519622249757922e-16, -2.899952185913517e-16, -0.8367728634121051]]]}, "metadata": {"formula": "Cs2NaInH6", "nsites": 10, "structure": "# generated using pymatgen\ndata_Cs2NaInH6\n_symmetry_space_group_name_H-M   'P 1'\n_cell_length_a   6.17187052\n_cell_length_b   6.17187052\n_cell_length_c   6.17187052\n_cell_angle_alpha   60.00000000\n_cell_angle_beta   60.00000000\n_cell_angle_gamma   60.00000000\n_symmetry_Int_Tables_number   1\n_chemical_formula_structural   Cs2NaInH6\n_chemical_formula_sum   'Cs2 Na1 In1 H6'\n_cell_volume   166.239958437\n_cell_formula_units_Z   1\nloop_\n _symmetry_equiv_pos_site_id\n _symmetry_equiv_pos_as_xyz\n  1  'x, y, z'\nloop_\n _atom_site_type_symbol\n _atom_site_label\n _atom_site_symmetry_multiplicity\n _atom_site_fract_x\n _atom_site_fract_y\n _atom_site_fract_z\n _atom_site_occupancy\n  Cs  Cs1  1  0.250000  0.250000  0.250000  1\n  Cs  Cs2  1  0.750000  0.750000  0.750000  1\n  Na  Na3  1  0.500000  0.500000  0.500000  1\n  In  In4  1  0.000000  0.000000  0.000000  1\n  H  H5  1  0.225390  0.774610  0.774610  1\n  H  H6  1  0.774610  0.225390  0.774610  1\n  H  H7  1  0.225390  0.774610  0.225390  1\n  H  H8  1  0.225390  0.225390  0.774610  1\n  H  H9  1  0.774610  0.774610  0.225390  1\n  H  H10  1  0.774610  0.225390  0.225390  1\n"}}