{"phonon": {"ph_bandstructure": [[0.0, 0.0, 0.0, 93.47124169465427, 99.1362229124038, 106.44605607457977, 107.54021477693192, 120.78630401347786, 129.23740926769517, 131.98250257927077, 158.16673447363792, 171.12895248182292, 173.10330238120488, 179.9119509869223, 186.53810242521476, 206.19049217048155, 223.7492436178895, 241.9647537402796, 274.13737165078703, 287.78407737980484, 291.86388897186407, 294.57829839262513, 302.405416725286, 305.2843006364476, 311.8086025955989, 315.5799133246778, 415.3477192366212, 419.5064487389541, 426.0249014536041, 429.5437126923992, 439.97744623421704, 445.4892984693393, 463.98966875873566, 468.5647994123091, 470.6000572207891, 488.0347530400252]]}, "dielectric": {"eps_electronic": [[18.22114543917062, 0.0, 0.0], [0.0, 17.283878877433043, -0.5498892911186241], [0.0, -0.5498892911186228, 17.268654977234544]], "eps_total": [[18.77861022788205, 0.0, 0.0], [0.0, 17.475625225705752, -0.5224153640639708], [0.0, -0.5224153640639703, 17.59907726561774]], "becs": [[[-0.04202996725257174, -0.3453358447052203, 0.2654905173563018], [-0.025284428874987767, -0.14370374750387316, 0.009915416827118302], [0.2310641848382321, 0.14587187996484088, -0.02084940295284029]], [[-0.04202996725256819, 0.3453358447052203, -0.2654905173563018], [0.025284428874987757, -0.14370374750387316, 0.009915416827118302], [-0.2310641848382321, 0.1458718799648409, -0.02084940295284029]], [[-0.04202996725256819, -0.3453358447052203, 0.2654905173563018], [-0.025284428874987767, -0.14370374750387316, 0.009915416827118302], [0.2310641848382321, 0.14587187996484088, -0.02084940295284029]], [[-0.04202996725257174, 0.3453358447052203, -0.2654905173563018], [0.025284428874987757, -0.14370374750387316, 0.009915416827118302], [-0.2310641848382321, 0.1458718799648409, -0.020849402952838512]], [[0.834014516114276, -0.2955360784663989, -0.31443497699603373], [-0.37074135961577015, 0.30267827357876587, 0.2176433213359196], [-0.22532100741499364, 0.30353255557102876, 0.4011054691575373]], [[0.834014516114276, 0.2955360784663989, 0.31443497699603373], [0.37074135961577015, 0.30267827357876675, 0.21764332133591938], [0.22532100741499364, 0.3035325555710289, 0.4011054691575373]], [[0.834014516114276, -0.2955360784663989, -0.31443497699603373], [-0.37074135961577015, 0.3026782735787654, 0.2176433213359197], [-0.2253210074149936, 0.30353255557102876, 0.4011054691575373]], [[0.834014516114276, 0.2955360784663989, 0.31443497699603373], [0.37074135961577015, 0.3026782735787654, 0.2176433213359197], [0.2253210074149936, 0.3035325555710289, 0.4011054691575373]], [[-0.7919845488087325, 0.2879604556293009, -0.1743920535395572], [0.08639041458406185, -0.158974525728371, -0.2275587380952366], [-0.13114078317004052, -0.44940443546317127, -0.3802560662461636]], [[-0.7919845488087325, -0.2879604556293008, 0.17439205353955717], [-0.08639041458406185, -0.158974525728371, -0.2275587380952366], [0.13114078317004052, -0.44940443546317127, -0.3802560662461636]], [[-0.7919845488087325, 0.28796045562930084, -0.17439205353955717], [0.08639041458406185, -0.158974525728371, -0.22755873809523683], [-0.13114078317004052, -0.44940443546317127, -0.3802560662461649]], [[-0.7919845488087325, -0.28796045562930084, 0.17439205353955717], [-0.08639041458406185, -0.158974525728371, -0.2275587380952366], [0.13114078317004052, -0.44940443546317127, -0.3802560662461636]]]}, "metadata": {"formula": "CuP2", "nsites": 12, "structure": "# generated using pymatgen\ndata_CuP2\n_symmetry_space_group_name_H-M   'P 1'\n_cell_length_a   4.75695030\n_cell_length_b   5.73409533\n_cell_length_c   7.42792243\n_cell_angle_alpha   67.22295422\n_cell_angle_beta   90.00000000\n_cell_angle_gamma   90.00000000\n_symmetry_Int_Tables_number   1\n_chemical_formula_structural   CuP2\n_chemical_formula_sum   'Cu4 P8'\n_cell_volume   186.810135664\n_cell_formula_units_Z   4\nloop_\n _symmetry_equiv_pos_site_id\n _symmetry_equiv_pos_as_xyz\n  1  'x, y, z'\nloop_\n _atom_site_type_symbol\n _atom_site_label\n _atom_site_symmetry_multiplicity\n _atom_site_fract_x\n _atom_site_fract_y\n _atom_site_fract_z\n _atom_site_occupancy\n  Cu  Cu1  1  0.034368  0.145432  0.081758  1\n  Cu  Cu2  1  0.534368  0.854568  0.418242  1\n  Cu  Cu3  1  0.965632  0.854568  0.918242  1\n  Cu  Cu4  1  0.465632  0.145432  0.581758  1\n  P  P5  1  0.380812  0.404885  0.921127  1\n  P  P6  1  0.880812  0.595115  0.578873  1\n  P  P7  1  0.619188  0.595115  0.078873  1\n  P  P8  1  0.119188  0.404885  0.421127  1\n  P  P9  1  0.776726  0.242128  0.303365  1\n  P  P10  1  0.276726  0.757872  0.196635  1\n  P  P11  1  0.223274  0.757872  0.696635  1\n  P  P12  1  0.723274  0.242128  0.803365  1\n"}}