{"phonon": {"ph_bandstructure": [[-99.98449535187446, 0.0, 0.0, 0.0, 48.816303487154514, 51.232142108044265, 51.89094875036454, 55.10750430511869, 55.10750431353766, 71.31396313760622, 76.11021072368288, 76.11021072979672, 82.7769378822589, 92.15615918223101, 101.11304094245004, 103.05593831810297, 108.01257358742822, 117.11497463209028, 136.58345277191987, 213.82403633524444, 241.60743550963875]]}, "dielectric": {"eps_electronic": [[14.295856762881755, -1.3621718448059357e-15, 2.4517855585973694e-15], [-1.0189735144726574e-15, 14.29585676288175, 1.0480191648766796e-14], [7.579285190709382e-15, 1.2908355708910133e-14, 9.062459084556256]], "eps_total": null, "becs": [[[3.150125228677927, -7.295751432301752e-16, -1.5972746596488316e-16], [-2.854859234539452e-16, 3.1501252286779273, 1.5747911675351903e-16], [-1.2688263308736086e-15, -3.970466940254533e-23, 2.672140161742358]], [[3.150125228677927, -7.295751432301752e-16, -1.5972746596488316e-16], [-2.854859234539452e-16, 3.1501252286779273, 1.5747911675351903e-16], [-1.2688263308736086e-15, -3.970466940254533e-23, 2.672140161742358]], [[2.8433984756370374, 1.5860327646995005e-16, 4.0121763566417855e-16], [-9.516197382290391e-16, 3.2763065366867004, -3.9179880624257583e-16], [2.2838873479268923e-15, -3.970466940254533e-23, 2.2594281770219027]], [[3.2763065366867, -1.3957089580052691e-15, -3.8139288440841294e-16], [-6.34413185289139e-17, 2.843398475637037, 3.7990290816005184e-16], [1.395708928226767e-15, 2.6645352193957063e-15, 2.2594281770219027]], [[-4.435602046697747, 1.490870906020138e-15, 1.742175574850884e-16], [8.247371011712113e-16, -4.435602046697749, -1.7470967457160336e-16], [-3.806479111734834e-16, -8.881784594047946e-16, -3.5751676814044737]], [[-4.435602046697747, 1.490870906020138e-15, 1.742175574850884e-16], [8.247371011712113e-16, -4.435602046697749, -1.7470967457160336e-16], [-3.806479111734834e-16, -8.881784594047946e-16, -3.5751676814044737]], [[-3.5487513634306076, -2.8548593338011256e-16, -4.8804949418552106e-17], [-6.34413185289139e-17, -3.5487513634306076, 4.6357028374818754e-17], [-3.806479111734834e-16, -8.881784594047946e-16, -2.7128013144766703]]]}, "metadata": {"formula": "Ba4Sb2O", "nsites": 7, "structure": "# generated using pymatgen\ndata_Ba4Sb2O\n_symmetry_space_group_name_H-M   'P 1'\n_cell_length_a   9.76568187\n_cell_length_b   9.76568187\n_cell_length_c   9.76568187\n_cell_angle_alpha   148.95338306\n_cell_angle_beta   148.95338306\n_cell_angle_gamma   44.47992842\n_symmetry_Int_Tables_number   1\n_chemical_formula_structural   Ba4Sb2O\n_chemical_formula_sum   'Ba4 Sb2 O1'\n_cell_volume   246.981846621\n_cell_formula_units_Z   1\nloop_\n _symmetry_equiv_pos_site_id\n _symmetry_equiv_pos_as_xyz\n  1  'x, y, z'\nloop_\n _atom_site_type_symbol\n _atom_site_label\n _atom_site_symmetry_multiplicity\n _atom_site_fract_x\n _atom_site_fract_y\n _atom_site_fract_z\n _atom_site_occupancy\n  Ba  Ba1  1  0.329692  0.329692  0.000000  1\n  Ba  Ba2  1  0.670308  0.670308  0.000000  1\n  Ba  Ba3  1  0.500000  1.000000  0.500000  1\n  Ba  Ba4  1  0.000000  0.500000  0.500000  1\n  Sb  Sb5  1  0.137444  0.137444  0.000000  1\n  Sb  Sb6  1  0.862556  0.862556  0.000000  1\n  O  O7  1  0.500000  0.500000  0.000000  1\n"}}