{"phonon": {"ph_bandstructure": [[0.0, 0.0, 0.0, 55.109690802616505, 55.109690805426766, 79.1048663362412, 83.38849946719658, 104.14779307332635, 105.5181264921365, 119.02431921388501, 119.79290022124145, 119.79290022330987, 139.83814515558095, 153.49576104806223, 154.76657968304062, 154.76657968518097, 198.55920097735455, 330.333148933241, 332.3173911890814, 363.6980366687717, 858.4082470178586]]}, "dielectric": {"eps_electronic": [[4.975641941274341, -3.3306690738754696e-16, 0.16161999384981543], [0.0, 4.128814864296001, 0.0], [0.1616199938498141, 0.0, 4.159660621480692]], "eps_total": [[10.894067835613612, -1.9984014443252818e-15, 0.6988731830013677], [-3.4610580103352243e-15, 7.232239118780194, -1.0403861671928618e-15], [0.6988731830013679, -8.881784197001252e-16, 7.365621579754409]], "becs": [[[0.7092541011524655, 0.0, -0.06898015744351679], [0.0, 1.0706837962346383, 0.0], [-0.06898015744286917, 0.0, 1.0575186850508278]], [[0.7092541011524655, 0.0, -0.06898015744351679], [0.0, 1.0706837962346383, 0.0], [-0.06898015744286917, 0.0, 1.0575186850508278]], [[1.2950834348475104, 0.0, 0.07270884683341086], [0.0, 0.9141168306136109, 0.0], [0.07270884683272881, 0.0, 0.9279935755803405]], [[1.2950834348475104, 0.0, 0.07270884683341086], [0.0, 0.9141168306136109, 0.0], [0.07270884683272881, 0.0, 0.9279935755803405]], [[1.86428526920603, 0.0, 0.48254489812653], [0.0, -0.6640658082199831, 0.0], [0.48254489812200374, 0.0, -0.5719703785999749]], [[-2.9364801705788226, 0.0, -0.24500113845858978], [0.0, -1.6527677226856345, 0.0], [-0.24500113845629223, 0.0, -1.6995270712795942]], [[-2.9364801705788226, 0.0, -0.24500113845858978], [0.0, -1.6527677226856345, 0.0], [-0.24500113845629223, 0.0, -1.6995270712795942]]]}, "metadata": {"formula": "K4BeP2", "nsites": 7, "structure": "# generated using pymatgen\ndata_K4BeP2\n_symmetry_space_group_name_H-M   'P 1'\n_cell_length_a   8.91737906\n_cell_length_b   8.91737906\n_cell_length_c   8.91737906\n_cell_angle_alpha   35.97798123\n_cell_angle_beta   35.97798123\n_cell_angle_gamma   35.97798123\n_symmetry_Int_Tables_number   1\n_chemical_formula_structural   K4BeP2\n_chemical_formula_sum   'K4 Be1 P2'\n_cell_volume   218.885844017\n_cell_formula_units_Z   1\nloop_\n _symmetry_equiv_pos_site_id\n _symmetry_equiv_pos_as_xyz\n  1  'x, y, z'\nloop_\n _atom_site_type_symbol\n _atom_site_label\n _atom_site_symmetry_multiplicity\n _atom_site_fract_x\n _atom_site_fract_y\n _atom_site_fract_z\n _atom_site_occupancy\n  K  K1  1  0.377207  0.377207  0.377207  1\n  K  K2  1  0.622793  0.622793  0.622793  1\n  K  K3  1  0.208657  0.208657  0.208657  1\n  K  K4  1  0.791343  0.791343  0.791343  1\n  Be  Be5  1  0.000000  0.000000  0.000000  1\n  P  P6  1  0.079603  0.079603  0.079603  1\n  P  P7  1  0.920397  0.920397  0.920397  1\n"}}