{"phonon": {"ph_bandstructure": [[0.0, 0.0, 0.0, 126.08188269773605, 126.2679780782307, 206.89601811617752, 206.89601811781307, 232.68860231007247, 237.37780241645655, 266.6666428602062, 328.8700842108221, 332.7739628375795, 370.32689008626716, 380.79963736205866, 404.9608083648338, 404.96080836872324, 564.5962561618784, 610.1034604640845, 619.9081640530054, 643.2889443987866, 643.2889444052482, 647.064831959501, 742.5726454396566, 762.321312026728]]}, "dielectric": {"eps_electronic": [[7.646418512170431, 0.0, -0.4263622741622389], [0.0, 12.159360620096962, 0.0], [-0.4263622741622537, 0.0, 12.119079848912639]], "eps_total": [[22.808099455171654, 3.8191672047105385e-14, -0.8247062322288724], [4.696118565935699e-14, 31.537416536001075, 1.2491442594135705e-15], [-0.8247062322288843, 0.0, 31.459502037061263]], "becs": [[[2.270512641908465, 0.0, -0.2716792554898798], [0.0, 5.146172206867774, 0.0], [-0.2716792555116516, 0.0, 5.120505184676121]], [[5.4624199573972625, 0.0, 0.1107656544271326], [0.0, 4.289992150761792, 0.0], [0.11076565443600778, 0.0, 4.300456786735296]], [[2.441625141582138, 0.0, 0.008961437382033366], [0.0, 2.3467704826316056, 0.0], [0.008961437382751241, 0.0, 2.3476171185359145]], [[2.441625141582138, 0.0, 0.008961437382033366], [0.0, 2.3467704826316056, 0.0], [0.008961437382751241, 0.0, 2.3476171185359145]], [[-2.5227400821602415, 0.0, 0.20616031285479586], [0.0, -4.704897400380559, 0.0], [0.2061603128713142, 0.0, -4.685420310326183]], [[-2.5227400821602415, 0.0, 0.20616031285479586], [0.0, -4.704897400380559, 0.0], [0.2061603128713142, 0.0, -4.685420310326183]], [[-3.7853513590747614, 0.0, -0.13466494970545562], [0.0, -2.359955261065829, 0.0], [-0.1346649497162435, 0.0, -2.3726777939154404]], [[-3.7853513590747614, 0.0, -0.13466494970545562], [0.0, -2.359955261065829, 0.0], [-0.1346649497162435, 0.0, -2.3726777939154404]]]}, "metadata": {"formula": "ScAlCO", "nsites": 8, "structure": "# generated using pymatgen\ndata_ScAlCO\n_symmetry_space_group_name_H-M   'P 1'\n_cell_length_a   10.14493311\n_cell_length_b   10.14493311\n_cell_length_c   10.14493311\n_cell_angle_alpha   18.50564039\n_cell_angle_beta   18.50564039\n_cell_angle_gamma   18.50564039\n_symmetry_Int_Tables_number   1\n_chemical_formula_structural   ScAlCO\n_chemical_formula_sum   'Sc2 Al2 C2 O2'\n_cell_volume   91.8850704005\n_cell_formula_units_Z   2\nloop_\n _symmetry_equiv_pos_site_id\n _symmetry_equiv_pos_as_xyz\n  1  'x, y, z'\nloop_\n _atom_site_type_symbol\n _atom_site_label\n _atom_site_symmetry_multiplicity\n _atom_site_fract_x\n _atom_site_fract_y\n _atom_site_fract_z\n _atom_site_occupancy\n  Sc  Sc1  1  0.000000  0.000000  0.000000  1\n  Sc  Sc2  1  0.500000  0.500000  0.500000  1\n  Al  Al3  1  0.738852  0.738852  0.738852  1\n  Al  Al4  1  0.261148  0.261148  0.261148  1\n  C  C5  1  0.618669  0.618669  0.618669  1\n  C  C6  1  0.381331  0.381331  0.381331  1\n  O  O7  1  0.199648  0.199648  0.199648  1\n  O  O8  1  0.800352  0.800352  0.800352  1\n"}}