{"phonon": {"ph_bandstructure": [[0.0, 0.0, 0.0, 595.2590254319667, 595.2590254328572, 611.3236708499503]]}, "dielectric": {"eps_electronic": [[11.669404931769963, -3.107557094460826e-15, -5.329070518200751e-15], [-4.267909784244125e-15, 11.669404931769963, -4.440892098500626e-15], [-5.974745763172995e-15, -4.198388923772745e-15, 11.669404931769964]], "eps_total": [[12.30776390747339, -4.364296006469193e-15, -4.440892098500626e-15], [-4.89887821208122e-15, 12.307763907474506, -6.217248937900877e-15], [-4.280465215568001e-15, -4.280465215568001e-15, 12.307763907475303]], "becs": [[[-1.276092789190967, 0.0, 0.0], [0.0, -1.276092789190967, 0.0], [-9.182204159234835e-20, -9.182204159234835e-20, -1.276092789190967]], [[1.276092789190967, 0.0, 0.0], [0.0, 1.276092789190967, 0.0], [9.182204159234835e-20, 9.182204159234835e-20, 1.276092789190967]]]}, "metadata": {"formula": "BSb", "nsites": 2, "structure": "# generated using pymatgen\ndata_BSb\n_symmetry_space_group_name_H-M   'P 1'\n_cell_length_a   3.69517312\n_cell_length_b   3.69517312\n_cell_length_c   3.69517312\n_cell_angle_alpha   60.00000000\n_cell_angle_beta   60.00000000\n_cell_angle_gamma   60.00000000\n_symmetry_Int_Tables_number   1\n_chemical_formula_structural   BSb\n_chemical_formula_sum   'B1 Sb1'\n_cell_volume   35.6770857501\n_cell_formula_units_Z   1\nloop_\n _symmetry_equiv_pos_site_id\n _symmetry_equiv_pos_as_xyz\n  1  'x, y, z'\nloop_\n _atom_site_type_symbol\n _atom_site_label\n _atom_site_symmetry_multiplicity\n _atom_site_fract_x\n _atom_site_fract_y\n _atom_site_fract_z\n _atom_site_occupancy\n  B  B1  1  0.000000  0.000000  0.000000  1\n  Sb  Sb2  1  0.750000  0.750000  0.750000  1\n"}}