{"phonon": {"ph_bandstructure": [[-25.762589229063426, -25.762589216222498, -25.762589211929228, 0.0, 0.0, 0.0, 16.75130403302527, 16.751304085624426, 19.998701187628942, 19.998701198499642, 19.99870123109023, 28.5176384175289, 39.94192686976513, 39.94192687529805, 39.94192689185741, 44.993622925126225, 44.99362294474786, 63.49717985039443, 68.89976082904892, 68.89976083371879, 68.89976083528016, 101.9181806445588, 101.9181806533032, 102.06895310605752, 129.69287062951884, 129.69287063368816, 167.58745059261307, 169.6634492323589, 169.6634492377201, 196.8129608063692]]}, "dielectric": {"eps_electronic": [[4.281575361314425, 1.9565395390109673e-15, 2.6645352591003757e-15], [1.0683611193108421e-15, 4.281575361314426, 2.220446049250313e-15], [1.4134975567171031e-15, 3.6339436059674166e-15, 4.281575361314426]], "eps_total": null, "becs": [[[1.367696595311647, -4.440892164675075e-17, 4.440892164675075e-17], [4.440892164675075e-17, 1.3676965953116467, -4.440892164675075e-17], [4.4220070251689443e-17, -1.3341561633531356e-16, 1.3676965953116467]], [[1.367696595311647, -4.440892164675075e-17, 4.440892164675075e-17], [4.440892164675075e-17, 1.3676965953116467, -4.440892164675075e-17], [4.4220070251689443e-17, -1.3341561633531356e-16, 1.3676965953116467]], [[1.9534183418950468, -4.440892164675075e-17, 4.440892164675075e-17], [4.440892164675075e-17, 1.9534183418950466, -4.440892164675075e-17], [4.5235390896779974e-17, -1.3240029569022303e-16, 1.9534183418950466]], [[4.205004419333914, -4.440892164675075e-17, 4.440892164675075e-17], [4.440892164675075e-17, 4.205004419333913, -4.440892164675075e-17], [4.459720398623263e-17, -1.330384826007704e-16, 4.205004419333913]], [[-2.5970789112734263, -4.440892164675075e-17, 4.440892164675075e-17], [-2.1760371276035623e-15, -0.924914532314151, 2.3980817325285936e-15], [-2.176051272465112e-15, 2.3092497443735425e-15, -0.924914532314151]], [[-0.924914532314151, -2.486899575822095e-15, 2.7089441807471264e-15], [-3.9968028820331186e-16, -2.5970789112734263, 3.9968028820331186e-16], [2.4868854309605455e-15, -2.353686959052115e-15, -0.924914532314151]], [[-0.924914532314151, -2.486899575822095e-15, 2.7089441807471264e-15], [-3.9968028820331186e-16, -2.5970789112734263, 3.9968028820331186e-16], [2.4868854309605455e-15, -2.353686959052115e-15, -0.924914532314151]], [[-0.924914532314151, 2.620126337453625e-15, -2.8421709423786563e-15], [2.486899575822095e-15, -0.924914532314151, -2.7089441807471264e-15], [-3.9997052288096073e-16, 3.105722102321615e-16, -2.5970789112734263]], [[-0.924914532314151, 2.620126337453625e-15, -2.8421709423786563e-15], [2.486899575822095e-15, -0.924914532314151, -2.7089441807471264e-15], [-3.9997052288096073e-16, 3.105722102321615e-16, -2.5970789112734263]], [[-2.5970789112734263, -4.440892164675075e-17, 4.440892164675075e-17], [-2.1760371276035623e-15, -0.924914532314151, 2.3980817325285936e-15], [-2.176051272465112e-15, 2.3092497443735425e-15, -0.924914532314151]]]}, "metadata": {"formula": "Cs2TlInBr6", "nsites": 10, "structure": "# generated using pymatgen\ndata_Cs2TlInBr6\n_symmetry_space_group_name_H-M   'P 1'\n_cell_length_a   8.12018552\n_cell_length_b   8.12018552\n_cell_length_c   8.12018552\n_cell_angle_alpha   60.00000000\n_cell_angle_beta   60.00000000\n_cell_angle_gamma   60.00000000\n_symmetry_Int_Tables_number   1\n_chemical_formula_structural   Cs2TlInBr6\n_chemical_formula_sum   'Cs2 Tl1 In1 Br6'\n_cell_volume   378.601959319\n_cell_formula_units_Z   1\nloop_\n _symmetry_equiv_pos_site_id\n _symmetry_equiv_pos_as_xyz\n  1  'x, y, z'\nloop_\n _atom_site_type_symbol\n _atom_site_label\n _atom_site_symmetry_multiplicity\n _atom_site_fract_x\n _atom_site_fract_y\n _atom_site_fract_z\n _atom_site_occupancy\n  Cs  Cs1  1  0.250000  0.250000  0.250000  1\n  Cs  Cs2  1  0.750000  0.750000  0.750000  1\n  Tl  Tl3  1  0.000000  0.000000  0.000000  1\n  In  In4  1  0.500000  0.500000  0.500000  1\n  Br  Br5  1  0.266887  0.733113  0.733113  1\n  Br  Br6  1  0.733113  0.266887  0.733113  1\n  Br  Br7  1  0.266887  0.733113  0.266887  1\n  Br  Br8  1  0.266887  0.266887  0.733113  1\n  Br  Br9  1  0.733113  0.733113  0.266887  1\n  Br  Br10  1  0.733113  0.266887  0.266887  1\n"}}