{"phonon": {"ph_bandstructure": [[0.0, 0.0, 0.0, 111.94719815259525, 111.94719815737223, 131.35515593895994, 153.6390875344589, 154.62985191489224, 164.8223572321904, 241.16030758028631, 241.16030758259834, 283.128219590596, 286.6137727798115, 306.96312461492397, 314.3646798045018, 357.2136297397207, 357.2136297413787, 438.8406117838438, 532.7171155333531, 650.1577272510194, 650.1577272521575, 676.9732882094763, 695.0198300305692, 811.1290966253557]]}, "dielectric": {"eps_electronic": [[8.979075165364948, 0.0, 0.0], [0.0, 8.979075165364948, 2.2595592090187584e-27], [0.0, 2.2595592090187584e-27, 7.472174457698581]], "eps_total": [[29.95698035994213, 1.3082308673861842e-14, 0.0], [1.3082308673861842e-14, 29.956980360561687, 2.2595592090187584e-27], [0.0, 2.2595592090187584e-27, 20.968081128195564]], "becs": [[[2.3956935726711954, 0.0, 0.0], [0.0, 2.395693572671197, 0.0], [-2.6942932989326425e-27, -6.121944537219732e-27, 3.0505441023193733]], [[2.3956935726711954, 0.0, 0.0], [0.0, 2.395693572671199, 0.0], [-1.5464286982039426e-27, -6.121944537219732e-27, 3.0505441023193733]], [[4.954972884124874, 0.0, 0.0], [0.0, 4.954972884124873, 0.0], [-2.6942932989326425e-27, -6.121944537219732e-27, 3.206220039388342]], [[4.954972884124874, 0.0, 0.0], [0.0, 4.954972884124871, 0.0], [-1.0856886015225619e-26, -6.121944537219732e-27, 3.2062200393883438]], [[-2.1488265390711137, 0.0, 0.0], [0.0, -2.1488265390711163, 0.0], [1.3630892133653308e-26, 1.4284537253512708e-26, -4.671097494482529]], [[-2.1488265390711137, 0.0, 0.0], [0.0, -2.148826539071117, 0.0], [1.3630892133653308e-26, 2.652842632795217e-26, -4.671097494482529]], [[-5.201839917724955, 0.0, 0.0], [0.0, -5.2018399177249535, 0.0], [-2.6942932989326425e-27, -1.0203240895366219e-26, -1.5856666472251866]], [[-5.201839917724955, 0.0, 0.0], [0.0, -5.201839917724955, 0.0], [-6.77558965707913e-27, -6.121944537219732e-27, -1.5856666472251875]]]}, "metadata": {"formula": "SrTiN2", "nsites": 8, "structure": "# generated using pymatgen\ndata_SrTiN2\n_symmetry_space_group_name_H-M   'P 1'\n_cell_length_a   3.85396617\n_cell_length_b   3.85396617\n_cell_length_c   7.64654987\n_cell_angle_alpha   90.00000000\n_cell_angle_beta   90.00000000\n_cell_angle_gamma   90.00000000\n_symmetry_Int_Tables_number   1\n_chemical_formula_structural   SrTiN2\n_chemical_formula_sum   'Sr2 Ti2 N4'\n_cell_volume   113.574627759\n_cell_formula_units_Z   2\nloop_\n _symmetry_equiv_pos_site_id\n _symmetry_equiv_pos_as_xyz\n  1  'x, y, z'\nloop_\n _atom_site_type_symbol\n _atom_site_label\n _atom_site_symmetry_multiplicity\n _atom_site_fract_x\n _atom_site_fract_y\n _atom_site_fract_z\n _atom_site_occupancy\n  Sr  Sr1  1  0.000000  0.500000  0.161700  1\n  Sr  Sr2  1  0.500000  0.000000  0.838300  1\n  Ti  Ti3  1  0.500000  0.000000  0.413915  1\n  Ti  Ti4  1  0.000000  0.500000  0.586085  1\n  N  N5  1  0.000000  0.500000  0.824616  1\n  N  N6  1  0.500000  0.000000  0.175384  1\n  N  N7  1  0.000000  0.000000  0.500000  1\n  N  N8  1  0.500000  0.500000  0.500000  1\n"}}