{"phonon": {"ph_bandstructure": [[0.0, 0.0, 0.0, 198.45912914885963, 198.45912915038951, 207.28694638093748, 270.06456679433677, 270.0645667955852, 276.2297329455411]]}, "dielectric": {"eps_electronic": [[17.348970637615253, -3.1641934648079416e-15, 1.7763568394002505e-15], [-8.070887061365085e-17, 17.34897063761525, 1.7763568394002505e-15], [5.49937955219861e-16, 5.49937955219861e-16, 17.348970637615253]], "eps_total": [[19.800724879800274, -1.0047944698977955e-10, 0.0], [-1.0048020060512029e-10, 19.800724879691458, -6.054179380043934e-11], [-2.843346212107209e-15, -6.053753171929384e-11, 19.80072487997272]], "becs": [[[2.250139181008045, 0.0, 0.0], [0.0, 2.250139181008045, 0.0], [5.6963261255041665e-19, 5.6963261255041665e-19, 2.250139181008045]], [[-1.9567772169702153, 0.0, 0.0], [0.0, -1.9567772169702153, 0.0], [-8.529027853611179e-19, -8.529027853611179e-19, -1.9567772169702153]], [[-0.2933619630165054, 0.0, 0.0], [0.0, -0.2933619630165054, 0.0], [2.8327018531140227e-19, 2.8327018531140227e-19, -0.2933619630165054]]]}, "metadata": {"formula": "YNiP", "nsites": 3, "structure": "# generated using pymatgen\ndata_YNiP\n_symmetry_space_group_name_H-M   'P 1'\n_cell_length_a   4.16258211\n_cell_length_b   4.16258211\n_cell_length_c   4.16258211\n_cell_angle_alpha   60.00000000\n_cell_angle_beta   60.00000000\n_cell_angle_gamma   60.00000000\n_symmetry_Int_Tables_number   1\n_chemical_formula_structural   YNiP\n_chemical_formula_sum   'Y1 Ni1 P1'\n_cell_volume   51.0003834267\n_cell_formula_units_Z   1\nloop_\n _symmetry_equiv_pos_site_id\n _symmetry_equiv_pos_as_xyz\n  1  'x, y, z'\nloop_\n _atom_site_type_symbol\n _atom_site_label\n _atom_site_symmetry_multiplicity\n _atom_site_fract_x\n _atom_site_fract_y\n _atom_site_fract_z\n _atom_site_occupancy\n  Y  Y1  1  0.500000  0.500000  0.500000  1\n  Ni  Ni2  1  0.750000  0.750000  0.750000  1\n  P  P3  1  0.000000  0.000000  0.000000  1\n"}}