{"phonon": {"ph_bandstructure": [[0.0, 0.0, 0.0, 77.84375068792686, 77.84375069389192, 117.47563625891655, 142.2459161299125, 153.56109802552268, 158.20110533612905, 214.1216050052086, 222.5547488387861, 239.58153580021417, 239.58153580765457, 243.48495776998774, 255.19387322854826]]}, "dielectric": {"eps_electronic": [[10.815806757152204, 0.0, 2.3683175365719807e-22], [0.0, 10.815806756958867, 4.1020463017586342e-22], [1.8946540292575845e-22, 4.922455562110362e-22, 11.021722835192978]], "eps_total": [[16.57328044432231, -3.552713678800501e-15, 2.3683175365719807e-22], [0.0, 16.57328044415106, 4.1020463017586342e-22], [1.8946540292575845e-22, 4.922455562110362e-22, 18.296518612364675]], "becs": [[[2.458250438066729, 0.0, 6.989332782435172e-23], [-5.32907059761009e-16, 2.4582504380667296, -2.0822112748888618e-22], [-1.8508300547602952e-23, 4.430685982339966e-24, 2.5681033544359657]], [[1.8248243633196584, 0.0, 4.54306633774463e-23], [-5.32907059761009e-16, 1.8248243633196584, -1.0532115304999491e-22], [-2.1442548357764012e-24, 2.3652044106960632e-23, 1.774277281945527]], [[1.8248243633196584, 0.0, 5.241999607656213e-23], [-5.32907059761009e-16, 1.8248243633196584, -1.900623084702583e-22], [-4.7286449902884134e-23, -3.36862445359756e-23, 1.774277281945527]], [[-3.0539495816920006, 0.0, 1.1182932401904673e-22], [2.1316281993393667e-15, -3.0539495816920006, 4.939198745647249e-22], [-3.8258010889462583e-23, 2.8017573277111013e-24, -3.058328959273548]], [[-3.0539495816920006, 0.0, -2.7957330713143998e-22], [-5.32907059761009e-16, -3.0539495816920006, 9.684700734648314e-24], [1.0619701332528216e-22, 2.8017573277111013e-24, -3.058328959273548]]]}, "metadata": {"formula": "Ca(MgSb)2", "nsites": 5, "structure": "# generated using pymatgen\ndata_Ca(MgSb)2\n_symmetry_space_group_name_H-M   'P 1'\n_cell_length_a   4.63756214\n_cell_length_b   4.63756214\n_cell_length_c   7.45406572\n_cell_angle_alpha   90.00000000\n_cell_angle_beta   90.00000000\n_cell_angle_gamma   120.00000000\n_symmetry_Int_Tables_number   1\n_chemical_formula_structural   Ca(MgSb)2\n_chemical_formula_sum   'Ca1 Mg2 Sb2'\n_cell_volume   138.836396543\n_cell_formula_units_Z   1\nloop_\n _symmetry_equiv_pos_site_id\n _symmetry_equiv_pos_as_xyz\n  1  'x, y, z'\nloop_\n _atom_site_type_symbol\n _atom_site_label\n _atom_site_symmetry_multiplicity\n _atom_site_fract_x\n _atom_site_fract_y\n _atom_site_fract_z\n _atom_site_occupancy\n  Ca  Ca1  1  0.000000  0.000000  0.000000  1\n  Mg  Mg2  1  0.666667  0.333333  0.367962  1\n  Mg  Mg3  1  0.333333  0.666667  0.632038  1\n  Sb  Sb4  1  0.333333  0.666667  0.241366  1\n  Sb  Sb5  1  0.666667  0.333333  0.758634  1\n"}}