{"phonon": {"ph_bandstructure": [[0.0, 0.0, 0.0, 50.30185852251882, 59.07126005365345, 59.07126006176465, 68.65598375305323, 73.7056752506677, 73.70567525604729, 77.47172460182558, 89.88326406481215, 93.63022342931353, 96.02868584153136, 97.86657457118919, 115.36500682512145, 121.10440907223078, 121.1044090750443, 124.89095787132966, 313.80147928839267, 323.4275055641181, 325.06226534646066, 329.0450132250641, 334.17144398623446, 336.8220533545498, 342.6866621830323, 344.5024850533324, 351.4108928680998, 351.41089286931293, 900.1468163586536, 902.0011611880824, 902.0011611886631, 911.7031809590079, 927.8178589650187, 935.8460170101006, 936.7211647843428, 956.588340378199]]}, "dielectric": {"eps_electronic": [[2.7080799414192103, -4.3855133899901765e-17, -1.9338351665651477e-16], [5.775558333172786e-17, 2.7080799414192107, -4.782633205888795e-16], [8.845208936283641e-16, 4.4043168377830155e-16, 2.8014984472539624]], "eps_total": [[5.943995472703617, -9.450590248122011e-12, 5.246278647455967e-16], [-9.450333021064397e-12, 5.943995473411889, -2.473085483317157e-15], [1.3095379190919222e-15, 4.21359499391797e-16, 5.013499000926686]], "becs": [[[1.4522521328516351, -0.054223461171561245, -1.9720496132181329e-16], [0.05422346117156078, 1.4522521328516347, 3.0702132751228085e-16], [2.9605945558685534e-16, 1.4062824868294568e-15, 1.3662460057308892]], [[1.4522521328516351, -0.054223461171561245, -1.9720496132181329e-16], [0.05422346117156078, 1.4522521328516347, 3.0702132751228085e-16], [2.9605945558685534e-16, 1.4062824868294568e-15, 1.3662460057308892]], [[2.9152119438860504, 0.12360697120091785, 2.7881591516683383e-17], [-0.12360697120091763, 2.915211943886051, -2.4504823688683206e-16], [-5.921189641132699e-16, -1.258252772270919e-15, 3.3339818535889334]], [[2.9152119438860504, 0.12360697120091785, 2.7881591516683383e-17], [-0.12360697120091763, 2.915211943886051, -2.4504823688683206e-16], [-5.921189641132699e-16, -1.258252772270919e-15, 3.3339818535889334]], [[-0.7938635380640078, 0.4866552062758945, -0.4056515577737088], [0.5213469612904886, -1.3898685003147402, 0.6726599468963836], [-0.38400180513645055, 0.7420871858641345, -1.17505696483495]], [[-1.3898685003147393, -0.5213469612904891, 0.6726599468963839], [-0.4866552062758956, -0.7938635380640076, 0.4056515577737086], [0.7420871858641338, 0.38400180513645144, -1.1750569648349505]], [[-1.389868500314741, -0.5213469612904886, -0.6726599468963836], [-0.4866552062758956, -0.793863538064008, -0.4056515577737087], [-0.742087185864132, -0.3840018051364521, -1.1750569648349518]], [[-0.7938635380640073, 0.4866552062758958, 0.40565155777370865], [0.5213469612904902, -1.3898685003147402, -0.6726599468963835], [0.384001805136449, -0.742087185864134, -1.1750569648349518]], [[-0.7938635380640073, 0.4866552062758958, 0.40565155777370865], [0.5213469612904902, -1.3898685003147402, -0.6726599468963835], [0.384001805136449, -0.742087185864134, -1.1750569648349518]], [[-1.389868500314741, -0.5213469612904886, -0.6726599468963836], [-0.4866552062758956, -0.793863538064008, -0.4056515577737087], [-0.742087185864132, -0.3840018051364521, -1.1750569648349518]], [[-1.3898685003147393, -0.5213469612904891, 0.6726599468963839], [-0.4866552062758956, -0.7938635380640076, 0.4056515577737086], [0.7420871858641338, 0.38400180513645144, -1.1750569648349505]], [[-0.7938635380640078, 0.4866552062758947, -0.4056515577737088], [0.5213469612904886, -1.3898685003147406, 0.6726599468963836], [-0.38400180513645055, 0.7420871858641345, -1.17505696483495]]]}, "metadata": {"formula": "RbTcO4", "nsites": 12, "structure": "# generated using pymatgen\ndata_RbTcO4\n_symmetry_space_group_name_H-M   'P 1'\n_cell_length_a   7.75300324\n_cell_length_b   7.75300324\n_cell_length_c   7.75300324\n_cell_angle_alpha   135.82615989\n_cell_angle_beta   135.82615989\n_cell_angle_gamma   64.24920953\n_symmetry_Int_Tables_number   1\n_chemical_formula_structural   RbTcO4\n_chemical_formula_sum   'Rb2 Tc2 O8'\n_cell_volume   223.204977869\n_cell_formula_units_Z   2\nloop_\n _symmetry_equiv_pos_site_id\n _symmetry_equiv_pos_as_xyz\n  1  'x, y, z'\nloop_\n _atom_site_type_symbol\n _atom_site_label\n _atom_site_symmetry_multiplicity\n _atom_site_fract_x\n _atom_site_fract_y\n _atom_site_fract_z\n _atom_site_occupancy\n  Rb  Rb1  1  0.500000  0.500000  0.000000  1\n  Rb  Rb2  1  0.250000  0.750000  0.500000  1\n  Tc  Tc3  1  0.750000  0.250000  0.500000  1\n  Tc  Tc4  1  1.000000  0.000000  0.000000  1\n  O  O5  1  0.610392  0.436562  0.397494  1\n  O  O6  1  0.962898  0.860392  0.673831  1\n  O  O7  1  0.563438  0.960932  0.173831  1\n  O  O8  1  0.039068  0.212898  0.602506  1\n  O  O9  1  0.710932  0.037102  0.897494  1\n  O  O10  1  0.186562  0.289068  0.326169  1\n  O  O11  1  0.787102  0.389608  0.826169  1\n  O  O12  1  0.139608  0.813438  0.102506  1\n"}}