{"phonon": {"ph_bandstructure": [[0.0, 0.0, 0.0, 218.7412737806131, 253.57017505392758, 288.9354724858869, 303.6950508603045, 303.6950508682572, 385.4510277166822, 483.5184367333419, 565.0154744447069, 649.4157186679166, 649.4157186834708, 653.246774465782, 817.012935144204]]}, "dielectric": {"eps_electronic": [[7.758366533900067, 0.0, -2.0322529071714243e-24], [0.0, 7.758366533782736, -3.519965289019911e-24], [1.0161264535857122e-24, 5.279947933529864e-24, 8.896104109856491]], "eps_total": [[16.308291954523575, -3.552713678800501e-15, -2.0322529071714243e-24], [-8.881784197001252e-16, 16.30829195433308, -3.519965289019911e-24], [1.0161264535857122e-24, 5.279947933529864e-24, 31.068466135910302]], "becs": [[[2.033833797458812, 0.0, 1.084515508219801e-23], [0.0, 2.033833797458811, -1.9922805326630397e-23], [-2.4721441705354636e-23, -3.0347300286710737e-23, 2.7881607396579833]], [[2.243632391672238, 0.0, 4.6831351853029674e-24], [0.0, 2.2436323916722394, -7.826816249573169e-24], [1.6800980831033922e-24, -1.5104364182691562e-23, 1.9867145235471324]], [[2.243632391672238, 0.0, 2.2183272265449494e-24], [0.0, 2.2436323916722394, -7.115285571865631e-25], [4.800280927189367e-25, -7.482896130681975e-24, 1.9867145235471324]], [[-3.260549290105397, 0.0, 4.272333858843298e-24], [0.0, -3.2605492901053976, 1.4230575596825307e-23], [1.6008933681385155e-22, 1.1792489636147576e-22, -3.3807948934426317]], [[-3.260549290105397, 0.0, -2.2018951034575556e-23], [0.0, -3.2605492901053976, 1.4230575596825307e-23], [-1.3752802080149346e-22, -6.49903368867543e-23, -3.3807948934426317]]]}, "metadata": {"formula": "Mg(AlC)2", "nsites": 5, "structure": "# generated using pymatgen\ndata_Mg(AlC)2\n_symmetry_space_group_name_H-M   'P 1'\n_cell_length_a   3.37778449\n_cell_length_b   3.37778449\n_cell_length_c   5.77323593\n_cell_angle_alpha   90.00000000\n_cell_angle_beta   90.00000000\n_cell_angle_gamma   120.00000000\n_symmetry_Int_Tables_number   1\n_chemical_formula_structural   Mg(AlC)2\n_chemical_formula_sum   'Mg1 Al2 C2'\n_cell_volume   57.044504355\n_cell_formula_units_Z   1\nloop_\n _symmetry_equiv_pos_site_id\n _symmetry_equiv_pos_as_xyz\n  1  'x, y, z'\nloop_\n _atom_site_type_symbol\n _atom_site_label\n _atom_site_symmetry_multiplicity\n _atom_site_fract_x\n _atom_site_fract_y\n _atom_site_fract_z\n _atom_site_occupancy\n  Mg  Mg1  1  0.000000  0.000000  0.000000  1\n  Al  Al2  1  0.666667  0.333333  0.649778  1\n  Al  Al3  1  0.333333  0.666667  0.350222  1\n  C  C4  1  0.333333  0.666667  0.730482  1\n  C  C5  1  0.666667  0.333333  0.269518  1\n"}}