{"phonon": {"ph_bandstructure": [[0.0, 0.0, 0.0, 249.75493931980176, 249.75493932110982, 251.07679484127826, 286.71843360401357, 286.71843360522206, 381.56256931395995]]}, "dielectric": {"eps_electronic": [[20.96436980230423, 6.006881103512964e-15, 7.105427357601002e-15], [4.230524264112714e-15, 20.96436980230423, 5.329070518200751e-15], [2.4619249279788463e-15, 9.567352285579847e-15, 20.96436980230423]], "eps_total": [[37.522096007482084, 7.226585741713905e-15, 4.6711079448868986e-11], [7.295741471835475e-15, 37.52209600773805, -1.0856382459678571e-10], [4.671332319909377e-11, -1.0856513356023973e-10, 37.52209600766926]], "becs": [[[3.801210959592899, 0.0, 0.0], [0.0, 3.801210959592899, 0.0], [-1.1615933947047116e-18, -1.1615933947047116e-18, 3.801210959592899]], [[-6.520555104756759, 0.0, 0.0], [0.0, -6.520555104756759, 0.0], [1.1107102724000942e-18, 1.1107102724000942e-18, -6.520555104756759]], [[2.7193441453252487, 0.0, 0.0], [0.0, 2.7193441453252487, 0.0], [5.0883073067153844e-20, 5.0883073067153844e-20, 2.7193441453252487]]]}, "metadata": {"formula": "TiFeSe", "nsites": 3, "structure": "# generated using pymatgen\ndata_TiFeSe\n_symmetry_space_group_name_H-M   'P 1'\n_cell_length_a   3.91385578\n_cell_length_b   3.91385578\n_cell_length_c   3.91385578\n_cell_angle_alpha   60.00000000\n_cell_angle_beta   60.00000000\n_cell_angle_gamma   60.00000000\n_symmetry_Int_Tables_number   1\n_chemical_formula_structural   TiFeSe\n_chemical_formula_sum   'Ti1 Fe1 Se1'\n_cell_volume   42.3935179138\n_cell_formula_units_Z   1\nloop_\n _symmetry_equiv_pos_site_id\n _symmetry_equiv_pos_as_xyz\n  1  'x, y, z'\nloop_\n _atom_site_type_symbol\n _atom_site_label\n _atom_site_symmetry_multiplicity\n _atom_site_fract_x\n _atom_site_fract_y\n _atom_site_fract_z\n _atom_site_occupancy\n  Ti  Ti1  1  0.500000  0.500000  0.500000  1\n  Fe  Fe2  1  0.250000  0.250000  0.250000  1\n  Se  Se3  1  0.000000  0.000000  0.000000  1\n"}}