{"phonon": {"ph_bandstructure": [[-66.22147629908461, -66.22147629407182, -66.22147629238404, -51.30463010031634, -51.30463008319912, -51.128357462836846, 0.0, 0.0, 0.0, 25.4910373747664, 25.491037382766216, 25.491037406714177, 42.86520943851366, 42.86520944367178, 42.86520945910462, 49.998777471473446, 49.998777489140345, 62.7069750109632, 85.06053116662247, 85.06053117706277, 108.83394836318205, 136.3832593454182, 136.38325934747846, 136.38325934817303, 232.77052586788176, 232.77052587189883, 340.515173868823, 340.5151738705999, 365.97006318801414, 419.02732480747017]]}, "dielectric": {"eps_electronic": [[3.4417640975903696, 2.4474495125252085e-15, 2.220446049250313e-15], [2.6235441440981072e-15, 3.4417640975903674, 1.1102230246251565e-15], [1.962903136294548e-15, 8.526801116693917e-16, 3.441764097590368]], "eps_total": null, "becs": [[[1.333713966610795, 0.0, -1.3322676494025225e-16], [4.440892164675075e-17, 1.333713966610795, -1.3322676494025225e-16], [1.776778404352587e-16, 4.215384825568594e-20, 1.3337139666107949]], [[1.333713966610795, 0.0, -1.3322676494025225e-16], [4.440892164675075e-17, 1.333713966610795, -1.3322676494025225e-16], [1.776778404352587e-16, 4.215384825568594e-20, 1.3337139666107949]], [[1.9696103035203303, 0.0, -1.3322676494025225e-16], [4.440892164675075e-17, 1.9696103035203303, -1.3322676494025225e-16], [1.7759302935700523e-16, -4.265722999776246e-20, 1.96961030352033]], [[4.360478671811277, 0.0, -1.3322676494025225e-16], [4.440892164675075e-17, 4.360478671811277, -1.3322676494025225e-16], [1.7771807217151207e-16, 8.238558450905947e-20, 4.360478671811277]], [[-3.2593685268046713, -2.220446049250313e-16, 8.881783998477905e-17], [1.59872115612197e-15, -0.619694963723832, -1.4654943944904401e-15], [1.2878789407324691e-15, -1.5542920049549096e-15, -0.6196949637238318]], [[-0.619694963723832, 1.9984014443252818e-15, -1.6875389994154714e-15], [4.440892164675075e-17, -3.2593685268046713, -1.3322676494025225e-16], [-1.820745528217969e-15, 1.5543324639955287e-15, -0.6196949637238318]], [[-0.619694963723832, 1.9984014443252818e-15, -1.6875389994154714e-15], [4.440892164675075e-17, -3.2593685268046713, -1.3322676494025225e-16], [-1.820745528217969e-15, 1.5543324639955287e-15, -0.6196949637238318]], [[-0.619694963723832, -1.7763568394002505e-15, 1.8651746793850295e-15], [-1.7319479177534997e-15, -0.619694963723832, 1.8651746793850295e-15], [1.7753320952237962e-16, -1.0247706462338181e-19, -3.2593685268046713]], [[-0.619694963723832, -1.7763568394002505e-15, 1.8651746793850295e-15], [-1.7319479177534997e-15, -0.619694963723832, 1.8651746793850295e-15], [1.7753320952237962e-16, -1.0247706462338181e-19, -3.2593685268046713]], [[-3.2593685268046713, -2.220446049250313e-16, 8.881783998477905e-17], [1.59872115612197e-15, -0.619694963723832, -1.4654943944904401e-15], [1.2878789407324691e-15, -1.5542920049549096e-15, -0.6196949637238318]]]}, "metadata": {"formula": "Cs2InBiF6", "nsites": 10, "structure": "# generated using pymatgen\ndata_Cs2InBiF6\n_symmetry_space_group_name_H-M   'P 1'\n_cell_length_a   6.82748527\n_cell_length_b   6.82748527\n_cell_length_c   6.82748527\n_cell_angle_alpha   60.00000000\n_cell_angle_beta   60.00000000\n_cell_angle_gamma   60.00000000\n_symmetry_Int_Tables_number   1\n_chemical_formula_structural   Cs2InBiF6\n_chemical_formula_sum   'Cs2 In1 Bi1 F6'\n_cell_volume   225.0439372\n_cell_formula_units_Z   1\nloop_\n _symmetry_equiv_pos_site_id\n _symmetry_equiv_pos_as_xyz\n  1  'x, y, z'\nloop_\n _atom_site_type_symbol\n _atom_site_label\n _atom_site_symmetry_multiplicity\n _atom_site_fract_x\n _atom_site_fract_y\n _atom_site_fract_z\n _atom_site_occupancy\n  Cs  Cs1  1  0.250000  0.250000  0.250000  1\n  Cs  Cs2  1  0.750000  0.750000  0.750000  1\n  In  In3  1  0.000000  0.000000  0.000000  1\n  Bi  Bi4  1  0.500000  0.500000  0.500000  1\n  F  F5  1  0.265676  0.734324  0.734324  1\n  F  F6  1  0.734324  0.265676  0.734324  1\n  F  F7  1  0.265676  0.734324  0.265676  1\n  F  F8  1  0.265676  0.265676  0.734324  1\n  F  F9  1  0.734324  0.734324  0.265676  1\n  F  F10  1  0.734324  0.265676  0.265676  1\n"}}