{"phonon": {"ph_bandstructure": [[0.0, 0.0, 0.0, 182.77397764322833, 182.77397764485684, 201.39605109853133, 331.79749304896296, 331.7974930500911, 349.22822467989914]]}, "dielectric": {"eps_electronic": [[17.234456201837098, 2.3907531135700483e-15, 1.7763568394002505e-15], [2.3907531135700483e-15, 17.234456201837098, 1.7763568394002505e-15], [-9.74117216179535e-16, -9.74117216179535e-16, 17.234456201837105]], "eps_total": [[23.18159058534968, -1.5036967945080423e-10, 2.5139001991192345e-11], [-1.5037006011797514e-10, 23.181590585405722, 3.552713678800501e-15], [2.5137254031791244e-11, 2.8397438300421954e-17, 23.18159058552707]], "becs": [[[1.0326828922460587, 0.0, 0.0], [0.0, 1.0326828922460587, 0.0], [4.648808326079285e-19, 4.648808326079285e-19, 1.0326828922460587]], [[1.9996043174134575, 0.0, 0.0], [0.0, 1.9996043174134575, 0.0], [-9.978806113564736e-19, -9.978806113564736e-19, 1.9996043174134575]], [[-3.0322872051620453, 0.0, 0.0], [0.0, -3.0322872051620453, 0.0], [5.329998173668257e-19, 5.329998173668257e-19, -3.0322872051620453]]]}, "metadata": {"formula": "LiZnAs", "nsites": 3, "structure": "# generated using pymatgen\ndata_LiZnAs\n_symmetry_space_group_name_H-M   'P 1'\n_cell_length_a   4.15308304\n_cell_length_b   4.15308304\n_cell_length_c   4.15308304\n_cell_angle_alpha   60.00000000\n_cell_angle_beta   60.00000000\n_cell_angle_gamma   60.00000000\n_symmetry_Int_Tables_number   1\n_chemical_formula_structural   LiZnAs\n_chemical_formula_sum   'Li1 Zn1 As1'\n_cell_volume   50.6520291289\n_cell_formula_units_Z   1\nloop_\n _symmetry_equiv_pos_site_id\n _symmetry_equiv_pos_as_xyz\n  1  'x, y, z'\nloop_\n _atom_site_type_symbol\n _atom_site_label\n _atom_site_symmetry_multiplicity\n _atom_site_fract_x\n _atom_site_fract_y\n _atom_site_fract_z\n _atom_site_occupancy\n  Li  Li1  1  0.750000  0.750000  0.750000  1\n  Zn  Zn2  1  0.250000  0.250000  0.250000  1\n  As  As3  1  0.000000  0.000000  0.000000  1\n"}}