{"phonon": {"ph_bandstructure": [[-90.05208728169809, -90.0520872780015, -90.05208727675085, -32.16229729912893, -32.162297271774456, 0.0, 0.0, 0.0, 5.588643988345003, 5.588644024817383, 5.588644134020555, 55.591050772458054, 64.42411548953515, 64.42411549298504, 64.42411550327141, 78.26172998918813, 78.26173000052103, 117.51701416027319, 173.3163129044574, 173.31631290608308, 173.316312906634, 179.52274287579868, 179.52274288088458, 193.70822644533445, 376.69486499454143, 376.69486499620507, 422.66599617600593, 422.66599617851256, 481.69507376627104, 489.1632184032489]]}, "dielectric": {"eps_electronic": [[2.5588317723041722, -2.404218870877218e-16, -2.220446049250313e-16], [-4.254518229171955e-16, 2.5588317723041727, -4.440892098500626e-16], [-7.588005398990762e-16, -5.367559349740449e-16, 2.5588317723041722]], "eps_total": null, "becs": [[[1.2524737709473652, 4.440892164675075e-17, 2.2204460823375376e-16], [4.440892164675075e-17, 1.2524737709473652, 2.2204460823375376e-16], [8.865830474730207e-17, 1.7747614804080357e-16, 1.2524737709473657]], [[1.2524737709473652, 4.440892164675075e-17, 2.2204460823375376e-16], [4.440892164675075e-17, 1.2524737709473652, 2.2204460823375376e-16], [8.865830474730207e-17, 1.7747614804080357e-16, 1.2524737709473657]], [[1.682117697866515, 4.440892164675075e-17, 2.2204460823375376e-16], [4.440892164675075e-17, 1.682117697866515, 2.2204460823375376e-16], [8.87007711379304e-17, 1.7751861443143193e-16, 1.6821176978665155]], [[3.293186847913104, 4.440892164675075e-17, 2.2204460823375376e-16], [4.440892164675075e-17, 3.293186847913104, 2.2204460823375376e-16], [8.876663165431322e-17, 1.7758447494781473e-16, 3.2931868479131046]], [[-2.0784580816610982, 4.884981314968134e-16, -2.2204460161630886e-16], [-2.1760371276035623e-15, -0.8308339810920685, 1.776356842708973e-15], [-2.5756106251178345e-15, 2.1761439216013245e-15, -0.8308339810920692]], [[-0.8308339810920681, -2.620126337453625e-15, 2.2204460525590355e-15], [4.884981314968134e-16, -2.0784580816610982, -2.2204460161630886e-16], [2.5314152881578856e-15, -2.9308819916743956e-15, -0.8308339810920687]], [[-0.8308339810920681, -2.620126337453625e-15, 2.2204460525590355e-15], [4.884981314968134e-16, -2.0784580816610982, -2.2204460161630886e-16], [2.5314152881578856e-15, -2.9308819916743956e-15, -0.8308339810920687]], [[-0.830833981092069, 2.0428103659720325e-15, -2.442490650866622e-15], [1.59872115612197e-15, -0.8308339810920685, -1.9984014410165593e-15], [-3.5524126748310457e-16, 6.217549955105221e-16, -2.078458081661098]], [[-0.830833981092069, 2.0428103659720325e-15, -2.442490650866622e-15], [1.59872115612197e-15, -0.8308339810920685, -1.9984014410165593e-15], [8.884794236695796e-17, 1.7766578566045948e-16, -2.078458081661098]], [[-2.0784580816610982, 4.884981314968134e-16, -2.2204460161630886e-16], [-2.1760371276035623e-15, -0.8308339810920685, 1.776356842708973e-15], [-2.5756106251178345e-15, 2.1761439216013245e-15, -0.8308339810920692]]]}, "metadata": {"formula": "Rb2TlInF6", "nsites": 10, "structure": "# generated using pymatgen\ndata_Rb2TlInF6\n_symmetry_space_group_name_H-M   'P 1'\n_cell_length_a   6.59984761\n_cell_length_b   6.59984761\n_cell_length_c   6.59984761\n_cell_angle_alpha   60.00000000\n_cell_angle_beta   60.00000000\n_cell_angle_gamma   60.00000000\n_symmetry_Int_Tables_number   1\n_chemical_formula_structural   Rb2TlInF6\n_chemical_formula_sum   'Rb2 Tl1 In1 F6'\n_cell_volume   203.276289929\n_cell_formula_units_Z   1\nloop_\n _symmetry_equiv_pos_site_id\n _symmetry_equiv_pos_as_xyz\n  1  'x, y, z'\nloop_\n _atom_site_type_symbol\n _atom_site_label\n _atom_site_symmetry_multiplicity\n _atom_site_fract_x\n _atom_site_fract_y\n _atom_site_fract_z\n _atom_site_occupancy\n  Rb  Rb1  1  0.250000  0.250000  0.250000  1\n  Rb  Rb2  1  0.750000  0.750000  0.750000  1\n  Tl  Tl3  1  0.000000  0.000000  0.000000  1\n  In  In4  1  0.500000  0.500000  0.500000  1\n  F  F5  1  0.276928  0.723072  0.723072  1\n  F  F6  1  0.723072  0.276928  0.723072  1\n  F  F7  1  0.276928  0.723072  0.276928  1\n  F  F8  1  0.276928  0.276928  0.723072  1\n  F  F9  1  0.723072  0.723072  0.276928  1\n  F  F10  1  0.723072  0.276928  0.276928  1\n"}}