{"phonon": {"ph_bandstructure": [[0.0, 0.0, 0.0, 110.8614840340338, 168.84728399267715, 174.6708810681658, 217.6116889014459, 352.7331905670047, 533.2854343325939, 543.3049518246032, 566.3340278599185, 586.5386112832812]]}, "dielectric": {"eps_electronic": [[6.836873195113459, 0.0, 0.0], [0.0, 3.2213158324428837, 0.09259186465588], [0.0, 0.09259186465588022, 3.8933551453195734]], "eps_total": [[12.921484282109375, 0.0, 0.0], [0.0, 4.895536874916585, 0.41380259384908474], [0.0, 0.4138025938490851, 6.917845236409155]], "becs": [[[1.0216687907613582, 2.7755575615628914e-17, -2.7755575615628914e-17], [1.1102230246251565e-16, 1.102210199129636, 0.07845226643876496], [0.0, 0.10700664307173866, 1.5576885377635858]], [[4.700207809219148, 2.7755575615628914e-17, -2.7755575615628914e-17], [1.1102230246251565e-16, 0.4662880730677117, 0.08852917605828842], [0.0, 0.16791070394725466, 1.0645685072074094]], [[-2.860938299990253, -8.326672684688674e-17, 8.326672684688674e-17], [-3.3306690738754696e-16, -0.7842491360986734, -0.0834907212485268], [0.0, -0.13745867350949664, -1.3111285224854976]], [[-2.860938299990253, 2.7755575615628914e-17, -2.7755575615628914e-17], [1.1102230246251565e-16, -0.7842491360986743, -0.08349072124852658], [0.0, -0.13745867350949664, -1.3111285224854976]]]}, "metadata": {"formula": "NaAuO2", "nsites": 4, "structure": "# generated using pymatgen\ndata_NaAuO2\n_symmetry_space_group_name_H-M   'P 1'\n_cell_length_a   3.64005773\n_cell_length_b   3.64005773\n_cell_length_c   6.14468134\n_cell_angle_alpha   63.76548397\n_cell_angle_beta   63.76548397\n_cell_angle_gamma   48.88356154\n_symmetry_Int_Tables_number   1\n_chemical_formula_structural   NaAuO2\n_chemical_formula_sum   'Na1 Au1 O2'\n_cell_volume   53.6215167584\n_cell_formula_units_Z   1\nloop_\n _symmetry_equiv_pos_site_id\n _symmetry_equiv_pos_as_xyz\n  1  'x, y, z'\nloop_\n _atom_site_type_symbol\n _atom_site_label\n _atom_site_symmetry_multiplicity\n _atom_site_fract_x\n _atom_site_fract_y\n _atom_site_fract_z\n _atom_site_occupancy\n  Na  Na1  1  0.500000  0.500000  0.000000  1\n  Au  Au2  1  0.500000  0.500000  0.500000  1\n  O  O3  1  0.910156  0.910156  0.745656  1\n  O  O4  1  0.089844  0.089844  0.254344  1\n"}}