{"phonon": {"ph_bandstructure": [[0.0, 0.0, 0.0, 226.00704006801158, 226.00704006940688, 226.18630084923356, 253.864847243096, 253.8648472443908, 287.88450301603075]]}, "dielectric": {"eps_electronic": [[23.510701747555046, -4.895880538184612e-15, -5.329070518200751e-15], [-4.895880538184612e-15, 23.510701747555046, -5.329070518200751e-15], [-2.097812196868569e-15, -2.097812196868569e-15, 23.510701747555053]], "eps_total": [[30.282079216359378, 1.1452583877986249e-11, -4.572342504616245e-12], [1.144978369556632e-11, 30.282079216364, -1.1244338793403585e-12], [-4.569725928307712e-12, -1.123593659871226e-12, 30.28207921638235]], "becs": [[[2.8036294168388816, 0.0, 0.0], [0.0, 2.8036294168388816, 0.0], [-3.018413734625158e-19, -3.018413734625158e-19, 2.8036294168388816]], [[-3.995832138218411, 0.0, 0.0], [0.0, -3.995832138218411, 0.0], [8.067643895708294e-19, 8.067643895708294e-19, -3.995832138218411]], [[1.1922027216230875, 0.0, 0.0], [0.0, 1.1922027216230875, 0.0], [-5.049229621806931e-19, -5.049229621806931e-19, 1.1922027216230875]]]}, "metadata": {"formula": "TiNiSn", "nsites": 3, "structure": "# generated using pymatgen\ndata_TiNiSn\n_symmetry_space_group_name_H-M   'P 1'\n_cell_length_a   4.15368524\n_cell_length_b   4.15368524\n_cell_length_c   4.15368524\n_cell_angle_alpha   60.00000000\n_cell_angle_beta   60.00000000\n_cell_angle_gamma   60.00000000\n_symmetry_Int_Tables_number   1\n_chemical_formula_structural   TiNiSn\n_chemical_formula_sum   'Ti1 Ni1 Sn1'\n_cell_volume   50.6740658754\n_cell_formula_units_Z   1\nloop_\n _symmetry_equiv_pos_site_id\n _symmetry_equiv_pos_as_xyz\n  1  'x, y, z'\nloop_\n _atom_site_type_symbol\n _atom_site_label\n _atom_site_symmetry_multiplicity\n _atom_site_fract_x\n _atom_site_fract_y\n _atom_site_fract_z\n _atom_site_occupancy\n  Ti  Ti1  1  0.500000  0.500000  0.500000  1\n  Ni  Ni2  1  0.750000  0.750000  0.750000  1\n  Sn  Sn3  1  0.000000  0.000000  0.000000  1\n"}}