{"phonon": {"ph_bandstructure": [[0.0, 0.0, 0.0, 116.48631178303032, 116.48631178649107, 199.28315962384426, 233.5372920391115, 262.79164996129435, 262.7916499629342, 263.4950841456776, 285.8969461879514, 323.8302037416685, 377.8465784527798, 428.7178508881376, 433.1377010255136, 433.13770102664495, 436.9373117288455, 563.6073854545466]]}, "dielectric": {"eps_electronic": [[9.143239975015858, 0.0, 0.0], [0.0, 9.143239975015858, 0.0], [0.0, 0.0, 7.889420923029777]], "eps_total": [[15.564671167422635, -8.201921672217062e-16, 0.0], [-8.201921672217062e-16, 15.564671167499373, 0.0], [0.0, 0.0, 12.416434267273424]], "becs": [[[1.160404599924189, 0.0, 0.0], [0.0, 1.1604045999241888, 0.0], [5.4546148216528054e-24, 5.454597065802983e-24, 1.3704317217990774]], [[1.160404599924189, 0.0, 0.0], [0.0, 1.160404599924189, 0.0], [3.709037277519175e-24, 3.709126056765118e-24, 1.3704317217990771]], [[1.3931128915329578, 0.0, 0.0], [0.0, 1.3931128915329583, 0.0], [5.4546148216528054e-24, -2.2472939078802852e-23, 0.3256819474931143]], [[1.3931128915329578, 0.0, 0.0], [0.0, 1.3931128915329583, 0.0], [-2.247292132295303e-23, 5.454597065802983e-24, 0.3256819474931143]], [[-2.553517495817603, 0.0, 0.0], [0.0, -2.5535174958176032, 0.0], [2.4000405558365423e-24, 2.40002279998672e-24, -1.6961136693673984]], [[-2.553517495817603, 0.0, 0.0], [0.0, -2.5535174958176032, 0.0], [5.4546148216528054e-24, 5.454597065802983e-24, -1.6961136693673984]]]}, "metadata": {"formula": "LiBeAs", "nsites": 6, "structure": "# generated using pymatgen\ndata_LiBeAs\n_symmetry_space_group_name_H-M   'P 1'\n_cell_length_a   3.71185024\n_cell_length_b   3.71185024\n_cell_length_c   6.15166419\n_cell_angle_alpha   90.00000000\n_cell_angle_beta   90.00000000\n_cell_angle_gamma   90.00000000\n_symmetry_Int_Tables_number   1\n_chemical_formula_structural   LiBeAs\n_chemical_formula_sum   'Li2 Be2 As2'\n_cell_volume   84.7565970091\n_cell_formula_units_Z   2\nloop_\n _symmetry_equiv_pos_site_id\n _symmetry_equiv_pos_as_xyz\n  1  'x, y, z'\nloop_\n _atom_site_type_symbol\n _atom_site_label\n _atom_site_symmetry_multiplicity\n _atom_site_fract_x\n _atom_site_fract_y\n _atom_site_fract_z\n _atom_site_occupancy\n  Li  Li1  1  0.500000  0.000000  0.346720  1\n  Li  Li2  1  0.000000  0.500000  0.653280  1\n  Be  Be3  1  0.500000  0.500000  0.000000  1\n  Be  Be4  1  0.000000  0.000000  0.000000  1\n  As  As5  1  0.500000  0.000000  0.774912  1\n  As  As6  1  0.000000  0.500000  0.225088  1\n"}}