{"phonon": {"ph_bandstructure": [[0.0, 0.0, 0.0, 66.35135507589439, 66.3513550812074, 100.60907916791288, 119.91332988527225, 119.91332988761393, 135.67559126689116, 155.22224213570271, 167.06775746085765, 208.513337514436, 296.99495256115347, 298.82618400095686, 582.3711523023668, 582.5886720234374, 582.5886720312329, 614.7456275700151]]}, "dielectric": {"eps_electronic": [[9.320404705179394, 0.0, 0.0], [0.0, 9.320404705271214, 0.0], [0.0, 0.0, 6.722129834726475]], "eps_total": [[13.593472663122386, 0.0, 0.0], [0.0, 13.593472663407042, 0.0], [0.0, 0.0, 10.613795572626687]], "becs": [[[1.027565359288141, -1.4710455117642355e-15, 2.0111073326055438e-23], [-3.885780596114215e-15, 1.027565359288141, 1.3933360168776626e-23], [0.0, 0.0, 1.4259327815115652]], [[1.0275653592881424, 9.71445142411109e-16, -2.3328845627852913e-23], [2.775557551636724e-15, 1.0275653592881424, -1.9506705033560555e-23], [0.0, 0.0, 1.4259327815115665]], [[1.7035574659415889, -8.32667309827898e-17, 5.631100341419321e-24], [-1.11022312388683e-16, 1.7035574659415884, 5.5733438681923324e-24], [0.0, 0.0, 0.12952061402181553]], [[1.7035574659415889, -2.7755579751531976e-17, 5.631100341419321e-24], [1.110222925363483e-16, 1.7035574659415884, 5.5733438681923324e-24], [0.0, 0.0, 0.12952061402181553]], [[-2.7311228239879686, 7.494005374860776e-16, -2.8155505662850832e-24], [1.4432899220865362e-15, -2.7311228239879677, -4.876676507538042e-24], [0.0, 0.0, -1.5554533956832866]], [[-2.7311228239879686, -1.3877788221404763e-16, -5.228879397057769e-24], [-3.330669173137143e-16, -2.7311228239879695, -6.96668357245894e-25], [0.0, 0.0, -1.555453395683283]]]}, "metadata": {"formula": "NaBeAs", "nsites": 6, "structure": "# generated using pymatgen\ndata_NaBeAs\n_symmetry_space_group_name_H-M   'P 1'\n_cell_length_a   3.80536005\n_cell_length_b   3.80536005\n_cell_length_c   8.85703676\n_cell_angle_alpha   90.00000000\n_cell_angle_beta   90.00000000\n_cell_angle_gamma   120.00000000\n_symmetry_Int_Tables_number   1\n_chemical_formula_structural   NaBeAs\n_chemical_formula_sum   'Na2 Be2 As2'\n_cell_volume   111.073533548\n_cell_formula_units_Z   2\nloop_\n _symmetry_equiv_pos_site_id\n _symmetry_equiv_pos_as_xyz\n  1  'x, y, z'\nloop_\n _atom_site_type_symbol\n _atom_site_label\n _atom_site_symmetry_multiplicity\n _atom_site_fract_x\n _atom_site_fract_y\n _atom_site_fract_z\n _atom_site_occupancy\n  Na  Na1  1  0.000000  0.000000  0.000000  1\n  Na  Na2  1  0.000000  0.000000  0.500000  1\n  Be  Be3  1  0.666667  0.333333  0.250000  1\n  Be  Be4  1  0.333333  0.666667  0.750000  1\n  As  As5  1  0.333333  0.666667  0.250000  1\n  As  As6  1  0.666667  0.333333  0.750000  1\n"}}