{"phonon": {"ph_bandstructure": [[-0.005557725660340833, -0.0029682978819445586, 0.0, 80.17377650839839, 112.84054580588253, 143.1710292164468, 157.51622481332, 158.53357576663555, 160.23808883590627, 193.83982391620538, 213.24781985404204, 244.13335696675603, 245.59575195006647, 279.9600044709085, 302.9685821223759, 333.92339318672174, 339.13032619045924, 391.1530170104524, 403.30715512222577, 432.0729152444133, 444.9754960252718, 466.3955605042451, 628.1534394644187, 641.6080129731434, 661.6476409607965, 717.7089994048819, 775.401894245857, 911.0955675328929, 934.8422937137514, 1331.3175376185286]]}, "dielectric": {"eps_electronic": [[8.534497648330346, -1.1243543979626811e-17, -3.8187640164046704e-17], [0.0, 11.492703325158722, 0.8391801900987957], [0.0, 0.8391801900987957, 6.318487464008921]], "eps_total": [[17.315199051083216, 0.0, 0.0], [0.0, 25.391006804434877, 0.5113990226575366], [0.0, 0.5113990226575361, 13.090522045112788]], "becs": [[[2.701221505602953, -8.881784163914028e-17, 1.0034703592302986e-17], [-2.3899658893410002e-15, 1.663686538554268, 0.12101592671525072], [3.866691762106942e-17, -0.09188741413601448, 3.386185045672163]], [[2.701221505602953, 2.2204460823375376e-17, 1.0034703592302986e-17], [2.7456936975937534e-16, 1.6636865385542672, 0.12101592671525116], [3.866691762106942e-17, -0.09188741413601448, 3.386185045672163]], [[6.081302405828207, -1.443289928703981e-16, 2.0709971627076114e-17], [-1.5017874696408752e-15, 8.362956653387059, -0.2254005377902608], [3.866691762106942e-17, 0.3772562987280203, 3.36015386939467]], [[6.081302405828207, -1.443289928703981e-16, 1.0034703592302986e-17], [-1.5017874696408752e-15, 8.362956653387059, -0.2254005377902606], [3.866691762106942e-17, 0.3772562987280203, 3.36015386939467]], [[-1.7291221870934443, 1.3322676328589103e-16, -4.547644763895484e-17], [2.050926209159626e-15, -1.3178466136458904, -0.8217886315485788], [3.866691762106942e-17, -0.12672811500599784, -4.473420945411048]], [[-1.7291221870934443, 1.3322676328589103e-16, -4.547644763895484e-17], [2.050926209159626e-15, -1.3178466136458904, -0.8217886315485788], [3.866691762106942e-17, -0.12672811500599784, -4.473420945411048]], [[-1.794948194282979, 2.2204460823375376e-17, 1.0034703592302986e-17], [2.4751657056625733e-16, -4.172897159536782, -0.7732309984376837], [-5.321537170771689e-17, -0.3910096842379729, -1.3396742960130448]], [[-5.258453529876147, 2.2204460823375376e-17, 1.0034703592302986e-17], [2.4751657056625733e-16, -4.535899418765621, 1.6994042410562198], [-1.0872652293897472e-16, 0.23236891464632436, -0.9332436736552688]], [[-1.794948194282979, 2.2204460823375376e-17, 1.0034703592302986e-17], [2.7456936975937534e-16, -4.172897159536782, -0.7732309984376837], [3.866691762106942e-17, -0.3910096842379729, -1.3396742960130448]], [[-5.258453529876147, 2.2204460823375376e-17, 1.0034703592302986e-17], [2.4751657056625733e-16, -4.535899418765621, 1.6994042410562198], [-1.0872652293897472e-16, 0.23236891464632436, -0.9332436736552688]]]}, "metadata": {"formula": "CaWN3", "nsites": 10, "structure": "# generated using pymatgen\ndata_CaWN3\n_symmetry_space_group_name_H-M   'P 1'\n_cell_length_a   7.43931834\n_cell_length_b   7.43931834\n_cell_length_c   5.73700308\n_cell_angle_alpha   74.09510236\n_cell_angle_beta   74.09510236\n_cell_angle_gamma   28.01670593\n_symmetry_Int_Tables_number   1\n_chemical_formula_structural   CaWN3\n_chemical_formula_sum   'Ca2 W2 N6'\n_cell_volume   143.069224148\n_cell_formula_units_Z   2\nloop_\n _symmetry_equiv_pos_site_id\n _symmetry_equiv_pos_as_xyz\n  1  'x, y, z'\nloop_\n _atom_site_type_symbol\n _atom_site_label\n _atom_site_symmetry_multiplicity\n _atom_site_fract_x\n _atom_site_fract_y\n _atom_site_fract_z\n _atom_site_occupancy\n  Ca  Ca1  1  0.590200  0.590200  0.709208  1\n  Ca  Ca2  1  0.409800  0.409800  0.290792  1\n  W  W3  1  0.156931  0.156931  0.125169  1\n  W  W4  1  0.843069  0.843069  0.874831  1\n  N  N5  1  0.128984  0.128984  0.447674  1\n  N  N6  1  0.871016  0.871016  0.552326  1\n  N  N7  1  0.964849  0.964849  0.946992  1\n  N  N8  1  0.307876  0.307876  0.022756  1\n  N  N9  1  0.035151  0.035151  0.053008  1\n  N  N10  1  0.692124  0.692124  0.977244  1\n"}}