{"phonon": {"ph_bandstructure": [[-42.779184796137066, -42.779184788382, -42.77918478577478, 0.0, 0.0, 0.0, 44.01715225801612, 44.01715226303607, 44.017152278052606, 44.60824942269927, 44.60824944249011, 50.768301261774404, 65.75377478260279, 65.75377478598433, 65.75377479606406, 75.53619467071755, 75.53619468245394, 115.55172661757781, 115.5517266204436, 115.55172662140697, 116.81393135840945, 150.95198371536458, 150.95198371901958, 225.2505288901016, 225.25052889423677, 229.8878396742834, 233.53717982672438, 233.53717983072977, 274.63824416394095, 293.8304772422894]]}, "dielectric": {"eps_electronic": [[3.417691911636833, 3.7628095955009975e-16, 4.440892098500626e-16], [5.369879873952806e-16, 3.4176919116368323, 2.220446049250313e-16], [2.5182098153951416e-16, 2.5182098153951416e-16, 3.417691911636832]], "eps_total": null, "becs": [[[1.2850378554855522, 4.9960036852594596e-17, -5.551115205843844e-18], [-1.7208457138115916e-16, 1.2850378554855524, 3.885780644090691e-17], [-1.5154717655254693e-16, -1.8320411612294682e-17, 1.2850378554855524]], [[1.2850378554855522, 4.9960036852594596e-17, -5.551115205843844e-18], [-1.7208457138115916e-16, 1.2850378554855524, 3.885780644090691e-17], [-1.5154717655254693e-16, -1.8320411612294682e-17, 1.2850378554855524]], [[1.6234431698695644, -5.5511143786632314e-18, 4.996003602541398e-17], [-2.27595722612417e-16, 1.6234431698695646, 9.436895767216473e-17], [-1.5148186393372295e-16, -1.825509899347071e-17, 1.6234431698695646]], [[3.1725768225425206, 4.9960036852594596e-17, -5.551115205843844e-18], [-1.7208457138115916e-16, 3.1725768225425206, 3.885780644090691e-17], [-1.5178262318262416e-16, -1.8555858242371908e-17, 3.1725768225425206]], [[-2.0805008585749674, -1.7208456807243671e-16, 2.1649348971918746e-16], [-1.9484414107814096e-15, -0.8012734965486483, 2.0372592507661887e-15], [-2.325973691707593e-15, 2.2481451717332853e-15, -0.8012734965486488]], [[-0.8012734965486485, -2.1704860123977185e-15, 1.992850329119438e-15], [-1.7208457138115916e-16, -2.0805008585749674, 3.885780644090691e-17], [2.3369630117180644e-15, -1.7486577169172782e-15, -0.8012734965486492]], [[-0.8012734965486485, -2.1704860123977185e-15, 1.992850329119438e-15], [-1.7208457138115916e-16, -2.0805008585749674, 3.885780644090691e-17], [2.3369630117180644e-15, -1.7486577169172782e-15, -0.8012734965486492]], [[-0.801273496548649, 2.2704060861029077e-15, -2.225997164456157e-15], [2.4924506877192165e-15, -0.8012734965486492, -2.181588242809406e-15], [2.9219008880802477e-16, -4.627615659518481e-16, -2.0805008585749674]], [[-0.801273496548649, 2.2704060861029077e-15, -2.225997164456157e-15], [2.4924506877192165e-15, -0.8012734965486492, -2.181588242809406e-15], [2.9219008880802477e-16, -4.627615659518481e-16, -2.0805008585749674]], [[-2.0805008585749674, -1.7208456807243671e-16, 2.1649348971918746e-16], [-1.9484414107814096e-15, -0.8012734965486483, 2.0372592507661887e-15], [-2.325973691707593e-15, 2.2481451717332853e-15, -0.8012734965486488]]]}, "metadata": {"formula": "Rb2LiTlCl6", "nsites": 10, "structure": "# generated using pymatgen\ndata_Rb2LiTlCl6\n_symmetry_space_group_name_H-M   'P 1'\n_cell_length_a   7.21950304\n_cell_length_b   7.21950304\n_cell_length_c   7.21950304\n_cell_angle_alpha   60.00000000\n_cell_angle_beta   60.00000000\n_cell_angle_gamma   60.00000000\n_symmetry_Int_Tables_number   1\n_chemical_formula_structural   Rb2LiTlCl6\n_chemical_formula_sum   'Rb2 Li1 Tl1 Cl6'\n_cell_volume   266.076741403\n_cell_formula_units_Z   1\nloop_\n _symmetry_equiv_pos_site_id\n _symmetry_equiv_pos_as_xyz\n  1  'x, y, z'\nloop_\n _atom_site_type_symbol\n _atom_site_label\n _atom_site_symmetry_multiplicity\n _atom_site_fract_x\n _atom_site_fract_y\n _atom_site_fract_z\n _atom_site_occupancy\n  Rb  Rb1  1  0.250000  0.250000  0.250000  1\n  Rb  Rb2  1  0.750000  0.750000  0.750000  1\n  Li  Li3  1  0.000000  0.000000  0.000000  1\n  Tl  Tl4  1  0.500000  0.500000  0.500000  1\n  Cl  Cl5  1  0.247213  0.752787  0.752787  1\n  Cl  Cl6  1  0.752787  0.247213  0.752787  1\n  Cl  Cl7  1  0.247213  0.752787  0.247213  1\n  Cl  Cl8  1  0.247213  0.247213  0.752787  1\n  Cl  Cl9  1  0.752787  0.752787  0.247213  1\n  Cl  Cl10  1  0.752787  0.247213  0.247213  1\n"}}