{"phonon": {"ph_bandstructure": [[0.0, 0.0, 0.0, 210.8827852379735, 210.88278523943742, 213.107524163902, 269.90494686305124, 269.90494686430014, 355.8157163551688]]}, "dielectric": {"eps_electronic": [[24.1009250502543, 4.352901183247338e-15, 0.0], [1.7363452581654858e-15, 24.100925050254297, 0.0], [-5.59470868022815e-17, -5.59470868022815e-17, 24.10092505025429]], "eps_total": [[42.77377557250017, 8.784766160958098e-15, -2.658637754393567e-10], [4.178991715304158e-15, 42.773775572625574, 2.6928859142572037e-10], [-2.658646302578389e-10, 2.6928418389355934e-10, 42.77377557280947]], "becs": [[[5.026731778350442, 0.0, 0.0], [0.0, 5.026731778350442, 0.0], [2.7196563439497665e-19, 2.7196563439497665e-19, 5.026731778350442]], [[-7.6297114227797564, 0.0, 0.0], [0.0, -7.6297114227797564, 0.0], [-8.77549188913664e-19, -8.77549188913664e-19, -7.6297114227797564]], [[2.602979644547011, 0.0, 0.0], [0.0, 2.602979644547011, 0.0], [6.055835239510649e-19, 6.055835239510649e-19, 2.602979644547011]]]}, "metadata": {"formula": "NbFeSb", "nsites": 3, "structure": "# generated using pymatgen\ndata_NbFeSb\n_symmetry_space_group_name_H-M   'P 1'\n_cell_length_a   4.16624497\n_cell_length_b   4.16624497\n_cell_length_c   4.16624497\n_cell_angle_alpha   60.00000000\n_cell_angle_beta   60.00000000\n_cell_angle_gamma   60.00000000\n_symmetry_Int_Tables_number   1\n_chemical_formula_structural   NbFeSb\n_chemical_formula_sum   'Nb1 Fe1 Sb1'\n_cell_volume   51.1351353739\n_cell_formula_units_Z   1\nloop_\n _symmetry_equiv_pos_site_id\n _symmetry_equiv_pos_as_xyz\n  1  'x, y, z'\nloop_\n _atom_site_type_symbol\n _atom_site_label\n _atom_site_symmetry_multiplicity\n _atom_site_fract_x\n _atom_site_fract_y\n _atom_site_fract_z\n _atom_site_occupancy\n  Nb  Nb1  1  0.000000  0.000000  0.000000  1\n  Fe  Fe2  1  0.250000  0.250000  0.250000  1\n  Sb  Sb3  1  0.500000  0.500000  0.500000  1\n"}}