{"phonon": {"ph_bandstructure": [[0.0, 0.0, 0.0, 22.35771324694549, 22.357713262030874, 22.357713267265765, 55.266753188577255, 55.26675319258585, 55.26675320455085, 58.107180759985944, 58.10718077520309, 60.99348047480622, 80.32723574879108, 80.32723575983603, 135.97547782728776, 147.60594143726843, 147.60594143883395, 147.60594144338333, 234.8792296169643, 234.8792296183967, 234.879229618894, 258.0669170805292, 258.06691708420027, 277.2311390004095, 348.0702524628715, 348.0702524646594, 425.3757370621374, 425.37573706463354, 488.0078537356347, 507.2479467505022]]}, "dielectric": {"eps_electronic": [[2.7259331682664376, 4.451474272688101e-16, -6.661338147750939e-16], [8.58140075816689e-16, 2.7259331682664376, 4.440892098500626e-16], [-8.270435145145053e-16, 2.831795101106513e-16, 2.7259331682664367]], "eps_total": [[13.07210866424481, 5.926225210824626e-11, -1.0077361167759591e-10], [5.926230218483486e-11, 13.072108666441082, -8.020162312050161e-11], [-1.0077262827273879e-10, -8.020330425090359e-11, 13.072108667348555]], "becs": [[[1.365349072425245, 0.0, 1.77635686587003e-16], [3.55271373174006e-16, 1.3653490724252446, -1.77635686587003e-16], [4.4386127778849565e-16, -2.666814685595164e-16, 1.3653490724252446]], [[1.365349072425245, 0.0, 1.77635686587003e-16], [3.55271373174006e-16, 1.3653490724252446, -1.77635686587003e-16], [4.4386127778849565e-16, -2.666814685595164e-16, 1.3653490724252446]], [[1.751253104349277, 0.0, 1.77635686587003e-16], [3.55271373174006e-16, 1.7512531043492765, -1.77635686587003e-16], [4.447167057300559e-16, -2.6582604061795606e-16, 1.7512531043492765]], [[3.4047825588538707, 0.0, 1.77635686587003e-16], [3.55271373174006e-16, 3.40478255885387, -1.77635686587003e-16], [4.440953931749528e-16, -2.6644735317305923e-16, 3.4047825588538703]], [[-2.0435559177250964, 0.0, 1.77635686587003e-16], [-1.4210854662262445e-15, -0.9499054931494664, 1.1546319429631848e-15], [-1.3580895191184417e-15, 1.0399922034839846e-15, -0.9499054931494663]], [[-0.9499054931494675, -4.440892098500626e-16, 1.77635686587003e-16], [3.55271373174006e-16, -2.0435559177250973, -1.77635686587003e-16], [4.698007220360858e-16, -6.848312341619887e-16, -0.9499054931494676]], [[-0.9499054931494675, -4.440892098500626e-16, 1.77635686587003e-16], [3.55271373174006e-16, -2.0435559177250973, -1.77635686587003e-16], [4.698007220360858e-16, -6.848312341619887e-16, -0.9499054931494676]], [[-0.9499054931494679, 4.440892098500626e-16, -7.105427331131222e-16], [3.55271373174006e-16, -0.9499054931494677, -6.217248964370656e-16], [2.1502924467834355e-20, 1.77657176276581e-16, -2.0435559177250977]], [[-0.9499054931494679, 4.440892098500626e-16, -7.105427331131222e-16], [3.55271373174006e-16, -0.9499054931494677, -6.217248964370656e-16], [2.1502924467834355e-20, 1.77657176276581e-16, -2.0435559177250977]], [[-2.0435559177250964, 0.0, 1.77635686587003e-16], [-1.4210854662262445e-15, -0.9499054931494664, 1.1546319429631848e-15], [-1.3580895191184417e-15, 1.0399922034839846e-15, -0.9499054931494663]]]}, "metadata": {"formula": "Cs2TlGaF6", "nsites": 10, "structure": "# generated using pymatgen\ndata_Cs2TlGaF6\n_symmetry_space_group_name_H-M   'P 1'\n_cell_length_a   6.44907667\n_cell_length_b   6.44907667\n_cell_length_c   6.44907667\n_cell_angle_alpha   60.00000000\n_cell_angle_beta   60.00000000\n_cell_angle_gamma   60.00000000\n_symmetry_Int_Tables_number   1\n_chemical_formula_structural   Cs2TlGaF6\n_chemical_formula_sum   'Cs2 Tl1 Ga1 F6'\n_cell_volume   189.660819585\n_cell_formula_units_Z   1\nloop_\n _symmetry_equiv_pos_site_id\n _symmetry_equiv_pos_as_xyz\n  1  'x, y, z'\nloop_\n _atom_site_type_symbol\n _atom_site_label\n _atom_site_symmetry_multiplicity\n _atom_site_fract_x\n _atom_site_fract_y\n _atom_site_fract_z\n _atom_site_occupancy\n  Cs  Cs1  1  0.250000  0.250000  0.250000  1\n  Cs  Cs2  1  0.750000  0.750000  0.750000  1\n  Tl  Tl3  1  0.000000  0.000000  0.000000  1\n  Ga  Ga4  1  0.500000  0.500000  0.500000  1\n  F  F5  1  0.290473  0.709527  0.709527  1\n  F  F6  1  0.709527  0.290473  0.709527  1\n  F  F7  1  0.290473  0.709527  0.290473  1\n  F  F8  1  0.290473  0.290473  0.709527  1\n  F  F9  1  0.709527  0.709527  0.290473  1\n  F  F10  1  0.709527  0.290473  0.290473  1\n"}}