{"phonon": {"ph_bandstructure": [[0.0, 0.0, 0.0, 13.534384829405633, 13.534384868460595, 73.73525518479975, 74.26144235719917, 87.14126594313406, 87.1412659492424, 87.28010708055946, 109.4386115766965, 126.76053821054295, 135.87439809892038, 138.87990871459732, 148.23207704893136, 165.9093475693006, 165.909347572569, 173.5913336401607, 206.93036719399743, 208.30753619816906, 245.4789236412426, 267.1069398492645, 267.1069398513767, 272.04755539329585]]}, "dielectric": {"eps_electronic": [[6.907980840454341, 0.0, -8.547239817653715e-24], [0.0, 6.907980840454341, -8.547239817653715e-24], [-8.547239817653715e-24, -8.547239817653715e-24, 4.70586720433862]], "eps_total": [[13.48415427026639, 2.8263439630143647e-15, -8.547239817653715e-24], [2.8263439630143647e-15, 13.484154270644659, -8.547239817653715e-24], [-8.547239817653715e-24, -8.547239817653715e-24, 12.986858796197032]], "becs": [[[2.746169315813629, 0.0, 0.0], [0.0, 2.746169315813631, 0.0], [-4.5209745608043264e-23, -4.526337519951188e-23, 3.5537282859284476]], [[2.74616931581363, 0.0, 0.0], [0.0, 2.746169315813631, 0.0], [-8.598611165468096e-24, -8.652240756936713e-24, 3.5537282859284476]], [[1.1355584991971854, 0.0, 0.0], [0.0, 1.1355584991971828, 0.0], [9.706956055819492e-24, 7.365130561689926e-24, 0.21723017015538115]], [[1.1355584991971854, 0.0, 0.0], [0.0, 1.1355584991971828, 0.0], [9.706956055819492e-24, 1.251357134267706e-23, 0.21723017015538115]], [[-2.444641756676128, 0.0, 0.0], [0.0, -2.444641756676125, 0.0], [9.706956055819492e-24, 9.653326464350875e-24, -1.272535736848492]], [[-2.444641756676128, 0.0, 0.0], [0.0, -2.444641756676125, 0.0], [5.130564250497594e-24, 5.076934659028977e-24, -1.272535736848492]], [[-1.4370860583346872, 0.0, 0.0], [0.0, -1.437086058334688, 0.0], [9.706956055819492e-24, 9.653326464350875e-24, -2.4984227192353368]], [[-1.4370860583346872, 0.0, 0.0], [0.0, -1.437086058334688, 0.0], [9.8499682997358e-24, 9.653326464350875e-24, -2.4984227192353368]]]}, "metadata": {"formula": "BaCuSeF", "nsites": 8, "structure": "# generated using pymatgen\ndata_BaCuSeF\n_symmetry_space_group_name_H-M   'P 1'\n_cell_length_a   4.17316621\n_cell_length_b   4.17316621\n_cell_length_c   9.06668277\n_cell_angle_alpha   90.00000000\n_cell_angle_beta   90.00000000\n_cell_angle_gamma   90.00000000\n_symmetry_Int_Tables_number   1\n_chemical_formula_structural   BaCuSeF\n_chemical_formula_sum   'Ba2 Cu2 Se2 F2'\n_cell_volume   157.899147888\n_cell_formula_units_Z   2\nloop_\n _symmetry_equiv_pos_site_id\n _symmetry_equiv_pos_as_xyz\n  1  'x, y, z'\nloop_\n _atom_site_type_symbol\n _atom_site_label\n _atom_site_symmetry_multiplicity\n _atom_site_fract_x\n _atom_site_fract_y\n _atom_site_fract_z\n _atom_site_occupancy\n  Ba  Ba1  1  0.000000  0.500000  0.672794  1\n  Ba  Ba2  1  0.500000  0.000000  0.327206  1\n  Cu  Cu3  1  0.500000  0.500000  0.000000  1\n  Cu  Cu4  1  0.000000  0.000000  0.000000  1\n  Se  Se5  1  0.000000  0.500000  0.151713  1\n  Se  Se6  1  0.500000  0.000000  0.848287  1\n  F  F7  1  0.000000  0.000000  0.500000  1\n  F  F8  1  0.500000  0.500000  0.500000  1\n"}}