{"phonon": {"ph_bandstructure": [[0.0, 0.0, 0.0, 54.57426673287687, 54.574266734344285, 60.01503649959341, 60.01503650001849, 68.65224032816096, 69.50249458947748, 70.12260861441693, 71.78642610736271, 75.09442561213429, 75.21333578488233, 78.4615468531127, 79.48646315361327, 79.58464839695766, 83.90740969147153, 90.01549355556568, 100.9854198336919, 101.03984822253774, 107.17145136591735, 113.0330561066802, 113.03305611490731, 135.47027371345996, 135.47027372072174, 135.86497754399295, 138.46383235407734, 141.37581529568666, 141.37581530268352, 142.87409636715682, 147.12425338765664, 147.76807507202707, 182.68449977122012, 459.1962785610929, 460.16282932417886, 480.22695580701344]]}, "dielectric": {"eps_electronic": [[3.0008277661048655, -8.881784197001252e-16, -3.115014574027353e-24], [0.0, 3.0008277660733684, 0.0], [-1.5575072870136766e-24, -2.6976817542452148e-24, 3.628277879166909]], "eps_total": [[5.293765503518145, -8.881784197001252e-16, -3.115014574027353e-24], [0.0, 5.293765503690286, 0.0], [-1.5575072870136766e-24, -2.6976817542452148e-24, 7.302893647767209]], "becs": [[[1.1534733315613999, -0.009452521079035214, -1.8905202277464584e-23], [-0.0094525210788855, 1.1425585003824823, 1.6447153664128892e-24], [1.8580111514857243e-23, 1.0566953565777985e-23, 0.9584127571082199]], [[1.1371010847930212, -3.8857805696444356e-16, -1.2948769042666569e-24], [-5.551115023864109e-16, 1.1589307471508583, 2.855822561696413e-23], [1.8580111514857243e-23, 1.0566953565777985e-23, 0.9584127571082199]], [[1.1534733315614007, 0.00945252107903577, 2.8487290658975617e-24], [0.009452521078886611, 1.1425585003824823, 2.1381289550150463e-23], [1.8580111514857243e-23, 1.0566953565777985e-23, 0.9584127571082226]], [[1.1301871783988713, 0.018917826696023543, -5.4384828744308754e-24], [0.018917826695724727, 1.1520316030695628, 3.573516168377779e-23], [1.8580111514857243e-23, 1.0566953565777985e-23, 1.1832565811428808]], [[1.162953815404909, 5.551115288561905e-17, 7.769260808154523e-25], [3.330669173137143e-16, 1.1192649660635259, 3.2146693650370955e-23], [1.8580111514857243e-23, 1.0566953565777985e-23, 1.1832565811428808]], [[1.1301871783988713, -0.018917826696023876, -3.366679889348766e-24], [-0.018917826695725393, 1.1520316030695628, 2.4969757583557294e-23], [1.8580111514857243e-23, 1.0566953565777985e-23, 1.183256581142883]], [[-1.1469769949800213, -0.006506722253383834, -3.8587330635744625e-23], [0.006506722253280972, -1.146976994980021, -1.221574317861228e-22], [-1.9492260998871088e-23, -5.537632999320735e-23, -1.08101932056521]], [[-1.1469769949800195, -0.006506722253384278, 2.3566758916718656e-23], [0.00650672225328186, -1.1469769949800197, -4.321113505117252e-23], [-1.0253762354444097e-22, 1.1803390132508959e-23, -1.0810193205652074]], [[-1.1469769949800204, 0.006506722253384389, 2.3566758916718653e-23], [-0.006506722253281194, -1.1469769949800201, 1.4204353483336802e-23], [-4.233568450710807e-23, 1.0566953565777985e-23, -1.0810193205652074]], [[-1.1469769949800204, 0.006506722253383945, 1.9423152946554434e-23], [-0.006506722253281638, -1.1469769949800197, -5.038807111798618e-23], [-1.1877786496125412e-23, -4.218767328141027e-23, -1.0810193205652074]], [[-1.1397339700983962, -1.6653345203941226e-16, -1.2948769042666569e-24], [-5.551115023864109e-16, -1.1397339700983968, 2.855822561696413e-23], [4.237534433593745e-23, 1.2215535654752618e-23, -1.0504653662533496]], [[-1.1397339700983966, 5.551115288561905e-17, -1.2948769042666569e-24], [3.330669173137143e-16, -1.1397339700983968, 2.855822561696413e-23], [2.2387348766230077e-23, -4.2359369405290245e-25, -1.0504653662533496]]]}, "metadata": {"formula": "RbS", "nsites": 12, "structure": "# generated using pymatgen\ndata_RbS\n_symmetry_space_group_name_H-M   'P 1'\n_cell_length_a   8.81474186\n_cell_length_b   8.81474186\n_cell_length_c   5.97462080\n_cell_angle_alpha   90.00000000\n_cell_angle_beta   90.00000000\n_cell_angle_gamma   120.00000000\n_symmetry_Int_Tables_number   1\n_chemical_formula_structural   RbS\n_chemical_formula_sum   'Rb6 S6'\n_cell_volume   402.031585995\n_cell_formula_units_Z   6\nloop_\n _symmetry_equiv_pos_site_id\n _symmetry_equiv_pos_as_xyz\n  1  'x, y, z'\nloop_\n _atom_site_type_symbol\n _atom_site_label\n _atom_site_symmetry_multiplicity\n _atom_site_fract_x\n _atom_site_fract_y\n _atom_site_fract_z\n _atom_site_occupancy\n  Rb  Rb1  1  0.000000  0.306447  0.500000  1\n  Rb  Rb2  1  0.693553  0.693553  0.500000  1\n  Rb  Rb3  1  0.306447  0.000000  0.500000  1\n  Rb  Rb4  1  0.000000  0.642138  0.000000  1\n  Rb  Rb5  1  0.357862  0.357862  0.000000  1\n  Rb  Rb6  1  0.642138  0.000000  0.000000  1\n  S  S7  1  0.666667  0.333333  0.321675  1\n  S  S8  1  0.666667  0.333333  0.678325  1\n  S  S9  1  0.333333  0.666667  0.678325  1\n  S  S10  1  0.333333  0.666667  0.321675  1\n  S  S11  1  0.000000  0.000000  0.822880  1\n  S  S12  1  0.000000  0.000000  0.177120  1\n"}}