{"phonon": {"ph_bandstructure": [[0.0, 0.0, 0.0, 35.49814513462092, 67.98803140871412, 91.7785486872483, 96.89464575875081, 109.26139263507852, 127.49325902349266, 137.1032110356189, 172.02694780547978, 172.02694780548, 173.96113275335753, 232.7895268315338, 273.65852768653343, 455.69646881961313, 470.54246425414374, 511.0814591390943]]}, "dielectric": {"eps_electronic": [[3.355709756296572, 0.0, -6.690228088317954e-33], [0.0, 3.355709756296572, -6.690228088317954e-33], [-6.690228088317952e-33, -6.690228088317952e-33, 3.5509812405234085]], "eps_total": [[7.407851918871472, -3.896026296718036e-15, -6.690228088317954e-33], [-3.896026296718036e-15, 7.407851918910715, -6.690228088317954e-33], [-6.690228088317952e-33, -6.690228088317952e-33, 8.534265532279111]], "becs": [[[2.3529071555588636, 0.42536633489671966, -1.4295057571680355e-32], [0.42536633489671966, 2.3529071555588636, -1.4295057571680355e-32], [0.0, 0.0, 2.2213566555139153]], [[2.3529071555588636, -0.42536633489671966, -4.765019095887692e-33], [-0.42536633489671966, 2.3529071555588636, -4.765019095887692e-33], [0.0, 0.0, 2.2213566555139153]], [[-1.1764535777800518, -0.590682642479692, 4.765019379904971e-33], [-0.5906826424796917, -1.1764535777800518, 4.765019379904971e-33], [0.0, 0.0, -1.1106783277548435]], [[-1.1764535777800518, -0.590682642479692, 4.765019379904971e-33], [-0.5906826424796918, -1.1764535777800518, 4.765019379904971e-33], [0.0, 0.0, -1.1106783277548435]], [[-1.1764535777800518, 0.590682642479692, 4.765019379904971e-33], [0.5906826424796918, -1.1764535777800518, 4.765019379904971e-33], [0.0, 0.0, -1.1106783277548435]], [[-1.1764535777800518, 0.590682642479692, 4.765019379904971e-33], [0.5906826424796918, -1.1764535777800518, 4.765019379904971e-33], [0.0, 0.0, -1.1106783277548435]]]}, "metadata": {"formula": "HgF2", "nsites": 6, "structure": "# generated using pymatgen\ndata_HgF2\n_symmetry_space_group_name_H-M   'P 1'\n_cell_length_a   4.96536042\n_cell_length_b   4.96536042\n_cell_length_c   4.08843132\n_cell_angle_alpha   90.00000000\n_cell_angle_beta   90.00000000\n_cell_angle_gamma   90.00000000\n_symmetry_Int_Tables_number   1\n_chemical_formula_structural   HgF2\n_chemical_formula_sum   'Hg2 F4'\n_cell_volume   100.799473261\n_cell_formula_units_Z   2\nloop_\n _symmetry_equiv_pos_site_id\n _symmetry_equiv_pos_as_xyz\n  1  'x, y, z'\nloop_\n _atom_site_type_symbol\n _atom_site_label\n _atom_site_symmetry_multiplicity\n _atom_site_fract_x\n _atom_site_fract_y\n _atom_site_fract_z\n _atom_site_occupancy\n  Hg  Hg1  1  0.000000  0.000000  0.000000  1\n  Hg  Hg2  1  0.500000  0.500000  0.500000  1\n  F  F3  1  0.292495  0.292495  0.000000  1\n  F  F4  1  0.707505  0.707505  0.000000  1\n  F  F5  1  0.792495  0.207505  0.500000  1\n  F  F6  1  0.207505  0.792495  0.500000  1\n"}}