{"phonon": {"ph_bandstructure": [[-53.10782462892148, -53.10782462268672, -53.107824620598045, -6.70757124463307, -6.707571113323763, 0.0, 0.0, 0.0, 16.911704800690174, 16.911704812969887, 16.91170484977539, 44.75968978557647, 45.183965967295826, 45.183965972191686, 45.18396598683491, 82.54036173032688, 82.54036174108096, 88.59076865191871, 98.47998781775533, 98.47998782072676, 98.47998782172229, 187.09339579362126, 187.09339579851635, 187.68173830045563, 212.39291571267574, 212.3929157170352, 225.73098687595294, 225.7309868784463, 279.539780002599, 280.81232249421913]]}, "dielectric": {"eps_electronic": [[3.1135090219260397, -3.138483664935514e-16, -6.661338147750939e-16], [-3.138483664935514e-16, 3.11350902192604, 0.0], [-8.695576112687885e-16, -2.0342379649369458e-16, 3.1135090219260393]], "eps_total": null, "becs": [[[1.28153970823483, 0.0, 0.0], [3.1086245152725526e-16, 1.2815397082348299, -3.1086245152725526e-16], [3.022228439132724e-16, -2.306842158477366e-16, 1.2815397082348299]], [[1.28153970823483, 0.0, 0.0], [3.1086245152725526e-16, 1.2815397082348299, -3.1086245152725526e-16], [3.022228439132724e-16, -2.306842158477366e-16, 1.2815397082348299]], [[1.481052560216212, 0.0, 0.0], [3.1086245152725526e-16, 1.4810525602162117, -3.1086245152725526e-16], [3.021536361400952e-16, -2.307534236209139e-16, 1.4810525602162117]], [[3.940936998019972, 0.0, 0.0], [3.1086245152725526e-16, 3.940936998019972, -3.1086245152725526e-16], [3.0218372856802954e-16, -2.307233311929795e-16, 3.9409369980199718]], [[-2.572976901595325, -4.440892098500626e-16, 4.440892098500626e-16], [1.6431300810774431e-15, -0.709778792879384, -1.6431300810774431e-15], [2.34458150427906e-15, -2.1851284441325125e-15, -0.7097787928793835]], [[-0.7097787928793833, 1.3322676295501878e-15, -1.5543122344752192e-15], [-7.993605730979013e-16, -2.572976901595325, 7.993605730979013e-16], [-2.5845868220633038e-15, 2.2115766363764386e-15, -0.7097787928793826]], [[-0.7097787928793833, 1.3322676295501878e-15, -1.5543122344752192e-15], [-7.993605730979013e-16, -2.572976901595325, 7.993605730979013e-16], [-2.5845868220633038e-15, 2.2115766363764386e-15, -0.7097787928793826]], [[-0.7097787928793837, -8.881784197001252e-16, 1.1102230246251565e-15], [-1.4654943878729952e-15, -0.7097787928793826, 1.4654943878729952e-15], [-3.643861859828565e-16, 4.3497438380632215e-16, -2.5729769015953257]], [[-0.7097787928793837, -8.881784197001252e-16, 1.1102230246251565e-15], [-1.4654943878729952e-15, -0.7097787928793826, 1.4654943878729952e-15], [-3.643861859828565e-16, 4.3497438380632215e-16, -2.5729769015953257]], [[-2.572976901595325, -4.440892098500626e-16, 4.440892098500626e-16], [1.6431300810774431e-15, -0.709778792879384, -1.6431300810774431e-15], [2.34458150427906e-15, -2.1851284441325125e-15, -0.7097787928793835]]]}, "metadata": {"formula": "Rb2NaSbCl6", "nsites": 10, "structure": "# generated using pymatgen\ndata_Rb2NaSbCl6\n_symmetry_space_group_name_H-M   'P 1'\n_cell_length_a   7.52127829\n_cell_length_b   7.52127829\n_cell_length_c   7.52127829\n_cell_angle_alpha   60.00000000\n_cell_angle_beta   60.00000000\n_cell_angle_gamma   60.00000000\n_symmetry_Int_Tables_number   1\n_chemical_formula_structural   Rb2NaSbCl6\n_chemical_formula_sum   'Rb2 Na1 Sb1 Cl6'\n_cell_volume   300.856899966\n_cell_formula_units_Z   1\nloop_\n _symmetry_equiv_pos_site_id\n _symmetry_equiv_pos_as_xyz\n  1  'x, y, z'\nloop_\n _atom_site_type_symbol\n _atom_site_label\n _atom_site_symmetry_multiplicity\n _atom_site_fract_x\n _atom_site_fract_y\n _atom_site_fract_z\n _atom_site_occupancy\n  Rb  Rb1  1  0.750000  0.750000  0.750000  1\n  Rb  Rb2  1  0.250000  0.250000  0.250000  1\n  Na  Na3  1  0.000000  0.000000  0.000000  1\n  Sb  Sb4  1  0.500000  0.500000  0.500000  1\n  Cl  Cl5  1  0.746823  0.253177  0.253177  1\n  Cl  Cl6  1  0.253177  0.746823  0.253177  1\n  Cl  Cl7  1  0.746823  0.253177  0.746823  1\n  Cl  Cl8  1  0.746823  0.746823  0.253177  1\n  Cl  Cl9  1  0.253177  0.253177  0.746823  1\n  Cl  Cl10  1  0.253177  0.746823  0.746823  1\n"}}