{"phonon": {"ph_bandstructure": [[0.0, 0.0, 0.0, 84.87243861705613, 88.09400620882491, 92.58873560869615, 100.09557952204428, 117.02175997032435, 144.66026260139887, 180.20478579899898, 193.43956214277114, 212.68150835862744, 212.6815083586277, 223.4483758457451, 234.28604118289323, 331.9161423648303, 346.1367932287431, 374.58589354085706, 387.6581856712243, 396.60909346640915, 514.585422487664, 572.6268499977225, 630.2991934314495, 689.1233014756626]]}, "dielectric": {"eps_electronic": [[1.8451830037834354, 0.0, 1.5087854683890766e-24], [0.0, 1.8451830037834354, 1.5087854683890766e-24], [1.5087854683890766e-24, 1.5087854683890766e-24, 1.9165136820088216]], "eps_total": [[5.427238536234241, -2.044320794461832e-15, 1.5087854683890766e-24], [-2.044320794461832e-15, 5.42723853646935, 1.5087854683890766e-24], [1.5087854683890766e-24, 1.5087854683890766e-24, 7.298000974125978]], "becs": [[[1.355162556925883, 0.0, 2.379710097599876e-23], [1.3010426069826053e-18, 0.918646816320081, -9.897909255503909e-24], [0.0, 0.0, 1.2227030016696263]], [[0.9186468163200814, 0.0, -9.897909255503909e-24], [1.3010426069826053e-18, 1.3551625569258827, 2.379710097599876e-23], [0.0, 0.0, 1.22270300166962]], [[2.467668372912329, 0.0, -1.4741566976282416e-24], [1.3010426069826053e-18, 2.467668372912329, -1.4741566976282416e-24], [0.0, 0.0, 2.9279045716041505]], [[-1.0030478949940138, -0.053182758733942, -3.158907209203375e-24], [-0.053182758733942015, -1.003047894994014, -3.158907209203375e-24], [0.0, 0.0, -0.930900622344447]], [[-1.0030478949940147, 0.053182758733942015, -3.158907209203375e-24], [0.053182758733942, -1.003047894994014, -3.158907209203375e-24], [0.0, 0.0, -0.9309006223444479]], [[-1.0030478949940147, 0.053182758733942, -3.158907209203375e-24], [0.053182758733942, -1.003047894994014, -3.158907209203375e-24], [0.0, 0.0, -0.9309006223444461]], [[-0.7292861661822354, 0.0, 2.105938139468919e-25], [1.3010426069826053e-18, -0.7292861661822357, 2.105938139468919e-25], [0.0, 0.0, -1.6497080855656088]], [[-1.0030478949940147, -0.053182758733942015, -3.158907209203375e-24], [-0.053182758733942, -1.003047894994014, -3.158907209203375e-24], [0.0, 0.0, -0.930900622344447]]]}, "metadata": {"formula": "K2AlF5", "nsites": 8, "structure": "# generated using pymatgen\ndata_K2AlF5\n_symmetry_space_group_name_H-M   'P 1'\n_cell_length_a   5.91022600\n_cell_length_b   5.91022600\n_cell_length_c   3.69469810\n_cell_angle_alpha   90.00000000\n_cell_angle_beta   90.00000000\n_cell_angle_gamma   90.00000000\n_symmetry_Int_Tables_number   1\n_chemical_formula_structural   K2AlF5\n_chemical_formula_sum   'K2 Al1 F5'\n_cell_volume   129.058654684\n_cell_formula_units_Z   1\nloop_\n _symmetry_equiv_pos_site_id\n _symmetry_equiv_pos_as_xyz\n  1  'x, y, z'\nloop_\n _atom_site_type_symbol\n _atom_site_label\n _atom_site_symmetry_multiplicity\n _atom_site_fract_x\n _atom_site_fract_y\n _atom_site_fract_z\n _atom_site_occupancy\n  K  K1  1  0.500000  0.000000  0.500000  1\n  K  K2  1  0.000000  0.500000  0.500000  1\n  Al  Al3  1  0.000000  0.000000  0.000000  1\n  F  F4  1  0.785618  0.785618  0.000000  1\n  F  F5  1  0.214382  0.785618  0.000000  1\n  F  F6  1  0.785618  0.214382  0.000000  1\n  F  F7  1  0.000000  0.000000  0.500000  1\n  F  F8  1  0.214382  0.214382  0.000000  1\n"}}