{"phonon": {"ph_bandstructure": [[-0.010784440064143992, -0.010750304565240365, 0.0, 38.863297725531886, 39.08109219514491, 107.98418846620103, 111.26186517437215, 114.02705897332196, 120.44071784024536, 138.7794664181308, 169.621297803686, 223.69888618396647, 246.34539240563015, 247.9771155514791, 280.54822931044697, 290.62337729508585, 313.3736855653159, 416.755925312446, 473.1890003159437, 476.95859489620443, 476.9673281963311, 534.1608198935745, 639.7126131058766, 707.37338594979, 712.1155263408965, 713.9585198923196, 717.1719228312892, 731.7347477313784, 748.433682650894, 1048.102877436148, 1059.8587638409813, 1096.2221487477495, 1272.8871774100026, 1282.7656230417067, 1283.269238923496, 1388.818587535105]]}, "dielectric": {"eps_electronic": [[2.352859397702274, 6.106226635438361e-16, -0.045481451824521145], [6.786042162315839e-16, 2.6098616661319305, -1.1869931664869588e-16], [-0.045481451824520604, -1.1102230246251565e-16, 2.6018128560281024]], "eps_total": [[4.999173773555985, 4.440892098500626e-16, -0.25090485946533975], [-9.976321165191958e-17, 6.41696312555926, 9.49594533189567e-16], [-0.25090485946533964, 6.661338147750939e-16, 6.3725607266301045]], "becs": [[[2.3247463757092524, -1.1564823517837303e-18, -0.052638975475575944], [0.0, 2.6221936990099337, 0.0], [-0.05263897547637453, 0.0, 2.6128782285985235]], [[2.921556781515092, -0.016731651913456387, 0.05643860143231873], [0.016731651913497538, 2.602638892722473, -0.09454562956496484], [0.056438601433174695, 0.09454562956616566, 2.6126267793968254]], [[2.921556781515092, 0.016731651913456387, 0.05643860143231873], [-0.016731651913497538, 2.602638892722473, 0.09454562956496484], [0.056438601433174695, -0.09454562956616566, 2.6126267793968254]], [[0.579235302643297, -0.004125228761860561, -0.40397503766720155], [0.004125228761871038, 2.8619790785010535, -0.023310450899110664], [-0.40397503767332626, 0.023310450899406705, 2.7904879927354727]], [[0.579235302643297, 0.004125228761860557, -0.40397503766720155], [-0.004125228761871038, 2.8619790785010535, 0.023310450899110664], [-0.40397503767332626, -0.023310450899406705, 2.7904879927354727]], [[-1.070545639293029, -0.20549848439512408, 0.09421295994893597], [-0.23997080566062862, -1.471165522320326, 0.14764151591926306], [0.15636683928137818, 0.12418131388933928, -2.6588304886556773]], [[-1.069728884254516, 0.35434020195860566, 0.08628097678125612], [0.3109643910831668, -2.208473570462831, -0.5378165345614851], [0.029347403182583102, -0.5597010943448666, -1.9223391955516855]], [[-1.176942571529412, -0.1412330036643944, 0.3273943853153368], [-0.07860229932164309, -2.5075050964905974, 0.4331696165151465], [0.32217407958926886, 0.3925251825820564, -1.516093982249024]], [[-2.691896353880669, -1.1564823517837303e-18, -0.26806479614667655], [0.0, -1.1771412629126055, 0.0], [-0.26806479615074275, 0.0, -1.2245804399536446]], [[-1.069728884254516, -0.35434020195860566, 0.08628097678125612], [-0.3109643910831668, -2.208473570462831, 0.5378165345614851], [0.029347403182583102, 0.5597010943448666, -1.9223391955516855]], [[-1.070545639293029, 0.20549848439512408, 0.09421295994893597], [0.23997080566062862, -1.471165522320326, -0.14764151591926306], [0.15636683928137818, -0.12418131388933928, -2.6588304886556773]], [[-1.176942571529412, 0.1412330036643944, 0.3273943853153368], [0.07860229932164309, -2.5075050964905974, -0.4331696165151465], [0.32217407958926886, -0.3925251825820564, -1.516093982249024]]]}, "metadata": {"formula": "BaAl2B2O7", "nsites": 12, "structure": "# generated using pymatgen\ndata_BaAl2B2O7\n_symmetry_space_group_name_H-M   'P 1'\n_cell_length_a   8.67769672\n_cell_length_b   8.67769672\n_cell_length_c   8.67769672\n_cell_angle_alpha   33.59072632\n_cell_angle_beta   33.59072632\n_cell_angle_gamma   33.59072632\n_symmetry_Int_Tables_number   1\n_chemical_formula_structural   BaAl2B2O7\n_chemical_formula_sum   'Ba1 Al2 B2 O7'\n_cell_volume   178.169606267\n_cell_formula_units_Z   1\nloop_\n _symmetry_equiv_pos_site_id\n _symmetry_equiv_pos_as_xyz\n  1  'x, y, z'\nloop_\n _atom_site_type_symbol\n _atom_site_label\n _atom_site_symmetry_multiplicity\n _atom_site_fract_x\n _atom_site_fract_y\n _atom_site_fract_z\n _atom_site_occupancy\n  Ba  Ba1  1  0.000000  0.000000  0.000000  1\n  Al  Al2  1  0.568670  0.568670  0.568670  1\n  Al  Al3  1  0.431330  0.431330  0.431330  1\n  B  B4  1  0.736455  0.736455  0.736455  1\n  B  B5  1  0.263545  0.263545  0.263545  1\n  O  O6  1  0.352300  0.486644  0.960178  1\n  O  O7  1  0.960178  0.352300  0.486644  1\n  O  O8  1  0.486644  0.960178  0.352300  1\n  O  O9  1  0.500000  0.500000  0.500000  1\n  O  O10  1  0.647700  0.039822  0.513356  1\n  O  O11  1  0.513356  0.647700  0.039822  1\n  O  O12  1  0.039822  0.513356  0.647700  1\n"}}