{"phonon": {"ph_bandstructure": [[0.0, 0.0, 0.0, 46.474478372887134, 46.47447838240993, 52.35637852444741, 58.472480859885046, 58.4724808617971, 58.47248086747526, 121.02161657382433, 121.02161657758428, 147.48040170336571, 237.7455433726927, 237.74554337478276, 289.0067508410463]]}, "dielectric": {"eps_electronic": [[5.107832615474494, 0.0, 0.0], [0.0, 5.107832615474494, 0.0], [0.0, 0.0, 5.107832615474494]], "eps_total": [[14.225932257582892, 1.3378593340686294e-12, -1.5190239226924503e-11], [1.3378593340686294e-12, 14.225932258774959, -1.0952020321085199e-11], [-1.5190239226924503e-11, -1.0952020321085199e-11, 14.225932259258805]], "becs": [[[0.9039228785282327, 0.0, 0.0], [0.0, 1.285740208016936, 0.0], [0.0, 0.0, 1.285740208016936]], [[1.285740208016936, 0.0, 0.0], [0.0, 1.285740208016936, 0.0], [0.0, 0.0, 0.9039228785282327]], [[1.285740208016936, 0.0, 0.0], [0.0, 0.9039228785282327, 0.0], [0.0, 0.0, 1.285740208016936]], [[-0.962250111400426, 0.0, 0.0], [0.0, -0.962250111400426, 0.0], [0.0, 0.0, -0.962250111400426]], [[-2.5131531832394387, 0.0, 0.0], [0.0, -2.5131531832394387, 0.0], [0.0, 0.0, -2.5131531832394387]]]}, "metadata": {"formula": "K3AuO", "nsites": 5, "structure": "# generated using pymatgen\ndata_K3AuO\n_symmetry_space_group_name_H-M   'P 1'\n_cell_length_a   5.19531941\n_cell_length_b   5.19531941\n_cell_length_c   5.19531941\n_cell_angle_alpha   90.00000000\n_cell_angle_beta   90.00000000\n_cell_angle_gamma   90.00000000\n_symmetry_Int_Tables_number   1\n_chemical_formula_structural   K3AuO\n_chemical_formula_sum   'K3 Au1 O1'\n_cell_volume   140.228652218\n_cell_formula_units_Z   1\nloop_\n _symmetry_equiv_pos_site_id\n _symmetry_equiv_pos_as_xyz\n  1  'x, y, z'\nloop_\n _atom_site_type_symbol\n _atom_site_label\n _atom_site_symmetry_multiplicity\n _atom_site_fract_x\n _atom_site_fract_y\n _atom_site_fract_z\n _atom_site_occupancy\n  K  K1  1  0.000000  0.500000  0.500000  1\n  K  K2  1  0.500000  0.500000  0.000000  1\n  K  K3  1  0.500000  0.000000  0.500000  1\n  Au  Au4  1  0.000000  0.000000  0.000000  1\n  O  O5  1  0.500000  0.500000  0.500000  1\n"}}