{"phonon": {"ph_bandstructure": [[-0.004046936967398726, -0.0030108215453881156, -0.0027597837619638046, 31.416044130505963, 36.52373302298787, 40.084905167409914, 42.89577829217593, 50.76096038543372, 53.052804794683475, 62.441500705971094, 70.33545322042892, 72.70218129233268, 98.32095585155076, 107.86320632851003, 118.74942332624092, 130.21522442502473, 143.4362335472778, 169.70172142803642, 198.6486768631509, 205.80771339246638, 218.4183340510033, 232.12681899669678, 233.16362393395949, 240.07616859355235, 243.62190006174347, 246.54428874355034, 249.59145328707692, 259.5347799341473, 277.62335102499304, 297.8526723126709, 316.119914472622, 340.81590380570515, 376.71573395139615, 384.52400883304364, 401.294067845737, 401.6693567248657]]}, "dielectric": {"eps_electronic": [[9.090448599515554, -1.7763568394002505e-15, 0.0], [-1.7763568394002505e-15, 8.69517753280552, 0.0], [0.0, 0.0, 9.622614183968807]], "eps_total": [[11.66909273750929, 0.0, 0.0], [0.0, 10.997785997042037, 0.0], [0.0, 0.0, 13.251199861953612]], "becs": [[[1.01412197262861, -0.2530279092773391, -0.03167965850311058], [0.009910556389812086, 1.0312751009376795, 0.004066338962293825], [0.14499623203862042, 0.20751094600501563, 1.0053033678170071]], [[1.0141219726286081, -0.2530279092773382, 0.03167965850311055], [0.009910556389812974, 1.031275100937676, -0.004066338962293825], [-0.14499623203862042, -0.20751094600501563, 1.0053033678170071]], [[1.01412197262861, 0.2530279092773391, -0.03167965850311058], [-0.009910556389812086, 1.0312751009376795, -0.004066338962293825], [0.14499623203862042, -0.20751094600501563, 1.0053033678170071]], [[1.0141219726286081, 0.2530279092773382, 0.03167965850311055], [-0.009910556389812974, 1.031275100937676, 0.004066338962293825], [-0.14499623203862042, 0.20751094600501563, 1.0053033678170071]], [[2.9380665496146383, 0.0, 0.5640122400689211], [0.0, 2.9684228842177225, 0.0], [-0.38428643842434174, -2.0593566142197012e-17, 3.412413165950848]], [[2.9380665496146348, 0.0, -0.564012240068921], [0.0, 2.968422884217719, 0.0], [0.3842864384243417, 0.0, 3.412413165950848]], [[-2.1746487689343956, 0.0, 1.3764598034580837], [0.0, -0.7558354040058431, 0.0], [1.254869032802026, 0.0, -2.9009010994088276]], [[-2.1746487689343956, 0.0, -1.3764598034580837], [0.0, -0.7558354040058431, 0.0], [-1.254869032802026, 0.0, -2.900901099408825]], [[-1.3958308629649214, -0.632964535241044, 0.24650811672709297], [-0.4688938641960916, -2.1375688413006193, 0.32482603409697186], [0.08324778279071696, 0.2528450966424849, -1.2610594017340229]], [[-1.3958308629649214, 0.632964535241044, 0.24650811672709297], [0.4688938641960916, -2.1375688413006193, -0.32482603409697186], [0.08324778279071696, -0.2528450966424849, -1.2610594017340229]], [[-1.3958308629649214, 0.632964535241044, -0.24650811672709297], [0.4688938641960916, -2.1375688413006193, 0.3248260340969718], [-0.08324778279071696, 0.2528450966424849, -1.2610594017340238]], [[-1.3958308629649214, -0.632964535241044, -0.24650811672709297], [-0.4688938641960916, -2.1375688413006193, -0.3248260340969718], [-0.08324778279071696, -0.2528450966424849, -1.2610594017340238]]]}, "metadata": {"formula": "Ag2GeS3", "nsites": 12, "structure": "# generated using pymatgen\ndata_Ag2GeS3\n_symmetry_space_group_name_H-M   'P 1'\n_cell_length_a   6.78008762\n_cell_length_b   6.78008762\n_cell_length_c   6.43601582\n_cell_angle_alpha   90.00000000\n_cell_angle_beta   90.00000000\n_cell_angle_gamma   118.86171737\n_symmetry_Int_Tables_number   1\n_chemical_formula_structural   Ag2GeS3\n_chemical_formula_sum   'Ag4 Ge2 S6'\n_cell_volume   259.11128575\n_cell_formula_units_Z   2\nloop_\n _symmetry_equiv_pos_site_id\n _symmetry_equiv_pos_as_xyz\n  1  'x, y, z'\nloop_\n _atom_site_type_symbol\n _atom_site_label\n _atom_site_symmetry_multiplicity\n _atom_site_fract_x\n _atom_site_fract_y\n _atom_site_fract_z\n _atom_site_occupancy\n  Ag  Ag1  1  0.812760  0.501186  0.491288  1\n  Ag  Ag2  1  0.187240  0.498814  0.991288  1\n  Ag  Ag3  1  0.501186  0.812760  0.491288  1\n  Ag  Ag4  1  0.498814  0.187240  0.991288  1\n  Ge  Ge5  1  0.836496  0.836496  0.959413  1\n  Ge  Ge6  1  0.163504  0.163504  0.459413  1\n  S  S7  1  0.145276  0.145276  0.824909  1\n  S  S8  1  0.854724  0.854724  0.324909  1\n  S  S9  1  0.154103  0.472001  0.375051  1\n  S  S10  1  0.472001  0.154103  0.375051  1\n  S  S11  1  0.527999  0.845897  0.875051  1\n  S  S12  1  0.845897  0.527999  0.875051  1\n"}}