{"phonon": {"ph_bandstructure": [[0.0, 0.0, 0.0, 206.53576217062974, 206.53576217211597, 309.53848081072266, 353.91262293299576, 353.91262293409653, 371.2517333774832]]}, "dielectric": {"eps_electronic": [[8.863283141577918, -1.433580061269728e-15, -2.6645352591003757e-15], [-1.8813770472396632e-15, 8.863283141577922, -8.881784197001252e-16], [-2.111718065291028e-15, -1.2235396455909028e-15, 8.86328314157792]], "eps_total": [[21.906765934447176, 2.533975358266297e-15, 1.7763568394002505e-15], [-1.7759784510592674e-15, 21.90676593457948, 1.7763568394002505e-15], [5.7015295736265895e-15, 5.7015295736265895e-15, 21.906765934632265]], "becs": [[[1.3046799057156298, -1.4802974102831747e-16, 1.4802974102831747e-16], [-1.4802974102831747e-16, 1.3046799057156298, 1.4802974102831747e-16], [1.141088944657944e-19, 1.141088944657944e-19, 1.30467990571563]], [[1.634374062794926, 2.9605946882174514e-16, -2.9605946882174514e-16], [2.9605946882174514e-16, 1.634374062794926, -2.9605946882174514e-16], [-1.8705571905392022e-19, -1.8705571905392022e-19, 1.6343740627949255]], [[-2.939053967323193, -1.4802974102831747e-16, 1.4802974102831747e-16], [-1.4802974102831747e-16, -2.939053967323193, 1.4802974102831747e-16], [7.294683237029987e-20, 7.294683237029987e-20, -2.9390539673231926]]]}, "metadata": {"formula": "LiMgP", "nsites": 3, "structure": "# generated using pymatgen\ndata_LiMgP\n_symmetry_space_group_name_H-M   'P 1'\n_cell_length_a   4.23083318\n_cell_length_b   4.23083318\n_cell_length_c   4.23083318\n_cell_angle_alpha   60.00000000\n_cell_angle_beta   60.00000000\n_cell_angle_gamma   60.00000000\n_symmetry_Int_Tables_number   1\n_chemical_formula_structural   LiMgP\n_chemical_formula_sum   'Li1 Mg1 P1'\n_cell_volume   53.5503984343\n_cell_formula_units_Z   1\nloop_\n _symmetry_equiv_pos_site_id\n _symmetry_equiv_pos_as_xyz\n  1  'x, y, z'\nloop_\n _atom_site_type_symbol\n _atom_site_label\n _atom_site_symmetry_multiplicity\n _atom_site_fract_x\n _atom_site_fract_y\n _atom_site_fract_z\n _atom_site_occupancy\n  Li  Li1  1  0.750000  0.750000  0.750000  1\n  Mg  Mg2  1  0.000000  0.000000  0.000000  1\n  P  P3  1  0.250000  0.250000  0.250000  1\n"}}