{"phonon": {"ph_bandstructure": [[-0.002512897212891526, 0.0, 0.0, 43.45160074976492, 44.34942225851008, 44.49818301087886, 48.802142903504546, 52.99731538943724, 53.4990742593822, 55.345684418709624, 57.75090704162027, 59.69649539768559, 60.63750669856875, 62.37242693251911, 65.50442401825595, 66.8508739317381, 66.88470022833141, 71.34229449559673, 78.02378168790973, 78.91168294277574, 81.0314063478402, 84.76745582346068, 88.49703249626012, 92.05074214953551, 93.57508972596439, 99.05568557262121, 100.60758765770036, 103.20753763495912, 286.2774743099648, 286.67435619171954, 320.73578880412043, 324.6345363179676, 328.72255861825766, 334.9269759518264, 972.559584791227, 989.1694136793888]]}, "dielectric": {"eps_electronic": [[3.9611245095703285, 0.0, 0.0], [0.0, 5.771321275449213, 1.0443594298428993], [0.0, 1.0443594298428993, 4.599767831352562]], "eps_total": [[7.741888066987651, 0.0, 0.0], [0.0, 12.08569558750541, 1.7316383988707014], [0.0, 1.731638398870701, 8.012601210527937]], "becs": [[[1.080686361972884, -2.7755583060254426e-17, 1.2627341678538605e-16], [-3.9266384066190257e-16, 1.3095492494894612, 0.1429696433760636], [-3.152138212235142e-17, 0.09068783211354647, 1.2633440311439248]], [[1.080686361972884, -2.7755583060254426e-17, 1.2627341678538605e-16], [-3.9266384066190257e-16, 1.3095492494894612, 0.1429696433760636], [-3.152138212235142e-17, 0.09068783211354647, 1.2633440311439248]], [[1.1323366239207753, -0.047984417090902315, 0.07050031407584242], [-0.047951828971851795, 0.9707295955287849, -0.1266951971899511], [0.08556972771272081, -0.10152797504128289, 1.0277956490785107]], [[1.1323366239207762, 0.04798441709090248, -0.07050031407584262], [0.04795182897185235, 0.9707295955287858, -0.12669519718995242], [-0.08556972771272084, -0.10152797504128289, 1.027795649078509]], [[1.1323366239207753, -0.047984417090902315, 0.07050031407584242], [-0.047951828971851795, 0.9707295955287849, -0.12669519718995131], [0.08556972771272081, -0.10152797504128289, 1.0277956490785103]], [[1.1323366239207762, 0.04798441709090248, -0.07050031407584262], [0.04795182897185235, 0.9707295955287858, -0.12669519718995198], [-0.08556972771272084, -0.10152797504128289, 1.0277956490785103]], [[-1.0503343007380692, -3.0531133921654356e-16, 1.2627341678538605e-16], [-2.2374826468072793e-16, 2.410537316379716, 2.039142116734973], [5.4181361834528096e-17, 2.0108307447315292, 0.19453163718019048]], [[-1.0503343007380692, -3.0531133921654356e-16, 1.2627341678538605e-16], [-3.35379883671643e-16, 2.410537316379716, 2.039142116734973], [-1.9949320568269347e-17, 2.0108307447315292, 0.19453163718019048]], [[-1.147512654536628, 0.02881557977792168, -0.0014813438124530519], [0.1137261306960589, -2.8307728784562975, -0.9643606828618148], [0.03547260615697702, -0.9492313133768585, -1.7567334832305455]], [[-1.1475126545366245, -0.028815579777920847, 0.001481343812452691], [-0.11372613069605789, -2.8307728784562958, -0.9643606828618152], [-0.035472606156976866, -0.9492313133768585, -1.7567334832305437]], [[-1.1475126545366245, -0.028815579777920847, 0.001481343812452691], [-0.1137261306960579, -2.8307728784562958, -0.9643606828618152], [-0.03547260615697696, -0.9492313133768586, -1.7567334832305437]], [[-1.1475126545366245, 0.028815579777920347, -0.0014813438124524386], [0.11372613069605711, -2.8307728784562958, -0.9643606828618139], [0.03547260615697692, -0.9492313133768584, -1.756733483230542]]]}, "metadata": {"formula": "Rb3BAs2", "nsites": 12, "structure": "# generated using pymatgen\ndata_Rb3BAs2\n_symmetry_space_group_name_H-M   'P 1'\n_cell_length_a   6.73757408\n_cell_length_b   6.73757408\n_cell_length_c   9.50820329\n_cell_angle_alpha   75.08862284\n_cell_angle_beta   75.08862284\n_cell_angle_gamma   87.88131879\n_symmetry_Int_Tables_number   1\n_chemical_formula_structural   Rb3BAs2\n_chemical_formula_sum   'Rb6 B2 As4'\n_cell_volume   402.84583623\n_cell_formula_units_Z   2\nloop_\n _symmetry_equiv_pos_site_id\n _symmetry_equiv_pos_as_xyz\n  1  'x, y, z'\nloop_\n _atom_site_type_symbol\n _atom_site_label\n _atom_site_symmetry_multiplicity\n _atom_site_fract_x\n _atom_site_fract_y\n _atom_site_fract_z\n _atom_site_occupancy\n  Rb  Rb1  1  0.851140  0.148860  0.750000  1\n  Rb  Rb2  1  0.148860  0.851140  0.250000  1\n  Rb  Rb3  1  0.242672  0.350353  0.981916  1\n  Rb  Rb4  1  0.649647  0.757328  0.518084  1\n  Rb  Rb5  1  0.757328  0.649647  0.018084  1\n  Rb  Rb6  1  0.350353  0.242672  0.481916  1\n  B  B7  1  0.784434  0.215566  0.250000  1\n  B  B8  1  0.215566  0.784434  0.750000  1\n  As  As9  1  0.909112  0.348445  0.357433  1\n  As  As10  1  0.651555  0.090888  0.142567  1\n  As  As11  1  0.348445  0.909112  0.857433  1\n  As  As12  1  0.090888  0.651555  0.642567  1\n"}}