{"phonon": {"ph_bandstructure": [[0.0, 0.0, 0.0, 172.53819995513587, 172.53819995683983, 174.11271255833813, 230.4324266069594, 230.43242660833653, 254.16796146862043]]}, "dielectric": {"eps_electronic": [[20.947215501242642, -2.065370587731522e-15, -3.552713678800501e-15], [-2.065370587731522e-15, 20.947215501242642, -3.552713678800501e-15], [-3.309038618371998e-15, -3.309038618371998e-15, 20.94721550124265]], "eps_total": [[25.952019751020114, 1.7603316841754815e-11, -2.4489921202075493e-10], [1.760173113474795e-11, 25.952019750994303, -5.702815997210564e-11], [-2.4489783423186e-10, -5.703388761056831e-11, 25.952019751231234]], "becs": [[[2.7426833629093466, 0.0, 0.0], [0.0, 2.7426833629093466, 0.0], [-1.1213122049153017e-18, -1.1213122049153017e-18, 2.7426833629093466]], [[-3.7067726110895585, 0.0, 0.0], [0.0, -3.7067726110895585, 0.0], [6.984903343560924e-19, 6.984903343560924e-19, -3.7067726110895585]], [[0.9640892490812397, 0.0, 0.0], [0.0, 0.9640892490812397, 0.0], [4.2282179788347364e-19, 4.2282179788347364e-19, 0.9640892490812397]]]}, "metadata": {"formula": "HfNiSn", "nsites": 3, "structure": "# generated using pymatgen\ndata_HfNiSn\n_symmetry_space_group_name_H-M   'P 1'\n_cell_length_a   4.27873624\n_cell_length_b   4.27873624\n_cell_length_c   4.27873624\n_cell_angle_alpha   60.00000000\n_cell_angle_beta   60.00000000\n_cell_angle_gamma   60.00000000\n_symmetry_Int_Tables_number   1\n_chemical_formula_structural   HfNiSn\n_chemical_formula_sum   'Hf1 Ni1 Sn1'\n_cell_volume   55.3900235176\n_cell_formula_units_Z   1\nloop_\n _symmetry_equiv_pos_site_id\n _symmetry_equiv_pos_as_xyz\n  1  'x, y, z'\nloop_\n _atom_site_type_symbol\n _atom_site_label\n _atom_site_symmetry_multiplicity\n _atom_site_fract_x\n _atom_site_fract_y\n _atom_site_fract_z\n _atom_site_occupancy\n  Hf  Hf1  1  0.000000  0.000000  0.000000  1\n  Ni  Ni2  1  0.250000  0.250000  0.250000  1\n  Sn  Sn3  1  0.500000  0.500000  0.500000  1\n"}}