{"phonon": {"ph_bandstructure": [[23.964912212364606, 30.211618079427783, 37.9473168217234, 48.259761942937665, 49.67426964819985, 51.91804786821536, 56.73109611940432, 62.629242966578026, 70.81720104450174, 78.37850310767104, 83.10929071871638, 84.42837339504595, 85.05922019223577, 85.2168272774182, 89.64626283838511, 91.7045185195313, 94.28494147210097, 98.64595900784965, 102.48351254486883, 104.76150788820236, 110.41176415418228, 113.20542733581964, 115.35425578117841, 119.07323659767515, 128.3050986547687, 130.1534272943177, 132.72629176895393, 137.40062559858134, 186.33597953760662, 195.14892886088614, 205.60880117709536, 248.72017408782787, 271.35948772671867, 281.0016098700245, 307.9082713478833, 309.5161673075032]]}, "dielectric": {"eps_electronic": [[4.4972853412824945, -0.12055511789001204, -0.2204654700361719], [-0.1205551178900119, 4.578203661328592, 0.06573147250131085], [-0.2204654700361728, 0.06573147250131091, 4.816053099619312]], "eps_total": [[7.761712309506715, -0.010150107511789732, -0.4601618352060165], [-0.010150107511790232, 9.535310921081942, -0.5934605571468808], [-0.46016183520601606, -0.593460557146881, 9.034560820225519]], "becs": [[[1.252458458636509, -0.10904945308381464, -0.021973521194599548], [-0.013330230534899956, 1.1164256377946113, 0.3283187261069764], [0.0019458263515465387, 0.1614001803414266, 1.310339241791734]], [[1.252458458636509, -0.10904945308381464, -0.021973521194599548], [-0.013330230534899956, 1.1164256377946113, 0.3283187261069764], [0.0019458263515465387, 0.1614001803414266, 1.310339241791734]], [[1.1404777962637955, 0.13131803837500663, 0.015866187971070596], [0.013915053518431442, 1.316023200976148, -0.21834979793067844], [-0.010729226468793027, -0.11503037434600077, 1.2269802219382804]], [[1.1404777962637955, 0.13131803837500663, 0.015866187971070596], [0.013915053518431442, 1.316023200976148, -0.21834979793067844], [-0.010729226468793027, -0.11503037434600077, 1.2269802219382804]], [[1.2641222182409826, -0.08351636258723222, -0.28873740426770383], [-0.1364977180053738, 2.532141238694527, 0.18797742834566866], [-0.277510855286031, 0.2905202424048994, 3.2052658849508857]], [[1.2641222182409826, -0.08351636258723222, -0.28873740426770383], [-0.1364977180053738, 2.532141238694527, 0.18797742834566866], [-0.277510855286031, 0.2905202424048994, 3.2052658849508857]], [[-1.1387144992311593, 0.3641244823208602, 0.18477821419516854], [0.2443553359798505, -2.4302361275314737, -0.18820363980279997], [0.18159272852152591, -0.3691830109880637, -1.3763212028332044]], [[-1.1387144992311593, 0.3641244823208602, 0.18477821419516854], [0.2443553359798505, -2.4302361275314737, -0.18820363980279997], [0.18159272852152591, -0.3691830109880637, -1.3763212028332044]], [[-1.0069422964796728, -0.06572580548049997, 0.15344036160041313], [-0.00574087373586493, -1.4396505976667764, 0.36719383231962555], [0.039266606302900575, 0.5294317845836032, -2.2919036629366643]], [[-1.0069422964796728, -0.06572580548049997, 0.15344036160041313], [-0.00574087373586493, -1.4396505976667764, 0.36719383231962555], [0.039266606302900575, 0.5294317845836032, -2.2919036629366643]], [[-1.511401677432406, -0.23715089954713053, -0.04337383831022095], [-0.10270156722458959, -1.0947033522735938, -0.47693654904177385], [0.06543492057302647, -0.4971388219990124, -2.0743604829252833]], [[-1.511401677432406, -0.23715089954713053, -0.04337383831022095], [-0.10270156722458959, -1.0947033522735938, -0.47693654904177385], [0.06543492057302647, -0.4971388219990124, -2.0743604829252833]]]}, "metadata": {"formula": "K2GeSe3", "nsites": 12, "structure": "# generated using pymatgen\ndata_K2GeSe3\n_symmetry_space_group_name_H-M   'P 1'\n_cell_length_a   6.76578322\n_cell_length_b   7.37889094\n_cell_length_c   8.58588517\n_cell_angle_alpha   74.98431751\n_cell_angle_beta   73.16243208\n_cell_angle_gamma   66.95613421\n_symmetry_Int_Tables_number   1\n_chemical_formula_structural   K2GeSe3\n_chemical_formula_sum   'K4 Ge2 Se6'\n_cell_volume   372.327069382\n_cell_formula_units_Z   2\nloop_\n _symmetry_equiv_pos_site_id\n _symmetry_equiv_pos_as_xyz\n  1  'x, y, z'\nloop_\n _atom_site_type_symbol\n _atom_site_label\n _atom_site_symmetry_multiplicity\n _atom_site_fract_x\n _atom_site_fract_y\n _atom_site_fract_z\n _atom_site_occupancy\n  K  K1  1  0.387605  0.797500  0.891630  1\n  K  K2  1  0.612395  0.202500  0.108370  1\n  K  K3  1  0.147936  0.465060  0.681934  1\n  K  K4  1  0.852064  0.534940  0.318066  1\n  Ge  Ge5  1  0.859379  0.058955  0.684206  1\n  Ge  Ge6  1  0.140621  0.941045  0.315794  1\n  Se  Se7  1  0.661572  0.388099  0.714475  1\n  Se  Se8  1  0.338428  0.611901  0.285525  1\n  Se  Se9  1  0.865611  0.813102  0.915048  1\n  Se  Se10  1  0.134389  0.186898  0.084952  1\n  Se  Se11  1  0.228430  0.038992  0.533525  1\n  Se  Se12  1  0.771570  0.961008  0.466475  1\n"}}