{"phonon": {"ph_bandstructure": [[0.0, 0.0, 0.0, 80.54113865416659, 80.541138656944, 80.5411386651822, 128.9719012413605, 128.9719012483183, 133.18886198284812, 214.47858695241064, 214.47858695672926, 241.83265760068008, 532.8619280474289, 532.8619280482865, 532.8619280487312, 718.2973926742005, 718.2973926761449, 725.8128624218419, 725.8128624225086, 725.8128624237812, 854.6936406611728, 854.6936406617073, 854.6936406619841, 893.503397051314, 1045.4017524631254, 1045.401752464391, 1201.7991129447482, 1201.799112946683, 1268.2440805084923, 1415.2766894210156]]}, "dielectric": {"eps_electronic": [[3.901526186895057, -2.7177307361543058e-15, -3.1086244689504383e-15], [-2.7177307361543058e-15, 3.901526186895057, -3.1086244689504383e-15], [-2.7674544126184475e-15, -2.7674544126184475e-15, 3.9015261868950573]], "eps_total": [[9.115237093690535, -4.575225715299687e-12, -1.1899814467142278e-11], [-4.574926324816439e-12, 9.115237093739562, 8.622169644922906e-11], [-1.189748310357704e-11, 8.622313963437459e-11, 9.115237093783279]], "becs": [[[1.1104382547388696, 1.1102230411687688e-17, -1.1102230411687688e-17], [1.1102230411687688e-17, 1.1104382547388696, -3.3306691235063064e-17], [-3.3151329709466314e-17, 3.346205276065982e-17, 1.1104382547388696]], [[1.1104382547388696, 1.1102230411687688e-17, -1.1102230411687688e-17], [1.1102230411687688e-17, 1.1104382547388696, -3.3306691235063064e-17], [-3.3151329709466314e-17, 3.346205276065982e-17, 1.1104382547388696]], [[1.263947033816237, 1.1102230411687688e-17, -1.1102230411687688e-17], [1.1102230411687688e-17, 1.263947033816237, -3.3306691235063064e-17], [-3.376513435949052e-17, 3.2848248110635614e-17, 1.263947033816237]], [[2.0796909966172823, 1.1102230411687688e-17, -1.1102230411687688e-17], [1.1102230411687688e-17, 2.0796909966172823, -3.3306691235063064e-17], [-3.327826161203217e-17, 3.333512085809397e-17, 2.0796909966172823]], [[-1.1671759483434938, -4.440892081957014e-17, 4.440892081957014e-17], [1.3433698599618755e-15, -0.80754066080313, -1.310063169553993e-15], [1.2989884892190678e-15, -1.2989333874111817e-15, -0.8075406608031299]], [[-0.8075406608031299, 1.3433698599618755e-15, -1.3433698599618755e-15], [-9.992007205082797e-17, -1.1671759483434938, 7.771561122745259e-17], [-1.3655467698813079e-15, 1.365601871689194e-15, -0.8075406608031299]], [[-0.8075406608031299, 1.3433698599618755e-15, -1.3433698599618755e-15], [-9.992007205082797e-17, -1.1671759483434938, 7.771561122745259e-17], [-1.3655467698813079e-15, 1.365601871689194e-15, -0.8075406608031299]], [[-0.8075406608031299, -1.3211653991385002e-15, 1.3211653991385002e-15], [-1.2656542479072423e-15, -0.80754066080313, 1.2989609383151248e-15], [1.3323130587797853e-16, -1.332222190394423e-16, -1.1671759483434938]], [[-0.8075406608031299, -1.3211653991385002e-15, 1.3211653991385002e-15], [-1.2656542479072423e-15, -0.80754066080313, 1.2989609383151248e-15], [1.3323130587797853e-16, -1.332222190394423e-16, -1.1671759483434938]], [[-1.1671759483434938, -4.440892081957014e-17, 4.440892081957014e-17], [1.3433698599618755e-15, -0.80754066080313, -1.310063169553993e-15], [1.2989884892190678e-15, -1.2989333874111817e-15, -0.8075406608031299]]]}, "metadata": {"formula": "Cs2NaAlH6", "nsites": 10, "structure": "# generated using pymatgen\ndata_Cs2NaAlH6\n_symmetry_space_group_name_H-M   'P 1'\n_cell_length_a   5.98828830\n_cell_length_b   5.98828830\n_cell_length_c   5.98828830\n_cell_angle_alpha   60.00000000\n_cell_angle_beta   60.00000000\n_cell_angle_gamma   60.00000000\n_symmetry_Int_Tables_number   1\n_chemical_formula_structural   Cs2NaAlH6\n_chemical_formula_sum   'Cs2 Na1 Al1 H6'\n_cell_volume   151.842415718\n_cell_formula_units_Z   1\nloop_\n _symmetry_equiv_pos_site_id\n _symmetry_equiv_pos_as_xyz\n  1  'x, y, z'\nloop_\n _atom_site_type_symbol\n _atom_site_label\n _atom_site_symmetry_multiplicity\n _atom_site_fract_x\n _atom_site_fract_y\n _atom_site_fract_z\n _atom_site_occupancy\n  Cs  Cs1  1  0.750000  0.750000  0.750000  1\n  Cs  Cs2  1  0.250000  0.250000  0.250000  1\n  Na  Na3  1  0.000000  0.000000  0.000000  1\n  Al  Al4  1  0.500000  0.500000  0.500000  1\n  H  H5  1  0.711793  0.288207  0.288207  1\n  H  H6  1  0.288207  0.711793  0.288207  1\n  H  H7  1  0.711793  0.288207  0.711793  1\n  H  H8  1  0.711793  0.711793  0.288207  1\n  H  H9  1  0.288207  0.288207  0.711793  1\n  H  H10  1  0.288207  0.711793  0.711793  1\n"}}