{"phonon": {"ph_bandstructure": [[-0.0024055253113742904, 0.0, 0.0, 74.31128428696357, 74.31128428788043, 100.08420848638494, 230.25257930727642, 237.9650841222167, 289.65526421097695, 291.72801504151414, 302.7587451005033, 353.20862534244696, 445.69139167918644, 448.62159627971386, 448.62159628740176, 530.8628160971838, 535.3954318302559, 535.3954318389824, 535.4646278454194, 543.5672130703051, 723.7111869791935, 786.5593003022168, 792.6603201583324, 907.4916928237157]]}, "dielectric": {"eps_electronic": [[1.899718269645722, 0.0, 0.0006412179620535459], [0.0, 1.8978260065698462, 0.0], [0.0006412179620534223, 0.0, 1.8980432916226284]], "eps_total": [[6.10400248280675, -1.639142155340778e-10, 0.16429524665906345], [-1.6391438455668035e-10, 5.619159804429183, -5.399842381116867e-11], [0.16429524665906428, -5.399836133790359e-11, 5.674833385357391]], "becs": [[[1.217846617337484, 0.024504798766901044, 0.009451379546568356], [-0.024504798767815764, 1.1899551702662823, 0.07231476573594332], [0.009451379547002835, -0.07231476573657096, 1.193157893133596]], [[3.890227128336206, -0.0304933307432885, -0.004398696318040601], [0.030493330744427213, 3.9032078794458656, -0.08998719353647724], [-0.004398696318243141, 0.08998719353725818, 3.9017173239968184]], [[-0.7561305453897696, -0.3032536648004341, -0.16000720855799624], [-0.30577369718941205, -1.0599034863941794, -0.2563773597746441], [-0.16191079878706977, -0.26209065394702713, -0.7333179703020929]], [[-1.1077755326536805, 0.1134251232519831, 0.37292759582610313], [0.11012952392772903, -0.6153483941639962, -0.07435174264492887], [0.37435840222110844, -0.07980222586879723, -0.8262280752683648]], [[-0.6901307947933947, 0.1928228075366447, -0.21544672888237074], [0.19264990727337727, -0.871329644297898, 0.33956531631983994], [-0.2149739450484185, 0.3330566659154808, -0.9878915629947498]], [[-1.1077755326536805, 0.1134251232519831, 0.37292759582610313], [0.11012952392772903, -0.6153483941639962, -0.07435174264492887], [0.37435840222110844, -0.07980222586879723, -0.8262280752683648]], [[-0.6901307947933947, 0.1928228075366447, -0.21544672888237074], [0.19264990727337727, -0.871329644297898, 0.33956531631983994], [-0.2149739450484185, 0.3330566659154808, -0.9878915629947498]], [[-0.7561305453897696, -0.3032536648004341, -0.16000720855799624], [-0.30577369718941205, -1.0599034863941794, -0.2563773597746441], [-0.16191079878706977, -0.26209065394702713, -0.7333179703020929]]]}, "metadata": {"formula": "LiPF6", "nsites": 8, "structure": "# generated using pymatgen\ndata_LiPF6\n_symmetry_space_group_name_H-M   'P 1'\n_cell_length_a   5.10367659\n_cell_length_b   5.10367659\n_cell_length_c   5.10367659\n_cell_angle_alpha   58.13758913\n_cell_angle_beta   58.13758913\n_cell_angle_gamma   58.13758913\n_symmetry_Int_Tables_number   1\n_chemical_formula_structural   LiPF6\n_chemical_formula_sum   'Li1 P1 F6'\n_cell_volume   89.9885301892\n_cell_formula_units_Z   1\nloop_\n _symmetry_equiv_pos_site_id\n _symmetry_equiv_pos_as_xyz\n  1  'x, y, z'\nloop_\n _atom_site_type_symbol\n _atom_site_label\n _atom_site_symmetry_multiplicity\n _atom_site_fract_x\n _atom_site_fract_y\n _atom_site_fract_z\n _atom_site_occupancy\n  Li  Li1  1  0.500000  0.500000  0.500000  1\n  P  P2  1  0.000000  0.000000  0.000000  1\n  F  F3  1  0.217291  0.692993  0.868404  1\n  F  F4  1  0.692993  0.868404  0.217291  1\n  F  F5  1  0.868404  0.217291  0.692993  1\n  F  F6  1  0.307007  0.131596  0.782709  1\n  F  F7  1  0.131596  0.782709  0.307007  1\n  F  F8  1  0.782709  0.307007  0.131596  1\n"}}