{"phonon": {"ph_bandstructure": [[-55.931983033491285, -55.931983027529995, -55.93198302550614, 0.0, 0.0, 0.0, 56.20069212218721, 56.20069213791584, 56.26231917666344, 56.26231918040953, 56.262319191584496, 84.46850009566062, 84.46850009830987, 84.46850010617283, 84.53880512470361, 136.3961526529528, 136.39615265954708, 170.00718585393477, 170.00718585569646, 170.00718585629508, 190.1874368871778, 221.06227649804097, 221.06227650224645, 236.1460451174965, 337.94500349822147, 337.94500350003824, 419.88495629102533, 419.88495629354327, 462.69425240867986, 475.4231601850728]]}, "dielectric": {"eps_electronic": [[2.3042594123439404, -9.07443228369492e-16, -8.881784197001252e-16], [-9.07443228369492e-16, 2.3042594123439404, -8.881784197001252e-16], [-9.605840892688143e-16, -9.605840892688143e-16, 2.3042594123439404]], "eps_total": null, "becs": [[[1.224943290834562, -4.440892164675075e-17, -4.440892164675075e-17], [-4.440892164675075e-17, 1.224943290834562, -4.440892164675075e-17], [-4.448272911131524e-17, -4.448272911131524e-17, 1.2249432908345623]], [[1.224943290834562, -4.440892164675075e-17, -4.440892164675075e-17], [-4.440892164675075e-17, 1.224943290834562, -4.440892164675075e-17], [-4.448272911131524e-17, -4.448272911131524e-17, 1.2249432908345623]], [[1.224809891045753, -4.440892164675075e-17, -4.440892164675075e-17], [-4.440892164675075e-17, 1.224809891045753, -4.440892164675075e-17], [-4.4397210985421785e-17, -4.4397210985421785e-17, 1.2248098910457532]], [[2.8253967771101784, -4.440892164675075e-17, -4.440892164675075e-17], [-4.440892164675075e-17, 2.8253967771101784, -4.440892164675075e-17], [-4.426752449920846e-17, -4.426752449920846e-17, 2.825396777110179]], [[-1.4648875966847876, 3.9968028820331186e-16, -4.884981314968134e-16], [-1.3766765511969386e-15, -0.8925795141263488, 1.5099033128284684e-15], [-1.820733443492736e-15, 1.954024840232796e-15, -0.8925795141263493]], [[-0.8925795141263488, -1.3766765511969386e-15, 1.5099033128284684e-15], [3.9968028820331186e-16, -1.4648875966847876, -4.884981314968134e-16], [1.954024840232796e-15, -1.820733443492736e-15, -0.8925795141263493]], [[-0.8925795141263488, -1.3766765511969386e-15, 1.5099033128284684e-15], [3.9968028820331186e-16, -1.4648875966847876, -4.884981314968134e-16], [1.954024840232796e-15, -1.820733443492736e-15, -0.8925795141263493]], [[-0.8925795141263493, 1.0658141029784058e-15, -9.32587341346876e-16], [1.0658141029784058e-15, -0.8925795141263493, -9.32587341346876e-16], [-4.4476303192743915e-17, -4.4476303192743915e-17, -1.4648875966847874]], [[-0.8925795141263493, 1.0658141029784058e-15, -9.32587341346876e-16], [1.0658141029784058e-15, -0.8925795141263493, -9.32587341346876e-16], [-4.4476303192743915e-17, -4.4476303192743915e-17, -1.4648875966847874]], [[-1.4648875966847876, 3.9968028820331186e-16, -4.884981314968134e-16], [-1.3766765511969386e-15, -0.8925795141263488, 1.5099033128284684e-15], [-1.820733443492736e-15, 1.954024840232796e-15, -0.8925795141263493]]]}, "metadata": {"formula": "Rb2NaTlF6", "nsites": 10, "structure": "# generated using pymatgen\ndata_Rb2NaTlF6\n_symmetry_space_group_name_H-M   'P 1'\n_cell_length_a   6.24070826\n_cell_length_b   6.24070826\n_cell_length_c   6.24070826\n_cell_angle_alpha   60.00000000\n_cell_angle_beta   60.00000000\n_cell_angle_gamma   60.00000000\n_symmetry_Int_Tables_number   1\n_chemical_formula_structural   Rb2NaTlF6\n_chemical_formula_sum   'Rb2 Na1 Tl1 F6'\n_cell_volume   171.864684339\n_cell_formula_units_Z   1\nloop_\n _symmetry_equiv_pos_site_id\n _symmetry_equiv_pos_as_xyz\n  1  'x, y, z'\nloop_\n _atom_site_type_symbol\n _atom_site_label\n _atom_site_symmetry_multiplicity\n _atom_site_fract_x\n _atom_site_fract_y\n _atom_site_fract_z\n _atom_site_occupancy\n  Rb  Rb1  1  0.250000  0.250000  0.250000  1\n  Rb  Rb2  1  0.750000  0.750000  0.750000  1\n  Na  Na3  1  0.000000  0.000000  0.000000  1\n  Tl  Tl4  1  0.500000  0.500000  0.500000  1\n  F  F5  1  0.254501  0.745499  0.745499  1\n  F  F6  1  0.745499  0.254501  0.745499  1\n  F  F7  1  0.254501  0.745499  0.254501  1\n  F  F8  1  0.254501  0.254501  0.745499  1\n  F  F9  1  0.745499  0.745499  0.254501  1\n  F  F10  1  0.745499  0.254501  0.254501  1\n"}}