{"phonon": {"ph_bandstructure": [[-31.144087913295987, -31.14408790262492, -31.144087899024374, 0.0, 0.0, 0.0, 49.47379831713737, 49.47379832161084, 49.47379833498092, 53.52120322703762, 53.52120324354882, 61.809634609642735, 81.76364840224996, 81.76364840498378, 81.76364841310416, 101.00823740199253, 101.00823741081408, 131.31373282472407, 131.31373282725215, 131.31373282810526, 141.9278433532516, 177.1532715506322, 177.15327155377452, 225.61150136740284, 225.61150137153254, 247.34278655790933, 259.8096217037276, 259.80962170737786, 291.092287155754, 302.12267640448357]]}, "dielectric": {"eps_electronic": [[3.089922005793721, 3.646788754744364e-18, 0.0], [-5.4473436604956e-17, 3.0899220057937207, 2.220446049250313e-16], [-5.058562239645073e-16, 3.823221957356179e-16, 3.0899220057937216]], "eps_total": null, "becs": [[[1.2855249661274848, -1.3322676494025225e-16, -1.3322676494025225e-16], [-8.88178432935015e-17, 1.2855249661274848, -1.3322676494025225e-16], [-8.890062219209159e-17, -8.890062219209159e-17, 1.2855249661274848]], [[1.2855249661274848, -1.3322676494025225e-16, -1.3322676494025225e-16], [-8.88178432935015e-17, 1.2855249661274848, -1.3322676494025225e-16], [-8.890062219209159e-17, -8.890062219209159e-17, 1.2855249661274848]], [[1.4774188084931337, -1.3322676494025225e-16, -1.3322676494025225e-16], [-8.88178432935015e-17, 1.4774188084931335, -1.3322676494025225e-16], [-8.88779921988293e-17, -8.88779921988293e-17, 1.4774188084931335]], [[3.1263836255640776, -1.3322676494025225e-16, -1.3322676494025225e-16], [-8.88178432935015e-17, 3.1263836255640776, -1.3322676494025225e-16], [-8.864948710871918e-17, -8.864948710871918e-17, 3.126383625564077]], [[-1.9290686051110284, -1.3322676494025225e-16, -1.3322676494025225e-16], [1.9095836010317803e-15, -0.8291787890170443, -1.6875389994154714e-15], [1.886245353240499e-15, -1.6664683255600019e-15, -0.8291787890170443]], [[-0.8291787890170438, 2.7533530990851548e-15, -2.3536728141905653e-15], [5.773159714815924e-16, -1.9290686051110275, -7.993605797153462e-16], [-1.6199056452747016e-15, 1.932808033525799e-15, -0.8291787890170443]], [[-0.8291787890170438, 2.7533530990851548e-15, -2.3536728141905653e-15], [5.773159714815924e-16, -1.9290686051110275, -7.993605797153462e-16], [-1.6199056452747016e-15, 1.932808033525799e-15, -0.8291787890170443]], [[-0.8291787890170438, -2.3536728141905653e-15, 2.7533530990851548e-15], [-2.3092638925438146e-15, -0.8291787890170439, 2.7533530990851548e-15], [-8.867535274161648e-17, -8.867535274161648e-17, -1.9290686051110266]], [[-0.8291787890170438, -2.3536728141905653e-15, 2.7533530990851548e-15], [-2.3092638925438146e-15, -0.8291787890170439, 2.7533530990851548e-15], [-8.867535274161648e-17, -8.867535274161648e-17, -1.9290686051110266]], [[-1.9290686051110284, -1.3322676494025225e-16, -1.3322676494025225e-16], [1.9095836010317803e-15, -0.8291787890170443, -1.6875389994154714e-15], [1.886245353240499e-15, -1.6664683255600019e-15, -0.8291787890170443]]]}, "metadata": {"formula": "Rb2LiInCl6", "nsites": 10, "structure": "# generated using pymatgen\ndata_Rb2LiInCl6\n_symmetry_space_group_name_H-M   'P 1'\n_cell_length_a   7.13753712\n_cell_length_b   7.13753712\n_cell_length_c   7.13753712\n_cell_angle_alpha   60.00000000\n_cell_angle_beta   60.00000000\n_cell_angle_gamma   60.00000000\n_symmetry_Int_Tables_number   1\n_chemical_formula_structural   Rb2LiInCl6\n_chemical_formula_sum   'Rb2 Li1 In1 Cl6'\n_cell_volume   257.116615363\n_cell_formula_units_Z   1\nloop_\n _symmetry_equiv_pos_site_id\n _symmetry_equiv_pos_as_xyz\n  1  'x, y, z'\nloop_\n _atom_site_type_symbol\n _atom_site_label\n _atom_site_symmetry_multiplicity\n _atom_site_fract_x\n _atom_site_fract_y\n _atom_site_fract_z\n _atom_site_occupancy\n  Rb  Rb1  1  0.250000  0.250000  0.250000  1\n  Rb  Rb2  1  0.750000  0.750000  0.750000  1\n  Li  Li3  1  0.000000  0.000000  0.000000  1\n  In  In4  1  0.500000  0.500000  0.500000  1\n  Cl  Cl5  1  0.251129  0.748871  0.748871  1\n  Cl  Cl6  1  0.748871  0.251129  0.748871  1\n  Cl  Cl7  1  0.251129  0.748871  0.251129  1\n  Cl  Cl8  1  0.251129  0.251129  0.748871  1\n  Cl  Cl9  1  0.748871  0.748871  0.251129  1\n  Cl  Cl10  1  0.748871  0.251129  0.251129  1\n"}}