{"phonon": {"ph_bandstructure": [[0.0, 0.0, 0.0, 121.3588612055458, 130.5656541399516, 136.75448217992115, 219.77579294370662, 348.90646151028534, 362.75156728538883, 812.8109795785944, 859.3578628978496, 1216.4527574649212]]}, "dielectric": {"eps_electronic": [[15.72623326144804, 0.0, -6.49096771266371e-24], [0.0, 15.726233260836256, -3.372805760516746e-23], [-6.490967712663712e-24, -7.869880107872406e-23, 12.375484553300435]], "eps_total": [[20.845845343753048, 3.552713678800501e-15, -6.49096771266371e-24], [-8.881784197001252e-16, 20.84584534299938, -3.372805760516746e-23], [-6.490967712663712e-24, -7.869880107872406e-23, 19.334712575064877]], "becs": [[[1.96759984717414, 0.0, 2.9483668083886857e-23], [0.0, 1.9675998471741405, 1.574572342673286e-22], [2.712781637815792e-22, 1.9369294003286064e-22, 2.2670605874755045]], [[2.241768346681241, 0.0, -9.827889361295618e-24], [0.0, 2.2417683466812415, -4.681161018758417e-23], [-4.334029835563692e-23, -1.760844909389642e-23, 1.3615917209317772]], [[-2.8638050051741026, 0.0, -9.827889361295618e-24], [0.0, -2.863805005174104, -4.681161018758417e-23], [-1.1396893271297114e-22, -8.80422454694821e-23, -1.9767063759780767]], [[-1.3455631886812789, 0.0, -9.827889361295618e-24], [0.0, -1.3455631886812784, -6.383401389216023e-23], [-1.1396893271297114e-22, -8.80422454694821e-23, -1.6519459324292047]]]}, "metadata": {"formula": "SrAlGeH", "nsites": 4, "structure": "# generated using pymatgen\ndata_SrAlGeH\n_symmetry_space_group_name_H-M   'P 1'\n_cell_length_a   4.23019349\n_cell_length_b   4.23019349\n_cell_length_c   4.83547523\n_cell_angle_alpha   90.00000000\n_cell_angle_beta   90.00000000\n_cell_angle_gamma   120.00000000\n_symmetry_Int_Tables_number   1\n_chemical_formula_structural   SrAlGeH\n_chemical_formula_sum   'Sr1 Al1 Ge1 H1'\n_cell_volume   74.9359573523\n_cell_formula_units_Z   1\nloop_\n _symmetry_equiv_pos_site_id\n _symmetry_equiv_pos_as_xyz\n  1  'x, y, z'\nloop_\n _atom_site_type_symbol\n _atom_site_label\n _atom_site_symmetry_multiplicity\n _atom_site_fract_x\n _atom_site_fract_y\n _atom_site_fract_z\n _atom_site_occupancy\n  Sr  Sr1  1  0.666667  0.333333  0.005352  1\n  Al  Al2  1  0.333333  0.666667  0.462212  1\n  Ge  Ge3  1  0.000000  -0.000000  0.562404  1\n  H  H4  1  0.333333  0.666667  0.099230  1\n"}}