{"phonon": {"ph_bandstructure": [[0.0, 0.0, 0.0, 36.88137742370602, 38.12366274198752, 49.176737311170626, 53.05940988072362, 54.02500511711751, 60.468144835340034, 61.04275468370897, 80.1471717396213, 84.16147702743233, 89.14303271006045, 89.14303271223456, 102.63083058370196, 118.47819444935395, 118.94558810450836, 127.49092224687745, 127.49092224891255, 128.9647615606151, 151.2533688873984, 158.5113435605521, 166.25614376860204, 191.92369069988175]]}, "dielectric": {"eps_electronic": [[9.967516681521781, 0.0, -1.21368406381006], [0.0, 14.915877519605566, 0.0], [-1.2136840638100612, 0.0, 14.618197327032927]], "eps_total": [[21.599777233558548, -1.5987211554602254e-14, 0.36903066170828697], [-1.079443290950019e-14, 20.095187263499298, 2.8576542176135276e-15], [0.3690306617082842, 2.6645352591003757e-15, 20.185699384508183]], "becs": [[[1.6992512842621312, 0.0, 0.09695848866963785], [0.0, 1.3039378723752277, 0.0], [0.09695848867290816, 0.0, 1.3277188730767866]], [[1.113778516219891, 0.0, -0.008539593462012829], [0.0, 1.1485956413000562, 0.0], [-0.008539593462298666, 0.0, 1.1465011358998847]], [[1.113778516219891, 0.0, -0.008539593462012829], [0.0, 1.1485956413000562, 0.0], [-0.008539593462298666, 0.0, 1.1465011358998847]], [[-2.7920134177598754, 0.0, -0.18963795665259842], [0.0, -2.018832763892343, 0.0], [-0.18963795665899302, 0.0, -2.0653452502365095]], [[-2.7920134177598754, 0.0, -0.18963795665259842], [0.0, -2.018832763892343, 0.0], [-0.18963795665899302, 0.0, -2.0653452502365095]], [[0.21325101210016384, 0.07039208525769824, 0.26032028445743893], [1.8862947620136774, 0.5570189891787456, 1.1965276815291348], [1.3398065033797004, 0.7511413783677364, 0.09763808112897165]], [[1.2307164946175104, 0.0, -0.22124395735529323], [0.0, -0.677501605548146, 0.0], [-2.3802163951897253, 0.0, 0.3146931933385202]], [[0.21325101210016384, -0.07039208525769824, 0.26032028445743893], [-1.8862947620136774, 0.5570189891787456, -1.1965276815291348], [1.3398065033797004, -0.7511413783677364, 0.09763808112897165]]]}, "metadata": {"formula": "K3Sb2Au3", "nsites": 8, "structure": "# generated using pymatgen\ndata_K3Sb2Au3\n_symmetry_space_group_name_H-M   'P 1'\n_cell_length_a   8.02361503\n_cell_length_b   8.02361503\n_cell_length_c   8.02361503\n_cell_angle_alpha   44.84120658\n_cell_angle_beta   44.84120658\n_cell_angle_gamma   44.84120658\n_symmetry_Int_Tables_number   1\n_chemical_formula_structural   K3Sb2Au3\n_chemical_formula_sum   'K3 Sb2 Au3'\n_cell_volume   233.694040071\n_cell_formula_units_Z   1\nloop_\n _symmetry_equiv_pos_site_id\n _symmetry_equiv_pos_as_xyz\n  1  'x, y, z'\nloop_\n _atom_site_type_symbol\n _atom_site_label\n _atom_site_symmetry_multiplicity\n _atom_site_fract_x\n _atom_site_fract_y\n _atom_site_fract_z\n _atom_site_occupancy\n  K  K1  1  0.500000  0.500000  0.500000  1\n  K  K2  1  0.919701  0.919701  0.919701  1\n  K  K3  1  0.080299  0.080299  0.080299  1\n  Sb  Sb4  1  0.240275  0.240275  0.240275  1\n  Sb  Sb5  1  0.759725  0.759725  0.759725  1\n  Au  Au6  1  0.000000  0.500000  0.500000  1\n  Au  Au7  1  0.500000  0.500000  0.000000  1\n  Au  Au8  1  0.500000  0.000000  0.500000  1\n"}}