{"phonon": {"ph_bandstructure": [[0.0, 0.0, 0.0, 175.66917080273384, 175.66917080441368, 191.60396626550016, 192.64592235603166, 192.64592235759596, 223.49026487629027]]}, "dielectric": {"eps_electronic": [[6.587284482772136, 7.965094883395309e-17, -8.881784197001252e-16], [-3.6443826101610952e-16, 6.587284482772136, -1.3322676295501878e-15], [-4.612625060755429e-16, -4.612625060755429e-16, 6.587284482772137]], "eps_total": [[10.546828527436904, -8.575528536222497e-12, -9.86037917982685e-11], [-8.576198116853e-12, 10.546828527519128, 2.3366819590364685e-10], [-9.860317992355663e-11, 2.3366880777835873e-10, 10.546828527502065]], "becs": [[[0.8938055382351567, 0.0, 0.0], [0.0, 0.8938055382351567, 0.0], [1.779458636630422e-19, 1.779458636630422e-19, 0.8938055382351567]], [[1.7419791884627005, 0.0, 0.0], [0.0, 1.7419791884627005, 0.0], [1.6468351292868244e-19, 1.6468351292868244e-19, 1.7419791884627005]], [[-2.6357847266199026, 0.0, 0.0], [0.0, -2.6357847266199026, 0.0], [-3.426293709467234e-19, -3.426293709467234e-19, -2.6357847266199026]]]}, "metadata": {"formula": "NaCaAs", "nsites": 3, "structure": "# generated using pymatgen\ndata_NaCaAs\n_symmetry_space_group_name_H-M   'P 1'\n_cell_length_a   4.86100745\n_cell_length_b   4.86100745\n_cell_length_c   4.86100745\n_cell_angle_alpha   60.00000000\n_cell_angle_beta   60.00000000\n_cell_angle_gamma   60.00000000\n_symmetry_Int_Tables_number   1\n_chemical_formula_structural   NaCaAs\n_chemical_formula_sum   'Na1 Ca1 As1'\n_cell_volume   81.2201642123\n_cell_formula_units_Z   1\nloop_\n _symmetry_equiv_pos_site_id\n _symmetry_equiv_pos_as_xyz\n  1  'x, y, z'\nloop_\n _atom_site_type_symbol\n _atom_site_label\n _atom_site_symmetry_multiplicity\n _atom_site_fract_x\n _atom_site_fract_y\n _atom_site_fract_z\n _atom_site_occupancy\n  Na  Na1  1  0.500000  0.500000  0.500000  1\n  Ca  Ca2  1  1.000000  1.000000  1.000000  1\n  As  As3  1  0.250000  0.250000  0.250000  1\n"}}