{"phonon": {"ph_bandstructure": [[0.0, 0.0, 0.0, 38.430258713886474, 39.62087801848345, 45.95476064498094, 53.17081119630583, 55.01295582610638, 56.58490310380556, 64.47190568303847, 71.8743227842734, 72.28310749914253, 72.52729166877835, 84.46446033692123, 88.87517601835741, 92.31195759428824, 93.81166611168163, 105.88663627404499, 108.46634372769334, 111.85762615323836, 112.4521759204939, 114.25926374528461, 119.93543965499983, 149.52174550893267, 164.80510980822422, 196.69531872245878, 200.26022951800104, 210.34514736121855, 219.51600668347055, 224.43931146611104]]}, "dielectric": {"eps_electronic": [[3.1956612268810316, 1.7763568394002505e-15, 0.0], [9.43689570931383e-16, 3.090113010487851, 0.0], [0.0, 0.0, 3.1680368738742475]], "eps_total": [[6.831118119431724, 0.0, 0.0], [0.0, 6.378206686937984, 0.0], [0.0, 0.0, 8.278825031657382]], "becs": [[[1.1541753513374324, 2.2204460823375376e-17, -2.7577249021842638e-19], [2.664535298805045e-16, 1.3494515829607865, -1.3878008883150752e-18], [5.551115205843844e-18, 4.163336404382883e-18, 1.2433546054042133]], [[1.1541753513374324, 2.2204460823375376e-17, -2.7575916243152986e-19], [2.664535298805045e-16, 1.3494515829607865, -1.3878450620233035e-18], [5.551115205843844e-18, 4.163336404382883e-18, 1.2433546054042133]], [[2.5121668349602073, 2.2204460823375376e-17, -2.757658263249781e-19], [2.664535298805045e-16, 1.9744681941065219, 0.11306860939830322], [-1.2217670812284241e-16, 0.23498794364737471, 2.3654666007585106]], [[2.5121668349602073, 2.2204460823375376e-17, -2.757658263249781e-19], [2.664535298805045e-16, 1.9744681941065219, -0.11306860939830322], [5.551115205843844e-18, -0.23498794364737474, 2.3654666007585106]], [[-1.453568805565999, 2.2204460823375376e-17, -2.757658263249781e-19], [2.664535298805045e-16, -1.176457003097834, 0.18710098533338798], [2.77816634467436e-17, 0.19552847773991985, -0.9033426845438932]], [[-1.453568805565999, 2.2204460823375376e-17, 2.4818923958324933e-18], [2.664535298805045e-16, -1.176457003097834, -0.18710098533338798], [7.776778730327227e-17, -0.19552847773991988, -0.9033426845438932]], [[-1.453568805565999, 2.2204460823375376e-17, -3.0334240484824493e-18], [2.664535298805045e-16, -1.176457003097834, -0.18710098533338798], [5.551115205843844e-18, -0.19552847773991985, -0.9033426845438914]], [[-1.453568805565999, 2.2204460823375376e-17, 2.4818923958324933e-18], [2.664535298805045e-16, -1.176457003097834, 0.18710098533338798], [-1.6679433035055914e-17, 0.19552847773991985, -0.9033426845438932]], [[-0.7592045751243066, 2.2204460823375376e-17, -2.7560589288221974e-19], [2.664535298805045e-16, -0.9710057708711402, -1.3879554962938745e-18], [5.551115205843844e-18, 4.163336404382883e-18, -1.8021358370742713]], [[-0.7592045751243066, -1.9984014410165593e-16, -2.759257597677365e-19], [-2.398081729219871e-15, -0.971005770871141, -1.3876021066280475e-18], [5.551115205843844e-18, 4.163336404382883e-18, -1.8021358370742713]]]}, "metadata": {"formula": "KCaBr3", "nsites": 10, "structure": "# generated using pymatgen\ndata_KCaBr3\n_symmetry_space_group_name_H-M   'P 1'\n_cell_length_a   7.29176816\n_cell_length_b   7.29176816\n_cell_length_c   10.65223962\n_cell_angle_alpha   90.00000000\n_cell_angle_beta   90.00000000\n_cell_angle_gamma   146.42149751\n_symmetry_Int_Tables_number   1\n_chemical_formula_structural   KCaBr3\n_chemical_formula_sum   'K2 Ca2 Br6'\n_cell_volume   313.251959667\n_cell_formula_units_Z   2\nloop_\n _symmetry_equiv_pos_site_id\n _symmetry_equiv_pos_as_xyz\n  1  'x, y, z'\nloop_\n _atom_site_type_symbol\n _atom_site_label\n _atom_site_symmetry_multiplicity\n _atom_site_fract_x\n _atom_site_fract_y\n _atom_site_fract_z\n _atom_site_occupancy\n  K  K1  1  0.746641  0.253359  0.250000  1\n  K  K2  1  0.253359  0.746641  0.750000  1\n  Ca  Ca3  1  0.000000  0.000000  0.500000  1\n  Ca  Ca4  1  0.000000  0.000000  0.000000  1\n  Br  Br5  1  0.635074  0.364926  0.555482  1\n  Br  Br6  1  0.364926  0.635074  0.055482  1\n  Br  Br7  1  0.635074  0.364926  0.944518  1\n  Br  Br8  1  0.364926  0.635074  0.444518  1\n  Br  Br9  1  0.071111  0.928889  0.250000  1\n  Br  Br10  1  0.928889  0.071111  0.750000  1\n"}}