{"phonon": {"ph_bandstructure": [[0.0, 0.0, 0.0, 61.53489008765976, 61.534890087791304, 61.534890088129245, 94.10038879373099, 94.1003887945537, 97.54846990689087, 145.07117425866457, 145.07117426166997, 160.44382079875157, 169.48845747615485, 169.48845747985564, 169.52598845419692, 194.30919558182316, 194.30919558227802, 194.30919558357417, 196.7036714173466, 196.703671420706, 196.70704069567904, 288.03657023055206, 288.0365702329198, 288.28417497680886]]}, "dielectric": {"eps_electronic": [[12.477459521836785, 0.0, 0.0], [0.0, 12.477459521836785, 0.0], [0.0, 0.0, 12.477459521836785]], "eps_total": [[13.438097731949291, 4.766095606820999e-10, 4.460159798065042e-12], [4.766095606820999e-10, 13.438097732115526, 6.628845270386038e-13], [4.460159798065042e-12, 6.628845270386038e-13, 13.43809773190196]], "becs": [[[0.20009009959944768, 0.0, 0.0], [0.0, 0.20009009959944768, 0.0], [0.0, 0.0, 0.20009009959944768]], [[0.047279558099828645, 0.0, 0.0], [0.0, 0.047279558099828645, 0.0], [0.0, 0.0, 0.3869064313677]], [[0.047279558099828645, 0.0, 0.0], [0.0, 0.3869064313677, 0.0], [0.0, 0.0, 0.047279558099828645]], [[0.3869064313677, 0.0, 0.0], [0.0, 0.047279558099828645, 0.0], [0.0, 0.0, 0.047279558099828645]], [[-0.17038891179170124, -0.7617534994028308, 0.7617534994028308], [-0.7617534994028308, -0.17038891179170124, 0.7617534994028308], [0.7617534994028308, 0.7617534994028308, -0.17038891179170124]], [[-0.17038891179170124, 0.7617534994028308, -0.7617534994028308], [0.7617534994028308, -0.17038891179170124, 0.7617534994028308], [-0.7617534994028308, 0.7617534994028308, -0.17038891179170124]], [[-0.17038891179170124, 0.7617534994028308, 0.7617534994028308], [0.7617534994028308, -0.17038891179170124, -0.7617534994028308], [0.7617534994028308, -0.7617534994028308, -0.17038891179170124]], [[-0.17038891179170124, -0.7617534994028308, -0.7617534994028308], [-0.7617534994028308, -0.17038891179170124, -0.7617534994028308], [-0.7617534994028308, -0.7617534994028308, -0.17038891179170124]]]}, "metadata": {"formula": "VCu3Te4", "nsites": 8, "structure": "# generated using pymatgen\ndata_VCu3Te4\n_symmetry_space_group_name_H-M   'P 1'\n_cell_length_a   5.80253529\n_cell_length_b   5.80253529\n_cell_length_c   5.80253529\n_cell_angle_alpha   90.00000000\n_cell_angle_beta   90.00000000\n_cell_angle_gamma   90.00000000\n_symmetry_Int_Tables_number   1\n_chemical_formula_structural   VCu3Te4\n_chemical_formula_sum   'V1 Cu3 Te4'\n_cell_volume   195.367973148\n_cell_formula_units_Z   1\nloop_\n _symmetry_equiv_pos_site_id\n _symmetry_equiv_pos_as_xyz\n  1  'x, y, z'\nloop_\n _atom_site_type_symbol\n _atom_site_label\n _atom_site_symmetry_multiplicity\n _atom_site_fract_x\n _atom_site_fract_y\n _atom_site_fract_z\n _atom_site_occupancy\n  V  V1  1  0.000000  0.000000  0.000000  1\n  Cu  Cu2  1  0.000000  0.000000  0.500000  1\n  Cu  Cu3  1  0.000000  0.500000  0.000000  1\n  Cu  Cu4  1  0.500000  0.000000  0.000000  1\n  Te  Te5  1  0.744427  0.744427  0.255573  1\n  Te  Te6  1  0.744427  0.255573  0.744427  1\n  Te  Te7  1  0.255573  0.744427  0.744427  1\n  Te  Te8  1  0.255573  0.255573  0.255573  1\n"}}