{"phonon": {"ph_bandstructure": [[-0.012756627834919616, -0.01111361150507391, 0.0, 95.41465933211022, 103.2923668433577, 112.18856431823669, 134.70706723942533, 136.86288568021305, 153.5874145613868, 162.41755636706165, 164.29007672921804, 187.89478511048645, 192.56288900666652, 226.10857861761895, 236.6253467598869, 292.6862113563733, 321.49671224276346, 360.7180141394118, 436.43937194226845, 482.7017670043192, 485.1402974420031, 506.48568070878054, 532.3381704936173, 543.827499317422, 604.2640671455619, 646.3511356355375, 655.5491266517473, 704.8397616406675, 1796.191547575315, 1864.057245848438]]}, "dielectric": {"eps_electronic": [[9.999459821326445, 0.0, 0.0], [-3.552713678800501e-15, 14.397171268929482, 0.2881503186347864], [0.0, 0.28815031863478496, 19.195429414886956]], "eps_total": [[19.71977354361268, 0.0, 0.0], [-3.552713678800501e-15, 25.076526499229825, 1.3220779195213237], [0.0, 1.3220779195213215, 28.368016693365853]], "becs": [[[4.824713661009396, -2.2204460823375376e-17, 3.959650901273606e-18], [-2.1758933529056947e-16, 4.702400110319827, 0.059061673797927636], [5.4257845526011095e-17, -0.07463849523274663, 4.125730544860297]], [[4.824713661009396, -2.2204460823375376e-17, 5.996506205529967e-18], [-2.193029017914655e-16, 4.702400110319827, 0.059061673797927414], [3.285568251939389e-17, -0.07463849523274663, 4.125730544860296]], [[-1.3954729312307925, -2.2204460823375376e-17, 5.996506205529967e-18], [-2.193029017914655e-16, -0.4437585137818487, 0.30221453507381846], [3.285568251939389e-17, 0.1659632984783357, -2.8277355572496115]], [[-1.3954729312307925, -2.2204460823375376e-17, 5.996506205529967e-18], [-2.193029017914655e-16, -0.4437585137818487, 0.30221453507381846], [3.285568251939389e-17, 0.1659632984783357, -2.8277355572496115]], [[-2.31676145027342, -2.442490657484067e-16, 6.392471206302423e-17], [-2.2101646829236153e-16, -4.0022741045397625, -0.22460304257008573], [2.5331307320591147e-17, -0.09193900944677463, -1.466953249029916]], [[-2.316761450273421, -2.2204460823375376e-17, 5.996506205529967e-18], [-2.193029017914655e-16, -4.0022741045397625, -0.22460304257008573], [3.285568251939389e-17, -0.09193900944677463, -1.466953249029916]], [[-0.1422844860217875, -2.2204460823375376e-17, -8.210432989382964e-17], [-2.3301143379863377e-16, 0.6766950001505665, -1.2124198951304583], [-1.3836162153354372e-16, -0.7755362032190498, 7.027260973266813]], [[-0.9701947933409005, 4.2188474902668724e-16, -2.1759069410098945e-17], [2.0011431474588473e-15, -0.9330624920874035, 1.0757467288293732], [3.285568251939389e-17, 0.7761504094170961, -6.8583027118661954]], [[-0.1422844860217875, -2.2204460823375376e-17, 5.996506205529967e-18], [-2.3301143379863377e-16, 0.6766950001505665, -1.2124198951304586], [-1.3836162153354372e-16, -0.7755362032190498, 7.027260973266813]], [[-0.9701947933409001, -2.2204460823375376e-17, 5.996506205529967e-18], [-2.193029017914655e-16, -0.9330624920874027, 1.075746728829373], [3.285568251939389e-17, 0.7761504094170961, -6.8583027118661954]]]}, "metadata": {"formula": "LaCoN3", "nsites": 10, "structure": "# generated using pymatgen\ndata_LaCoN3\n_symmetry_space_group_name_H-M   'P 1'\n_cell_length_a   5.66638702\n_cell_length_b   5.66638702\n_cell_length_c   7.39555662\n_cell_angle_alpha   78.01220438\n_cell_angle_beta   78.01220438\n_cell_angle_gamma   41.41758308\n_symmetry_Int_Tables_number   1\n_chemical_formula_structural   LaCoN3\n_chemical_formula_sum   'La2 Co2 N6'\n_cell_volume   153.165552995\n_cell_formula_units_Z   2\nloop_\n _symmetry_equiv_pos_site_id\n _symmetry_equiv_pos_as_xyz\n  1  'x, y, z'\nloop_\n _atom_site_type_symbol\n _atom_site_label\n _atom_site_symmetry_multiplicity\n _atom_site_fract_x\n _atom_site_fract_y\n _atom_site_fract_z\n _atom_site_occupancy\n  La  La1  1  0.164658  0.164658  0.200447  1\n  La  La2  1  0.835342  0.835342  0.799553  1\n  Co  Co3  1  0.459475  0.459475  0.154723  1\n  Co  Co4  1  0.540525  0.540525  0.845277  1\n  N  N5  1  0.633794  0.633794  0.025461  1\n  N  N6  1  0.366206  0.366206  0.974539  1\n  N  N7  1  0.394352  0.394352  0.381127  1\n  N  N8  1  0.649443  0.649443  0.457771  1\n  N  N9  1  0.605648  0.605648  0.618873  1\n  N  N10  1  0.350557  0.350557  0.542229  1\n"}}