{"phonon": {"ph_bandstructure": [[0.0, 0.0, 0.0, 45.56759888483158, 55.86905693431295, 57.882454923191894, 61.317643331146535, 61.31764333189811, 77.76457787490791, 162.08606424886398, 169.87351637060857, 170.02197578505854, 248.74649714661413, 253.61539271889865, 259.0893713813278, 259.0893713837706, 261.4071286144681, 278.2948483441158, 539.3817990763176, 539.3817990776552, 598.957065294472, 610.4514209361668, 613.0500063340259, 646.9466464926194]]}, "dielectric": {"eps_electronic": [[2.103570415800362, 0.0, 0.019977239844733853], [0.0, 2.080094214460955, 0.0], [0.01997723984473386, 0.0, 2.097093988211606]], "eps_total": [[5.685933109083533, -3.2057156928999575e-10, 0.159542155229054], [-3.20572126032351e-10, 5.498447562033512, -2.583460891425489e-10], [0.15954215522905402, -2.583460112504099e-10, 5.634211089470478]], "becs": [[[1.3438874462996244, -0.0191651971722486, -0.025031486016295082], [0.019165197172442527, 1.3733031318688869, -0.022521931519855404], [-0.025031486016218442, 0.022521931519558967, 1.3520024115199865]], [[3.9405544301890454, 0.047831895717269896, 0.15060821665207175], [-0.04783189571775276, 3.7635675768196246, 0.05620952762067559], [0.1506082166516103, -0.056209527619935355, 3.891728705690042]], [[-0.6799103240809654, -0.0013111121501140424, -0.07284029361840401], [0.010842746720826801, -0.9104127501939856, -0.32788982273317335], [-0.08030517889930228, -0.31887165959890496, -1.0205175427895832]], [[-1.2479127121526852, -0.09254884581062314, 0.14162956530023135], [-0.08921587019936167, -0.6130516403604163, 0.016408859003088985], [0.14240737557855712, 0.032933215229026265, -0.7498762645514337]], [[-0.7143979020106841, 0.07952660868822654, -0.13157763699971564], [0.09270647275118998, -1.0449709637898539, 0.29463716567967435], [-0.12489056199695078, 0.3027822424200669, -0.8514717512639974]], [[-1.2479127121526852, -0.09254884581062314, 0.14162956530023135], [-0.08921587019936167, -0.6130516403604163, 0.016408859003088985], [0.14240737557855712, 0.032933215229026265, -0.7498762645514337]], [[-0.6799103240809654, -0.0013111121501140424, -0.07284029361840401], [0.010842746720826801, -0.9104127501939856, -0.32788982273317335], [-0.08030517889930228, -0.31887165959890496, -1.0205175427895832]], [[-0.7143979020106841, 0.07952660868822654, -0.13157763699971564], [0.09270647275118998, -1.0449709637898539, 0.29463716567967435], [-0.12489056199695078, 0.3027822424200669, -0.8514717512639974]]]}, "metadata": {"formula": "CsSbF6", "nsites": 8, "structure": "# generated using pymatgen\ndata_CsSbF6\n_symmetry_space_group_name_H-M   'P 1'\n_cell_length_a   5.34725518\n_cell_length_b   5.34725518\n_cell_length_c   5.34725518\n_cell_angle_alpha   96.60594990\n_cell_angle_beta   96.60594990\n_cell_angle_gamma   96.60594990\n_symmetry_Int_Tables_number   1\n_chemical_formula_structural   CsSbF6\n_chemical_formula_sum   'Cs1 Sb1 F6'\n_cell_volume   149.591157608\n_cell_formula_units_Z   1\nloop_\n _symmetry_equiv_pos_site_id\n _symmetry_equiv_pos_as_xyz\n  1  'x, y, z'\nloop_\n _atom_site_type_symbol\n _atom_site_label\n _atom_site_symmetry_multiplicity\n _atom_site_fract_x\n _atom_site_fract_y\n _atom_site_fract_z\n _atom_site_occupancy\n  Cs  Cs1  1  0.500000  0.500000  0.500000  1\n  Sb  Sb2  1  0.000000  0.000000  0.000000  1\n  F  F3  1  0.079694  0.794786  0.710191  1\n  F  F4  1  0.794786  0.710191  0.079694  1\n  F  F5  1  0.289809  0.920306  0.205214  1\n  F  F6  1  0.205214  0.289809  0.920306  1\n  F  F7  1  0.920306  0.205214  0.289809  1\n  F  F8  1  0.710191  0.079694  0.794786  1\n"}}