{"phonon": {"ph_bandstructure": [[0.0, 0.0, 0.0, 76.73158082547992, 76.73158082899388, 103.90994133268207, 137.86209532964534, 139.16166297039626, 171.06277903136026, 200.05617258768407, 239.98443415748034, 251.26735023795013, 251.26735024099924, 252.3827310091064, 300.95124838700985]]}, "dielectric": {"eps_electronic": [[13.27513727730887, 0.0, -6.4649994956146576e-24], [0.0, 13.275137277456153, -5.598853798689465e-24], [-1.6162498739036644e-24, -2.799426899344733e-24, 11.495723787918932]], "eps_total": [[21.272309450688027, -3.552713678800501e-15, -6.4649994956146576e-24], [-8.881784197001252e-16, 21.27230945104185, -5.598853798689465e-24], [-1.6162498739036644e-24, -2.799426899344733e-24, 25.919637730532074]], "becs": [[[2.58722363404803, -3.55271373174006e-16, -8.609582265139649e-25], [-1.243449806109021e-15, 2.58722363404803, -8.947340349153165e-25], [-4.4835095575312474e-23, -2.76707651871397e-23, 3.1393162436888398]], [[2.0691310765038575, -3.55271373174006e-16, 7.533384241448248e-25], [-1.243449806109021e-15, 2.069131076503858, -1.0811369560783875e-24], [1.3570776252100722e-23, 1.0017015437012075e-23, 1.7458668503109713]], [[2.0691310765038575, -3.55271373174006e-16, 1.0761976388130898e-25], [-1.243449806109021e-15, 2.069131076503858, 7.828922555523226e-25], [6.699497213581524e-24, 6.0498806344697824e-24, 1.7458668503109713]], [[-3.362742892255533, 5.329070465261192e-16, -2.5828746538833403e-24], [1.8651746628414173e-15, -3.3627428922555342, -3.8771807735244525e-24], [1.2139259785742557e-23, 7.537556185423142e-24, -3.3155249722689053]], [[-3.362742892255533, 5.329070465261192e-16, 2.582874628224786e-24], [1.8651746628414173e-15, -3.3627428922555342, 5.070159442302955e-24], [1.242556307901419e-23, 4.0663132331986364e-24, -3.3155249722689053]]]}, "metadata": {"formula": "Ca(CdP)2", "nsites": 5, "structure": "# generated using pymatgen\ndata_Ca(CdP)2\n_symmetry_space_group_name_H-M   'P 1'\n_cell_length_a   4.24718507\n_cell_length_b   4.24718507\n_cell_length_c   6.92736889\n_cell_angle_alpha   90.00000000\n_cell_angle_beta   90.00000000\n_cell_angle_gamma   120.00000000\n_symmetry_Int_Tables_number   1\n_chemical_formula_structural   Ca(CdP)2\n_chemical_formula_sum   'Ca1 Cd2 P2'\n_cell_volume   108.218452353\n_cell_formula_units_Z   1\nloop_\n _symmetry_equiv_pos_site_id\n _symmetry_equiv_pos_as_xyz\n  1  'x, y, z'\nloop_\n _atom_site_type_symbol\n _atom_site_label\n _atom_site_symmetry_multiplicity\n _atom_site_fract_x\n _atom_site_fract_y\n _atom_site_fract_z\n _atom_site_occupancy\n  Ca  Ca1  1  0.000000  0.000000  0.000000  1\n  Cd  Cd2  1  0.333333  0.666667  0.361581  1\n  Cd  Cd3  1  0.666667  0.333333  0.638419  1\n  P  P4  1  0.666667  0.333333  0.238669  1\n  P  P5  1  0.333333  0.666667  0.761331  1\n"}}