{"phonon": {"ph_bandstructure": [[-0.0032589798075883187, 0.0, 0.0, 123.74318810458261, 135.7578423779875, 136.63200669965084, 141.29378532097638, 204.27822407290103, 204.27822407367086, 255.7314046953466, 285.16255232021086, 289.7146925682532, 305.06315475602383, 305.0631547585794, 327.9853318437234, 487.05059954027246, 487.0505995430319, 500.3191324983726, 523.0464559227978, 528.2877691940532, 561.8269437479369, 574.0113588779776, 630.3626467471747, 633.9309936690535, 638.7014488617272, 638.7014488619155, 663.6730849351658]]}, "dielectric": {"eps_electronic": [[3.7959791106983016, 0.0, 0.0], [-6.661338147750939e-16, 3.7959791107273, 0.0], [0.0, 0.0, 3.059893874338381]], "eps_total": [[10.55999145172851, -7.105427357601002e-15, 0.0], [-5.773159728050814e-15, 10.559991452033309, 0.0], [0.0, 0.0, 7.503201183657085]], "becs": [[[2.486696939633471, -3.2073109508373343e-16, -3.0837749740222515e-18], [-1.973729770086818e-16, 2.486696939633471, 4.8657939439923184e-18], [6.167906447754226e-18, 1.4824508000162125e-17, 3.2006668788759502]], [[4.950024922198622, 1.2335811476632919e-16, -3.083980665273226e-18], [6.908054426914434e-16, 4.950024922198622, 4.8657650574222616e-18], [6.167853949359465e-18, 1.482444574186109e-17, 2.756054087906226]], [[4.950024922198622, -9.868649015870212e-17, -3.0839639876042286e-18], [-1.973729770086818e-16, 4.950024922198622, 4.86581320170569e-18], [6.1678319567886866e-18, 1.482445843927775e-17, 2.756054087906226]], [[-1.6297832059517132, 3.454027196913605e-16, -0.36047907294715464], [1.134894652541506e-15, -2.499132388724953, 4.8657939439923184e-18], [-0.4475332747634201, -7.573757267967988e-18, -1.4521291757819528]], [[-2.2817950930316435, -0.37643923851848216, 0.18023953647357732], [-0.3764392385223887, -1.847120501645024, -0.31218403470651857], [0.22376663738171, -0.3875751849819531, -1.452129175781951]], [[-2.2817950930316444, 0.3764392385184815, 0.18023953647357732], [0.3764392385223865, -1.8471205016450245, 0.31218403470651857], [0.22376663738171004, 0.3875751849819531, -1.4521291757819514]], [[-2.2817950930316435, -0.37643923851848216, 0.18023953647357732], [-0.3764392385223887, -1.847120501645024, -0.31218403470651857], [0.22376663738171, -0.3875751849819531, -1.4521291757819514]], [[-2.281795093031646, 0.37643923851848216, 0.18023953647357732], [0.37643923852238736, -1.8471205016450254, 0.31218403470651857], [0.22376663738171004, 0.38757518498195315, -1.4521291757819514]], [[-1.6297832059517128, 5.674473246163918e-16, -0.3604790729471546], [2.0230730722416313e-15, -2.499132388724953, -3.8926351225661646e-17], [-0.4475332747634201, -7.573757267967988e-18, -1.4521291757819528]]]}, "metadata": {"formula": "Sr(SbO3)2", "nsites": 9, "structure": "# generated using pymatgen\ndata_Sr(SbO3)2\n_symmetry_space_group_name_H-M   'P 1'\n_cell_length_a   5.31104567\n_cell_length_b   5.31104567\n_cell_length_c   5.36630230\n_cell_angle_alpha   90.00000000\n_cell_angle_beta   90.00000000\n_cell_angle_gamma   120.00000000\n_symmetry_Int_Tables_number   1\n_chemical_formula_structural   Sr(SbO3)2\n_chemical_formula_sum   'Sr1 Sb2 O6'\n_cell_volume   131.088875525\n_cell_formula_units_Z   1\nloop_\n _symmetry_equiv_pos_site_id\n _symmetry_equiv_pos_as_xyz\n  1  'x, y, z'\nloop_\n _atom_site_type_symbol\n _atom_site_label\n _atom_site_symmetry_multiplicity\n _atom_site_fract_x\n _atom_site_fract_y\n _atom_site_fract_z\n _atom_site_occupancy\n  Sr  Sr1  1  0.000000  0.000000  0.000000  1\n  Sb  Sb2  1  0.666667  0.333333  0.500000  1\n  Sb  Sb3  1  0.333333  0.666667  0.500000  1\n  O  O4  1  0.624055  0.624055  0.708472  1\n  O  O5  1  0.375945  0.000000  0.708472  1\n  O  O6  1  0.000000  0.375945  0.708472  1\n  O  O7  1  0.624055  0.000000  0.291528  1\n  O  O8  1  0.000000  0.624055  0.291528  1\n  O  O9  1  0.375945  0.375945  0.291528  1\n"}}