{"phonon": {"ph_bandstructure": [[-40.55067221318261, -40.55067220501678, -40.55067220228181, 0.0, 0.0, 0.0, 26.36649385067311, 26.36649385877632, 26.366493883056705, 27.182312709826224, 27.182312742257697, 43.473174734761606, 45.299147950708644, 45.29914795559208, 45.29914797019812, 74.04238420890368, 74.0423842208739, 90.29310323481768, 91.15426040860406, 91.15426041200773, 91.15426041314798, 156.82788301093314, 156.82788301670652, 171.6305019346354, 208.95496206478333, 208.95496206745764, 227.93382634754892, 227.93382635164141, 268.12387356939917, 287.6390492052172]]}, "dielectric": {"eps_electronic": [[3.2593056940782006, -8.701195144781572e-16, -1.1102230246251565e-15], [-1.616749111953339e-15, 3.2593056940781997, -1.9984014443252818e-15], [-7.036354631722942e-16, -1.5918138828724195e-15, 3.2593056940782]], "eps_total": null, "becs": [[[1.3336725609922921, -4.440892164675075e-17, 4.440892164675075e-17], [0.0, 1.3336725609922921, 0.0], [-4.4305977106959406e-17, 4.45118661865421e-17, 1.3336725609922921]], [[1.3336725609922921, -4.440892164675075e-17, 4.440892164675075e-17], [0.0, 1.3336725609922921, 0.0], [-4.4305977106959406e-17, 4.45118661865421e-17, 1.3336725609922921]], [[2.8650127202304994, -4.440892164675075e-17, 4.440892164675075e-17], [0.0, 2.8650127202304994, 0.0], [-4.438192721188864e-17, 4.4435916081612866e-17, 2.8650127202304994]], [[3.3793355170535833, -4.440892164675075e-17, 4.440892164675075e-17], [0.0, 3.3793355170535833, 0.0], [-4.435828366811632e-17, 4.4459559625385183e-17, 3.3793355170535833]], [[-2.795455143572817, -4.884981314968134e-16, 4.884981314968134e-16], [3.552713678800501e-15, -0.8301957680240455, -3.552713678800501e-15], [4.1743913183454906e-15, -4.1744858255121976e-15, -0.8301957680240447]], [[-0.8301957680240455, 3.50830475715375e-15, -3.50830475715375e-15], [-4.440892098500626e-16, -2.795455143572817, 4.440892098500626e-16], [-4.4853482737307304e-15, 4.4852537665640234e-15, -0.8301957680240447]], [[-0.8301957680240455, 3.50830475715375e-15, -3.50830475715375e-15], [-4.440892098500626e-16, -2.795455143572817, 4.440892098500626e-16], [-4.4853482737307304e-15, 4.4852537665640234e-15, -0.8301957680240447]], [[-0.8301957680240446, -2.9309887856721578e-15, 2.9309887856721578e-15], [-3.1086244689504383e-15, -0.8301957680240446, 3.1086244689504383e-15], [3.996330346199584e-16, -3.997275417866653e-16, -2.795455143572817]], [[-0.8301957680240446, -2.9309887856721578e-15, 2.9309887856721578e-15], [-3.1086244689504383e-15, -0.8301957680240446, 3.1086244689504383e-15], [3.996330346199584e-16, -3.997275417866653e-16, -2.795455143572817]], [[-2.795455143572817, -4.884981314968134e-16, 4.884981314968134e-16], [3.552713678800501e-15, -0.8301957680240455, -3.552713678800501e-15], [4.1743913183454906e-15, -4.1744858255121976e-15, -0.8301957680240447]]]}, "metadata": {"formula": "Cs2CaSnCl6", "nsites": 10, "structure": "# generated using pymatgen\ndata_Cs2CaSnCl6\n_symmetry_space_group_name_H-M   'P 1'\n_cell_length_a   7.70758145\n_cell_length_b   7.70758145\n_cell_length_c   7.70758145\n_cell_angle_alpha   60.00000000\n_cell_angle_beta   60.00000000\n_cell_angle_gamma   60.00000000\n_symmetry_Int_Tables_number   1\n_chemical_formula_structural   Cs2CaSnCl6\n_chemical_formula_sum   'Cs2 Ca1 Sn1 Cl6'\n_cell_volume   323.772061299\n_cell_formula_units_Z   1\nloop_\n _symmetry_equiv_pos_site_id\n _symmetry_equiv_pos_as_xyz\n  1  'x, y, z'\nloop_\n _atom_site_type_symbol\n _atom_site_label\n _atom_site_symmetry_multiplicity\n _atom_site_fract_x\n _atom_site_fract_y\n _atom_site_fract_z\n _atom_site_occupancy\n  Cs  Cs1  1  0.750000  0.750000  0.750000  1\n  Cs  Cs2  1  0.250000  0.250000  0.250000  1\n  Ca  Ca3  1  0.000000  0.000000  0.000000  1\n  Sn  Sn4  1  0.500000  0.500000  0.500000  1\n  Cl  Cl5  1  0.754577  0.245423  0.245423  1\n  Cl  Cl6  1  0.245423  0.754577  0.245423  1\n  Cl  Cl7  1  0.754577  0.245423  0.754577  1\n  Cl  Cl8  1  0.754577  0.754577  0.245423  1\n  Cl  Cl9  1  0.245423  0.245423  0.754577  1\n  Cl  Cl10  1  0.245423  0.754577  0.754577  1\n"}}