{"phonon": {"ph_bandstructure": [[0.0, 0.0, 0.0, 31.347895880376324, 31.347895891065786, 31.347895894729966, 72.46156621134335, 72.46156621439236, 72.46156622346365, 79.35966585978674, 79.35966587096513, 101.65088931015087, 124.9152600258489, 124.91526002767418, 124.91526003302512, 144.45447107306242, 144.45447107930497, 144.45704864749953, 193.26187511362284, 193.26187511532547, 193.26187511590942, 222.42564572757453, 222.42564573175693, 237.54061946456005, 297.760002970226, 297.7600029734824, 328.12659491799815, 328.1265949198637, 437.21677451634775, 480.16244352203745]]}, "dielectric": {"eps_electronic": [[2.414218653636845, 7.92103446306877e-16, 8.881784197001252e-16], [5.521728237076047e-16, 2.4142186536368446, 8.881784197001252e-16], [7.979808235168242e-16, 5.759362185917929e-16, 2.414218653636845]], "eps_total": [[9.740511595619525, 1.6177955959135102e-11, -1.091970958100319e-10], [1.6175773942268476e-11, 9.740511596638177, -2.901057172266519e-11], [-1.0919603319195914e-10, -2.9009509104592432e-11, 9.740511597164646]], "becs": [[[1.2376475823763262, 0.0, -8.88178432935015e-17], [8.88178432935015e-17, 1.2376475823763262, -8.88178432935015e-17], [1.0925491102724967e-17, 1.0925491102724967e-17, 1.2376475823763262]], [[1.2376475823763262, 0.0, -8.88178432935015e-17], [8.88178432935015e-17, 1.2376475823763262, -8.88178432935015e-17], [1.0925491102724967e-17, 1.0925491102724967e-17, 1.2376475823763262]], [[1.2703964052069896, 0.0, -8.88178432935015e-17], [8.88178432935015e-17, 1.2703964052069896, -8.88178432935015e-17], [1.0641384452353311e-17, 1.0641384452353311e-17, 1.2703964052069896]], [[3.609887731292175, 0.0, -8.88178432935015e-17], [8.88178432935015e-17, 3.609887731292175, -8.88178432935015e-17], [1.0732257393367408e-17, 1.0732257393367408e-17, 3.609887731292175]], [[-2.1827015734563577, 0.0, -8.88178432935015e-17], [8.88178432935015e-17, -0.7475440385922034, -8.88178432935015e-17], [2.058298250951069e-16, -2.382593847549557e-16, -0.7475440385922034]], [[-0.7475440385922034, 0.0, 1.332267616315298e-16], [-1.332267616315298e-16, -2.1827015734563577, 1.332267616315298e-16], [-1.6214779829924398e-17, -1.6214779829924398e-17, -0.7475440385922034]], [[-0.7475440385922034, 0.0, 1.332267616315298e-16], [-1.332267616315298e-16, -2.1827015734563577, 1.332267616315298e-16], [-1.6214779829924398e-17, -1.6214779829924398e-17, -0.7475440385922034]], [[-0.7475440385922034, 0.0, 1.332267616315298e-16], [-1.332267616315298e-16, -0.7475440385922034, 1.332267616315298e-16], [-2.1122735647339219e-16, 2.3286185337667046e-16, -2.1827015734563577]], [[-0.7475440385922034, 0.0, 1.332267616315298e-16], [-1.332267616315298e-16, -0.7475440385922034, 1.332267616315298e-16], [-2.1122735647339219e-16, 2.3286185337667046e-16, -2.1827015734563577]], [[-2.1827015734563577, 0.0, -8.88178432935015e-17], [8.88178432935015e-17, -0.7475440385922034, -8.88178432935015e-17], [2.058298250951069e-16, -2.382593847549557e-16, -0.7475440385922034]]]}, "metadata": {"formula": "Rb2NaAsF6", "nsites": 10, "structure": "# generated using pymatgen\ndata_Rb2NaAsF6\n_symmetry_space_group_name_H-M   'P 1'\n_cell_length_a   6.11252213\n_cell_length_b   6.11252213\n_cell_length_c   6.11252213\n_cell_angle_alpha   60.00000000\n_cell_angle_beta   60.00000000\n_cell_angle_gamma   60.00000000\n_symmetry_Int_Tables_number   1\n_chemical_formula_structural   Rb2NaAsF6\n_chemical_formula_sum   'Rb2 Na1 As1 F6'\n_cell_volume   161.490260887\n_cell_formula_units_Z   1\nloop_\n _symmetry_equiv_pos_site_id\n _symmetry_equiv_pos_as_xyz\n  1  'x, y, z'\nloop_\n _atom_site_type_symbol\n _atom_site_label\n _atom_site_symmetry_multiplicity\n _atom_site_fract_x\n _atom_site_fract_y\n _atom_site_fract_z\n _atom_site_occupancy\n  Rb  Rb1  1  0.750000  0.750000  0.750000  1\n  Rb  Rb2  1  0.250000  0.250000  0.250000  1\n  Na  Na3  1  0.000000  0.000000  0.000000  1\n  As  As4  1  0.500000  0.500000  0.500000  1\n  F  F5  1  0.737400  0.262600  0.262600  1\n  F  F6  1  0.262600  0.737400  0.262600  1\n  F  F7  1  0.737400  0.262600  0.737400  1\n  F  F8  1  0.737400  0.737400  0.262600  1\n  F  F9  1  0.262600  0.262600  0.737400  1\n  F  F10  1  0.262600  0.737400  0.737400  1\n"}}