Name	Frequency [meV]	ZPR [meV]	Reference_Alpha	Reference_ZPR [meV]	v	w
mp-10680	4.895189	-63.290372	2.993544	-60.603891	10.139755	7.49443
