Name	Frequency [meV]	ZPR [meV]	Reference_Alpha	Reference_ZPR [meV]	v	w
mp-10474	49.379755	-289.431159	5.587789	-272.013306	7.080643	4.933189
