Name	Frequency [meV]	ZPR [meV]	Reference_Alpha	Reference_ZPR [meV]	v	w
mp-11824	37.207363	-63.957784	1.562426	-61.838015	4.194124	2.078546
