Name	Frequency [meV]	ZPR [meV]	Reference_Alpha	Reference_ZPR [meV]	v	w
mp-1009127	17.943404	-171.879832	2.245306	-166.619483	3.69758	2.655122
