Name	Frequency [meV]	ZPR [meV]	Reference_Alpha	Reference_ZPR [meV]	v	w
mp-11718	7.962653	-201.934439	5.554849	-182.926002	8.843175	3.77403
