Name	Frequency [meV]	ZPR [meV]	Reference_Alpha	Reference_ZPR [meV]	v	w
mp-10614	34.407092	-55.182244	1.762996	-54.077897	9.570758	8.64079
