Name	Frequency [meV]	ZPR [meV]	Reference_Alpha	Reference_ZPR [meV]	v	w
mp-11715	480.966014	-198.793119	2.698214	-191.615499	4.517215	3.320381
