Name	Frequency [meV]	ZPR [meV]	Reference_Alpha	Reference_ZPR [meV]	v	w
mp-10776	154.898052	-44.695052	1.696001	-43.554576	8.476092	7.069887
