Name	Frequency [meV]	ZPR [meV]	Reference_Alpha	Reference_ZPR [meV]	v	w
mp-1009085	148.220999	-6.805536	0.107356	-6.794321	1.770609	1.7012
