Name	Frequency [meV]	ZPR [meV]	Reference_Alpha	Reference_ZPR [meV]	v	w
mp-10159	14.518453	-13.704419	1.10056	-13.546004	23.222833	22.391536
