Name	Frequency [meV]	ZPR [meV]	Reference_Alpha	Reference_ZPR [meV]	v	w
mp-10572	224.959432	-198.983634	2.254952	-189.641027	2.708838	0.0
