Name	Frequency [meV]	ZPR [meV]	Reference_Alpha	Reference_ZPR [meV]	v	w
mp-1008223	7.794555	-43.2258	1.317878	-42.482682	6.08152	5.236788
