Name	Frequency [meV]	ZPR [meV]	Reference_Alpha	Reference_ZPR [meV]	v	w
mp-10219	128.605289	-193.245713	3.019243	-180.079894	4.988353	0.0
