Name	Frequency [meV]	ZPR [meV]	Reference_Alpha	Reference_ZPR [meV]	v	w
mp-10341	238.990633	-141.177275	2.360102	-136.048057	2.955516	1.402047
