Name	Frequency [meV]	ZPR [meV]	Reference_Alpha	Reference_ZPR [meV]	v	w
mp-12317	151.829211	-145.504985	3.000544	-142.453398	8.758264	7.998727
