Name	Frequency [meV]	ZPR [meV]	Reference_Alpha	Reference_ZPR [meV]	v	w
mp-10918	44.926692	-45.420635	3.244707	-44.260297	23.462298	21.944694
