Name	Frequency [meV]	ZPR [meV]	Reference_Alpha	Reference_ZPR [meV]	v	w
mp-12015	149.542883	-62.753316	2.179753	-61.262157	7.827178	6.861544
