Name	Frequency [meV]	ZPR [meV]	Reference_Alpha	Reference_ZPR [meV]	v	w
mp-10163	51.671703	-22.524449	1.082913	-22.096638	7.28391	5.891147
