Name	Frequency [meV]	ZPR [meV]	Reference_Alpha	Reference_ZPR [meV]	v	w
mp-10246	153.627409	-44.767677	1.928726	-43.65698	11.112695	9.794125
