Name	Frequency [meV]	ZPR [meV]	Reference_Alpha	Reference_ZPR [meV]	v	w
mp-1014244	76.406571	-138.672078	1.85611	-133.797014	2.760816	1.104111
