Name	Frequency [meV]	ZPR [meV]	Reference_Alpha	Reference_ZPR [meV]	v	w
mp-11583	161.793685	-45.546232	0.650485	-44.996048	1.96061	1.407965
