Name	Frequency [meV]	ZPR [meV]	Reference_Alpha	Reference_ZPR [meV]	v	w
mp-11695	80.406753	-27.502187	2.368317	-27.035862	31.602894	30.440221
