Name	Frequency [meV]	ZPR [meV]	Reference_Alpha	Reference_ZPR [meV]	v	w
mp-11918	317.795298	-111.435613	1.614465	-109.115446	4.820015	4.14569
