Name	Frequency [meV]	ZPR [meV]	Reference_Alpha	Reference_ZPR [meV]	v	w
mp-10616	27.22429	-15.752388	0.785733	-15.641872	16.294595	15.912883
