Name	Frequency [meV]	ZPR [meV]	Reference_Alpha	Reference_ZPR [meV]	v	w
mp-10485	32.661224	-18.918596	1.131544	-18.613597	15.757165	14.665245
