Name	Frequency [meV]	ZPR [meV]	Reference_Alpha	Reference_ZPR [meV]	v	w
mp-1009084	76.599399	-3.271602	0.116268	-3.267452	9.670632	9.612765
