Name	Frequency [meV]	ZPR [meV]	Reference_Alpha	Reference_ZPR [meV]	v	w
mp-1000	4.078057	-29.808366	1.726851	-29.124171	11.062028	9.517789
