Name	Frequency [meV]	ZPR [meV]	Reference_Alpha	Reference_ZPR [meV]	v	w
mp-11265	88.828263	-5.665422	0.39185	-5.634872	13.724444	13.328414
