Name	Frequency [meV]	ZPR [meV]	Reference_Alpha	Reference_ZPR [meV]	v	w
mp-1009819	13.486266	-233.987927	3.946675	-220.124549	5.267161	2.734805
