Name	Frequency [meV]	ZPR [meV]	Reference_Alpha	Reference_ZPR [meV]	v	w
mp-10694	75.409202	-5379.886221	19.588898	-1313.369348	205.923116	0.0
