Name	Frequency [meV]	ZPR [meV]	Reference_Alpha	Reference_ZPR [meV]	v	w
mp-11022	157.886271	-97.213037	1.407031	-94.75683	3.162786	2.119789
