Name	Frequency [meV]	ZPR [meV]	Reference_Alpha	Reference_ZPR [meV]	v	w
mp-1002164	23.298354	-28.186202	0.291462	-28.083588	2.807946	2.709912
