Name	Frequency [meV]	ZPR [meV]	Reference_Alpha	Reference_ZPR [meV]	v	w
mp-10250	54.563546	-270.588321	5.057729	-231.687507	10.356076	0.0
