Name	Frequency [meV]	ZPR [meV]	Reference_Alpha	Reference_ZPR [meV]	v	w
mp-1009813	10.388108	-0.16395	0.003816	-0.163942	4.410565	4.408637
