Name	Frequency [meV]	ZPR [meV]	Reference_Alpha	Reference_ZPR [meV]	v	w
mp-10418	170.036456	-226.989446	6.777982	-202.621442	9.098481	4.055559
