Name	Frequency [meV]	ZPR [meV]	Reference_Alpha	Reference_ZPR [meV]	v	w
mp-10044	20.814813	-0.717921	0.008339	-0.717847	2.878728	2.875831
