Name	Frequency [meV]	ZPR [meV]	Reference_Alpha	Reference_ZPR [meV]	v	w
mp-1018096	37.49041	-132.903504	3.102822	-120.737514	8.389234	0.0
