Name	Frequency [meV]	ZPR [meV]	Reference_Alpha	Reference_ZPR [meV]	v	w
mp-1008786	7.446831	-25.20173	0.809846	-24.941314	6.106941	5.593333
