Name	Frequency [meV]	ZPR [meV]	Reference_Alpha	Reference_ZPR [meV]	v	w
mp-1008680	14.184779	-6.388013	0.201012	-6.370733	0.911875	0.000406
