Name	Frequency [meV]	ZPR [meV]	Reference_Alpha	Reference_ZPR [meV]	v	w
mp-1009733	13.884917	-13.19395	0.381083	-13.118159	1.387537	0.000103
