{"cond_eff_mass": [{"p": {"300": {"1e+18": [14.522817807908048, 14.522817807908055, 14.522817807908057]}}, "n": {"300": {"1e+18": [2.529428183453337, 2.529428183453337, 2.5294281834533394]}}}]}