{"cond_eff_mass": [{"p": {"300": {"1e+18": [1.2397510286126021, 1.2397510286126028, 1.239751028612603]}}, "n": {"300": {"1e+18": [0.2024100033457996, 0.20241000334579962, 0.20241000334579964]}}}]}