{"cond_eff_mass": [{"p": {"300": {"1e+18": [0.6120029666254101, 0.6134855578954799, 0.7188841761616688]}}, "n": {"300": {"1e+18": [0.13702436821737907, 0.13779385938928765, 0.1814823175774003]}}}]}