{"cond_eff_mass": [{"p": {"300": {"1e+18": [1.517240277907462, 1.5172402779074634, 1.5172402779074634]}}, "n": {"300": {"1e+18": [0.2691324798590499, 0.2691324798590499, 0.26913247985905014]}}}]}