{"cond_eff_mass": [{"p": {"300": {"1e+18": [0.5379611559766313, 2.0733755989132785, 3.889279188543963]}}, "n": {"300": {"1e+18": [0.22828872563586222, 0.3616765388141729, 0.5569996396819986]}}}]}