{"cond_eff_mass": [{"p": {"300": {"1e+18": [1.1886348536354785, 13.60072431327209, 17.606025172560138]}}, "n": {"300": {"1e+18": [0.7634436183594112, 0.8926695859985837, 2.4891809684490545]}}}]}