{"cond_eff_mass": [{"p": {"300": {"1e+18": [2.3192267863362783, 2.3192267863362783, 2.3192267863362783]}}, "n": {"300": {"1e+18": [0.44219240858188835, 0.44219240858188863, 0.4421924085818887]}}}]}