{"cond_eff_mass": [{"p": {"300": {"1e+18": [0.9166807473936438, 0.9166807473936514, 206.50575244287467]}}, "n": {"300": {"1e+18": [0.30485436954165, 0.30485436954165007, 0.4456363852070174]}}}]}