{"cond_eff_mass": [{"p": {"300": {"1e+18": [0.6198717702446954, 1.8536179428850412, 1.8536221397422756]}}, "n": {"300": {"1e+18": [0.555510897004234, 0.5555121628592765, 0.7425779295890824]}}}]}