{"cond_eff_mass": [{"p": {"300": {"1e+18": [0.4042547039897051, 0.40425470398970526, 0.40425470398970537]}}, "n": {"300": {"1e+18": [0.3340349116074325, 0.3340349116074325, 0.33403491160743254]}}}]}