{"cond_eff_mass": [{"p": {"300": {"1e+18": [0.3176495481384613, 0.3176495481384614, 0.31764954813846147]}}, "n": {"300": {"1e+18": [0.29386297630078684, 0.2938629763007869, 0.29386297630078695]}}}]}