{"cond_eff_mass": [{"p": {"300": {"1e+18": [0.2881793522689341, 0.2881793522689341, 0.2881793522689341]}}, "n": {"300": {"1e+18": [0.37791067308724685, 0.37791067308724685, 0.37791067308724685]}}}]}