{"cond_eff_mass": [{"p": {"300": {"1e+18": [1.4728069173007292, 1.4728069173007299, 1.47280691730073]}}, "n": {"300": {"1e+18": [0.5225477987541677, 0.5225477987541677, 0.5225477987541677]}}}]}