{"cond_eff_mass": [{"p": {"300": {"1e+18": [18.843926234564293, 18.843926234564293, 18.843926234564314]}}, "n": {"300": {"1e+18": [3.9872118533574694, 3.9872118533574707, 3.987211853357471]}}}]}