{"cond_eff_mass": [{"p": {"300": {"1e+18": [0.4305732260266567, 0.4316934336297017, 0.8369588646999652]}}, "n": {"300": {"1e+18": [0.5890649710462982, 0.5895057666837668, 0.6524938087810647]}}}]}