{"cond_eff_mass": [{"p": {"300": {"1e+18": [1.015843062982388, 1.721726360617958, 41.079932524225406]}}, "n": {"300": {"1e+18": [0.35222924766108493, 0.6132000480341742, 0.7088304961737507]}}}]}