{"cond_eff_mass": [{"p": {"300": {"1e+18": [0.28552316797520827, 134.13230822600835, 134.13254445733733]}}, "n": {"300": {"1e+18": [0.26549760390404953, 0.8926044340953441, 0.8926059608905598]}}}]}