{"cond_eff_mass": [{"p": {"300": {"1e+18": [15.967736594537925, 15.967736594537934, 15.967736594537941]}}, "n": {"300": {"1e+18": [0.3139086973989227, 0.3139086973989227, 0.3139086973989227]}}}]}