{"cond_eff_mass": [{"p": {"300": {"1e+18": [0.762442593878146, 0.762442593878146, 0.7624425938781464]}}, "n": {"300": {"1e+18": [0.41709081444893387, 0.41709081444893387, 0.417090814448934]}}}]}