{"cond_eff_mass": [{"p": {"300": {"1e+18": [1.4184780801232717, 1.418478080123272, 1.418478080123273]}}, "n": {"300": {"1e+18": [0.48647468615590217, 0.4864746861559023, 0.48647468615590234]}}}]}