{"cond_eff_mass": [{"p": {"300": {"1e+18": [0.4420431892871138, 0.44204328636621143, 21.34707862906149]}}, "n": {"300": {"1e+18": [0.49349850579568777, 0.4934986181483439, 0.6708155575467855]}}}]}