{"cond_eff_mass": [{"p": {"300": {"1e+18": [1.825404183230947, 1.8254067846456512, 2.642729724521036]}}, "n": {"300": {"1e+18": [0.2408288110855412, 0.38560182735896176, 0.3856023602867284]}}}]}