{"cond_eff_mass": [{"p": {"300": {"1e+18": [2.0596193693104574, 2.5638257154799473, 2.8012017457681915]}}, "n": {"300": {"1e+18": [0.291930075527062, 0.2953716222444434, 0.30909390152386945]}}}]}