{"cond_eff_mass": [{"p": {"300": {"1e+18": [3.0034341306675065, 3.6508887281813527, 8.095730235822666]}}, "n": {"300": {"1e+18": [0.4726484756998741, 0.5679019965805507, 0.602469958240556]}}}]}