{"cond_eff_mass": [{"p": {"300": {"1e+18": [4.760578585741065, 4.760578585741067, 4.760578585741067]}}, "n": {"300": {"1e+18": [0.49560089958568926, 0.49560089958568926, 0.4956008995856896]}}}]}