{"cond_eff_mass": [{"p": {"300": {"1e+18": [10.686898149731947, 10.686898149731958, 10.686898149731958]}}, "n": {"300": {"1e+18": [0.6851353187442035, 0.6851353187442036, 0.6851353187442042]}}}]}