{"cond_eff_mass": [{"p": {"300": {"1e+18": [5.222766798357488, 5.22276679835749, 5.222766798357492]}}, "n": {"300": {"1e+18": [0.12739538582044085, 0.12739538582044085, 0.12739538582044085]}}}]}