{"cond_eff_mass": [{"p": {"300": {"1e+18": [1.2041653907384977, 1.2084164793779046, 1.4300573759017172]}}, "n": {"300": {"1e+18": [0.8306901573972048, 2.257084677330239, 2.2635266886675134]}}}]}