{"cond_eff_mass": [{"p": {"300": {"1e+18": [1.3157394328781618, 1.7104510082587931, 1.7104514235469856]}}, "n": {"300": {"1e+18": [0.17586162173186604, 0.1886661420860227, 0.18866619261217812]}}}]}