{"cond_eff_mass": [{"p": {"300": {"1e+18": [0.5477050614345547, 0.5483266121845187, 1.286480055430306]}}, "n": {"300": {"1e+18": [0.27594186638996415, 0.33238572628057206, 0.3333406697452685]}}}]}