{"cond_eff_mass": [{"p": {"300": {"1e+18": [1.5537504137678804, 1.553750413767881, 9.707158742999074]}}, "n": {"300": {"1e+18": [0.4695763922651678, 0.46957639226516784, 1.034679811515396]}}}]}