{"cond_eff_mass": [{"p": {"300": {"1e+18": [0.16248334151863814, 0.32534584970786584, 0.7488951505651678]}}, "n": {"300": {"1e+18": [0.4326793099154048, 0.8845086491576758, 1.0720815184222081]}}}]}