{"cond_eff_mass": [{"p": {"300": {"1e+18": [6.399234162133519, 6.399234162133521, 6.399234162133524]}}, "n": {"300": {"1e+18": [0.514820913031027, 0.514820913031027, 0.5148209130310274]}}}]}