{"cond_eff_mass": [{"p": {"300": {"1e+18": [0.24610027382720512, 1.2295119092590048, 1.262103070897226]}}, "n": {"300": {"1e+18": [0.40438601086629894, 0.4966088435651753, 0.4987218431302445]}}}]}