{"cond_eff_mass": [{"p": {"300": {"1e+18": [1.9833945445219063, 1.983396778129659, 3.0459618535678157]}}, "n": {"300": {"1e+18": [0.2766136943954728, 1.243151088053766, 1.243152459113967]}}}]}