{"cond_eff_mass": [{"p": {"300": {"1e+18": [1.4189616398911435, 1.4189650425800695, 6.33868327412765]}}, "n": {"300": {"1e+18": [0.28894896084299043, 0.288949650318418, 0.9870636427258033]}}}]}