{"cond_eff_mass": [{"p": {"300": {"1e+18": [0.49951493498856725, 0.4995149349885676, 5.518369189066561]}}, "n": {"300": {"1e+18": [0.21176744997733696, 0.2117674499773976, 384.0219300516944]}}}]}