{"cond_eff_mass": [{"p": {"300": {"1e+18": [2.456944215809742, 2.4569525703947757, 5.0093640948696745]}}, "n": {"300": {"1e+18": [0.3930135394497336, 0.5102411398181096, 0.510242867493826]}}}]}