{"cond_eff_mass": [{"p": {"300": {"1e+18": [1.7852836180863934, 1.7853203405193199, 7.915543371867928]}}, "n": {"300": {"1e+18": [0.3300603586692471, 0.7080433039848666, 0.7095222659551631]}}}]}