{"cond_eff_mass": [{"p": {"300": {"1e+18": [1.0406892739594706, 1.0406892739594706, 1.040689273959471]}}, "n": {"300": {"1e+18": [0.4857951853436707, 0.4857951853436714, 0.4857951853436718]}}}]}