{"cond_eff_mass": [{"p": {"300": {"1e+18": [2.730028975013907, 3.0273738973754902, 4.640788262318567]}}, "n": {"300": {"1e+18": [0.49918449043105745, 0.6219164606669344, 12.107448489445618]}}}]}