{"cond_eff_mass": [{"p": {"300": {"1e+18": [3.0904450133265136, 3.1351782179173178, 8.366874076674303]}}, "n": {"300": {"1e+18": [0.6911495413654839, 1.916812687721151, 29.444425582409423]}}}]}