{"cond_eff_mass": [{"p": {"300": {"1e+18": [1.564345983905933, 8.698258030620499, 8.698266180298472]}}, "n": {"300": {"1e+18": [0.6037207716081237, 0.6037213345840559, 28.942507974914015]}}}]}