{"cond_eff_mass": [{"p": {"300": {"1e+18": [0.4246972444809143, 0.4246972444809143, 0.4246972444809143]}}, "n": {"300": {"1e+18": [0.4575307233678239, 0.45753072336782413, 0.45753072336782413]}}}]}