{"cond_eff_mass": [{"p": {"300": {"1e+18": [0.3775946668568385, 0.41142772543716855, 0.4114279116532603]}}, "n": {"300": {"1e+18": [0.3040744756530383, 0.3040746101808848, 0.8709144890973995]}}}]}