{"cond_eff_mass": [{"p": {"300": {"1e+18": [1.9932786049981048, 2.347311923235469, 2.3476630388062736]}}, "n": {"300": {"1e+18": [0.6202138118542461, 1.3398908851930444, 1.3412552675606506]}}}]}