{"cond_eff_mass": [{"p": {"300": {"1e+18": [0.3985721332771422, 0.3985723688026682, 5.4221010661200655]}}, "n": {"300": {"1e+18": [0.7346893203489634, 0.7346897572015401, 1.2165942932838845]}}}]}