{"cond_eff_mass": [{"p": {"300": {"1e+18": [0.33897119975707446, 0.33897119975707446, 0.33897119975707457]}}, "n": {"300": {"1e+18": [0.33240745948987604, 0.3324074594898763, 0.3324074594898763]}}}]}