{"cond_eff_mass": [{"p": {"300": {"1e+18": [0.08400144894538472, 1.4191678780211103, 1.4191693789340696]}}, "n": {"300": {"1e+18": [0.07857886929305119, 0.4624952898994385, 0.462495783296611]}}}]}