{"cond_eff_mass": [{"p": {"300": {"1e+18": [1.3491354425247166, 1.3498778320493192, 5.1101132036843655]}}, "n": {"300": {"1e+18": [0.5936269489436558, 2.5280475723731164, 2.5297273607410493]}}}]}