{"cond_eff_mass": [{"p": {"300": {"1e+18": [4.275887834987214, 4.275891540603869, 4.280979359238939]}}, "n": {"300": {"1e+18": [1.830606937025204, 1.8755664602213264, 1.8755681613561976]}}}]}