{"cond_eff_mass": [{"p": {"300": {"1e+18": [0.4251159144675828, 2.1388521898879698, 2.1388548409535897]}}, "n": {"300": {"1e+18": [0.4737343660019821, 0.4737349554105872, 0.576547669184247]}}}]}