{"cond_eff_mass": [{"p": {"300": {"1e+18": [0.31380337666265334, 4.862792119006484, 18.809567573652192]}}, "n": {"300": {"1e+18": [0.2793564520860357, 0.2805851157462569, 0.28514235582649966]}}}]}