{"cond_eff_mass": [{"p": {"300": {"1e+18": [1.3358586210689127, 3.11194747743048, 4.051443330365035]}}, "n": {"300": {"1e+18": [0.2942346318822346, 1.4407943571203714, 5.992493205138674]}}}]}