{"cond_eff_mass": [{"p": {"300": {"1e+18": [0.9516849340120274, 0.9516849340120275, 0.9516849340120282]}}, "n": {"300": {"1e+18": [0.1789350691206919, 0.17893506912069196, 0.17893506912069196]}}}]}