{"cond_eff_mass": [{"p": {"300": {"1e+18": [0.5010416885825127, 0.5010416885825237, 63.741765348609874]}}, "n": {"300": {"1e+18": [0.2453432189067706, 0.2453432189067707, 0.3534704397186396]}}}]}