{"cond_eff_mass": [{"p": {"300": {"1e+18": [0.5477190665705451, 0.5477203653780429, 0.6225850186346489]}}, "n": {"300": {"1e+18": [0.3827587111200875, 0.382759615745221, 1.142322226818284]}}}]}