{"cond_eff_mass": [{"p": {"300": {"1e+18": [1.0335146509489017, 1.0335146509489017, 1.0335146509489022]}}, "n": {"300": {"1e+18": [0.16467940698262634, 0.16467940698262648, 0.1646794069826265]}}}]}