{"cond_eff_mass": [{"p": {"300": {"1e+18": [1.2963723195738732, 1.2963750629569626, 1.4291167074482536]}}, "n": {"300": {"1e+18": [0.34811480866912536, 0.3945707492936819, 0.39457157801813236]}}}]}