{"cond_eff_mass": [{"p": {"300": {"1e+18": [1.1259526705481937, 1.1259529404835873, 1.3566212035526264]}}, "n": {"300": {"1e+18": [0.18149521908411942, 0.18529258152487504, 0.1852926302602574]}}}]}