{"cond_eff_mass": [{"p": {"300": {"1e+18": [0.9782664469582374, 0.9782664469582377, 0.9782664469582386]}}, "n": {"300": {"1e+18": [0.39214190087367207, 0.39214190087367234, 0.3921419008736724]}}}]}