{"cond_eff_mass": [{"p": {"300": {"1e+18": [3.052006024124667, 3.0520067018897112, 24.654848442277284]}}, "n": {"300": {"1e+18": [0.271895407762665, 0.2972638171079528, 0.2972638806345498]}}}]}