{"cond_eff_mass": [{"p": {"300": {"1e+18": [0.47703042741272067, 0.47734586615998303, 1.4519171967960025]}}, "n": {"300": {"1e+18": [0.3048245572309655, 0.30796889829352014, 0.3102480787814235]}}}]}