{"cond_eff_mass": [{"p": {"300": {"1e+18": [0.3011718254780716, 84.73857331321422, 836.0019389247684]}}, "n": {"300": {"1e+18": [0.1349150645147543, 0.6218020980461957, 5.36363855855619]}}}]}