{"cond_eff_mass": [{"p": {"300": {"1e+18": [3.5592131239176967, 3.559213123917703, 3.559213123917703]}}, "n": {"300": {"1e+18": [0.8790432209873886, 0.8790432209873886, 0.8790432209873889]}}}]}