{"cond_eff_mass": [{"p": {"300": {"1e+18": [1.6105731756598345, 6.759257307226023, 6.7647071025353895]}}, "n": {"300": {"1e+18": [0.43171800410841427, 0.43304839559530867, 1.5661944221012802]}}}]}