{"cond_eff_mass": [{"p": {"300": {"1e+18": [2.335696343430581, 2.335696343430581, 2.3356963434305817]}}, "n": {"300": {"1e+18": [0.3468324958406639, 0.34683249584066395, 0.346832495840664]}}}]}