{"cond_eff_mass": [{"p": {"300": {"1e+18": [0.773903298213371, 0.7739035745160593, 13.224362808737826]}}, "n": {"300": {"1e+18": [0.6718129374744019, 0.671813177720503, 2.602127424390603]}}}]}