{"cond_eff_mass": [{"p": {"300": {"1e+18": [1.114025681405402, 1.1140256814054024, 1.1140256814054028]}}, "n": {"300": {"1e+18": [0.39919772404313786, 0.3991977240431383, 0.3991977240431385]}}}]}