{"cond_eff_mass": [{"p": {"300": {"1e+18": [0.4914834349482661, 0.8112825381209465, 5.440907895527005]}}, "n": {"300": {"1e+18": [0.12216516841224052, 0.6124191601108456, 0.8446869882236594]}}}]}