{"cond_eff_mass": [{"p": {"300": {"1e+18": [2.701499744378459, 26.705830534680484, 26.721194071065696]}}, "n": {"300": {"1e+18": [0.32716624147247286, 0.3280241152301963, 5.83652569925906]}}}]}