{"cond_eff_mass": [{"p": {"300": {"1e+18": [0.8354887086261347, 0.8354892699781932, 3.0094976635516426]}}, "n": {"300": {"1e+18": [0.5376192081941519, 0.5376195761822906, 0.795715586983605]}}}]}