{"cond_eff_mass": [{"p": {"300": {"1e+18": [0.5849157939352669, 0.5893927046066372, 0.7256290728902063]}}, "n": {"300": {"1e+18": [0.0898655564073307, 0.09196384669883559, 0.14316544162903852]}}}]}