{"cond_eff_mass": [{"p": {"300": {"1e+18": [0.36825278484886337, 0.5049158625902457, 0.5254903152819195]}}, "n": {"300": {"1e+18": [0.808704322299326, 0.8246843274789637, 1.9002198536964294]}}}]}