{"cond_eff_mass": [{"p": {"300": {"1e+18": [0.8816196085613734, 0.8816196085613734, 0.8816196085613739]}}, "n": {"300": {"1e+18": [0.4409895832392776, 0.44098958323927906, 0.4409895832392791]}}}]}