{"cond_eff_mass": [{"p": {"300": {"1e+18": [1.9242029204453812, 3.1405775093392307, 3.1456823805704146]}}, "n": {"300": {"1e+18": [0.4791236070592724, 0.848034734870332, 0.8528484018527763]}}}]}