{"cond_eff_mass": [{"p": {"300": {"1e+18": [0.892403366883099, 2.9739945965659005, 9.692893286380496]}}, "n": {"300": {"1e+18": [0.28352260193859796, 1.3495448454915762, 5.033697418005138]}}}]}