{"cond_eff_mass": [{"p": {"300": {"1e+18": [0.7330358761285758, 0.7330358761285763, 0.7330358761285765]}}, "n": {"300": {"1e+18": [0.9537419364031638, 0.9537419364031641, 0.9537419364031642]}}}]}