{"cond_eff_mass": [{"p": {"300": {"1e+18": [1.1302082534222926, 1.1302084800720449, 1.4690166600860284]}}, "n": {"300": {"1e+18": [0.07977218096609123, 0.08308852198576891, 0.08308853668523646]}}}]}