{"cond_eff_mass": [{"p": {"300": {"1e+18": [6.665098625717025, 13.191195207538993, 16.542211199060223]}}, "n": {"300": {"1e+18": [5.56639550546986, 6.766214648986654, 11.617252297709793]}}}]}