{"cond_eff_mass": [{"p": {"300": {"1e+18": [1.2990587510608795, 1.2990587510608795, 1.29905875106088]}}, "n": {"300": {"1e+18": [0.37805664049689613, 0.3780566404968962, 0.37805664049689647]}}}]}