{"cond_eff_mass": [{"p": {"300": {"1e+18": [1.0081464922968086, 1.0081464922968106, 1.008146492296811]}}, "n": {"300": {"1e+18": [0.5443092942162066, 0.5443092942162066, 0.5443092942162072]}}}]}