{"cond_eff_mass": [{"p": {"300": {"1e+18": [2.8861487091805986, 4.429180671850633, 4.429186870361022]}}, "n": {"300": {"1e+18": [0.5036504060670374, 0.5791295004706852, 0.5791303010760439]}}}]}