{"cond_eff_mass": [{"p": {"300": {"1e+18": [2.1136326845638886, 2.1136326845638904, 6.23842974645477]}}, "n": {"300": {"1e+18": [0.41414534819611093, 0.4581130733819902, 0.4581130733819903]}}}]}