{"cond_eff_mass": [{"p": {"300": {"1e+18": [0.18353694295228146, 0.18353694295228154, 0.18353694295228157]}}, "n": {"300": {"1e+18": [0.49633150355505895, 0.49633150355505906, 0.49633150355505923]}}}]}