{"cond_eff_mass": [{"p": {"300": {"1e+18": [0.2920983020397854, 2.0051508326604495, 5.104125345326089]}}, "n": {"300": {"1e+18": [0.14233003504724817, 0.1804972386109875, 0.18766280254691575]}}}]}