{"cond_eff_mass": [{"p": {"300": {"1e+18": [0.6264079365121062, 1.1892515409743092, 1.9732146383416105]}}, "n": {"300": {"1e+18": [0.3260461169717445, 0.7180079171604207, 2.0013584574242302]}}}]}