{"cond_eff_mass": [{"p": {"300": {"1e+18": [0.18718877143840262, 1.7580123526378124, 1.7580131203709422]}}, "n": {"300": {"1e+18": [0.1500714546332602, 0.20224002630180982, 0.2022401279034438]}}}]}