{"cond_eff_mass": [{"p": {"300": {"1e+18": [0.9427088911508233, 0.9427088911508233, 0.9427088911508233]}}, "n": {"300": {"1e+18": [0.4343042736368481, 0.4343042736368484, 0.4343042736368485]}}}]}