{"cond_eff_mass": [{"p": {"300": {"1e+18": [0.5733645618404024, 0.6394163332218441, 2.1691295893015066]}}, "n": {"300": {"1e+18": [0.11372043168027869, 0.5144328632367753, 0.8140965233268955]}}}]}