{"cond_eff_mass": [{"p": {"300": {"1e+18": [1.0125567268598563, 1.2197139233292835, 2.321516746826299]}}, "n": {"300": {"1e+18": [0.40755303315317565, 0.5193405420113427, 3.4074789261450995]}}}]}