{"cond_eff_mass": [{"p": {"300": {"1e+18": [3.2492710885416964, 3.2492710885416964, 3.9509705948465412]}}, "n": {"300": {"1e+18": [0.5396202078681027, 0.5598875446225768, 0.5598875446225773]}}}]}