{"cond_eff_mass": [{"p": {"300": {"1e+18": [1.5100706789133391, 1.5100716245372272, 5.2348035280282375]}}, "n": {"300": {"1e+18": [0.7776375501783821, 0.8218504166735776, 0.8218509354543855]}}}]}