{"cond_eff_mass": [{"p": {"300": {"1e+18": [1.299138104947054, 4.92530726414489, 4.925307522404298]}}, "n": {"300": {"1e+18": [1.0944850019754075, 2.7354299130740283, 2.7354301786075963]}}}]}