{"cond_eff_mass": [{"p": {"300": {"1e+18": [16.40277695231829, 16.402776952318295, 16.4027769523183]}}, "n": {"300": {"1e+18": [0.3698192258047246, 0.36981922580472465, 0.36981922580472465]}}}]}