{"cond_eff_mass": [{"p": {"300": {"1e+18": [4.7806833346057696, 17.949917566220076, 17.949929000094077]}}, "n": {"300": {"1e+18": [0.46301688916978395, 0.7073559920973326, 0.7073564715087142]}}}]}