{"cond_eff_mass": [{"p": {"300": {"1e+18": [0.536246517782482, 0.5362474464052389, 0.5693632879991677]}}, "n": {"300": {"1e+18": [0.4025705814246641, 0.413957406700248, 0.4139581303480438]}}}]}