{"cond_eff_mass": [{"p": {"300": {"1e+18": [0.9931633981384292, 0.9965073177961254, 1.0160041702473503]}}, "n": {"300": {"1e+18": [0.13781437240976402, 0.139683959504782, 0.16973698162023473]}}}]}