{"cond_eff_mass": [{"p": {"300": {"1e+18": [0.12537180007285903, 0.45811258184404646, 0.45811296166872856]}}, "n": {"300": {"1e+18": [0.3384307910709863, 0.338431075586762, 1.392749643946753]}}}]}