{"cond_eff_mass": [{"p": {"300": {"1e+18": [10.891708218949725, 10.891708218949729, 10.891708218949729]}}, "n": {"300": {"1e+18": [2.440914690910274, 2.4409146909102746, 2.4409146909102746]}}}]}