{"cond_eff_mass": [{"p": {"300": {"1e+18": [0.8498662900394583, 0.8498662900394583, 0.8498662900394589]}}, "n": {"300": {"1e+18": [0.44770383944994435, 0.44770383944994446, 0.44770383944994446]}}}]}