{"cond_eff_mass": [{"p": {"300": {"1e+18": [19.740812247684943, 25.04577937031222, 25.05477333260919]}}, "n": {"300": {"1e+18": [1.305107803440752, 3.4656211798100625, 3.4759074484410157]}}}]}