{"cond_eff_mass": [{"p": {"300": {"1e+18": [1.3131269326219877, 1.8857850732333359, 3.1215428657560356]}}, "n": {"300": {"1e+18": [0.5721958362023318, 0.6492417504002037, 0.9324486928268386]}}}]}