{"cond_eff_mass": [{"p": {"300": {"1e+18": [0.4392924079482587, 0.4396068362207636, 222.95897498011615]}}, "n": {"300": {"1e+18": [0.6308003290356585, 0.6334042831321309, 9467.797400914926]}}}]}