{"cond_eff_mass": [{"p": {"300": {"1e+18": [0.9641542992954435, 23.70008685281773, 33.748812530430925]}}, "n": {"300": {"1e+18": [0.4556887004581108, 0.4628028728415165, 0.4762533861606133]}}}]}