{"cond_eff_mass": [{"p": {"300": {"1e+18": [1.0205111242232892, 1.0205111242232892, 1.0205111242232892]}}, "n": {"300": {"1e+18": [2.0836088505711214, 2.0836088505711214, 2.0836088505711214]}}}]}