{"cond_eff_mass": [{"p": {"300": {"1e+18": [0.7021410540053159, 1.185805334696868, 1.2301427173878157]}}, "n": {"300": {"1e+18": [0.557348504266858, 0.9355948581300478, 1.1525698257374162]}}}]}