{"cond_eff_mass": [{"p": {"300": {"1e+18": [0.3704058695615092, 74.7936310786281, 2442.0988687937943]}}, "n": {"300": {"1e+18": [0.24880443114359563, 1.1878270552941528, 1.7875375462514702]}}}]}