{"cond_eff_mass": [{"p": {"300": {"1e+18": [1.213497336824899, 1.823741387477225, 34.859929763535206]}}, "n": {"300": {"1e+18": [0.6515400362768066, 1.1412412619262768, 1.3266357024529571]}}}]}