{"cond_eff_mass": [{"p": {"300": {"1e+18": [0.9482064174004301, 0.9482064174004305, 0.9482064174004305]}}, "n": {"300": {"1e+18": [0.37442202382631795, 0.3744220238263184, 0.37442202382631845]}}}]}