{"cond_eff_mass": [{"p": {"300": {"1e+18": [1.5625829248656335, 2.942430162765703, 2.9424306850771376]}}, "n": {"300": {"1e+18": [28.52322334310703, 53.70906754052602, 53.709076753630924]}}}]}