{"cond_eff_mass": [{"p": {"300": {"1e+18": [2.1627787490807227, 2.1833413998943554, 2.1957856809635707]}}, "n": {"300": {"1e+18": [0.17254695436714876, 0.2741057890889555, 0.27569316584533926]}}}]}