{"cond_eff_mass": [{"p": {"300": {"1e+18": [4.16457711969239, 4.16457711969239, 4.16457711969239]}}, "n": {"300": {"1e+18": [0.4681675114904543, 0.4681675114904544, 0.4681675114904546]}}}]}