{"cond_eff_mass": [{"p": {"300": {"1e+18": [3.567017406502199, 3.5670174065022007, 3.5670174065022007]}}, "n": {"300": {"1e+18": [0.8631018376985101, 0.8631018376985101, 0.8631018376985102]}}}]}