{"cond_eff_mass": [{"p": {"300": {"1e+18": [4.608285894429962, 4.608285894429962, 21.63159845314697]}}, "n": {"300": {"1e+18": [0.5884419834974295, 0.5884419834974299, 1.2688053048171313]}}}]}