{"cond_eff_mass": [{"p": {"300": {"1e+18": [0.4092069091810848, 0.4092073497113202, 0.5310462233417689]}}, "n": {"300": {"1e+18": [0.5290331293741656, 0.5699534476495626, 0.5699540646938721]}}}]}