{"cond_eff_mass": [{"p": {"300": {"1e+18": [0.931510719284177, 6.591643982868915, 64.84218246204456]}}, "n": {"300": {"1e+18": [0.6387410565967342, 3.34604003722617, 9.783950452782506]}}}]}