{"cond_eff_mass": [{"p": {"300": {"1e+18": [10.329467606939478, 10.329471593769924, 39.32480469252247]}}, "n": {"300": {"1e+18": [0.2615289652111875, 0.2683792310076987, 0.2683793319729289]}}}]}