{"cond_eff_mass": [{"p": {"300": {"1e+18": [1.5409011995661472, 1.5409011995661488, 1.540901199566149]}}, "n": {"300": {"1e+18": [0.4900480194276029, 0.49004801942760295, 0.49004801942760334]}}}]}