{"cond_eff_mass": [{"p": {"300": {"1e+18": [3.929237780978916, 3.930336987051145, 120.59921250800163]}}, "n": {"300": {"1e+18": [0.32690809335119597, 0.3271468025462456, 0.33939939442428124]}}}]}