{"cond_eff_mass": [{"p": {"300": {"1e+18": [82.91152611760857, 168.29244939352256, 168.3630023162384]}}, "n": {"300": {"1e+18": [1.609030851514495, 1.6158514849860548, 1.6666900684544552]}}}]}