{"cond_eff_mass": [{"p": {"300": {"1e+18": [2.332075293696285, 2.332075293696285, 2.8279967681474636]}}, "n": {"300": {"1e+18": [0.7148996323085327, 1.4038857804631988, 1.4038857804631997]}}}]}