{"cond_eff_mass": [{"p": {"300": {"1e+18": [0.6663919046756634, 0.6663930344223682, 5.979342596103457]}}, "n": {"300": {"1e+18": [0.37776425622407656, 0.3777648987667109, 0.5912309516853573]}}}]}