{"cond_eff_mass": [{"p": {"300": {"1e+18": [0.7863281172835813, 10.494519948780697, 10.494519948780699]}}, "n": {"300": {"1e+18": [0.4939514948992606, 0.4939514948992606, 0.8630414625781612]}}}]}