{"cond_eff_mass": [{"p": {"300": {"1e+18": [1.5248960306806634, 2.00903009456578, 2.0090349503912055]}}, "n": {"300": {"1e+18": [1.114971367340619, 1.163665152394893, 1.1636679668667347]}}}]}