{"cond_eff_mass": [{"p": {"300": {"1e+18": [1.7033345667155384, 1.7033345667155384, 1.7033345667155384]}}, "n": {"300": {"1e+18": [0.5369356943201953, 0.5369356943201954, 0.536935694320196]}}}]}