{"cond_eff_mass": [{"p": {"300": {"1e+18": [0.19244457569682408, 0.1924445756968242, 0.19244457569682422]}}, "n": {"300": {"1e+18": [0.21057267016732045, 0.21057267016732048, 0.21057267016732054]}}}]}