{"cond_eff_mass": [{"p": {"300": {"1e+18": [4.725688956609115, 4.727828706696381, 25.78120494371428]}}, "n": {"300": {"1e+18": [0.285044466667231, 0.2854988436066246, 0.2920270865181641]}}}]}