{"cond_eff_mass": [{"p": {"300": {"1e+18": [1.3434654653223168, 2.8756808736788786, 2.8756852366255647]}}, "n": {"300": {"1e+18": [0.535172216724859, 4.8339340802452675, 4.83394196055634]}}}]}