{"cond_eff_mass": [{"p": {"300": {"1e+18": [0.21197566988325578, 1.9382661716761236, 2.168088528514567]}}, "n": {"300": {"1e+18": [0.14154739832582894, 0.6458131655033104, 0.7483442471304994]}}}]}