{"cond_eff_mass": [{"p": {"300": {"1e+18": [0.8551978364554064, 1.4002590120600873, 1.8249198580936286]}}, "n": {"300": {"1e+18": [0.5484351744265197, 0.6340482495285217, 1.3662476009192688]}}}]}