{"cond_eff_mass": [{"p": {"300": {"1e+18": [0.2508759099274117, 0.2508759099274117, 0.2508759099274117]}}, "n": {"300": {"1e+18": [0.2795514153160544, 0.2795514153160544, 0.2795514153160544]}}}]}