{"cond_eff_mass": [{"p": {"300": {"1e+18": [3.477875046411768, 3.7774652226560326, 3.777465222656033]}}, "n": {"300": {"1e+18": [0.4848400530410467, 0.484840053041047, 0.9260154894322334]}}}]}