{"cond_eff_mass": [{"p": {"300": {"1e+18": [3.9907149007315956, 3.990714900731596, 3.990714900731596]}}, "n": {"300": {"1e+18": [0.44909316429393836, 0.4490931642939386, 0.4490931642939386]}}}]}