{"cond_eff_mass": [{"p": {"300": {"1e+18": [0.8632648980144971, 0.8632648980144971, 0.8632648980144978]}}, "n": {"300": {"1e+18": [0.17435124568188626, 0.17435124568188637, 0.1743512456818864]}}}]}