{"cond_eff_mass": [{"p": {"300": {"1e+18": [0.41969897932200423, 1.0018842174900005, 1.0018849655266868]}}, "n": {"300": {"1e+18": [0.3579057642871155, 0.3579060370323525, 0.3776377343936399]}}}]}