{"cond_eff_mass": [{"p": {"300": {"1e+18": [0.332172282613117, 0.6862648815441326, 0.6897466235132315]}}, "n": {"300": {"1e+18": [0.3716119159698166, 0.3747688613845442, 0.3778115869014488]}}}]}