{"cond_eff_mass": [{"p": {"300": {"1e+18": [0.8275492232766357, 1.9542193458636, 1.9542219208147684]}}, "n": {"300": {"1e+18": [0.3563433805621431, 0.4858179407503389, 0.48581856892025027]}}}]}