{"cond_eff_mass": [{"p": {"300": {"1e+18": [1.620570295709175, 2.942660827390604, 5.257821813310064]}}, "n": {"300": {"1e+18": [0.5848247843615347, 1.2771846912077884, 1.3250711003161801]}}}]}