{"cond_eff_mass": [{"p": {"300": {"1e+18": [0.17363443464342992, 1.426826613097608, 2.06053217609604]}}, "n": {"300": {"1e+18": [0.0925048242484383, 0.5186289800072813, 0.5358205173177186]}}}]}