{"cond_eff_mass": [{"p": {"300": {"1e+18": [0.6960144930593178, 0.6980724709111221, 0.8595694380105563]}}, "n": {"300": {"1e+18": [0.10829517557062097, 0.10859540487646699, 0.14287425460403147]}}}]}