{"cond_eff_mass": [{"p": {"300": {"1e+18": [2.2432105040516555, 2.243210504051659, 2.2432105040516594]}}, "n": {"300": {"1e+18": [4.066337902201732, 4.066337902201736, 4.066337902201737]}}}]}