{"cond_eff_mass": [{"p": {"300": {"1e+18": [2.6833054746114016, 2.6833054746114016, 8.65257362496633]}}, "n": {"300": {"1e+18": [0.44861008194025964, 0.4486100819402597, 0.9482254338290619]}}}]}