{"cond_eff_mass": [{"p": {"300": {"1e+18": [3.254818841471128, 3.254818841471128, 3.254818841471128]}}, "n": {"300": {"1e+18": [0.40690817743484453, 0.40690817743484475, 0.40690817743484475]}}}]}