{"cond_eff_mass": [{"p": {"300": {"1e+18": [1.953312572050741, 3.1312983035493596, 3.1312996257606875]}}, "n": {"300": {"1e+18": [18.58122625238685, 50.4953817752113, 50.49540349136749]}}}]}