{"cond_eff_mass": [{"p": {"300": {"1e+18": [1.4502441854295478, 1.4502441854295494, 1.4502441854295496]}}, "n": {"300": {"1e+18": [1.6318954918482698, 1.6318954918482715, 1.6318954918482715]}}}]}