{"cond_eff_mass": [{"p": {"300": {"1e+18": [53.25350283150537, 53.25356959168179, 79.81484019998355]}}, "n": {"300": {"1e+18": [1.4782431568556569, 1.6400177421541995, 1.6400197544504536]}}}]}