{"cond_eff_mass": [{"p": {"300": {"1e+18": [2.167143227539295, 2.8057722350855085, 4.882435398559548]}}, "n": {"300": {"1e+18": [0.8691986393683242, 1.0903674242394457, 1.7975579532909336]}}}]}