{"cond_eff_mass": [{"p": {"300": {"1e+18": [3.636356012630565, 3.636357957856619, 3.7968298710371573]}}, "n": {"300": {"1e+18": [1.1891668373981263, 1.9116580135701113, 1.9116590789787185]}}}]}