{"cond_eff_mass": [{"p": {"300": {"1e+18": [2.542053067856919, 22.478935004808882, 34.46067561853448]}}, "n": {"300": {"1e+18": [0.33750985123504207, 0.36266772358170807, 0.4202878673979877]}}}]}