{"cond_eff_mass": [{"p": {"300": {"1e+18": [1.7708004821103438, 2.7674987869102834, 3.4127137843724853]}}, "n": {"300": {"1e+18": [0.6617049004160066, 0.7773033448611943, 1.007717508271658]}}}]}