{"cond_eff_mass": [{"p": {"300": {"1e+18": [3.359531830622777, 3.359539320389702, 5.763078480843307]}}, "n": {"300": {"1e+18": [0.5480916082363669, 0.9813681762864418, 0.981370363610305]}}}]}