{"cond_eff_mass": [{"p": {"300": {"1e+18": [6.472560155026903, 6.472560155026907, 6.472560155026908]}}, "n": {"300": {"1e+18": [0.3327178348257852, 0.33271783482578526, 0.33271783482578526]}}}]}