{"cond_eff_mass": [{"p": {"300": {"1e+18": [0.2566173859373662, 0.25785672696944156, 2.553781162249565]}}, "n": {"300": {"1e+18": [0.24259620984026684, 0.24276641823262388, 549.5914474732366]}}}]}