{"cond_eff_mass": [{"p": {"300": {"1e+18": [7.05446658403911, 13.875529369302614, 16.67619340604159]}}, "n": {"300": {"1e+18": [0.4599433837856906, 0.4716044553941904, 0.48041668570558904]}}}]}