{"cond_eff_mass": [{"p": {"300": {"1e+18": [1.8312650250854687, 6.043586548449621, 6.043595117907136]}}, "n": {"300": {"1e+18": [0.7474456651576379, 0.7474467315024645, 1.3173731297282072]}}}]}