{"cond_eff_mass": [{"p": {"300": {"1e+18": [0.4524938118474877, 1.9686019687554517, 1.968601968755452]}}, "n": {"300": {"1e+18": [0.4749043668971144, 0.47490436689711446, 1.0698426632827949]}}}]}