{"cond_eff_mass": [{"p": {"300": {"1e+18": [0.9604370466680905, 0.9604373002483371, 2959.9549910790693]}}, "n": {"300": {"1e+18": [0.43690324824165133, 0.4498047618818881, 0.44980486815378723]}}}]}