{"cond_eff_mass": [{"p": {"300": {"1e+18": [0.5003857876417588, 0.5003857876417592, 0.5003857876417592]}}, "n": {"300": {"1e+18": [0.341609782640903, 0.34160978264090336, 0.34160978264090336]}}}]}