{"cond_eff_mass": [{"p": {"300": {"1e+18": [0.3924014824512304, 0.5501020817822396, 0.8011732537457927]}}, "n": {"300": {"1e+18": [0.539925609551181, 0.6172032528395408, 1.777179327624226]}}}]}