{"cond_eff_mass": [{"p": {"300": {"1e+18": [1.5328363713111077, 1.5561299492110108, 2.023121891654738]}}, "n": {"300": {"1e+18": [0.14421654223333866, 0.17849729250992447, 0.24744341779106938]}}}]}