{"cond_eff_mass": [{"p": {"300": {"1e+18": [0.4107618631864693, 0.41076186318646934, 0.4107618631864696]}}, "n": {"300": {"1e+18": [0.21556173968892572, 0.21556173968892572, 0.21556173968892592]}}}]}