{"cond_eff_mass": [{"p": {"300": {"1e+18": [1.6677135975848043, 1.667785360976448, 3.6761719401888637]}}, "n": {"300": {"1e+18": [1.09517878570748, 1.8451102626300846, 1.8492493773093768]}}}]}