{"cond_eff_mass": [{"p": {"300": {"1e+18": [1.6497535609381084, 4.269583699641025, 4.276518393140505]}}, "n": {"300": {"1e+18": [0.3920951235038086, 0.5086010695541505, 0.5136268035173497]}}}]}