{"cond_eff_mass": [{"p": {"300": {"1e+18": [0.2848147350376014, 0.28944185644255327, 0.2894428315807868]}}, "n": {"300": {"1e+18": [0.19506887065469547, 0.19506953232508564, 1.404406194369861]}}}]}