{"cond_eff_mass": [{"p": {"300": {"1e+18": [2.588515184763459, 2.5891961047740626, 93.12062388408958]}}, "n": {"300": {"1e+18": [1.184995654931588, 3.2088320045187464, 3.213814533797035]}}}]}