{"cond_eff_mass": [{"p": {"300": {"1e+18": [14.088442127273964, 14.088475222296445, 22.58122606141033]}}, "n": {"300": {"1e+18": [1.3335927140321207, 1.6042877900467878, 1.6042916105070737]}}}]}