{"cond_eff_mass": [{"p": {"300": {"1e+18": [1.4530141461502422, 1.4530141461502466, 21.638284132198347]}}, "n": {"300": {"1e+18": [0.40717495123406355, 0.40717495123406355, 1.008537362519463]}}}]}