{"cond_eff_mass": [{"p": {"300": {"1e+18": [1.3247838525032603, 1.3247843568332063, 1.6820815030612861]}}, "n": {"300": {"1e+18": [0.15594913386345563, 0.2974051442860493, 0.2974052600706324]}}}]}