{"cond_eff_mass": [{"p": {"300": {"1e+18": [0.9282750758003132, 0.9282750758003147, 0.9282750758003148]}}, "n": {"300": {"1e+18": [0.31978227005349674, 0.31978227005349674, 0.31978227005349685]}}}]}