{"cond_eff_mass": [{"p": {"300": {"1e+18": [0.5874215308808659, 1.2976300650951758, 1.7993464790998912]}}, "n": {"300": {"1e+18": [0.31895201589017136, 0.8726669103868322, 1.472277507303042]}}}]}