{"cond_eff_mass": [{"p": {"300": {"1e+18": [0.533190219146772, 1.174957370117879, 1.3867936002401735]}}, "n": {"300": {"1e+18": [0.34209703327729263, 0.3860083511620587, 0.534435100908344]}}}]}