{"cond_eff_mass": [{"p": {"300": {"1e+18": [2.8126081842044135, 2.8126081842044144, 2.8126081842044144]}}, "n": {"300": {"1e+18": [0.32369098132112184, 0.32369098132112184, 0.32369098132112184]}}}]}