{"cond_eff_mass": [{"p": {"300": {"1e+18": [0.3771396606913205, 0.6155400062341809, 7.200030379309249]}}, "n": {"300": {"1e+18": [0.17688174928519274, 0.40838454215834036, 419.3108325389014]}}}]}