{"cond_eff_mass": [{"p": {"300": {"1e+18": [0.16637825348848376, 0.16637884289389507, 1.0472052542722565]}}, "n": {"300": {"1e+18": [0.22536410123365297, 0.22536489426779902, 0.6067011075802293]}}}]}