{"cond_eff_mass": [{"p": {"300": {"1e+18": [2.2904402548603815, 2.290440254860382, 2.290440254860384]}}, "n": {"300": {"1e+18": [0.4752942255504437, 0.4752942255504439, 0.4752942255504439]}}}]}