{"cond_eff_mass": [{"p": {"300": {"1e+18": [2.2249902224690126, 2.224990222469016, 2.224990222469016]}}, "n": {"300": {"1e+18": [0.8508567828550679, 0.8508567828550686, 0.8508567828550686]}}}]}