{"cond_eff_mass": [{"p": {"300": {"1e+18": [1.0686717478762304, 3.5328021315609632, 11.629515360530863]}}, "n": {"300": {"1e+18": [0.4722562753004242, 0.7545324656115561, 3.390065929819222]}}}]}