{"cond_eff_mass": [{"p": {"300": {"1e+18": [0.4678523627235615, 0.4678523627235618, 1.7834366658673488]}}, "n": {"300": {"1e+18": [0.23821856811885248, 0.23821856811885253, 0.2668615795092965]}}}]}