{"cond_eff_mass": [{"p": {"300": {"1e+18": [0.627799064933872, 0.627799064933872, 0.6277990649338727]}}, "n": {"300": {"1e+18": [0.22967665575883442, 0.22967665575883442, 0.22967665575883453]}}}]}