{"cond_eff_mass": [{"p": {"300": {"1e+18": [2.4829459736345973, 11.470761118213776, 11.470761118213778]}}, "n": {"300": {"1e+18": [0.558789427622927, 0.5587894276229282, 6.308083816733944]}}}]}