{"cond_eff_mass": [{"p": {"300": {"1e+18": [0.8530314700810366, 10.924798448320221, 17.694808245880083]}}, "n": {"300": {"1e+18": [0.3864640429627691, 0.4011222731844336, 0.40381501882623594]}}}]}