{"cond_eff_mass": [{"p": {"300": {"1e+18": [5.175080038311147, 5.175080038311147, 5.175080038311152]}}, "n": {"300": {"1e+18": [1.0425451510782866, 1.0425451510782868, 1.042545151078287]}}}]}