{"cond_eff_mass": [{"p": {"300": {"1e+18": [0.6669273202807732, 1.758393622037513, 36.91159720819229]}}, "n": {"300": {"1e+18": [0.17057041468919706, 0.19128846830548998, 0.1939795329752764]}}}]}