{"cond_eff_mass": [{"p": {"300": {"1e+18": [3.9983719085070644, 3.998371908507068, 3.998371908507068]}}, "n": {"300": {"1e+18": [0.827992402876617, 0.827992402876617, 0.8279924028766172]}}}]}