{"cond_eff_mass": [{"p": {"300": {"1e+18": [0.24045993217828437, 0.24045993217828443, 0.24045993217828474]}}, "n": {"300": {"1e+18": [0.3689547135551998, 0.3689547135551998, 0.36895471355519993]}}}]}