{"cond_eff_mass": [{"p": {"300": {"1e+18": [2.0897963353525424, 2.0911390182521776, 4.409967148340786]}}, "n": {"300": {"1e+18": [0.3580628202482605, 0.40896276254363756, 0.40994791652431833]}}}]}