{"cond_eff_mass": [{"p": {"300": {"1e+18": [3.555978689974226, 3.555978689974226, 3.555978689974226]}}, "n": {"300": {"1e+18": [0.40310593935679556, 0.40310593935679556, 0.4031059393567958]}}}]}