{"cond_eff_mass": [{"p": {"300": {"1e+18": [0.5460245522484535, 0.5460245522484537, 0.5460245522484537]}}, "n": {"300": {"1e+18": [0.09455885570489646, 0.09455885570489646, 0.09455885570489647]}}}]}