{"cond_eff_mass": [{"p": {"300": {"1e+18": [2.28575209512112, 2.2857520951211203, 2.2857520951211203]}}, "n": {"300": {"1e+18": [0.3246060559802057, 0.3246060559802057, 0.3246060559802057]}}}]}