{"cond_eff_mass": [{"p": {"300": {"1e+18": [1.0475808147087449, 69.11953138810702, 69.11953138810705]}}, "n": {"300": {"1e+18": [0.7155815511449962, 0.7155815511449967, 7.80229724873497]}}}]}