{"cond_eff_mass": [{"p": {"300": {"1e+18": [0.9083235910395715, 0.9083245988864346, 0.9218224927545595]}}, "n": {"300": {"1e+18": [0.36143852016934297, 0.36981026662284167, 0.3698106711059894]}}}]}