{"cond_eff_mass": [{"p": {"300": {"1e+18": [0.9530299899321069, 0.9530310383902578, 137.00202220670639]}}, "n": {"300": {"1e+18": [0.3844486831224639, 0.5039532422352141, 0.5039537982648397]}}}]}