{"cond_eff_mass": [{"p": {"300": {"1e+18": [1.4645647483338162, 2.273164423313448, 8.567343353425942]}}, "n": {"300": {"1e+18": [0.6947198160918471, 2.6684597101021543, 5.05830098375452]}}}]}