{"cond_eff_mass": [{"p": {"300": {"1e+18": [0.5874654946461076, 0.589470476076526, 71.56594419002963]}}, "n": {"300": {"1e+18": [0.46759545127849717, 0.46939864575790036, 8.157510584217867]}}}]}