{"cond_eff_mass": [{"p": {"300": {"1e+18": [1.0802833633299243, 1.0802833633299243, 1.0802833633299251]}}, "n": {"300": {"1e+18": [0.5034729248664069, 0.5034729248664072, 0.5034729248664073]}}}]}