{"cond_eff_mass": [{"p": {"300": {"1e+18": [0.6712382964754705, 0.6712382964754716, 0.6712382964754717]}}, "n": {"300": {"1e+18": [0.2049711820854032, 0.20497118208540324, 0.2049711820854033]}}}]}