{"cond_eff_mass": [{"p": {"300": {"1e+18": [1.7841875761564612, 1.7841875761564612, 1.7841875761564612]}}, "n": {"300": {"1e+18": [0.2523240022335381, 0.2523240022335381, 0.2523240022335381]}}}]}