{"cond_eff_mass": [{"p": {"300": {"1e+18": [0.9738150618915673, 0.9790436244865838, 1.1668824242837075]}}, "n": {"300": {"1e+18": [0.12922421386313435, 0.12943210101473052, 0.15801476308961077]}}}]}