{"cond_eff_mass": [{"p": {"300": {"1e+18": [0.662150567909532, 0.6621505679095321, 0.6621505679095321]}}, "n": {"300": {"1e+18": [0.3461777532644594, 0.3461777532644594, 0.3461777532644594]}}}]}