{"cond_eff_mass": [{"p": {"300": {"1e+18": [1.7838044764565604, 1.783806030369247, 2.907456174472892]}}, "n": {"300": {"1e+18": [0.5069683951944474, 0.5069688384352129, 0.5813791319240738]}}}]}