{"cond_eff_mass": [{"p": {"300": {"1e+18": [2.7767003694906127, 2.776708428010809, 10.812037589914457]}}, "n": {"300": {"1e+18": [0.48427650401851724, 0.4842779189941289, 0.5318135162099119]}}}]}