{"cond_eff_mass": [{"p": {"300": {"1e+18": [1.6465794869481702, 1.646579486948173, 1.6465794869481736]}}, "n": {"300": {"1e+18": [0.5873414333281193, 0.5873414333281194, 0.5873414333281197]}}}]}