{"cond_eff_mass": [{"p": {"300": {"1e+18": [1.216151002888366, 1.2161510028883682, 1.2161510028883682]}}, "n": {"300": {"1e+18": [0.4396443826939245, 0.4396443826939245, 0.4396443826939248]}}}]}