{"cond_eff_mass": [{"p": {"300": {"1e+18": [1.2859944963016292, 40.56929758230125, 40.56929758230126]}}, "n": {"300": {"1e+18": [0.8628780110540836, 0.8628780110540843, 11.423678872208603]}}}]}