{"cond_eff_mass": [{"p": {"300": {"1e+18": [1.4443958493191706, 2.2921591341995082, 2.2921591341995096]}}, "n": {"300": {"1e+18": [0.6623215588023378, 0.6623215588023386, 2.4360409664665794]}}}]}