{"cond_eff_mass": [{"p": {"300": {"1e+18": [6.8040945648162445, 6.804094564816248, 6.804094564816248]}}, "n": {"300": {"1e+18": [0.8879214373918718, 0.8879214373918719, 0.8879214373918723]}}}]}