{"cond_eff_mass": [{"p": {"300": {"1e+18": [1.205599252974703, 1.205599252974703, 1.205599252974703]}}, "n": {"300": {"1e+18": [0.39875381936208526, 0.3987538193620855, 0.3987538193620855]}}}]}