{"cond_eff_mass": [{"p": {"300": {"1e+18": [11.94600697828698, 11.946013924565428, 17.47232086531246]}}, "n": {"300": {"1e+18": [0.3653094325767305, 0.3653096392476697, 0.49482823459954356]}}}]}