{"cond_eff_mass": [{"p": {"300": {"1e+18": [1.8461860721114243, 1.8461876445108285, 2.377800832602338]}}, "n": {"300": {"1e+18": [0.31422145773677373, 0.3423091861076947, 0.34230946886548996]}}}]}