{"cond_eff_mass": [{"p": {"300": {"1e+18": [9.67853821794434, 9.678551020851257, 30.909381724384296]}}, "n": {"300": {"1e+18": [0.557107561083097, 0.5571082942212546, 0.5831103136836154]}}}]}