{"cond_eff_mass": [{"p": {"300": {"1e+18": [0.9304978743881267, 0.9304978743881271, 0.9304978743881274]}}, "n": {"300": {"1e+18": [0.13446583802526418, 0.1344658380252643, 0.1344658380252643]}}}]}