{"cond_eff_mass": [{"p": {"300": {"1e+18": [1.1642610107007803, 10.563721533204186, 56.01135800028038]}}, "n": {"300": {"1e+18": [0.7872969508388377, 3.515550485858653, 7.376748819420403]}}}]}