{"cond_eff_mass": [{"p": {"300": {"1e+18": [3.812153506632558, 3.8121535066325634, 3.8121535066325634]}}, "n": {"300": {"1e+18": [0.6039059757204572, 0.6039059757204572, 0.6039059757204577]}}}]}