{"cond_eff_mass": [{"p": {"300": {"1e+18": [2.0836841904915353, 3.1740412752112785, 58.51874696575621]}}, "n": {"300": {"1e+18": [0.6015955993668746, 0.6153965400311212, 0.6682951460688622]}}}]}