{"cond_eff_mass": [{"p": {"300": {"1e+18": [0.23636874574120573, 0.5235116676681412, 0.5255742085004633]}}, "n": {"300": {"1e+18": [0.0668776058759053, 0.06705497371729495, 0.0700633843159374]}}}]}