{"cond_eff_mass": [{"p": {"300": {"1e+18": [1.0974292082744503, 1.5602712910719065, 1.5618672328015246]}}, "n": {"300": {"1e+18": [0.37591128172160504, 0.5172589712729821, 0.5185533931606268]}}}]}