{"cond_eff_mass": [{"p": {"300": {"1e+18": [1.7140772049124784, 2.33987430978198, 2.3412568604214314]}}, "n": {"300": {"1e+18": [0.17532401829217445, 0.17666530788904222, 0.25673762682242907]}}}]}