{"cond_eff_mass": [{"p": {"300": {"1e+18": [5.525969777835283, 5.525969777835287, 5.525969777835287]}}, "n": {"300": {"1e+18": [0.5257328011864478, 0.5257328011864478, 0.5257328011864478]}}}]}