{"cond_eff_mass": [{"p": {"300": {"1e+18": [1.6276245944243182, 1.6280746671236441, 453.4478970721408]}}, "n": {"300": {"1e+18": [0.4924264165556234, 0.497068461290825, 0.6033945959864793]}}}]}