{"cond_eff_mass": [{"p": {"300": {"1e+18": [3.0487383225181137, 4.308746692480939, 4.309860125615428]}}, "n": {"300": {"1e+18": [0.683614530858753, 0.804983326198477, 0.8061791665585729]}}}]}