{"cond_eff_mass": [{"p": {"300": {"1e+18": [0.732277038628682, 1.8533038351442963, 4.736761303959627]}}, "n": {"300": {"1e+18": [0.517814420495623, 0.5530049442985903, 2.296089841454328]}}}]}