{"cond_eff_mass": [{"p": {"300": {"1e+18": [1.398335888881862, 1.398335888881862, 1.398335888881863]}}, "n": {"300": {"1e+18": [0.2702747083887094, 0.2702747083887094, 0.2702747083887094]}}}]}