{"cond_eff_mass": [{"p": {"300": {"1e+18": [2.0197137169346604, 2.0197137169346604, 2.019713716934662]}}, "n": {"300": {"1e+18": [0.1391849234740852, 0.1391849234740852, 0.1391849234740852]}}}]}