{"cond_eff_mass": [{"p": {"300": {"1e+18": [1.5510287975630164, 2.9726832837422683, 2.9755796463921924]}}, "n": {"300": {"1e+18": [0.3955934713758685, 0.39570689632939854, 0.3998231363834241]}}}]}