{"cond_eff_mass": [{"p": {"300": {"1e+18": [0.3832616135386358, 0.3832616135386364, 8.881256121121051]}}, "n": {"300": {"1e+18": [0.1955105122636458, 0.19551051226365507, 236.52324673221096]}}}]}