{"cond_eff_mass": [{"p": {"300": {"1e+18": [1.1936097266766574, 1.1936117292150694, 2.3026608691232227]}}, "n": {"300": {"1e+18": [0.3121086115336241, 0.3121091383914316, 0.4041545081043736]}}}]}