{"cond_eff_mass": [{"p": {"300": {"1e+18": [0.1563527342888268, 1.8755342535848076, 2.146712327143359]}}, "n": {"300": {"1e+18": [0.13638828557601523, 0.6692904278207902, 0.731451732144498]}}}]}