{"cond_eff_mass": [{"p": {"300": {"1e+18": [1.241841079756543, 4.617166794356963, 9.191283721725574]}}, "n": {"300": {"1e+18": [0.2645456559143849, 0.30656253170400516, 0.32343582603494864]}}}]}