{"cond_eff_mass": [{"p": {"300": {"1e+18": [0.2673684013761563, 0.2680471280334316, 3.3480544052238943]}}, "n": {"300": {"1e+18": [0.06395794368802163, 0.06416829062106355, 3.8607347961916387]}}}]}