{"cond_eff_mass": [{"p": {"300": {"1e+18": [2.1185026836689964, 2.1185026836689964, 2.1185026836689964]}}, "n": {"300": {"1e+18": [0.4444107885984153, 0.4444107885984153, 0.4444107885984153]}}}]}