{"cond_eff_mass": [{"p": {"300": {"1e+18": [2.3447397269643604, 2.3447487792440436, 9.628809162301899]}}, "n": {"300": {"1e+18": [0.23875690649902173, 0.23875781573271818, 0.25368502315869473]}}}]}