{"cond_eff_mass": [{"p": {"300": {"1e+18": [0.9806181236264891, 0.9806192156160849, 12.610406386782637]}}, "n": {"300": {"1e+18": [0.44393852622490493, 0.944555568244505, 0.9445566130553058]}}}]}