{"cond_eff_mass": [{"p": {"300": {"1e+18": [5.436802244439809, 7.356124681174623, 7.356143308015524]}}, "n": {"300": {"1e+18": [7.320517722756479, 7.320536169708973, 12.262505003451803]}}}]}