{"cond_eff_mass": [{"p": {"300": {"1e+18": [3.207361160503761, 3.20736268403988, 4.02380445759771]}}, "n": {"300": {"1e+18": [0.8505871486081871, 1.7341290340954953, 1.7341298233507236]}}}]}