{"cond_eff_mass": [{"p": {"300": {"1e+18": [1.2020643952516226, 1.3224756294188036, 1.3244576598237678]}}, "n": {"300": {"1e+18": [0.13897183353066528, 0.13937110112833417, 0.1900981719916171]}}}]}