{"cond_eff_mass": [{"p": {"300": {"1e+18": [2.0256583809935873, 2.0256608260313915, 2.1127910033585833]}}, "n": {"300": {"1e+18": [0.3898780541170585, 0.3898785181435883, 0.4323849179736289]}}}]}