{"cond_eff_mass": [{"p": {"300": {"1e+18": [1.9689910711629368, 2.829965772060515, 2.829965813730947]}}, "n": {"300": {"1e+18": [0.5911022329518598, 0.6904601587185915, 0.690460178372827]}}}]}