{"cond_eff_mass": [{"p": {"300": {"1e+18": [1.0662944117587496, 1.0665599227560618, 525.7712451631883]}}, "n": {"300": {"1e+18": [0.38549559877528344, 0.38617607150515576, 0.43004554401865286]}}}]}