{"cond_eff_mass": [{"p": {"300": {"1e+18": [6.209854800471527, 11.120372558522508, 11.120379579977872]}}, "n": {"300": {"1e+18": [3.0097092486671326, 3.0097112095308516, 57.74106291212643]}}}]}