{"cond_eff_mass": [{"p": {"300": {"1e+18": [4.028030953143113, 4.028030953143113, 4.028030953143113]}}, "n": {"300": {"1e+18": [0.5309460141200767, 0.5309460141200769, 0.5309460141200769]}}}]}