{"cond_eff_mass": [{"p": {"300": {"1e+18": [1.923566754842895, 1.9235725682094493, 5.21773122790284]}}, "n": {"300": {"1e+18": [0.3891178923671858, 1.1427228191717276, 1.1427262118841859]}}}]}