{"cond_eff_mass": [{"p": {"300": {"1e+18": [0.9589145595550357, 6.527673264166358, 8.155335772673588]}}, "n": {"300": {"1e+18": [1.2427899546066081, 1.853454623043236, 4.2442731652730945]}}}]}