{"cond_eff_mass": [{"p": {"300": {"1e+18": [0.7089212371747231, 0.7097634882136904, 0.9231295755303391]}}, "n": {"300": {"1e+18": [0.45097200349669536, 0.45175406676260377, 0.6408652120326402]}}}]}