{"cond_eff_mass": [{"p": {"300": {"1e+18": [2.598730400911095, 2.598730880225784, 11.259120017609145]}}, "n": {"300": {"1e+18": [0.3772655812478419, 0.8920291195112705, 0.8920292606988015]}}}]}