{"cond_eff_mass": [{"p": {"300": {"1e+18": [0.9230849330421392, 0.9236793984775342, 7.9811222111484135]}}, "n": {"300": {"1e+18": [0.3051745637609663, 0.38051400615229464, 0.38244301659313906]}}}]}