{"cond_eff_mass": [{"p": {"300": {"1e+18": [2.000490355416168, 2.000490355416168, 2.000490355416168]}}, "n": {"300": {"1e+18": [0.3642225865903934, 0.3642225865903934, 0.3642225865903934]}}}]}