{"cond_eff_mass": [{"p": {"300": {"1e+18": [0.8785760452509384, 1.5423160312971056, 1.5423167066101375]}}, "n": {"300": {"1e+18": [0.18832481243307106, 0.18832490053421302, 0.20417015332865826]}}}]}