{"cond_eff_mass": [{"p": {"300": {"1e+18": [3.151851051863116, 3.1518510518631166, 4.290179591969138]}}, "n": {"300": {"1e+18": [0.4810943545369706, 0.4810943545369709, 0.5067051250694536]}}}]}