{"cond_eff_mass": [{"p": {"300": {"1e+18": [12.049028212469262, 12.049028212469269, 12.049028212469269]}}, "n": {"300": {"1e+18": [0.6004506046365248, 0.6004506046365248, 0.6004506046365253]}}}]}