{"cond_eff_mass": [{"p": {"300": {"1e+18": [0.3234131004380971, 0.6195749717936618, 0.6218461809494613]}}, "n": {"300": {"1e+18": [0.2570376462843078, 0.25811871662519775, 0.3050425316094612]}}}]}