{"cond_eff_mass": [{"p": {"300": {"1e+18": [0.5217261903304339, 0.8274430833249756, 0.827605840124274]}}, "n": {"300": {"1e+18": [0.49863588214507454, 0.5747747182676126, 0.5758221272795366]}}}]}