{"cond_eff_mass": [{"p": {"300": {"1e+18": [3.9089342287081914, 4.178493244354397, 5.62106622115288]}}, "n": {"300": {"1e+18": [0.46890191409216014, 0.47683794024999804, 0.478078131157427]}}}]}