{"cond_eff_mass": [{"p": {"300": {"1e+18": [1.0176984302960836, 1.7585781132123046, 1.7604946988998385]}}, "n": {"300": {"1e+18": [0.21002493327644484, 0.23339547856055937, 0.23383500792071488]}}}]}