{"cond_eff_mass": [{"p": {"300": {"1e+18": [2.2118096076670795, 4.765378321216077, 18.93350970134496]}}, "n": {"300": {"1e+18": [0.4997644471961483, 0.5479316099981375, 0.5619629247778406]}}}]}