{"cond_eff_mass": [{"p": {"300": {"1e+18": [5.98311428075207, 5.983114280752073, 5.983114280752074]}}, "n": {"300": {"1e+18": [0.5603802248011538, 0.5603802248011538, 0.560380224801154]}}}]}