{"cond_eff_mass": [{"p": {"300": {"1e+18": [2.2331345604962873, 3.0837718865714656, 3.0837790947034]}}, "n": {"300": {"1e+18": [0.49087769228001144, 0.5109335711551669, 0.5109347555218853]}}}]}