{"cond_eff_mass": [{"p": {"300": {"1e+18": [4.681830914438639, 13.531921902542212, 13.531953743364511]}}, "n": {"300": {"1e+18": [10.700452587086753, 10.700477372909692, 28.95851473174916]}}}]}