{"cond_eff_mass": [{"p": {"300": {"1e+18": [0.6528339074748488, 0.6528339074748489, 0.6528339074748489]}}, "n": {"300": {"1e+18": [0.39168455359810367, 0.3916845535981037, 0.39168455359810395]}}}]}