{"cond_eff_mass": [{"p": {"300": {"1e+18": [12.626797285444347, 12.632909480987442, 25.17030131681079]}}, "n": {"300": {"1e+18": [2.9630208428871505, 2.9660134815834254, 7.207171288907983]}}}]}