{"cond_eff_mass": [{"p": {"300": {"1e+18": [2.930318159037835, 2.932042274735833, 4.109678995303068]}}, "n": {"300": {"1e+18": [0.33840343157033287, 0.8823513767884744, 0.8871988641619033]}}}]}