{"cond_eff_mass": [{"p": {"300": {"1e+18": [1.8668611786410845, 1.8668611786410856, 5.95172903353982]}}, "n": {"300": {"1e+18": [1.6659930781192465, 1.6659930781192471, 14.774018665884299]}}}]}