{"cond_eff_mass": [{"p": {"300": {"1e+18": [1.2212827575189777, 1.2212827575189804, 216.63795731142667]}}, "n": {"300": {"1e+18": [0.2845368943620606, 0.28453689436206187, 20.418586457553317]}}}]}