{"cond_eff_mass": [{"p": {"300": {"1e+18": [0.6227573909475297, 8.099120174346963, 96.73351089698023]}}, "n": {"300": {"1e+18": [0.40390391097345435, 0.8163350204421306, 1.0781431299364554]}}}]}