{"cond_eff_mass": [{"p": {"300": {"1e+18": [1.595235345955752, 1.5952367985102944, 3.977523906851462]}}, "n": {"300": {"1e+18": [0.4375638282266957, 0.437564211164902, 1.5704700509442273]}}}]}