{"cond_eff_mass": [{"p": {"300": {"1e+18": [0.3988986507629654, 0.39986349152329853, 0.7537486252388839]}}, "n": {"300": {"1e+18": [0.2411773900077754, 0.2418991221107952, 1.108460478511017]}}}]}