{"cond_eff_mass": [{"p": {"300": {"1e+18": [1.114154428553207, 5.190068986465491, 327.80324376670654]}}, "n": {"300": {"1e+18": [0.46486579871624195, 0.5950048824583986, 3.23458313071328]}}}]}