{"cond_eff_mass": [{"p": {"300": {"1e+18": [2.098029431255976, 2.4324309181464727, 5.645390313583286]}}, "n": {"300": {"1e+18": [0.28268982585396535, 0.30982370589653624, 0.3112273304026424]}}}]}