{"cond_eff_mass": [{"p": {"300": {"1e+18": [8.70297428070904, 8.702984287476182, 143.00994753648584]}}, "n": {"300": {"1e+18": [0.744027815079739, 0.8670099847263448, 0.8670109965351831]}}}]}