{"cond_eff_mass": [{"p": {"300": {"1e+18": [1.2148307884647371, 1.2148307884647382, 1.2148307884647387]}}, "n": {"300": {"1e+18": [2.082153964285669, 2.082153964285669, 2.082153964285669]}}}]}