{"cond_eff_mass": [{"p": {"300": {"1e+18": [0.5330624852350728, 0.951316778356806, 0.9524259716248994]}}, "n": {"300": {"1e+18": [0.13725227345403976, 0.1514418766700992, 0.1515956458551449]}}}]}