{"cond_eff_mass": [{"p": {"300": {"1e+18": [0.30545344900996985, 0.30545405474292964, 14.538584393587895]}}, "n": {"300": {"1e+18": [0.5681022699952071, 0.56810339660449, 1.1449948319201069]}}}]}