{"cond_eff_mass": [{"p": {"300": {"1e+18": [5.83037291527949, 5.830372915279491, 5.916166123080336]}}, "n": {"300": {"1e+18": [0.5069570127690076, 0.506957012769008, 0.517958691276321]}}}]}