{"cond_eff_mass": [{"p": {"300": {"1e+18": [2.4332889323248366, 4.497494123338475, 8.872803569972824]}}, "n": {"300": {"1e+18": [0.4583045727361222, 0.6771044615833984, 0.8953983610304305]}}}]}