{"cond_eff_mass": [{"p": {"300": {"1e+18": [2.5309003006675908, 2.7040440966195454, 4.060763853890884]}}, "n": {"300": {"1e+18": [1.745244372706394, 1.765219519710375, 2.4998530524018316]}}}]}