{"cond_eff_mass": [{"p": {"300": {"1e+18": [0.8744185836688376, 1.8730581577597885, 1.8730635112921128]}}, "n": {"300": {"1e+18": [0.18600909541689947, 0.24585006482273716, 0.24585079409394464]}}}]}