{"cond_eff_mass": [{"p": {"300": {"1e+18": [2.392621270429009, 2.3926212704290117, 2.3926212704290117]}}, "n": {"300": {"1e+18": [2.2345643893293317, 2.2345643893293317, 2.2345643893293317]}}}]}