{"cond_eff_mass": [{"p": {"300": {"1e+18": [1.7751295404768588, 2.4111655989032887, 3.6948241078796737]}}, "n": {"300": {"1e+18": [0.5384111008275482, 0.9974369307278542, 4.183482796527038]}}}]}