{"cond_eff_mass": [{"p": {"300": {"1e+18": [3.3799456472801297, 3.3837114355914273, 566.0241876310573]}}, "n": {"300": {"1e+18": [0.4714404296142958, 1.364796192635112, 1.3698582172754135]}}}]}