{"cond_eff_mass": [{"p": {"300": {"1e+18": [16.40910958256409, 16.40912391532566, 39.21069627551621]}}, "n": {"300": {"1e+18": [0.5503568053177288, 0.5503572782619677, 1.2763857239620306]}}}]}