{"cond_eff_mass": [{"p": {"300": {"1e+18": [0.4495775750806902, 0.44957757508069046, 2.624282697294528]}}, "n": {"300": {"1e+18": [0.1080456873003419, 0.10804568730034192, 0.17495528095507668]}}}]}