{"cond_eff_mass": [{"p": {"300": {"1e+18": [2.0438082690803236, 8.487684379646405, 9.080223055914725]}}, "n": {"300": {"1e+18": [1.8281204265125297, 2.3547495829974734, 3.089782730124845]}}}]}