{"cond_eff_mass": [{"p": {"300": {"1e+18": [0.753620356481752, 0.8743081097238424, 3.9319682623442853]}}, "n": {"300": {"1e+18": [0.34004927087633013, 0.4325692900032223, 0.9980920831345529]}}}]}