{"cond_eff_mass": [{"p": {"300": {"1e+18": [0.43365679774113974, 0.4337375560665525, 0.8323587703016078]}}, "n": {"300": {"1e+18": [0.3856590243650873, 0.3873208879659404, 306.41395774478843]}}}]}