{"cond_eff_mass": [{"p": {"300": {"1e+18": [1.558583762045142, 1.558583762045142, 1.5585837620451433]}}, "n": {"300": {"1e+18": [2.4948804966776823, 2.4948804966776827, 2.4948804966776845]}}}]}