{"cond_eff_mass": [{"p": {"300": {"1e+18": [1.5595898970970028, 1.5595907602529646, 2.876648699447574]}}, "n": {"300": {"1e+18": [0.34329481886734037, 0.3432950154299062, 0.42786238852510544]}}}]}