{"cond_eff_mass": [{"p": {"300": {"1e+18": [1.3655874463062543, 1.450233651852108, 1.453112142840567]}}, "n": {"300": {"1e+18": [0.10282470650182401, 2.71343922346067, 2.71708599214223]}}}]}