{"cond_eff_mass": [{"p": {"300": {"1e+18": [2.5614987019071647, 3.0998129054569508, 6.832117694154004]}}, "n": {"300": {"1e+18": [1.9798182129765851, 2.46935281281331, 3.4098381780924174]}}}]}