{"cond_eff_mass": [{"p": {"300": {"1e+18": [2.377170987506874, 2.377171056674629, 78.10570982008721]}}, "n": {"300": {"1e+18": [1.1983259614237531, 1.198325968150317, 1.4277053071005874]}}}]}