{"cond_eff_mass": [{"p": {"300": {"1e+18": [3.006410068436066, 3.0064108072963576, 8.807375830018488]}}, "n": {"300": {"1e+18": [0.5037915698788171, 0.5037916986385158, 0.5378671844793093]}}}]}