{"cond_eff_mass": [{"p": {"300": {"1e+18": [0.6237383329382906, 0.6254508850445988, 0.9841438255387197]}}, "n": {"300": {"1e+18": [0.12539354089034677, 0.12651690661172843, 0.13760532697329364]}}}]}