{"cond_eff_mass": [{"p": {"300": {"1e+18": [3.5633590788589715, 9.749275916174744, 22.189561818085156]}}, "n": {"300": {"1e+18": [0.6396560868736236, 1.1048963696370997, 12.684608044850542]}}}]}