{"cond_eff_mass": [{"p": {"300": {"1e+18": [0.39802025881272, 0.5653861856617132, 0.565388204865477]}}, "n": {"300": {"1e+18": [0.35510622844689566, 0.355107494852348, 0.8484916843043142]}}}]}