{"cond_eff_mass": [{"p": {"300": {"1e+18": [1.0660945879051156, 1.0660967204006542, 1.3783697264013863]}}, "n": {"300": {"1e+18": [0.1806341979721486, 0.18063454881335575, 0.1807677158846999]}}}]}