{"cond_eff_mass": [{"p": {"300": {"1e+18": [1.0222080766638526, 2.240308660841231, 16.420742930297568]}}, "n": {"300": {"1e+18": [1.2640790034498213, 2.412195138752432, 9.451296305733523]}}}]}