{"cond_eff_mass": [{"p": {"300": {"1e+18": [1.4263342134815158, 1.426334213481517, 1.426334213481517]}}, "n": {"300": {"1e+18": [0.4500908517240966, 0.4500908517240967, 0.45009085172409674]}}}]}