{"cond_eff_mass": [{"p": {"300": {"1e+18": [1.2005275427542967, 4.667344732595365, 4.725461116629955]}}, "n": {"300": {"1e+18": [0.3481240585732704, 0.4433805428117998, 0.4714167003856127]}}}]}