{"cond_eff_mass": [{"p": {"300": {"1e+18": [5.928403870105349, 13.881809733699711, 13.881838455428174]}}, "n": {"300": {"1e+18": [0.6660647359614378, 0.6660661213916861, 0.6676796262203929]}}}]}