{"cond_eff_mass": [{"p": {"300": {"1e+18": [2.3925762978125884, 5.67141625162448, 5.671417643123515]}}, "n": {"300": {"1e+18": [0.9922017348092744, 0.9922020097058386, 1.871722706986585]}}}]}