{"cond_eff_mass": [{"p": {"300": {"1e+18": [39.8332380637242, 39.8332380637242, 39.83323806372422]}}, "n": {"300": {"1e+18": [3.8908905017541113, 3.8908905017541118, 3.8908905017541118]}}}]}