{"cond_eff_mass": [{"p": {"300": {"1e+18": [0.8772517960850169, 2.150779003617192, 2.1507790036171928]}}, "n": {"300": {"1e+18": [0.39999720177721587, 0.39999720177721587, 1.103326233655862]}}}]}