{"cond_eff_mass": [{"p": {"300": {"1e+18": [1.2401807597518173, 1.2406479650277895, 1.2490542023837738]}}, "n": {"300": {"1e+18": [0.2265481396909901, 0.22737998836103002, 0.26380230687798933]}}}]}