{"cond_eff_mass": [{"p": {"300": {"1e+18": [0.8062123125900956, 1.5501896591082773, 18.861002234305133]}}, "n": {"300": {"1e+18": [1.0429570493260758, 1.4923929978314654, 7.495471644668346]}}}]}