{"cond_eff_mass": [{"p": {"300": {"1e+18": [0.39900773352266733, 0.3990077335226677, 0.3990077335226678]}}, "n": {"300": {"1e+18": [0.3425303205375, 0.3425303205375001, 0.34253032053750015]}}}]}