{"cond_eff_mass": [{"p": {"300": {"1e+18": [8.256932605887522, 8.256937511781242, 61.252346177447755]}}, "n": {"300": {"1e+18": [0.20765912878389875, 0.2710747607700175, 0.27107490807225776]}}}]}