{"cond_eff_mass": [{"p": {"300": {"1e+18": [0.5675807601690901, 1.156891451046272, 1.158967852080724]}}, "n": {"300": {"1e+18": [0.1448142747999692, 0.1653722991942492, 0.16540781119884507]}}}]}