{"cond_eff_mass": [{"p": {"300": {"1e+18": [1.4543696200216478, 3.5763740271974513, 50.70179073952718]}}, "n": {"300": {"1e+18": [0.4675028032595935, 1.0518647597276236, 4.273617410449106]}}}]}