{"cond_eff_mass": [{"p": {"300": {"1e+18": [15.280872501273212, 17.428001298036502, 103.591307948417]}}, "n": {"300": {"1e+18": [0.6003744181402602, 1.1513111586435487, 1.2109288313846902]}}}]}