{"cond_eff_mass": [{"p": {"300": {"1e+18": [0.5665708227822083, 0.5665708227822085, 0.5665708227822085]}}, "n": {"300": {"1e+18": [0.38837119882943, 0.38837119882943, 0.38837119882943005]}}}]}