{"cond_eff_mass": [{"p": {"300": {"1e+18": [3.8116621813765486, 4.131903876337333, 4.136069652357662]}}, "n": {"300": {"1e+18": [0.6575568613493626, 0.6577720929067454, 0.6812855734280246]}}}]}