{"cond_eff_mass": [{"p": {"300": {"1e+18": [0.7454956155569734, 0.7454956155569734, 0.7454956155569734]}}, "n": {"300": {"1e+18": [0.31658652447998475, 0.31658652447998475, 0.3165865244799848]}}}]}