{"cond_eff_mass": [{"p": {"300": {"1e+18": [1.752813441340793, 2.252789726485732, 2.2527917075683566]}}, "n": {"300": {"1e+18": [0.5348295123276501, 0.5912579810344906, 0.5912585392927584]}}}]}