{"cond_eff_mass": [{"p": {"300": {"1e+18": [1.1220157324637658, 1.1226260985395369, 17.763285503127726]}}, "n": {"300": {"1e+18": [0.27759051653712663, 0.2914988772337046, 0.2945153280852856]}}}]}