{"cond_eff_mass": [{"p": {"300": {"1e+18": [1.7488636932336323, 2.803554058103101, 55.676733148886825]}}, "n": {"300": {"1e+18": [0.30027894012539236, 0.3714462318952314, 0.3936408044350133]}}}]}