{"cond_eff_mass": [{"p": {"300": {"1e+18": [0.4300511704036409, 0.46114283580773446, 0.5025969593559938]}}, "n": {"300": {"1e+18": [0.4409850812740011, 0.4939542136466327, 1.0361621108191428]}}}]}