{"cond_eff_mass": [{"p": {"300": {"1e+18": [0.633793725957, 0.6337937259570003, 2.8330099281809034]}}, "n": {"300": {"1e+18": [0.4325961711050843, 0.4325961711050845, 2.6361848702610606]}}}]}