{"cond_eff_mass": [{"p": {"300": {"1e+18": [1.4653345015386687, 3.2675499374357946, 5.573169494665237]}}, "n": {"300": {"1e+18": [1.268323008186028, 2.4436584586563237, 2.6618137695954243]}}}]}