{"cond_eff_mass": [{"p": {"300": {"1e+18": [0.654117563224896, 3.8944853071541568, 7.720983943794508]}}, "n": {"300": {"1e+18": [0.21467789074084062, 0.31892846123579033, 0.32759498994583264]}}}]}