{"cond_eff_mass": [{"p": {"300": {"1e+18": [3.266159946991161, 3.4202851757744934, 4.149032680599026]}}, "n": {"300": {"1e+18": [1.6451050433445011, 2.4457812086945876, 3.0418438604387825]}}}]}