{"cond_eff_mass": [{"p": {"300": {"1e+18": [0.8475063812596996, 0.8475075537590027, 14.258638698228687]}}, "n": {"300": {"1e+18": [1.0676545193829543, 1.067656016073537, 2.833992827352215]}}}]}