{"cond_eff_mass": [{"p": {"300": {"1e+18": [3.6339025460578895, 3.63390254605789, 3.6339025460578918]}}, "n": {"300": {"1e+18": [3.488910152569665, 3.4889101525696655, 3.4889101525696695]}}}]}