{"cond_eff_mass": [{"p": {"300": {"1e+18": [2.4633905020191036, 2.4665354321965522, 8.695999612924481]}}, "n": {"300": {"1e+18": [1.622151121109852, 1.6228747515650874, 2.3346008846944297]}}}]}