{"cond_eff_mass": [{"p": {"300": {"1e+18": [8.45699522898933, 8.456995228989337, 8.456995228989337]}}, "n": {"300": {"1e+18": [0.9818213997697054, 0.9818213997697055, 0.981821399769706]}}}]}