{"cond_eff_mass": [{"p": {"300": {"1e+18": [1.0704447430458568, 1.070446491546838, 1.6057421408426533]}}, "n": {"300": {"1e+18": [0.16474052156620858, 0.1907791031662235, 0.1907794260680914]}}}]}