{"cond_eff_mass": [{"p": {"300": {"1e+18": [0.29259979630880517, 0.3706867212692704, 0.9708946662637916]}}, "n": {"300": {"1e+18": [0.1831757897112349, 0.2546439230669924, 5.446935889658445]}}}]}