{"cond_eff_mass": [{"p": {"300": {"1e+18": [0.370767163065323, 0.6959766288842172, 0.6989193206690554]}}, "n": {"300": {"1e+18": [0.35504927419985577, 0.35661764559305026, 0.4171438555715837]}}}]}