{"cond_eff_mass": [{"p": {"300": {"1e+18": [1.8922594775928567, 10.625213148376714, 10.63179902818897]}}, "n": {"300": {"1e+18": [0.5437274206597356, 0.9606823767296945, 0.9655320182428206]}}}]}