{"cond_eff_mass": [{"p": {"300": {"1e+18": [1.3032079326624166, 2.3205831908810084, 2.6980306704987824]}}, "n": {"300": {"1e+18": [0.2361726553207547, 0.27216515605689706, 0.34104803142375495]}}}]}