{"cond_eff_mass": [{"p": {"300": {"1e+18": [2.19210536836578, 2.2145997099997916, 2.214601754460715]}}, "n": {"300": {"1e+18": [1.686241926343311, 2.528637264066725, 2.5286396732404564]}}}]}