{"cond_eff_mass": [{"p": {"300": {"1e+18": [1.1522016274518088, 1.1522016274518088, 1.1522016274518088]}}, "n": {"300": {"1e+18": [0.2504852545061437, 0.2504852545061437, 0.2504852545061437]}}}]}