{"cond_eff_mass": [{"p": {"300": {"1e+18": [0.9720139015418844, 0.9720139015418848, 0.9720139015418848]}}, "n": {"300": {"1e+18": [1.3587486396796316, 1.3587486396796316, 1.3587486396796316]}}}]}