{"cond_eff_mass": [{"p": {"300": {"1e+18": [12.216966435121835, 12.21697815620491, 511.49671745562307]}}, "n": {"300": {"1e+18": [0.4644817715654265, 0.6716844533263922, 0.6716850868642187]}}}]}