{"cond_eff_mass": [{"p": {"300": {"1e+18": [2.247970478213709, 2.247977895320053, 13.699706341733854]}}, "n": {"300": {"1e+18": [0.2615161690309053, 0.26151704692929306, 0.32431698269867676]}}}]}