{"cond_eff_mass": [{"p": {"300": {"1e+18": [3.188898961334316, 3.190921228807474, 3.306609490610937]}}, "n": {"300": {"1e+18": [0.2520347871698244, 0.25263382744334445, 0.34199145781591134]}}}]}