{"cond_eff_mass": [{"p": {"300": {"1e+18": [3.0648970750854962, 3.0648970750854985, 3.064897075085499]}}, "n": {"300": {"1e+18": [1.117683111565591, 1.1176831115655912, 1.1176831115655914]}}}]}