{"cond_eff_mass": [{"p": {"300": {"1e+18": [1.8296740322144138, 1.8296784721952317, 24.72098826938526]}}, "n": {"300": {"1e+18": [0.618240013613971, 0.6182415182016481, 0.8820128021918185]}}}]}