{"cond_eff_mass": [{"p": {"300": {"1e+18": [12.222682060227557, 12.222682060227557, 12.222682060227568]}}, "n": {"300": {"1e+18": [25.32054418218551, 25.32054418218551, 25.320544182185525]}}}]}