{"cond_eff_mass": [{"p": {"300": {"1e+18": [10.742832729278044, 11.659029978781318, 11.659035343311931]}}, "n": {"300": {"1e+18": [0.46539115034636197, 0.522147127574108, 0.5221473755989782]}}}]}