{"cond_eff_mass": [{"p": {"300": {"1e+18": [1.1474250620693667, 1.147425062069367, 2.006015987673795]}}, "n": {"300": {"1e+18": [0.38169255990814316, 0.466826855636706, 0.46682685563670623]}}}]}