{"cond_eff_mass": [{"p": {"300": {"1e+18": [0.45176196295980486, 0.4517619629598051, 0.4517619629598051]}}, "n": {"300": {"1e+18": [0.41495437206171515, 0.4149543720617158, 0.4149543720617159]}}}]}