{"cond_eff_mass": [{"p": {"300": {"1e+18": [0.7485252377348512, 0.7485280611262416, 0.8651156454473565]}}, "n": {"300": {"1e+18": [0.8085107882240541, 0.8085138270986201, 0.9841716583992965]}}}]}