{"cond_eff_mass": [{"p": {"300": {"1e+18": [1.257405968672896, 1.257406305316687, 1.6117795823583774]}}, "n": {"300": {"1e+18": [0.13415898208406576, 0.14542114073896098, 0.1454211782616036]}}}]}