{"cond_eff_mass": [{"p": {"300": {"1e+18": [0.8337743170117992, 0.8337761672492262, 3.464106355283578]}}, "n": {"300": {"1e+18": [0.6394444818028988, 0.6394459038072885, 0.7407777270917664]}}}]}