{"cond_eff_mass": [{"p": {"300": {"1e+18": [2.6191094241263437, 16.295509201632402, 20.78918944273411]}}, "n": {"300": {"1e+18": [0.7317778860304855, 14.270876837344812, 118.92236101838064]}}}]}