{"cond_eff_mass": [{"p": {"300": {"1e+18": [0.46632598037938394, 2.420925965536892, 5.641462635817948]}}, "n": {"300": {"1e+18": [0.4542018932736927, 0.805604319964021, 1.831364268456867]}}}]}