{"cond_eff_mass": [{"p": {"300": {"1e+18": [1.1389831489573843, 1.1389831489573852, 1.1389831489573852]}}, "n": {"300": {"1e+18": [0.443207807681364, 0.44320780768136425, 0.44320780768136425]}}}]}