{"cond_eff_mass": [{"p": {"300": {"1e+18": [3.6238111745040413, 3.623813010496632, 258.11455258477275]}}, "n": {"300": {"1e+18": [1.5475481478894406, 1.547548928671424, 3.37833025380484]}}}]}