{"cond_eff_mass": [{"p": {"300": {"1e+18": [2.532901835066114, 3.8405883187964376, 4.446703993340251]}}, "n": {"300": {"1e+18": [0.6291996780389582, 0.648027751183986, 0.9821028047206788]}}}]}