{"cond_eff_mass": [{"p": {"300": {"1e+18": [1.212910908657385, 1.2129109863740593, 8.410801301119962]}}, "n": {"300": {"1e+18": [1.1157647499081602, 1.1157648465891932, 1.8610315985568542]}}}]}