{"cond_eff_mass": [{"p": {"300": {"1e+18": [5.20835858116138, 15.070009520832688, 15.07003128087084]}}, "n": {"300": {"1e+18": [0.3997178662336158, 0.45487965237290273, 0.45488032056796035]}}}]}