{"cond_eff_mass": [{"p": {"300": {"1e+18": [4.390506101785747, 4.391062479670662, 13.931263021461106]}}, "n": {"300": {"1e+18": [0.4920584188627057, 0.4934364689707004, 0.6511159101815114]}}}]}