{"cond_eff_mass": [{"p": {"300": {"1e+18": [0.24096217018424487, 0.24096235860798354, 15.200022602017189]}}, "n": {"300": {"1e+18": [0.5476466256137175, 0.5476470349833624, 1.2152934342800041]}}}]}