{"cond_eff_mass": [{"p": {"300": {"1e+18": [1.2708150321570941, 1.3507789441794973, 10.758403842076218]}}, "n": {"300": {"1e+18": [0.2628332670764355, 0.6283463304254409, 7.545921915353066]}}}]}