{"cond_eff_mass": [{"p": {"300": {"1e+18": [1.8757530801665565, 1.87801901460848, 22.155972934901047]}}, "n": {"300": {"1e+18": [0.8762754803439163, 0.8784285761831724, 4.03176783381122]}}}]}