{"cond_eff_mass": [{"p": {"300": {"1e+18": [2.7907981400900455, 124.5222229342766, 124.52298785378429]}}, "n": {"300": {"1e+18": [0.4138321881855425, 0.41605874136589455, 2.076909611499216]}}}]}