{"cond_eff_mass": [{"p": {"300": {"1e+18": [0.7772524155736082, 1.4971726029978776, 6.402628884206569]}}, "n": {"300": {"1e+18": [1.022506300318382, 1.409585447447825, 1.440681934697148]}}}]}