{"cond_eff_mass": [{"p": {"300": {"1e+18": [0.843466821060091, 0.8434678561750981, 2.4112361593140617]}}, "n": {"300": {"1e+18": [0.2479507838771937, 0.359844990461547, 0.3598454315959163]}}}]}