{"cond_eff_mass": [{"p": {"300": {"1e+18": [0.32823309418169344, 2.1409298699649075, 2.645770320687824]}}, "n": {"300": {"1e+18": [0.296157431165589, 0.46171370778173637, 0.9271913063257156]}}}]}