{"cond_eff_mass": [{"p": {"300": {"1e+18": [0.40659350591203197, 0.40659350591203214, 0.4065935059120322]}}, "n": {"300": {"1e+18": [1.092996978485898, 1.0929969784858997, 1.0929969784859002]}}}]}