{"cond_eff_mass": [{"p": {"300": {"1e+18": [2.103849645212862, 2.1039924859998664, 3.246312830421092]}}, "n": {"300": {"1e+18": [0.38641836827699405, 1.6661353316770602, 1.6665655832644364]}}}]}