{"cond_eff_mass": [{"p": {"300": {"1e+18": [2.200267662416846, 2.2032330250514205, 2.203235001792274]}}, "n": {"300": {"1e+18": [1.0102263064198034, 1.3258365023598448, 1.3258377594170214]}}}]}