{"cond_eff_mass": [{"p": {"300": {"1e+18": [1.7951359492632293, 1.930486707242019, 14.502155256321908]}}, "n": {"300": {"1e+18": [0.2877082086503324, 0.5873101936136831, 4.301094608715626]}}}]}