{"cond_eff_mass": [{"p": {"300": {"1e+18": [0.2594473880837866, 0.25944764202940385, 0.37081101208741213]}}, "n": {"300": {"1e+18": [0.46560782651448984, 0.4656082967294301, 0.6368436400545564]}}}]}