{"cond_eff_mass": [{"p": {"300": {"1e+18": [6.81419244692925, 6.81419244692925, 6.814192446929254]}}, "n": {"300": {"1e+18": [0.4643937085350348, 0.4643937085350348, 0.4643937085350348]}}}]}