{"cond_eff_mass": [{"p": {"300": {"1e+18": [13.603745902134895, 13.603745902134895, 13.603745902134902]}}, "n": {"300": {"1e+18": [0.48758255564316816, 0.4875825556431682, 0.4875825556431684]}}}]}