{"cond_eff_mass": [{"p": {"300": {"1e+18": [0.1098928524650985, 1.3864157441124316, 1.3864181315056896]}}, "n": {"300": {"1e+18": [0.19458020687946256, 0.24580554457636017, 0.24580595196215216]}}}]}