{"cond_eff_mass": [{"p": {"300": {"1e+18": [0.14301648261108393, 0.37433853470270884, 0.3770313314975018]}}, "n": {"300": {"1e+18": [0.5598051928195893, 0.8046646235082776, 0.8064487258484369]}}}]}