{"cond_eff_mass": [{"p": {"300": {"1e+18": [0.8845912523640742, 2.3174435568663347, 57.347412292383424]}}, "n": {"300": {"1e+18": [0.3555205036087758, 0.6410951496927099, 25.638316733086526]}}}]}