{"cond_eff_mass": [{"p": {"300": {"1e+18": [1.1526067386547245, 18.847581283754998, 20.474525908416666]}}, "n": {"300": {"1e+18": [0.8411897262111337, 7.1718676409653135, 7.832372143058912]}}}]}