{"cond_eff_mass": [{"p": {"300": {"1e+18": [1.2296957685700334, 1.229700115174471, 1.4851080909643373]}}, "n": {"300": {"1e+18": [0.26571387900691706, 0.4506899960136006, 0.4506915818130146]}}}]}