{"cond_eff_mass": [{"p": {"300": {"1e+18": [36.20481255659889, 36.204860933131165, 78.60694187080529]}}, "n": {"300": {"1e+18": [0.7392103179996484, 0.7392112875599435, 0.7790103751285384]}}}]}