{"cond_eff_mass": [{"p": {"300": {"1e+18": [1.1877433447240646, 2.1091576781439767, 2.5249372643741697]}}, "n": {"300": {"1e+18": [0.37233848182124946, 0.37379574855769304, 0.3784002885464049]}}}]}