{"cond_eff_mass": [{"p": {"300": {"1e+18": [1.7735947232614566, 1.773594723261457, 2.191466465692463]}}, "n": {"300": {"1e+18": [0.4366648842469587, 0.43666488424695876, 0.6592155932820409]}}}]}