{"cond_eff_mass": [{"p": {"300": {"1e+18": [4.490330540991802, 4.492990368366247, 5.578846363711486]}}, "n": {"300": {"1e+18": [0.5125067524319598, 0.5127230901651347, 1.8478154817259904]}}}]}