{"cond_eff_mass": [{"p": {"300": {"1e+18": [1.262162616534954, 1.330879169573042, 1.3318409685736248]}}, "n": {"300": {"1e+18": [0.176557182587228, 0.1796141667933271, 0.23689899709996562]}}}]}