{"cond_eff_mass": [{"p": {"300": {"1e+18": [15.171751588328057, 15.176977685084232, 17.84094116536607]}}, "n": {"300": {"1e+18": [0.5808894250824654, 0.6427448209556107, 0.6450068656957819]}}}]}