{"cond_eff_mass": [{"p": {"300": {"1e+18": [0.33351924566338614, 0.33351924566338625, 1.7860958096531894]}}, "n": {"300": {"1e+18": [0.4586437296760461, 0.8969750822175692, 0.8969750822175694]}}}]}