{"cond_eff_mass": [{"p": {"300": {"1e+18": [3.82412826448041, 4.9313415158629565, 4.931349155576123]}}, "n": {"300": {"1e+18": [4.800930450274802, 9.916479728082587, 9.916494963506944]}}}]}