{"cond_eff_mass": [{"p": {"300": {"1e+18": [1.418197438534857, 1.4181991653786743, 4.526120741608215]}}, "n": {"300": {"1e+18": [0.3771849013059125, 0.3771853810505023, 0.6701233512992969]}}}]}