{"cond_eff_mass": [{"p": {"300": {"1e+18": [1.3967870128225615, 2.7453812771453547, 11.500384541397793]}}, "n": {"300": {"1e+18": [0.574091209849014, 0.8340548288247907, 4.555282732687496]}}}]}