{"cond_eff_mass": [{"p": {"300": {"1e+18": [0.9677456714285579, 1.0965447196039502, 1.0976289431745154]}}, "n": {"300": {"1e+18": [0.14976077030631926, 0.15020650087854395, 0.3159557965425951]}}}]}