{"cond_eff_mass": [{"p": {"300": {"1e+18": [1.0077597487587244, 3.7859644827538963, 3.795861395608348]}}, "n": {"300": {"1e+18": [0.3006279268572077, 0.3017877415123449, 0.8146647259171693]}}}]}