{"cond_eff_mass": [{"p": {"300": {"1e+18": [4.757511705086924, 5.901305397245524, 5.906818582389625]}}, "n": {"300": {"1e+18": [0.5716678309613925, 0.5738169636106575, 0.5749939814533299]}}}]}