{"cond_eff_mass": [{"p": {"300": {"1e+18": [0.6086273012101392, 0.6086293781773299, 0.6837140538580169]}}, "n": {"300": {"1e+18": [0.505847977185455, 0.7060009186223583, 0.706003324198613]}}}]}