{"cond_eff_mass": [{"p": {"300": {"1e+18": [1.3272609279738121, 2.9081117403989345, 7.8898477957894695]}}, "n": {"300": {"1e+18": [0.4172027015883128, 0.5468152618090739, 0.5931100966987838]}}}]}