{"cond_eff_mass": [{"p": {"300": {"1e+18": [14.016870674817326, 14.016908324842147, 40.43663894789772]}}, "n": {"300": {"1e+18": [0.695823368041126, 0.6958252408518778, 0.7990685031150802]}}}]}