{"cond_eff_mass": [{"p": {"300": {"1e+18": [0.3533726752542095, 0.46476908549188267, 1.6522680361510933]}}, "n": {"300": {"1e+18": [0.2025484940186212, 0.6522269617356465, 0.7398522382448246]}}}]}