{"cond_eff_mass": [{"p": {"300": {"1e+18": [0.5295236998442829, 0.9639613887317604, 0.9639616195582403]}}, "n": {"300": {"1e+18": [0.43665894333178507, 0.8001946651896813, 0.8001948469711451]}}}]}