{"cond_eff_mass": [{"p": {"300": {"1e+18": [2.3277853221023643, 2.327785322102368, 2.327785322102368]}}, "n": {"300": {"1e+18": [0.7407704440739528, 0.7407704440739541, 0.7407704440739543]}}}]}