{"cond_eff_mass": [{"p": {"300": {"1e+18": [0.742462815750006, 0.742463813423384, 2.096252869985701]}}, "n": {"300": {"1e+18": [0.25155974601747655, 0.34507405862464974, 0.3450745318973458]}}}]}