{"cond_eff_mass": [{"p": {"300": {"1e+18": [0.489269052691688, 2.383298841379598, 7.6924064786041075]}}, "n": {"300": {"1e+18": [0.4670187643829859, 0.7453462828010737, 1.4886919576721906]}}}]}