{"cond_eff_mass": [{"p": {"300": {"1e+18": [0.9488933109854978, 0.9488933109855004, 55.03095472389583]}}, "n": {"300": {"1e+18": [0.26172420898963017, 0.30356943888601173, 0.3035694388860119]}}}]}