{"cond_eff_mass": [{"p": {"300": {"1e+18": [0.8035662233717963, 0.8035663150300534, 1.2170444976525308]}}, "n": {"300": {"1e+18": [0.17252205070737534, 0.17252207183192617, 0.20673890112499216]}}}]}