{"cond_eff_mass": [{"p": {"300": {"1e+18": [0.8508590748765136, 1.4320720935939732, 1.4340398597961324]}}, "n": {"300": {"1e+18": [0.2492017069837077, 0.24950339060925028, 0.9235816762546791]}}}]}