{"cond_eff_mass": [{"p": {"300": {"1e+18": [0.30978998606300634, 1.163511573262825, 1.1635142635500788]}}, "n": {"300": {"1e+18": [0.32675480429889336, 0.32675555071222834, 0.4254839169411276]}}}]}