{"cond_eff_mass": [{"p": {"300": {"1e+18": [0.6133446837441494, 0.6133462990840934, 0.976509164600907]}}, "n": {"300": {"1e+18": [0.13605885200109624, 0.1360592067464405, 0.9955284798890962]}}}]}