{"cond_eff_mass": [{"p": {"300": {"1e+18": [3.0418539981063115, 4.352178324970213, 4.3521832990619105]}}, "n": {"300": {"1e+18": [0.4448769981880948, 2.186872377851144, 2.1868749235489653]}}}]}