{"cond_eff_mass": [{"p": {"300": {"1e+18": [1.1088485932769487, 1.1088485932769496, 9.927502076963474]}}, "n": {"300": {"1e+18": [0.28637377652521145, 0.37157939312600846, 0.3715793931260086]}}}]}