{"cond_eff_mass": [{"p": {"300": {"1e+18": [0.7741963749204264, 0.7741969066744463, 1.1741912167137152]}}, "n": {"300": {"1e+18": [0.14936347586027493, 0.38141652852770835, 0.3814167866571396]}}}]}