{"cond_eff_mass": [{"p": {"300": {"1e+18": [1.499012626644455, 1.5001405069472238, 15.460496570833165]}}, "n": {"300": {"1e+18": [1.0260318435910438, 1.0263267402013103, 2.6736639222408294]}}}]}