{"cond_eff_mass": [{"p": {"300": {"1e+18": [0.580251137268958, 0.5802511372689582, 0.5802511372689585]}}, "n": {"300": {"1e+18": [0.3079712165186262, 0.30797121651862625, 0.3079712165186263]}}}]}