{"cond_eff_mass": [{"p": {"300": {"1e+18": [5.236744959953715, 5.236744959953716, 5.236744959953716]}}, "n": {"300": {"1e+18": [0.36072032058552067, 0.36072032058552067, 0.36072032058552067]}}}]}