{"cond_eff_mass": [{"p": {"300": {"1e+18": [3.056012601449625, 3.056020735761644, 45.426798156615845]}}, "n": {"300": {"1e+18": [3.1241217883849903, 3.1241301470294416, 12.54146564535776]}}}]}