{"cond_eff_mass": [{"p": {"300": {"1e+18": [0.24184733452503268, 0.2779568923500479, 1.4802064586315447]}}, "n": {"300": {"1e+18": [0.4180787835976071, 0.5106533324006848, 0.5132206200606445]}}}]}