{"cond_eff_mass": [{"p": {"300": {"1e+18": [2.2980915673786284, 2.2988496681724926, 29.343586859543723]}}, "n": {"300": {"1e+18": [0.7688424030376251, 0.7696437166127997, 3.3033674117029457]}}}]}