{"cond_eff_mass": [{"p": {"300": {"1e+18": [0.3291184982609933, 19.448543618320315, 26.87332731261445]}}, "n": {"300": {"1e+18": [0.17565261826119227, 0.7590212929105339, 2.550877022221639]}}}]}