{"cond_eff_mass": [{"p": {"300": {"1e+18": [2.9965021096379076, 3.331801491610451, 4.128659923622318]}}, "n": {"300": {"1e+18": [0.6821019415875424, 1.1167197919512635, 2.2589092841223133]}}}]}