{"cond_eff_mass": [{"p": {"300": {"1e+18": [0.6241056008152498, 0.6241060569557403, 0.8799313347998003]}}, "n": {"300": {"1e+18": [0.3129883655495881, 0.31298859151307445, 1.563789551200668]}}}]}