{"cond_eff_mass": [{"p": {"300": {"1e+18": [0.3304161332955738, 0.33136782838032286, 2.3991366555146256]}}, "n": {"300": {"1e+18": [0.20908192341375315, 0.21149325066315258, 0.8465010452797783]}}}]}