{"cond_eff_mass": [{"p": {"300": {"1e+18": [1.4608190126147496, 3.9773660872367875, 3.9773750693868024]}}, "n": {"300": {"1e+18": [0.1877804781599968, 0.19939685256229522, 0.1993973040602289]}}}]}