{"cond_eff_mass": [{"p": {"300": {"1e+18": [1.239793355244451, 1.2397933552444511, 1.2397933552444522]}}, "n": {"300": {"1e+18": [0.512022392605213, 0.5120223926052132, 0.5120223926052132]}}}]}