{"cond_eff_mass": [{"p": {"300": {"1e+18": [1.5362051611498653, 1.7735074576684347, 2.3685396208681904]}}, "n": {"300": {"1e+18": [0.24653980271379788, 0.25707609850727786, 0.2805831090761392]}}}]}