{"cond_eff_mass": [{"p": {"300": {"1e+18": [0.7759247763488984, 0.7761697032246903, 0.8586587350164424]}}, "n": {"300": {"1e+18": [0.2376853975655324, 0.23773995103848294, 1.1151225860311993]}}}]}