{"cond_eff_mass": [{"p": {"300": {"1e+18": [2.99382249920893, 7.133460941123214, 10.540610328124155]}}, "n": {"300": {"1e+18": [0.3393038369391978, 0.37395090953816806, 0.4423799934850993]}}}]}