{"cond_eff_mass": [{"p": {"300": {"1e+18": [3.4018585006245607, 3.407277839694695, 3.408907553283351]}}, "n": {"300": {"1e+18": [0.5752022484867525, 0.5838723266660145, 0.5907323240860906]}}}]}