{"cond_eff_mass": [{"p": {"300": {"1e+18": [0.8651954576322906, 0.867045276557631, 1.6186579266209757]}}, "n": {"300": {"1e+18": [0.2360516981965913, 0.23680218307207831, 0.9069464428346721]}}}]}