{"cond_eff_mass": [{"p": {"300": {"1e+18": [6.787448539488693, 17.169650135075415, 17.16966478109143]}}, "n": {"300": {"1e+18": [4.241150747596202, 4.2411545774947115, 883.2116886045659]}}}]}