{"cond_eff_mass": [{"p": {"300": {"1e+18": [0.47401300672641605, 1.6804191681556826, 1.9096703439123777]}}, "n": {"300": {"1e+18": [0.3703137888064161, 0.7146591009397015, 1.466230772963733]}}}]}