{"cond_eff_mass": [{"p": {"300": {"1e+18": [3.0143500400073355, 3.0143500400073355, 3.0143500400073355]}}, "n": {"300": {"1e+18": [0.5517839283516361, 0.5517839283516361, 0.5517839283516361]}}}]}