{"cond_eff_mass": [{"p": {"300": {"1e+18": [1.0188185024928647, 4.679976510072412, 4.681667296888022]}}, "n": {"300": {"1e+18": [0.3840266000498533, 0.3847039417529043, 32.2531822284003]}}}]}