{"cond_eff_mass": [{"p": {"300": {"1e+18": [4.327911189892734, 4.330381750820885, 9.51128780336478]}}, "n": {"300": {"1e+18": [0.5542737908856422, 0.6511648090708761, 0.6516081892610921]}}}]}