{"cond_eff_mass": [{"p": {"300": {"1e+18": [0.5508675314792426, 0.5508684252813121, 0.8158521421103324]}}, "n": {"300": {"1e+18": [0.28866267441900023, 0.2886631416237615, 1.5757057523592486]}}}]}