{"cond_eff_mass": [{"p": {"300": {"1e+18": [1.786819842769224, 1.7868198427692246, 8.502312816246883]}}, "n": {"300": {"1e+18": [0.2944011095709256, 0.29944602871538123, 0.29944602871538123]}}}]}