{"cond_eff_mass": [{"p": {"300": {"1e+18": [6.1673583062649096, 6.1673583062649096, 6.1673583062649096]}}, "n": {"300": {"1e+18": [0.4665398693498501, 0.4665398693498501, 0.4665398693498501]}}}]}