{"cond_eff_mass": [{"p": {"300": {"1e+18": [2.6673394096574192, 2.6673432653490816, 11.284120708330232]}}, "n": {"300": {"1e+18": [11.65233881120648, 11.652355199077954, 13.52647282420343]}}}]}