{"cond_eff_mass": [{"p": {"300": {"1e+18": [0.15906357139035054, 1.04744212993024, 8.89142111548145]}}, "n": {"300": {"1e+18": [0.2835856616657046, 1.1665805429272726, 39.98194123436129]}}}]}