{"cond_eff_mass": [{"p": {"300": {"1e+18": [6.35942757891651, 6.359427578916521, 168.2754185193246]}}, "n": {"300": {"1e+18": [0.6218636546760875, 0.6218636546760877, 0.6628677580928454]}}}]}