{"cond_eff_mass": [{"p": {"300": {"1e+18": [25.579625342792536, 25.586336506323676, 48.74332631061899]}}, "n": {"300": {"1e+18": [0.5739359153020513, 0.5835814967703594, 0.6090336936864786]}}}]}