{"cond_eff_mass": [{"p": {"300": {"1e+18": [1.0070266169060724, 1.0070273747167202, 8.768256559009464]}}, "n": {"300": {"1e+18": [0.33887756108257966, 0.629839989047979, 0.6298404547517311]}}}]}