{"cond_eff_mass": [{"p": {"300": {"1e+18": [5.035658853751836, 14.667688255216481, 14.667699951842435]}}, "n": {"300": {"1e+18": [0.5335488855452439, 0.5586939995810761, 0.5586944495029207]}}}]}