{"cond_eff_mass": [{"p": {"300": {"1e+18": [2.828120762980593, 4.854280539888395, 5.1195380712664385]}}, "n": {"300": {"1e+18": [0.4664726163170564, 0.5401034595643363, 0.6570767204628345]}}}]}