{"cond_eff_mass": [{"p": {"300": {"1e+18": [0.4880798481592711, 0.4880811162267039, 1.5752512429683236]}}, "n": {"300": {"1e+18": [0.325445215051953, 0.32544605697642054, 0.40859644913177184]}}}]}