{"cond_eff_mass": [{"p": {"300": {"1e+18": [0.3984753212135485, 0.39847600864855864, 9.747644895254803]}}, "n": {"300": {"1e+18": [0.40366265967843173, 0.5233260587613692, 0.5233269626119219]}}}]}