{"cond_eff_mass": [{"p": {"300": {"1e+18": [3.3396608804770134, 9.24395243692223, 9.243956379017813]}}, "n": {"300": {"1e+18": [0.3760740627490097, 0.37607422335625584, 0.566102898230991]}}}]}