{"cond_eff_mass": [{"p": {"300": {"1e+18": [0.6890814244460819, 0.6890814244460941, 253.05225619991407]}}, "n": {"300": {"1e+18": [0.29274132278373227, 0.29274132278373227, 0.7474634251212999]}}}]}