{"cond_eff_mass": [{"p": {"300": {"1e+18": [3.8663032120165997, 5.8895355279751795, 5.889539466926093]}}, "n": {"300": {"1e+18": [0.3926591372705954, 0.39265940537009314, 0.6089795891781709]}}}]}