{"cond_eff_mass": [{"p": {"300": {"1e+18": [2.63097999432528, 2.63097999432528, 2.6309799943252816]}}, "n": {"300": {"1e+18": [0.39391125645660546, 0.39391125645660546, 0.3939112564566057]}}}]}