{"cond_eff_mass": [{"p": {"300": {"1e+18": [0.2800347872740407, 0.28102891036004, 6.352482751522295]}}, "n": {"300": {"1e+18": [0.1861886819984157, 0.18644357841394632, 0.8410005078988387]}}}]}