{"cond_eff_mass": [{"p": {"300": {"1e+18": [1.461188947516228, 1.6708956758521982, 1.670896294090777]}}, "n": {"300": {"1e+18": [0.7639412517696749, 1.1222148636962048, 1.1222152716750402]}}}]}