{"cond_eff_mass": [{"p": {"300": {"1e+18": [0.2755824322160953, 0.6226509265664081, 0.6226518070840735]}}, "n": {"300": {"1e+18": [0.30610266459756885, 0.30610310018399906, 1.5357887653855467]}}}]}