{"cond_eff_mass": [{"p": {"300": {"1e+18": [3.9764584697798075, 7.156543749174155, 7.156555342372565]}}, "n": {"300": {"1e+18": [0.47694464676380943, 0.4769454168924695, 0.7641854333671427]}}}]}