{"cond_eff_mass": [{"p": {"300": {"1e+18": [0.7320606210211049, 0.7351002940840433, 183.71869554384872]}}, "n": {"300": {"1e+18": [0.22616343347911017, 0.5000346101724149, 0.502903460552326]}}}]}