{"cond_eff_mass": [{"p": {"300": {"1e+18": [0.37310933325354095, 0.37310933325354095, 0.3731093332535413]}}, "n": {"300": {"1e+18": [0.07026434707293124, 0.07026434707293124, 0.07026434707293124]}}}]}