{"cond_eff_mass": [{"p": {"300": {"1e+18": [2.148526502040662, 814.4947556855078, 815.1296952460727]}}, "n": {"300": {"1e+18": [0.26727497347389134, 0.2699991609175432, 2.239693914345058]}}}]}