{"cond_eff_mass": [{"p": {"300": {"1e+18": [0.5603556649140625, 1.131757348656491, 5.662224492786221]}}, "n": {"300": {"1e+18": [0.4285104089176864, 0.9487125589545023, 2.179865726401122]}}}]}