{"cond_eff_mass": [{"p": {"300": {"1e+18": [3.24246931118463, 3.2424693111846317, 4.102189489997126]}}, "n": {"300": {"1e+18": [0.20722864766545349, 0.20722864766545354, 0.2991799478940257]}}}]}