{"cond_eff_mass": [{"p": {"300": {"1e+18": [2.5455035471249725, 2.547784181305118, 33.92928302542034]}}, "n": {"300": {"1e+18": [0.6031843348275233, 0.6045088310496538, 1.742122239915038]}}}]}