{"cond_eff_mass": [{"p": {"300": {"1e+18": [1.2913175736096516, 6.5475232151557705, 6.54752488861485]}}, "n": {"300": {"1e+18": [0.18764037214042326, 1.9158955228761814, 1.915896043917257]}}}]}