{"cond_eff_mass": [{"p": {"300": {"1e+18": [0.9520325334446614, 0.9520325334446621, 10.37884785351279]}}, "n": {"300": {"1e+18": [0.23770013474458568, 0.29164052852592776, 0.29164052852592776]}}}]}