{"cond_eff_mass": [{"p": {"300": {"1e+18": [1.501936349495338, 1.5019370637734644, 4.044744223688252]}}, "n": {"300": {"1e+18": [0.5326549931871221, 0.5326552414423532, 1.499312805022321]}}}]}