{"cond_eff_mass": [{"p": {"300": {"1e+18": [1.305190521179057, 2.645840169119275, 3.3684759690411643]}}, "n": {"300": {"1e+18": [0.24509804473527155, 0.8227596350168501, 3.5312260647432696]}}}]}