{"cond_eff_mass": [{"p": {"300": {"1e+18": [0.5897581960702118, 0.5897589613291859, 2.960846749914904]}}, "n": {"300": {"1e+18": [0.3941096791023392, 0.3941101861990527, 0.6422984228162789]}}}]}