{"cond_eff_mass": [{"p": {"300": {"1e+18": [0.6331553653043485, 0.6331553653043485, 0.6331553653043485]}}, "n": {"300": {"1e+18": [1.0754048507205052, 1.0754048507205052, 1.0754048507205052]}}}]}