Name	Frequency [meV]	ZPR [meV]	Reference_Alpha	Reference_ZPR [meV]	v	w
mp-13948	127.754654	-207.792818	6.559879	-182.343837	5.224799	1.718644
