Name	Frequency [meV]	ZPR [meV]	Reference_Alpha	Reference_ZPR [meV]	v	w
mp-15685	92.812065	-16.801366	0.769039	-16.624854	3.08859	2.894601
