Name	Frequency [meV]	ZPR [meV]	Reference_Alpha	Reference_ZPR [meV]	v	w
mp-13676	391.601711	-110.637803	4.603765	-107.877072	3.225105	2.746289
