Name	Frequency [meV]	ZPR [meV]	Reference_Alpha	Reference_ZPR [meV]	v	w
mp-10226	47.312674	-75.824791	1.876502	-73.071335	3.347329	2.626899
