Name	Frequency [meV]	ZPR [meV]	Reference_Alpha	Reference_ZPR [meV]	v	w
mp-12016	188.507047	-114.041151	5.793768	-106.638854	3.738605	2.316706
