Name	Frequency [meV]	ZPR [meV]	Reference_Alpha	Reference_ZPR [meV]	v	w
mp-13275	93.293373	-26.151052	0.838212	-25.743486	3.13447	2.842904
