Name	Frequency [meV]	ZPR [meV]	Reference_Alpha	Reference_ZPR [meV]	v	w
mp-14037	75.912311	-184.772524	7.419225	-166.107204	4.523433	1.923731
