Name	Frequency [meV]	ZPR [meV]	Reference_Alpha	Reference_ZPR [meV]	v	w
mp-11713	330.240424	-38.864073	0.331849	-38.558498	3.065536	2.921312
