Name	Frequency [meV]	ZPR [meV]	Reference_Alpha	Reference_ZPR [meV]	v	w
mp-19851	31.823872	-13.278444	0.693243	-13.090819	3.121121	2.857748
