Name	Frequency [meV]	ZPR [meV]	Reference_Alpha	Reference_ZPR [meV]	v	w
mp-10492	116.3542	-215.842457	6.820168	-200.346047	3.85742	2.240639
