Name	Frequency [meV]	ZPR [meV]	Reference_Alpha	Reference_ZPR [meV]	v	w
mp-1541	17.187553	-25.095687	0.351499	-24.985241	3.03614	2.956097
