Name	Frequency [meV]	ZPR [meV]	Reference_Alpha	Reference_ZPR [meV]	v	w
mp-1330	26.304923	-131.95004	1.194116	-129.905926	3.133601	2.843865
