Name	Frequency [meV]	ZPR [meV]	Reference_Alpha	Reference_ZPR [meV]	v	w
mp-1008559	48.37116	-1.385076	0.013762	-1.384843	3.001385	2.998306
