Name	Frequency [meV]	ZPR [meV]	Reference_Alpha	Reference_ZPR [meV]	v	w
mp-13949	62.614651	-4.234711	0.209385	-4.220941	3.026588	2.967578
