Name	Frequency [meV]	ZPR [meV]	Reference_Alpha	Reference_ZPR [meV]	v	w
mp-1500	7.444549	-70.185605	2.211044	-68.073988	3.278502	2.692645
