Name	Frequency [meV]	ZPR [meV]	Reference_Alpha	Reference_ZPR [meV]	v	w
mp-11674	179.29682	-21.271795	0.808544	-21.063998	3.082105	2.902064
