Name	Frequency [meV]	ZPR [meV]	Reference_Alpha	Reference_ZPR [meV]	v	w
mp-10223	153.294484	-46.813265	1.87262	-45.592632	3.236528	2.734614
