Name	Frequency [meV]	ZPR [meV]	Reference_Alpha	Reference_ZPR [meV]	v	w
mp-11918	317.795298	-111.435613	1.614465	-109.115446	3.184104	2.789109
