Name	Frequency [meV]	ZPR [meV]	Reference_Alpha	Reference_ZPR [meV]	v	w
mp-13033	8.492654	-18.260111	0.516509	-18.14123	3.053948	2.934926
