Name	Frequency [meV]	ZPR [meV]	Reference_Alpha	Reference_ZPR [meV]	v	w
mp-10695	10.15728	-19.734648	0.467033	-19.618708	3.048548	2.941313
