Name	Frequency [meV]	ZPR [meV]	Reference_Alpha	Reference_ZPR [meV]	v	w
mp-10615	31.509848	-24.320593	0.847245	-24.091791	3.078945	2.905714
