Name	Frequency [meV]	ZPR [meV]	Reference_Alpha	Reference_ZPR [meV]	v	w
mp-13548	19.484095	-37.316196	4.006703	-34.215996	4.080232	2.116139
