Name	Frequency [meV]	ZPR [meV]	Reference_Alpha	Reference_ZPR [meV]	v	w
mp-10550	81.257922	-54.055147	0.955493	-53.164787	3.142693	2.83384
