Name	Frequency [meV]	ZPR [meV]	Reference_Alpha	Reference_ZPR [meV]	v	w
mp-1986	15.318481	-26.058204	0.409211	-25.924382	3.042304	2.948735
