Name	Frequency [meV]	ZPR [meV]	Reference_Alpha	Reference_ZPR [meV]	v	w
mp-13798	86.30231	-402.82088	11.869773	-289.496898	14.036894	1.181205
