Name	Frequency [meV]	ZPR [meV]	Reference_Alpha	Reference_ZPR [meV]	v	w
mp-12954	112.702532	-9.852087	0.147259	-9.826255	3.021393	2.973859
