Name	Frequency [meV]	ZPR [meV]	Reference_Alpha	Reference_ZPR [meV]	v	w
mp-14398	444.507821	-204.152538	3.228305	-195.877927	3.396739	2.58196
