Name	Frequency [meV]	ZPR [meV]	Reference_Alpha	Reference_ZPR [meV]	v	w
mp-15999	219.418284	-45.833908	0.960208	-44.970028	3.165108	2.80944
