Name	Frequency [meV]	ZPR [meV]	Reference_Alpha	Reference_ZPR [meV]	v	w
mp-10653	4.327851	-32.132028	1.753341	-31.38225	3.208837	2.763106
