Name	Frequency [meV]	ZPR [meV]	Reference_Alpha	Reference_ZPR [meV]	v	w
mp-16337	61.450849	-2.787397	0.162211	-2.781337	3.017711	2.978327
