Name	Frequency [meV]	ZPR [meV]	Reference_Alpha	Reference_ZPR [meV]	v	w
mp-14333	428.95644	-315.225286	3.262862	-289.323	4.060853	2.126119
