Name	Frequency [meV]	ZPR [meV]	Reference_Alpha	Reference_ZPR [meV]	v	w
mp-1249	137.514337	-300.452797	4.026755	-267.628969	4.769576	1.840688
