Name	Frequency [meV]	ZPR [meV]	Reference_Alpha	Reference_ZPR [meV]	v	w
mp-10547	141.396193	-49.749078	2.488735	-48.359469	3.255759	2.715205
