Name	Frequency [meV]	ZPR [meV]	Reference_Alpha	Reference_ZPR [meV]	v	w
mp-1009082	55.193697	-1.628723	0.05504	-1.627152	3.007863	2.990344
