Name	Frequency [meV]	ZPR [meV]	Reference_Alpha	Reference_ZPR [meV]	v	w
mp-1008556	82.280091	-60.535483	0.61931	-59.854204	3.095222	2.887009
