Name	Frequency [meV]	ZPR [meV]	Reference_Alpha	Reference_ZPR [meV]	v	w
mp-19765	53.725383	-1.689218	0.110359	-1.686678	3.012225	2.985009
