Name	Frequency [meV]	ZPR [meV]	Reference_Alpha	Reference_ZPR [meV]	v	w
mp-11715	480.966014	-198.793119	2.698214	-191.615499	3.34496	2.6291
