Name	Frequency [meV]	ZPR [meV]	Reference_Alpha	Reference_ZPR [meV]	v	w
mp-11019	141.582643	-57.604746	0.849071	-56.737001	3.129659	2.848235
