Name	Frequency [meV]	ZPR [meV]	Reference_Alpha	Reference_ZPR [meV]	v	w
mp-13099	17.967567	-46.705694	0.623581	-46.336963	3.065812	2.920988
