Name	Frequency [meV]	ZPR [meV]	Reference_Alpha	Reference_ZPR [meV]	v	w
mp-10281	58.119536	-20.062216	0.471988	-19.828995	3.098532	2.883234
