Name	Frequency [meV]	ZPR [meV]	Reference_Alpha	Reference_ZPR [meV]	v	w
mp-1009750	21.111522	-100.113654	1.129883	-98.650304	3.125554	2.8528
