Name	Frequency [meV]	ZPR [meV]	Reference_Alpha	Reference_ZPR [meV]	v	w
mp-13056	194.128296	-223.970655	3.388672	-197.632347	5.048532	1.761764
