Name	Frequency [meV]	ZPR [meV]	Reference_Alpha	Reference_ZPR [meV]	v	w
mp-1639	38.407931	-83.205516	0.520388	-82.659657	3.054373	2.934424
