Name	Frequency [meV]	ZPR [meV]	Reference_Alpha	Reference_ZPR [meV]	v	w
mp-14069	102.805099	-126.639906	3.726325	-122.100137	3.342025	2.631833
