Name	Frequency [meV]	ZPR [meV]	Reference_Alpha	Reference_ZPR [meV]	v	w
mp-14006	149.962892	-236.715438	6.077217	-216.300407	4.149856	2.081497
