Name	Frequency [meV]	ZPR [meV]	Reference_Alpha	Reference_ZPR [meV]	v	w
mp-1020019	535.319615	-205.838175	2.047043	-197.56648	3.392595	2.585658
