Name	Frequency [meV]	ZPR [meV]	Reference_Alpha	Reference_ZPR [meV]	v	w
mp-10760	9.162741	-44.306044	1.151771	-43.645247	3.128283	2.849763
