Name	Frequency [meV]	ZPR [meV]	Reference_Alpha	Reference_ZPR [meV]	v	w
mp-13925	75.660734	-216.475239	5.575884	-185.823946	6.000961	1.573376
