Name	Frequency [meV]	ZPR [meV]	Reference_Alpha	Reference_ZPR [meV]	v	w
mp-15704	304.376817	-97.285714	0.768506	-95.847662	3.127079	2.851102
