Name	Frequency [meV]	ZPR [meV]	Reference_Alpha	Reference_ZPR [meV]	v	w
mp-1009129	29.347036	-157.723821	1.900708	-152.256793	3.328617	2.644404
