Name	Frequency [meV]	ZPR [meV]	Reference_Alpha	Reference_ZPR [meV]	v	w
mp-10086	75.061236	-60.975103	1.307942	-59.410186	3.232343	2.738878
