Name	Frequency [meV]	ZPR [meV]	Reference_Alpha	Reference_ZPR [meV]	v	w
mp-12894	89.744803	-110.105583	1.775098	-106.175817	3.340235	2.633504
