Name	Frequency [meV]	ZPR [meV]	Reference_Alpha	Reference_ZPR [meV]	v	w
mp-11020	130.821159	-49.04455	0.786434	-48.307112	3.129404	2.848518
