Name	Frequency [meV]	ZPR [meV]	Reference_Alpha	Reference_ZPR [meV]	v	w
mp-15157	90.947438	-224.207545	5.828016	-179.539973	8.878592	1.324131
