Name	Frequency [meV]	ZPR [meV]	Reference_Alpha	Reference_ZPR [meV]	v	w
mp-1519	6.544723	-29.932542	1.090306	-29.511077	3.120651	2.858272
