Name	Frequency [meV]	ZPR [meV]	Reference_Alpha	Reference_ZPR [meV]	v	w
mp-10381	63.312206	-23.134177	1.541872	-22.658956	3.181394	2.79199
