Name	Frequency [meV]	ZPR [meV]	Reference_Alpha	Reference_ZPR [meV]	v	w
mp-10408	183.289476	-171.95985	4.494341	-165.691211	3.348939	2.625405
