Name	Frequency [meV]	ZPR [meV]	Reference_Alpha	Reference_ZPR [meV]	v	w
mp-13277	56.320481	-37.624902	1.300589	-36.921275	3.163706	2.810953
