Name	Frequency [meV]	ZPR [meV]	Reference_Alpha	Reference_ZPR [meV]	v	w
mp-11175	163.10743	-77.347177	2.028469	-75.254713	3.246604	2.724406
