Name	Frequency [meV]	ZPR [meV]	Reference_Alpha	Reference_ZPR [meV]	v	w
mp-14036	75.686855	-534.225809	17.092898	-348.460058	19.487323	1.123517
