Name	Frequency [meV]	ZPR [meV]	Reference_Alpha	Reference_ZPR [meV]	v	w
mp-1315	11.899896	-67.357406	1.344628	-66.174506	3.15291	2.822663
