Name	Frequency [meV]	ZPR [meV]	Reference_Alpha	Reference_ZPR [meV]	v	w
mp-13133	300.837196	-365.176123	6.391442	-306.536159	6.877134	1.465365
