Name	Frequency [meV]	ZPR [meV]	Reference_Alpha	Reference_ZPR [meV]	v	w
mp-19734	171.279156	-245.77693	4.78408	-220.349208	4.593465	1.89864
