Name	Frequency [meV]	ZPR [meV]	Reference_Alpha	Reference_ZPR [meV]	v	w
mp-14070	111.13133	-180.031786	5.986541	-170.178013	3.582701	2.428423
