Name	Frequency [meV]	ZPR [meV]	Reference_Alpha	Reference_ZPR [meV]	v	w
mp-1009220	25.324364	-248.904491	2.301784	-241.072974	3.293331	2.678161
