Name	Frequency [meV]	ZPR [meV]	Reference_Alpha	Reference_ZPR [meV]	v	w
mp-12444	91.41322	-49.935217	1.372376	-48.54983	3.253782	2.717186
