Name	Frequency [meV]	ZPR [meV]	Reference_Alpha	Reference_ZPR [meV]	v	w
mp-16236	32.785425	-15.613217	0.887375	-15.36023	3.140201	2.836581
