Name	Frequency [meV]	ZPR [meV]	Reference_Alpha	Reference_ZPR [meV]	v	w
mp-10969	104.713652	-124.737416	2.53872	-121.941171	3.199738	2.772611
