Name	Frequency [meV]	ZPR [meV]	Reference_Alpha	Reference_ZPR [meV]	v	w
mp-13903	175.789415	-200.537876	4.037648	-184.028105	4.064176	2.124397
