Name	Frequency [meV]	ZPR [meV]	Reference_Alpha	Reference_ZPR [meV]	v	w
mp-11739	23.139767	-37.911493	1.864534	-36.501236	3.357504	2.617493
