Name	Frequency [meV]	ZPR [meV]	Reference_Alpha	Reference_ZPR [meV]	v	w
mp-16763	28.848888	-32.958549	1.448525	-31.999406	3.268035	2.702975
