Name	Frequency [meV]	ZPR [meV]	Reference_Alpha	Reference_ZPR [meV]	v	w
mp-14206	53.975058	-13.788898	1.003756	-13.638125	3.092383	2.890253
