Name	Frequency [meV]	ZPR [meV]	Reference_Alpha	Reference_ZPR [meV]	v	w
mp-14091	70.296179	-8.692767	0.286982	-8.647345	3.043079	2.947812
