Name	Frequency [meV]	ZPR [meV]	Reference_Alpha	Reference_ZPR [meV]	v	w
mp-14175	279.196119	-400.962649	13.774421	-327.272621	8.048308	1.370983
