Name	Frequency [meV]	ZPR [meV]	Reference_Alpha	Reference_ZPR [meV]	v	w
mp-10167	80.070375	-82.128319	3.47544	-77.234042	3.654474	2.375209
