Name	Frequency [meV]	ZPR [meV]	Reference_Alpha	Reference_ZPR [meV]	v	w
mp-13658	386.73712	-602.612288	22.846224	-501.216784	7.253975	1.430247
