Name	Frequency [meV]	ZPR [meV]	Reference_Alpha	Reference_ZPR [meV]	v	w
mp-1243	232.438599	-97.939665	1.248987	-95.186479	3.257619	2.713344
