Name	Frequency [meV]	ZPR [meV]	Reference_Alpha	Reference_ZPR [meV]	v	w
mp-12535	87.735594	-60.827277	3.127632	-56.887725	3.736261	2.318282
