Name	Frequency [meV]	ZPR [meV]	Reference_Alpha	Reference_ZPR [meV]	v	w
mp-12442	144.022945	-1515.848419	39.658851	-724.589857	45.347673	1.049185
