Name	Frequency [meV]	ZPR [meV]	Reference_Alpha	Reference_ZPR [meV]	v	w
mp-13984	194.274571	-320.392321	7.532864	-274.480453	6.075957	1.562276
