Name	Frequency [meV]	ZPR [meV]	Reference_Alpha	Reference_ZPR [meV]	v	w
mp-1565	46.206534	-220.852119	2.604324	-210.328837	3.485852	2.505427
