Name	Frequency [meV]	ZPR [meV]	Reference_Alpha	Reference_ZPR [meV]	v	w
mp-1018040	34.223332	-29.726945	0.708408	-29.24784	3.139403	2.83746
