Name	Frequency [meV]	ZPR [meV]	Reference_Alpha	Reference_ZPR [meV]	v	w
mp-13660	69.427473	-21.142971	0.816863	-20.886391	3.103082	2.878063
