Name	Frequency [meV]	ZPR [meV]	Reference_Alpha	Reference_ZPR [meV]	v	w
mp-10289	169.892955	-18.15246	0.216002	-18.105954	3.020911	2.974444
