Name	Frequency [meV]	ZPR [meV]	Reference_Alpha	Reference_ZPR [meV]	v	w
mp-14437	67.164361	-181.376106	2.927766	-169.492123	3.748699	2.309954
