Name	Frequency [meV]	ZPR [meV]	Reference_Alpha	Reference_ZPR [meV]	v	w
mp-1778	32.431089	-206.094851	1.506149	-202.010938	3.174375	2.799482
