Name	Frequency [meV]	ZPR [meV]	Reference_Alpha	Reference_ZPR [meV]	v	w
mp-11327	10.20869	-45.759059	2.575686	-42.941967	3.684937	2.353557
