Name	Frequency [meV]	ZPR [meV]	Reference_Alpha	Reference_ZPR [meV]	v	w
mp-1002124	19.320991	-11.136764	0.139134	-11.117524	3.014027	2.982811
