Name	Frequency [meV]	ZPR [meV]	Reference_Alpha	Reference_ZPR [meV]	v	w
mp-1968	80.672132	-242.708269	3.574025	-217.824839	4.566357	1.908206
