Name	Frequency [meV]	ZPR [meV]	Reference_Alpha	Reference_ZPR [meV]	v	w
mp-14017	39.185408	-10.032723	0.783569	-9.906622	3.106974	2.873654
