Name	Frequency [meV]	ZPR [meV]	Reference_Alpha	Reference_ZPR [meV]	v	w
mp-15684	77.568907	-28.123045	1.591273	-27.44914	3.21512	2.756584
