Name	Frequency [meV]	ZPR [meV]	Reference_Alpha	Reference_ZPR [meV]	v	w
mp-14205	66.518269	-16.487244	1.086883	-16.273908	3.110306	2.869892
