Name	Frequency [meV]	ZPR [meV]	Reference_Alpha	Reference_ZPR [meV]	v	w
mp-12427	248.308961	-556.114579	5.877745	-405.841532	13.253378	1.194237
