Name	Frequency [meV]	ZPR [meV]	Reference_Alpha	Reference_ZPR [meV]	v	w
mp-1569	39.542848	-63.599109	0.540393	-62.97519	3.082472	2.901641
