Name	Frequency [meV]	ZPR [meV]	Reference_Alpha	Reference_ZPR [meV]	v	w
mp-14039	70.624678	-525.858867	12.431137	-348.888853	18.462716	1.131382
