Name	Frequency [meV]	ZPR [meV]	Reference_Alpha	Reference_ZPR [meV]	v	w
mp-1153	49.974461	-83.124011	1.427721	-81.395721	3.183815	2.789416
