Name	Frequency [meV]	ZPR [meV]	Reference_Alpha	Reference_ZPR [meV]	v	w
mp-10322	123.820113	-57.301662	1.246679	-56.229388	3.163821	2.810829
