Name	Frequency [meV]	ZPR [meV]	Reference_Alpha	Reference_ZPR [meV]	v	w
mp-14285	287.929255	-16.538578	0.310214	-16.464164	3.036989	2.955081
