Name	Frequency [meV]	ZPR [meV]	Reference_Alpha	Reference_ZPR [meV]	v	w
mp-11703	106.8606	-58.852176	2.62605	-56.642704	3.361485	2.613835
