Name	Frequency [meV]	ZPR [meV]	Reference_Alpha	Reference_ZPR [meV]	v	w
mp-15781	40.431652	-93.124422	2.590219	-88.055179	3.578435	2.431686
