Name	Frequency [meV]	ZPR [meV]	Reference_Alpha	Reference_ZPR [meV]	v	w
mp-1340	135.768402	-10.112833	0.473591	-10.051307	3.050321	2.939213
