Name	Frequency [meV]	ZPR [meV]	Reference_Alpha	Reference_ZPR [meV]	v	w
mp-14088	87.715654	-339.389649	13.975887	-275.246919	8.324142	1.354002
