Name	Frequency [meV]	ZPR [meV]	Reference_Alpha	Reference_ZPR [meV]	v	w
mp-15668	35.609221	-15.084369	0.697597	-14.88814	3.110947	2.869169
