Name	Frequency [meV]	ZPR [meV]	Reference_Alpha	Reference_ZPR [meV]	v	w
mp-1522	132.920444	-26.566099	0.475667	-26.356469	3.06578	2.921025
