Name	Frequency [meV]	ZPR [meV]	Reference_Alpha	Reference_ZPR [meV]	v	w
mp-1020059	415.588682	-67.742685	0.756314	-66.720544	3.129887	2.847981
