Name	Frequency [meV]	ZPR [meV]	Reference_Alpha	Reference_ZPR [meV]	v	w
mp-10748	29.431138	-7.310348	0.147761	-7.288559	3.024371	2.970256
