Name	Frequency [meV]	ZPR [meV]	Reference_Alpha	Reference_ZPR [meV]	v	w
mp-1022	18.717295	-74.365157	2.458671	-70.383303	3.565824	2.441401
