Name	Frequency [meV]	ZPR [meV]	Reference_Alpha	Reference_ZPR [meV]	v	w
mp-15724	17.253369	-8.236892	0.500298	-8.189347	3.047686	2.942336
