Name	Frequency [meV]	ZPR [meV]	Reference_Alpha	Reference_ZPR [meV]	v	w
mp-11123	107.491806	-26.368527	1.390371	-25.694269	3.231377	2.739864
