Name	Frequency [meV]	ZPR [meV]	Reference_Alpha	Reference_ZPR [meV]	v	w
mp-13276	54.305394	-44.899236	1.382641	-43.971465	3.182574	2.790734
