Name	Frequency [meV]	ZPR [meV]	Reference_Alpha	Reference_ZPR [meV]	v	w
mp-1287	93.900323	-102.416707	3.670466	-91.251835	4.762197	1.842979
