Name	Frequency [meV]	ZPR [meV]	Reference_Alpha	Reference_ZPR [meV]	v	w
mp-1394	18.892974	-99.096699	2.520173	-91.738327	3.902826	2.213446
