Name	Frequency [meV]	ZPR [meV]	Reference_Alpha	Reference_ZPR [meV]	v	w
mp-16264	170.205079	-20.46274	0.792932	-20.23705	3.093221	2.889295
