Name	Frequency [meV]	ZPR [meV]	Reference_Alpha	Reference_ZPR [meV]	v	w
mp-13983	203.054509	-315.590928	6.240644	-273.924329	5.596908	1.641211
