Name	Frequency [meV]	ZPR [meV]	Reference_Alpha	Reference_ZPR [meV]	v	w
mp-1009820	19.154593	-7.18751	0.09063	-7.179436	3.009097	2.988832
