Name	Frequency [meV]	ZPR [meV]	Reference_Alpha	Reference_ZPR [meV]	v	w
mp-12418	103.196591	-8.906842	0.467354	-8.843928	3.058681	2.92935
