Name	Frequency [meV]	ZPR [meV]	Reference_Alpha	Reference_ZPR [meV]	v	w
mp-14588	109.524883	-31.362662	1.705751	-30.62869	3.209521	2.762395
