Name	Frequency [meV]	ZPR [meV]	Reference_Alpha	Reference_ZPR [meV]	v	w
mp-15349	414.353911	-178.760521	2.169134	-170.597652	3.460228	2.526856
