Name	Frequency [meV]	ZPR [meV]	Reference_Alpha	Reference_ZPR [meV]	v	w
mp-1342	11.774259	-162.874709	3.191754	-155.420541	3.461536	2.525752
