Name	Frequency [meV]	ZPR [meV]	Reference_Alpha	Reference_ZPR [meV]	v	w
mp-15777	67.393893	-6.816362	0.304611	-6.783086	3.040179	2.951269
