Name	Frequency [meV]	ZPR [meV]	Reference_Alpha	Reference_ZPR [meV]	v	w
mp-1794	29.685453	-297.145202	2.34269	-287.609955	3.300138	2.671573
