Name	Frequency [meV]	ZPR [meV]	Reference_Alpha	Reference_ZPR [meV]	v	w
mp-10182	20.451762	-17.619225	0.399057	-17.527563	3.042867	2.948064
