Name	Frequency [meV]	ZPR [meV]	Reference_Alpha	Reference_ZPR [meV]	v	w
mp-15788	53.18016	-69.067304	1.521833	-67.068746	3.266291	2.704705
