Name	Frequency [meV]	ZPR [meV]	Reference_Alpha	Reference_ZPR [meV]	v	w
mp-12558	18.956872	-22.148756	0.562846	-21.991845	3.05885	2.929151
