Name	Frequency [meV]	ZPR [meV]	Reference_Alpha	Reference_ZPR [meV]	v	w
mp-13992	102.331195	-32.800164	3.315243	-32.144253	3.176127	2.797607
