Name	Frequency [meV]	ZPR [meV]	Reference_Alpha	Reference_ZPR [meV]	v	w
mp-14652	55.976765	-36.574564	2.383003	-35.344492	3.317124	2.655292
