Name	Frequency [meV]	ZPR [meV]	Reference_Alpha	Reference_ZPR [meV]	v	w
mp-19799	128.557983	-210.281954	6.185036	-189.663452	4.441619	1.954672
