Name	Frequency [meV]	ZPR [meV]	Reference_Alpha	Reference_ZPR [meV]	v	w
mp-1747	13.903301	-39.342779	2.222963	-37.900127	3.351401	2.623125
