Name	Frequency [meV]	ZPR [meV]	Reference_Alpha	Reference_ZPR [meV]	v	w
mp-11919	257.347686	-92.999811	1.448385	-91.221075	3.167767	2.806575
