Name	Frequency [meV]	ZPR [meV]	Reference_Alpha	Reference_ZPR [meV]	v	w
mp-12622	205.459677	-294.399707	6.594393	-245.319538	7.177145	1.436979
