Name	Frequency [meV]	ZPR [meV]	Reference_Alpha	Reference_ZPR [meV]	v	w
mp-15776	85.160568	-9.236452	0.330123	-9.188066	3.043185	2.947685
