Name	Frequency [meV]	ZPR [meV]	Reference_Alpha	Reference_ZPR [meV]	v	w
mp-13356	191.185045	-145.660129	2.974056	-136.929709	3.659731	2.371434
