Name	Frequency [meV]	ZPR [meV]	Reference_Alpha	Reference_ZPR [meV]	v	w
mp-11719	62.466911	-33.988079	1.546536	-33.173216	3.215244	2.756456
