Name	Frequency [meV]	ZPR [meV]	Reference_Alpha	Reference_ZPR [meV]	v	w
mp-11659	446.009633	-428.892578	6.279855	-387.272032	4.414578	1.965308
