Name	Frequency [meV]	ZPR [meV]	Reference_Alpha	Reference_ZPR [meV]	v	w
mp-15703	386.619953	-74.137	0.513392	-73.488191	3.073233	2.912338
