Name	Frequency [meV]	ZPR [meV]	Reference_Alpha	Reference_ZPR [meV]	v	w
mp-11520	11.670376	-5.072869	0.197727	-5.059627	3.021273	2.974004
