Name	Frequency [meV]	ZPR [meV]	Reference_Alpha	Reference_ZPR [meV]	v	w
mp-1009087	100.293567	-4.015556	0.078069	-4.010765	3.009711	2.98808
