Name	Frequency [meV]	ZPR [meV]	Reference_Alpha	Reference_ZPR [meV]	v	w
mp-1011695	8.552352	-42.660568	2.607604	-39.679392	3.823206	2.261797
