Name	Frequency [meV]	ZPR [meV]	Reference_Alpha	Reference_ZPR [meV]	v	w
mp-13287	63.391353	-29.559386	1.161403	-29.00185	3.165236	2.809302
