Name	Frequency [meV]	ZPR [meV]	Reference_Alpha	Reference_ZPR [meV]	v	w
mp-1009792	21.425755	-10.704574	0.120625	-10.688552	3.01214	2.985112
