Name	Frequency [meV]	ZPR [meV]	Reference_Alpha	Reference_ZPR [meV]	v	w
mp-15988	23.678555	-6.625423	0.215986	-6.608727	3.020529	2.974907
