Name	Frequency [meV]	ZPR [meV]	Reference_Alpha	Reference_ZPR [meV]	v	w
mp-1266	22.887933	-40.537873	1.501034	-39.637531	3.197694	2.774756
