Name	Frequency [meV]	ZPR [meV]	Reference_Alpha	Reference_ZPR [meV]	v	w
mp-13031	9.987294	-29.047698	0.697039	-28.790573	3.074099	2.911331
