Name	Frequency [meV]	ZPR [meV]	Reference_Alpha	Reference_ZPR [meV]	v	w
mp-12903	40.161267	-11.288508	0.547342	-11.172288	3.086757	2.896706
