Name	Frequency [meV]	ZPR [meV]	Reference_Alpha	Reference_ZPR [meV]	v	w
mp-13800	84.561777	-233.808861	6.480525	-198.543427	6.41635	1.516708
