Name	Frequency [meV]	ZPR [meV]	Reference_Alpha	Reference_ZPR [meV]	v	w
mp-15794	38.339825	-48.120161	1.37256	-46.777695	3.255392	2.715572
