Name	Frequency [meV]	ZPR [meV]	Reference_Alpha	Reference_ZPR [meV]	v	w
mp-1550	14.659672	-15.62735	0.256934	-15.577266	3.026184	2.968065
