Name	Frequency [meV]	ZPR [meV]	Reference_Alpha	Reference_ZPR [meV]	v	w
mp-14092	64.975581	-4.346665	0.160261	-4.333567	3.024618	2.969957
