Name	Frequency [meV]	ZPR [meV]	Reference_Alpha	Reference_ZPR [meV]	v	w
mp-16764	38.821926	-34.534031	1.594373	-33.237707	3.361429	2.613886
