Name	Frequency [meV]	ZPR [meV]	Reference_Alpha	Reference_ZPR [meV]	v	w
mp-10919	39.119826	-29.816595	2.207764	-29.324192	3.143097	2.833397
