Name	Frequency [meV]	ZPR [meV]	Reference_Alpha	Reference_ZPR [meV]	v	w
mp-13898	67.590578	-204.748203	5.429012	-180.346896	5.104596	1.747536
