Name	Frequency [meV]	ZPR [meV]	Reference_Alpha	Reference_ZPR [meV]	v	w
mp-13190	39.062023	-273.953337	7.814317	-212.332791	10.349996	1.264702
