Name	Frequency [meV]	ZPR [meV]	Reference_Alpha	Reference_ZPR [meV]	v	w
mp-1138	19.220188	-501.768159	5.695528	-452.727671	4.433104	1.957999
