Name	Frequency [meV]	ZPR [meV]	Reference_Alpha	Reference_ZPR [meV]	v	w
mp-1413	80.690626	-17.983134	0.371969	-17.874044	3.050182	2.939377
