Name	Frequency [meV]	ZPR [meV]	Reference_Alpha	Reference_ZPR [meV]	v	w
mp-13926	86.271259	-283.685671	8.09405	-235.123925	7.400254	1.417976
