Name	Frequency [meV]	ZPR [meV]	Reference_Alpha	Reference_ZPR [meV]	v	w
mp-15556	66.821006	-22.513313	1.808588	-21.988897	3.208433	2.763527
