Name	Frequency [meV]	ZPR [meV]	Reference_Alpha	Reference_ZPR [meV]	v	w
mp-10417	178.85928	-156.863907	4.356767	-146.89734	3.716282	2.331838
