Name	Frequency [meV]	ZPR [meV]	Reference_Alpha	Reference_ZPR [meV]	v	w
mp-12525	109.613067	-199.897121	3.376909	-187.343045	3.704525	2.339919
