Name	Frequency [meV]	ZPR [meV]	Reference_Alpha	Reference_ZPR [meV]	v	w
mp-12814	62.898568	-22.93219	0.955777	-22.462215	3.180932	2.792481
