Name	Frequency [meV]	ZPR [meV]	Reference_Alpha	Reference_ZPR [meV]	v	w
mp-1265	20.814213	-173.621409	1.963719	-169.038155	3.239848	2.731241
