Name	Frequency [meV]	ZPR [meV]	Reference_Alpha	Reference_ZPR [meV]	v	w
mp-16742	63.747362	-28.396785	1.178464	-27.762096	3.199085	2.773295
