Name	Frequency [meV]	ZPR [meV]	Reference_Alpha	Reference_ZPR [meV]	v	w
mp-1591	191.549396	-48.324991	0.579278	-47.841415	3.084196	2.899653
