Name	Frequency [meV]	ZPR [meV]	Reference_Alpha	Reference_ZPR [meV]	v	w
mp-13907	172.776279	-186.877038	4.295344	-171.577382	4.0545	2.129424
