Name	Frequency [meV]	ZPR [meV]	Reference_Alpha	Reference_ZPR [meV]	v	w
mp-12885	355.327601	-199.532684	6.435173	-187.664916	3.652715	2.376476
