Name	Frequency [meV]	ZPR [meV]	Reference_Alpha	Reference_ZPR [meV]	v	w
mp-12532	88.989676	-19.08386	0.754166	-18.883873	3.088362	2.894863
