Name	Frequency [meV]	ZPR [meV]	Reference_Alpha	Reference_ZPR [meV]	v	w
mp-12927	248.091337	-80.211738	1.446617	-78.76184	3.157774	2.817375
