Name	Frequency [meV]	ZPR [meV]	Reference_Alpha	Reference_ZPR [meV]	v	w
mp-12509	135.479648	-50.529204	1.010417	-49.530315	3.173921	2.799968
