Name	Frequency [meV]	ZPR [meV]	Reference_Alpha	Reference_ZPR [meV]	v	w
mp-10627	7.990461	-97.079824	2.821312	-93.232717	3.385957	2.59161
