Name	Frequency [meV]	ZPR [meV]	Reference_Alpha	Reference_ZPR [meV]	v	w
mp-1105	15.346618	-161.206577	3.5035	-149.216773	3.905102	2.212108
