Name	Frequency [meV]	ZPR [meV]	Reference_Alpha	Reference_ZPR [meV]	v	w
mp-12992	90.758689	-176.240099	6.418193	-165.70946	3.656891	2.373471
