Name	Frequency [meV]	ZPR [meV]	Reference_Alpha	Reference_ZPR [meV]	v	w
mp-1784	6.993402	-170.771865	5.37498	-155.457173	4.229406	2.044119
