Name	Frequency [meV]	ZPR [meV]	Reference_Alpha	Reference_ZPR [meV]	v	w
mp-15951	338.380104	-343.09905	3.007256	-314.068619	4.113551	2.099328
