Name	Frequency [meV]	ZPR [meV]	Reference_Alpha	Reference_ZPR [meV]	v	w
mp-13868	228.867288	-39.366071	0.732448	-38.88869	3.103002	2.878154
