Name	Frequency [meV]	ZPR [meV]	Reference_Alpha	Reference_ZPR [meV]	v	w
mp-13900	123.995995	-40.778905	1.362985	-40.071943	3.150799	2.824964
