Name	Frequency [meV]	ZPR [meV]	Reference_Alpha	Reference_ZPR [meV]	v	w
mp-13032	12.658225	-48.253485	0.910984	-47.69018	3.098951	2.882758
