Name	Frequency [meV]	ZPR [meV]	Reference_Alpha	Reference_ZPR [meV]	v	w
mp-12908	28.410407	-17.90146	0.635843	-17.694249	3.098071	2.88376
