Name	Frequency [meV]	ZPR [meV]	Reference_Alpha	Reference_ZPR [meV]	v	w
mp-19795	92.960923	-19.81702	0.588857	-19.610624	3.087799	2.895508
