Name	Frequency [meV]	ZPR [meV]	Reference_Alpha	Reference_ZPR [meV]	v	w
mp-14038	101.375566	-361.18865	9.766166	-285.345028	9.480512	1.296889
