Name	Frequency [meV]	ZPR [meV]	Reference_Alpha	Reference_ZPR [meV]	v	w
mp-1960	76.160901	-208.101795	2.281948	-200.756635	3.33576	2.63769
