Name	Frequency [meV]	ZPR [meV]	Reference_Alpha	Reference_ZPR [meV]	v	w
mp-12623	192.984669	-273.492904	7.32756	-230.816339	6.660089	1.488251
