Name	Frequency [meV]	ZPR [meV]	Reference_Alpha	Reference_ZPR [meV]	v	w
mp-1009088	104.932919	-2.382667	0.070925	-2.380746	3.006595	2.991899
