Name	Frequency [meV]	ZPR [meV]	Reference_Alpha	Reference_ZPR [meV]	v	w
mp-1415	7.812169	-46.652053	1.417142	-45.785759	3.162448	2.812312
