Name	Frequency [meV]	ZPR [meV]	Reference_Alpha	Reference_ZPR [meV]	v	w
mp-16577	316.297147	-6798.39362	28.131922	-1580.468083	223.127659	1.009575
