Name	Frequency [meV]	ZPR [meV]	Reference_Alpha	Reference_ZPR [meV]	v	w
mp-1873	110.265621	-196.504479	3.673605	-180.014764	4.098303	2.106967
