Name	Frequency [meV]	ZPR [meV]	Reference_Alpha	Reference_ZPR [meV]	v	w
mp-23059	50.805894	-91.162034	5.527246	-84.873776	3.8074	2.271771
