Name	Frequency [meV]	ZPR [meV]	Reference_Alpha	Reference_ZPR [meV]	v	w
mp-23017	63.511042	-38.950042	5.473405	-36.856533	3.568705	2.439173
