Name	Frequency [meV]	ZPR [meV]	Reference_Alpha	Reference_ZPR [meV]	v	w
mp-23513	55.300737	-79.568982	5.513368	-75.762948	3.488269	2.503429
