Name	Frequency [meV]	ZPR [meV]	Reference_Alpha	Reference_ZPR [meV]	v	w
mp-29209	44.249501	-2.736072	0.151104	-2.731509	3.013537	2.983408
