Name	Frequency [meV]	ZPR [meV]	Reference_Alpha	Reference_ZPR [meV]	v	w
mp-22988	36.269156	-133.216515	4.318081	-109.686433	7.677125	1.396539
