Name	Frequency [meV]	ZPR [meV]	Reference_Alpha	Reference_ZPR [meV]	v	w
mp-24341	477.653689	-184.045025	3.799282	-178.862799	3.258104	2.712859
