Name	Frequency [meV]	ZPR [meV]	Reference_Alpha	Reference_ZPR [meV]	v	w
mp-22990	26.221949	-114.173193	7.378275	-103.004232	4.435506	1.957058
