Name	Frequency [meV]	ZPR [meV]	Reference_Alpha	Reference_ZPR [meV]	v	w
mp-28873	79.019637	-219.31999	9.016622	-204.474068	3.785192	2.286002
