Name	Frequency [meV]	ZPR [meV]	Reference_Alpha	Reference_ZPR [meV]	v	w
mp-28111	252.9972	-347.130052	21.540497	-268.497294	10.44496	1.261602
