Name	Frequency [meV]	ZPR [meV]	Reference_Alpha	Reference_ZPR [meV]	v	w
mp-22862	7.645078	-119.135702	3.570748	-112.89807	3.549235	2.454336
