Name	Frequency [meV]	ZPR [meV]	Reference_Alpha	Reference_ZPR [meV]	v	w
mp-23004	66.782794	-98.320828	5.063283	-90.547131	3.996594	2.160317
