Name	Frequency [meV]	ZPR [meV]	Reference_Alpha	Reference_ZPR [meV]	v	w
mp-29396	153.355609	-22.135659	0.815768	-21.911402	3.085298	2.898385
