Name	Frequency [meV]	ZPR [meV]	Reference_Alpha	Reference_ZPR [meV]	v	w
mp-23862	111.031611	-66.956396	1.965315	-65.435743	3.202651	2.769561
