Name	Frequency [meV]	ZPR [meV]	Reference_Alpha	Reference_ZPR [meV]	v	w
mp-27828	63.898382	-228.995714	8.465051	-185.140015	8.459058	1.346243
