Name	Frequency [meV]	ZPR [meV]	Reference_Alpha	Reference_ZPR [meV]	v	w
mp-2920	215.70518	-203.704333	2.827728	-190.370854	3.747607	2.310682
