Name	Frequency [meV]	ZPR [meV]	Reference_Alpha	Reference_ZPR [meV]	v	w
mp-28084	29.349857	-21.259135	2.12319	-20.87657	3.157008	2.818206
