Name	Frequency [meV]	ZPR [meV]	Reference_Alpha	Reference_ZPR [meV]	v	w
mp-27827	57.813445	-249.60747	8.781676	-195.599146	9.847341	1.282408
