Name	Frequency [meV]	ZPR [meV]	Reference_Alpha	Reference_ZPR [meV]	v	w
mp-23036	31.463957	-44.377734	3.069428	-42.302058	3.474472	2.514888
