Name	Frequency [meV]	ZPR [meV]	Reference_Alpha	Reference_ZPR [meV]	v	w
mp-20790	107.451288	-33.40262	1.500991	-32.988601	3.105407	2.875428
