Name	Frequency [meV]	ZPR [meV]	Reference_Alpha	Reference_ZPR [meV]	v	w
mp-23009	48.107856	-99.509415	2.012242	-95.472455	3.397185	2.581563
