Name	Frequency [meV]	ZPR [meV]	Reference_Alpha	Reference_ZPR [meV]	v	w
mp-22851	6.875768	-144.517515	4.704021	-133.762958	3.905885	2.211649
