Name	Frequency [meV]	ZPR [meV]	Reference_Alpha	Reference_ZPR [meV]	v	w
mp-22906	3.271402	-57.015982	3.96322	-53.620089	3.653969	2.375573
