Name	Frequency [meV]	ZPR [meV]	Reference_Alpha	Reference_ZPR [meV]	v	w
mp-23303	3.621685	-68.433816	4.269716	-63.95214	3.748169	2.310307
