Name	Frequency [meV]	ZPR [meV]	Reference_Alpha	Reference_ZPR [meV]	v	w
mp-22875	3.244404	-29.442783	2.130939	-28.592445	3.265707	2.705284
