Name	Frequency [meV]	ZPR [meV]	Reference_Alpha	Reference_ZPR [meV]	v	w
mp-25305	198.105694	-136.199878	1.881602	-129.659876	3.490691	2.501431
