Name	Frequency [meV]	ZPR [meV]	Reference_Alpha	Reference_ZPR [meV]	v	w
mp-2072	37.036261	-16.957043	1.121152	-16.617982	3.176106	2.797631
