Name	Frequency [meV]	ZPR [meV]	Reference_Alpha	Reference_ZPR [meV]	v	w
mp-23193	6.157379	-117.941653	4.32329	-110.091983	3.765956	2.298539
