Name	Frequency [meV]	ZPR [meV]	Reference_Alpha	Reference_ZPR [meV]	v	w
mp-24424	117.805598	-90.376379	2.410285	-87.961042	3.243224	2.727821
