Name	Frequency [meV]	ZPR [meV]	Reference_Alpha	Reference_ZPR [meV]	v	w
mp-28994	106.386189	-24.272194	1.135853	-23.983789	3.100819	2.880633
