Name	Frequency [meV]	ZPR [meV]	Reference_Alpha	Reference_ZPR [meV]	v	w
mp-23949	110.574501	-208.167331	2.55205	-199.142119	3.431199	2.551691
