Name	Frequency [meV]	ZPR [meV]	Reference_Alpha	Reference_ZPR [meV]	v	w
mp-23197	2.523228	-39.870511	3.617517	-37.749617	3.560906	2.445217
