Name	Frequency [meV]	ZPR [meV]	Reference_Alpha	Reference_ZPR [meV]	v	w
mp-23023	89.096046	-117.363296	2.721539	-110.514649	3.635725	2.388807
