Name	Frequency [meV]	ZPR [meV]	Reference_Alpha	Reference_ZPR [meV]	v	w
mp-28603	198.807683	-44.952383	1.388881	-43.965139	3.195254	2.777321
