Name	Frequency [meV]	ZPR [meV]	Reference_Alpha	Reference_ZPR [meV]	v	w
mp-23956	242.591387	-183.860234	1.633695	-177.57624	3.323201	2.649522
