Name	Frequency [meV]	ZPR [meV]	Reference_Alpha	Reference_ZPR [meV]	v	w
mp-29342	51.133378	-103.493991	2.679629	-97.002945	3.703196	2.340837
