Name	Frequency [meV]	ZPR [meV]	Reference_Alpha	Reference_ZPR [meV]	v	w
mp-22905	11.986125	-171.634019	3.29769	-163.468491	3.484894	2.50622
