Name	Frequency [meV]	ZPR [meV]	Reference_Alpha	Reference_ZPR [meV]	v	w
mp-27315	104.180295	-19380.550908	48.94597	-2946.721277	534.233229	1.003974
