Name	Frequency [meV]	ZPR [meV]	Reference_Alpha	Reference_ZPR [meV]	v	w
mp-23120	55.062253	-440.272574	14.399671	-253.838944	27.961758	1.082608
