Name	Frequency [meV]	ZPR [meV]	Reference_Alpha	Reference_ZPR [meV]	v	w
mp-2229	15.477064	-74.138024	1.141155	-73.043004	3.126958	2.851237
