Name	Frequency [meV]	ZPR [meV]	Reference_Alpha	Reference_ZPR [meV]	v	w
mp-23222	25.306131	-14.648573	0.511177	-14.571765	3.043216	2.947648
