Name	Frequency [meV]	ZPR [meV]	Reference_Alpha	Reference_ZPR [meV]	v	w
mp-23040	34.861707	-43.814374	1.460547	-42.775076	3.212694	2.759098
