Name	Frequency [meV]	ZPR [meV]	Reference_Alpha	Reference_ZPR [meV]	v	w
mp-23092	150.917078	-157.472029	2.267887	-142.887516	4.300812	2.012435
