Name	Frequency [meV]	ZPR [meV]	Reference_Alpha	Reference_ZPR [meV]	v	w
mp-23070	62.238147	-107.264428	3.649034	-98.630787	4.025687	2.14462
