Name	Frequency [meV]	ZPR [meV]	Reference_Alpha	Reference_ZPR [meV]	v	w
mp-23550	183.143743	-370.530334	7.865794	-276.754445	12.103139	1.217154
