Name	Frequency [meV]	ZPR [meV]	Reference_Alpha	Reference_ZPR [meV]	v	w
mp-23214	77.733672	-189.142517	5.044753	-160.009284	6.565139	1.498966
