Name	Frequency [meV]	ZPR [meV]	Reference_Alpha	Reference_ZPR [meV]	v	w
mp-2695	69.201425	-10.926561	0.439151	-10.853401	3.055531	2.933059
