Name	Frequency [meV]	ZPR [meV]	Reference_Alpha	Reference_ZPR [meV]	v	w
mp-23299	5.071638	-100.1667	4.445946	-93.251925	3.808336	2.271177
