Name	Frequency [meV]	ZPR [meV]	Reference_Alpha	Reference_ZPR [meV]	v	w
mp-23870	26.71249	-241.507991	2.123224	-234.560889	3.264489	2.706495
