Name	Frequency [meV]	ZPR [meV]	Reference_Alpha	Reference_ZPR [meV]	v	w
mp-223	278.406522	-126.481437	1.860497	-122.429335	3.299568	2.672122
