Name	Frequency [meV]	ZPR [meV]	Reference_Alpha	Reference_ZPR [meV]	v	w
mp-27193	88.097791	-116.637992	3.638713	-111.554837	3.433991	2.549276
