Name	Frequency [meV]	ZPR [meV]	Reference_Alpha	Reference_ZPR [meV]	v	w
mp-28599	79.70637	-96.546999	3.515859	-90.030921	3.781789	2.288206
