Name	Frequency [meV]	ZPR [meV]	Reference_Alpha	Reference_ZPR [meV]	v	w
mp-23295	5.077289	-106.311288	4.687903	-98.436436	3.899429	2.215446
