Name	Frequency [meV]	ZPR [meV]	Reference_Alpha	Reference_ZPR [meV]	v	w
mp-20187	78.721269	-19.621264	0.749719	-19.396755	3.0969	2.885094
