Name	Frequency [meV]	ZPR [meV]	Reference_Alpha	Reference_ZPR [meV]	v	w
mp-2784	21.140917	-31.169541	1.36406	-30.598247	3.160162	2.814786
