Name	Frequency [meV]	ZPR [meV]	Reference_Alpha	Reference_ZPR [meV]	v	w
mp-22865	4.687857	-139.390958	6.354297	-123.193352	4.999903	1.774518
