Name	Frequency [meV]	ZPR [meV]	Reference_Alpha	Reference_ZPR [meV]	v	w
mp-2319	80.155512	-20.025967	0.431441	-19.874146	3.063125	2.924133
