Name	Frequency [meV]	ZPR [meV]	Reference_Alpha	Reference_ZPR [meV]	v	w
mp-2340	183.32269	-240.946639	4.434811	-208.839175	5.647136	1.631958
