Name	Frequency [meV]	ZPR [meV]	Reference_Alpha	Reference_ZPR [meV]	v	w
mp-2552	184.555224	-91.53274	1.501181	-89.088775	3.242966	2.728082
