Name	Frequency [meV]	ZPR [meV]	Reference_Alpha	Reference_ZPR [meV]	v	w
mp-29754	68.570089	-39.351156	0.740471	-38.866421	3.104727	2.876198
