Name	Frequency [meV]	ZPR [meV]	Reference_Alpha	Reference_ZPR [meV]	v	w
mp-20459	99.578363	-147.781756	2.1412	-140.461607	3.510775	2.485016
