Name	Frequency [meV]	ZPR [meV]	Reference_Alpha	Reference_ZPR [meV]	v	w
mp-23231	3.768366	-19.604921	1.237721	-19.289511	3.139129	2.837762
