Name	Frequency [meV]	ZPR [meV]	Reference_Alpha	Reference_ZPR [meV]	v	w
mp-21228	73.549215	-34.339378	1.129706	-33.585914	3.195057	2.777528
