Name	Frequency [meV]	ZPR [meV]	Reference_Alpha	Reference_ZPR [meV]	v	w
mp-24292	157.541955	-100.511116	2.748957	-99.130216	3.117542	2.861754
