Name	Frequency [meV]	ZPR [meV]	Reference_Alpha	Reference_ZPR [meV]	v	w
mp-23406	46.098614	-64.189147	5.368364	-61.229771	3.465861	2.522107
