Name	Frequency [meV]	ZPR [meV]	Reference_Alpha	Reference_ZPR [meV]	v	w
mp-29398	26.693148	-74.812135	5.913842	-64.517202	5.829245	1.600447
