Name	Frequency [meV]	ZPR [meV]	Reference_Alpha	Reference_ZPR [meV]	v	w
mp-22903	3.003509	-49.00693	3.727597	-46.302384	3.589197	2.423475
