Name	Frequency [meV]	ZPR [meV]	Reference_Alpha	Reference_ZPR [meV]	v	w
mp-28075	253.075354	-457.799981	36.741483	-369.064317	8.584114	1.339346
