Name	Frequency [meV]	ZPR [meV]	Reference_Alpha	Reference_ZPR [meV]	v	w
mp-2657	116.59699	-175.664616	1.868588	-166.813736	3.522235	2.475771
