Name	Frequency [meV]	ZPR [meV]	Reference_Alpha	Reference_ZPR [meV]	v	w
mp-29750	53.481346	-67.167986	4.394161	-61.701266	4.044391	2.134716
