Name	Frequency [meV]	ZPR [meV]	Reference_Alpha	Reference_ZPR [meV]	v	w
mp-28069	48.509049	-101.452626	2.863774	-93.013485	4.082467	2.114997
