Name	Frequency [meV]	ZPR [meV]	Reference_Alpha	Reference_ZPR [meV]	v	w
mp-28110	21.091438	-15.223671	1.988021	-14.95072	3.156386	2.818881
