Name	Frequency [meV]	ZPR [meV]	Reference_Alpha	Reference_ZPR [meV]	v	w
mp-29163	159.720458	-11.240468	0.515669	-11.161332	3.058472	2.929596
