Name	Frequency [meV]	ZPR [meV]	Reference_Alpha	Reference_ZPR [meV]	v	w
mp-24721	21.812609	-215.092264	2.309073	-208.300681	3.294539	2.67699
