Name	Frequency [meV]	ZPR [meV]	Reference_Alpha	Reference_ZPR [meV]	v	w
mp-27831	47.912989	-304.533464	12.2337	-215.041941	14.960524	1.16792
