Name	Frequency [meV]	ZPR [meV]	Reference_Alpha	Reference_ZPR [meV]	v	w
mp-2133	32.431413	-40.447015	0.599732	-39.824025	3.132787	2.844766
