Name	Frequency [meV]	ZPR [meV]	Reference_Alpha	Reference_ZPR [meV]	v	w
mp-28554	29.61942	-35.975308	1.431421	-35.152184	3.204325	2.767811
