Name	Frequency [meV]	ZPR [meV]	Reference_Alpha	Reference_ZPR [meV]	v	w
mp-27869	28.070649	-56.425166	2.090321	-53.793026	3.47286	2.516235
