Name	Frequency [meV]	ZPR [meV]	Reference_Alpha	Reference_ZPR [meV]	v	w
mp-21511	158.209195	-21.092204	0.792982	-20.815769	3.111807	2.8682
