Name	Frequency [meV]	ZPR [meV]	Reference_Alpha	Reference_ZPR [meV]	v	w
mp-28295	209.173448	-115.242419	3.812471	-109.75757	3.485142	2.506014
