Name	Frequency [meV]	ZPR [meV]	Reference_Alpha	Reference_ZPR [meV]	v	w
mp-28797	69.896371	-20.242315	0.382572	-20.171774	3.028505	2.965267
