Name	Frequency [meV]	ZPR [meV]	Reference_Alpha	Reference_ZPR [meV]	v	w
mp-27419	158.996762	-353.178013	6.213042	-287.14672	8.216105	1.360467
