Name	Frequency [meV]	ZPR [meV]	Reference_Alpha	Reference_ZPR [meV]	v	w
mp-22914	5.966547	-14.276004	0.574348	-14.172407	3.060326	2.927417
