Name	Frequency [meV]	ZPR [meV]	Reference_Alpha	Reference_ZPR [meV]	v	w
mp-23054	221.858464	-83.88004	1.625383	-81.457841	3.265669	2.705322
