Name	Frequency [meV]	ZPR [meV]	Reference_Alpha	Reference_ZPR [meV]	v	w
mp-23861	139.715934	-113.325082	2.50118	-109.796657	3.289776	2.681617
