Name	Frequency [meV]	ZPR [meV]	Reference_Alpha	Reference_ZPR [meV]	v	w
mp-28237	87.285621	-110.357312	57.84452	-99.3311	4.492559	1.935194
