Name	Frequency [meV]	ZPR [meV]	Reference_Alpha	Reference_ZPR [meV]	v	w
mp-27882	64.367683	-88.117694	4.551943	-83.216626	3.595437	2.418748
