Name	Frequency [meV]	ZPR [meV]	Reference_Alpha	Reference_ZPR [meV]	v	w
mp-23209	22.403725	-100.42589	3.357314	-94.243005	3.684985	2.353524
