Name	Frequency [meV]	ZPR [meV]	Reference_Alpha	Reference_ZPR [meV]	v	w
mp-28171	26.446956	-95.458387	3.000581	-86.515718	4.327489	2.001025
