Name	Frequency [meV]	ZPR [meV]	Reference_Alpha	Reference_ZPR [meV]	v	w
mp-23860	168.379005	-120.690236	2.528441	-117.104431	3.274499	2.696585
