Name	Frequency [meV]	ZPR [meV]	Reference_Alpha	Reference_ZPR [meV]	v	w
mp-2008	94.991028	-15.256267	0.370156	-15.167383	3.048143	2.941793
