Name	Frequency [meV]	ZPR [meV]	Reference_Alpha	Reference_ZPR [meV]	v	w
mp-23804	147.776008	-120.291995	2.28083	-118.47931	3.12971	2.848178
