Name	Frequency [meV]	ZPR [meV]	Reference_Alpha	Reference_ZPR [meV]	v	w
mp-252	15.049408	-10.940325	0.175395	-10.916465	3.017741	2.978291
