Name	Frequency [meV]	ZPR [meV]	Reference_Alpha	Reference_ZPR [meV]	v	w
mp-22975	46.26288	-95.433136	5.52351	-86.724591	4.267258	2.027112
