Name	Frequency [meV]	ZPR [meV]	Reference_Alpha	Reference_ZPR [meV]	v	w
mp-23268	5.157555	-52.342509	2.374021	-50.637683	3.305403	2.666502
