Name	Frequency [meV]	ZPR [meV]	Reference_Alpha	Reference_ZPR [meV]	v	w
mp-24084	23.232126	-243.378883	2.447692	-235.174985	3.317965	2.654491
