Name	Frequency [meV]	ZPR [meV]	Reference_Alpha	Reference_ZPR [meV]	v	w
mp-2574	113.48054	-177.364701	2.458453	-166.967109	3.639769	2.385856
