Name	Frequency [meV]	ZPR [meV]	Reference_Alpha	Reference_ZPR [meV]	v	w
mp-22922	5.224703	-34.366312	1.557797	-33.660295	3.181409	2.791974
