Name	Frequency [meV]	ZPR [meV]	Reference_Alpha	Reference_ZPR [meV]	v	w
mp-28270	163.768128	-49.15232	2.632313	-47.643755	3.284992	2.686284
