Name	Frequency [meV]	ZPR [meV]	Reference_Alpha	Reference_ZPR [meV]	v	w
mp-23737	70.122769	-155.809803	1.283066	-152.563997	3.184215	2.788991
