Name	Frequency [meV]	ZPR [meV]	Reference_Alpha	Reference_ZPR [meV]	v	w
mp-20289	44.195403	-53.996708	1.472067	-52.532911	3.247185	2.72382
