Name	Frequency [meV]	ZPR [meV]	Reference_Alpha	Reference_ZPR [meV]	v	w
mp-28423	66.730625	-16.272553	0.807725	-16.052979	3.115338	2.864228
