Name	Frequency [meV]	ZPR [meV]	Reference_Alpha	Reference_ZPR [meV]	v	w
mp-2961	109.073395	-15.775396	0.308926	-15.685803	3.046923	2.943241
