Name	Frequency [meV]	ZPR [meV]	Reference_Alpha	Reference_ZPR [meV]	v	w
mp-21276	6.435672	-13.006384	0.485684	-12.926861	3.050578	2.938909
