Name	Frequency [meV]	ZPR [meV]	Reference_Alpha	Reference_ZPR [meV]	v	w
mp-22255	33.737359	-13.532823	0.7868	-13.314599	3.139489	2.837365
