Name	Frequency [meV]	ZPR [meV]	Reference_Alpha	Reference_ZPR [meV]	v	w
mp-29678	34.821674	-11.893386	0.4868	-11.807146	3.060278	2.927473
