Name	Frequency [meV]	ZPR [meV]	Reference_Alpha	Reference_ZPR [meV]	v	w
mp-29138	48.729214	-31.161125	2.237736	-30.13724	3.308564	2.663468
