Name	Frequency [meV]	ZPR [meV]	Reference_Alpha	Reference_ZPR [meV]	v	w
mp-22956	67.029987	-112.795794	5.561233	-103.129333	4.137639	2.087441
