Name	Frequency [meV]	ZPR [meV]	Reference_Alpha	Reference_ZPR [meV]	v	w
mp-22957	81.684105	-152.829977	3.947214	-139.192933	4.218771	2.048987
