Name	Frequency [meV]	ZPR [meV]	Reference_Alpha	Reference_ZPR [meV]	v	w
mp-23259	10.113032	-112.290209	2.588413	-108.258088	3.342704	2.631201
