Name	Frequency [meV]	ZPR [meV]	Reference_Alpha	Reference_ZPR [meV]	v	w
mp-23025	93.939253	-142.75548	2.910049	-133.790468	3.704478	2.339951
