Name	Frequency [meV]	ZPR [meV]	Reference_Alpha	Reference_ZPR [meV]	v	w
mp-22003	106.316102	-272.329043	6.83326	-258.293701	3.537935	2.463248
