Name	Frequency [meV]	ZPR [meV]	Reference_Alpha	Reference_ZPR [meV]	v	w
mp-23484	45.221789	-6.352933	0.782008	-6.312418	3.052827	2.936249
