Name	Frequency [meV]	ZPR [meV]	Reference_Alpha	Reference_ZPR [meV]	v	w
mp-24066	217.502516	-126.58696	3.19862	-123.32783	3.233187	2.738017
