Name	Frequency [meV]	ZPR [meV]	Reference_Alpha	Reference_ZPR [meV]	v	w
mp-2064	7.879282	-195.682675	5.454824	-177.751313	4.276586	2.022995
