Name	Frequency [meV]	ZPR [meV]	Reference_Alpha	Reference_ZPR [meV]	v	w
mp-24589	263.717569	-122.046044	4.340902	-117.260736	3.38099	2.596084
