Name	Frequency [meV]	ZPR [meV]	Reference_Alpha	Reference_ZPR [meV]	v	w
mp-28453	25.596071	-2.187788	0.400416	-2.180482	3.027317	2.966699
