Name	Frequency [meV]	ZPR [meV]	Reference_Alpha	Reference_ZPR [meV]	v	w
mp-2979	513.258378	-41.46685	0.498864	-41.079025	3.078475	2.906258
