Name	Frequency [meV]	ZPR [meV]	Reference_Alpha	Reference_ZPR [meV]	v	w
mp-23260	65.81149	-55.983553	4.059318	-50.670836	4.358503	1.988042
