Name	Frequency [meV]	ZPR [meV]	Reference_Alpha	Reference_ZPR [meV]	v	w
mp-22904	74.019723	-201.205395	5.610566	-168.399105	6.997019	1.4536
