Name	Frequency [meV]	ZPR [meV]	Reference_Alpha	Reference_ZPR [meV]	v	w
mp-20782	61.820236	-11.038991	0.571456	-10.955276	3.063166	2.924086
