Name	Frequency [meV]	ZPR [meV]	Reference_Alpha	Reference_ZPR [meV]	v	w
mp-27678	139.985595	-35.31536	1.393465	-34.56276	3.188873	2.784054
