Name	Frequency [meV]	ZPR [meV]	Reference_Alpha	Reference_ZPR [meV]	v	w
mp-28872	83.226519	-214.707851	8.132162	-199.079929	3.875536	2.22967
