Name	Frequency [meV]	ZPR [meV]	Reference_Alpha	Reference_ZPR [meV]	v	w
mp-2672	105.547758	-236.703647	5.183987	-194.943497	7.666547	1.397318
