Name	Frequency [meV]	ZPR [meV]	Reference_Alpha	Reference_ZPR [meV]	v	w
mp-27303	194.409969	-36.929257	1.008696	-36.298828	3.148314	2.827679
