Name	Frequency [meV]	ZPR [meV]	Reference_Alpha	Reference_ZPR [meV]	v	w
mp-2517	161.116993	-11.642323	0.385901	-11.568498	3.052521	2.936611
