Name	Frequency [meV]	ZPR [meV]	Reference_Alpha	Reference_ZPR [meV]	v	w
mp-22888	57.687471	-122.948161	4.244849	-107.17279	5.448088	1.6702
