Name	Frequency [meV]	ZPR [meV]	Reference_Alpha	Reference_ZPR [meV]	v	w
mp-28302	46.688482	-29.857196	1.36764	-29.135749	3.217135	2.754499
