Name	Frequency [meV]	ZPR [meV]	Reference_Alpha	Reference_ZPR [meV]	v	w
mp-22934	63.132434	-107.199982	5.540795	-97.052532	4.352374	1.990585
