Name	Frequency [meV]	ZPR [meV]	Reference_Alpha	Reference_ZPR [meV]	v	w
mp-24007	245.401798	-106.979191	4.527206	-103.050592	3.352024	2.622549
