Name	Frequency [meV]	ZPR [meV]	Reference_Alpha	Reference_ZPR [meV]	v	w
mp-20463	63.460199	-299.894615	6.671296	-274.098047	4.144811	2.083945
