Name	Frequency [meV]	ZPR [meV]	Reference_Alpha	Reference_ZPR [meV]	v	w
mp-20620	105.35391	-361.44019	5.025655	-310.317146	5.994409	1.574365
