Name	Frequency [meV]	ZPR [meV]	Reference_Alpha	Reference_ZPR [meV]	v	w
mp-2697	19.217636	-224.068762	3.780122	-176.625097	9.580484	1.292798
