Name	Frequency [meV]	ZPR [meV]	Reference_Alpha	Reference_ZPR [meV]	v	w
mp-20027	133.903521	-22.539377	0.398426	-22.401662	3.05055	2.938943
