Name	Frequency [meV]	ZPR [meV]	Reference_Alpha	Reference_ZPR [meV]	v	w
mp-23859	200.724913	-129.646829	2.476108	-126.200352	3.241758	2.729305
