Name	Frequency [meV]	ZPR [meV]	Reference_Alpha	Reference_ZPR [meV]	v	w
mp-22473	30.130293	-29.702879	1.154984	-29.061177	3.191741	2.781023
