Name	Frequency [meV]	ZPR [meV]	Reference_Alpha	Reference_ZPR [meV]	v	w
mp-22899	8.59028	-104.849657	2.833756	-100.673499	3.388355	2.589456
