Name	Frequency [meV]	ZPR [meV]	Reference_Alpha	Reference_ZPR [meV]	v	w
mp-22935	40.88124	-308.319101	8.416415	-203.501033	18.771612	1.128907
