Name	Frequency [meV]	ZPR [meV]	Reference_Alpha	Reference_ZPR [meV]	v	w
mp-2858	385.862128	-241.516435	2.747841	-223.919894	3.876853	2.228879
