Name	Frequency [meV]	ZPR [meV]	Reference_Alpha	Reference_ZPR [meV]	v	w
mp-23353	36.668941	-5.681535	0.449793	-5.646921	3.050402	2.939117
