Name	Frequency [meV]	ZPR [meV]	Reference_Alpha	Reference_ZPR [meV]	v	w
mp-27369	103.340792	-141.338058	6.708164	-120.332942	6.314769	1.529539
