Name	Frequency [meV]	ZPR [meV]	Reference_Alpha	Reference_ZPR [meV]	v	w
mp-22984	150.623006	-79.728128	1.569074	-77.009896	3.322258	2.650415
