Name	Frequency [meV]	ZPR [meV]	Reference_Alpha	Reference_ZPR [meV]	v	w
mp-22936	57.269819	-114.595855	2.097337	-109.277378	3.469798	2.5188
