Name	Frequency [meV]	ZPR [meV]	Reference_Alpha	Reference_ZPR [meV]	v	w
mp-22867	3.668747	-72.097971	4.425743	-67.150525	3.801191	2.275724
