Name	Frequency [meV]	ZPR [meV]	Reference_Alpha	Reference_ZPR [meV]	v	w
mp-27562	188.965653	-44.230966	1.06275	-43.593022	3.123783	2.854774
