Name	Frequency [meV]	ZPR [meV]	Reference_Alpha	Reference_ZPR [meV]	v	w
mp-27608	185.603444	-131.794298	1.213624	-129.167359	3.175504	2.798274
