Name	Frequency [meV]	ZPR [meV]	Reference_Alpha	Reference_ZPR [meV]	v	w
mp-27227	223.996648	-47.593763	1.145874	-46.647669	3.174984	2.79883
