Name	Frequency [meV]	ZPR [meV]	Reference_Alpha	Reference_ZPR [meV]	v	w
mp-27999	49.022408	-18.077649	1.395536	-17.746158	3.160246	2.814695
