Name	Frequency [meV]	ZPR [meV]	Reference_Alpha	Reference_ZPR [meV]	v	w
mp-28020	125.514158	-50.542675	1.634862	-49.05082	3.272452	2.698605
