Name	Frequency [meV]	ZPR [meV]	Reference_Alpha	Reference_ZPR [meV]	v	w
mp-20072	70.323871	-106.160933	2.324044	-103.101164	3.265084	2.705903
