Name	Frequency [meV]	ZPR [meV]	Reference_Alpha	Reference_ZPR [meV]	v	w
mp-29025	194.460397	-79.249074	1.876076	-77.099159	3.247387	2.723616
