Name	Frequency [meV]	ZPR [meV]	Reference_Alpha	Reference_ZPR [meV]	v	w
mp-29751	49.573987	-70.273511	5.683309	-62.61527	4.76104	1.843339
