Name	Frequency [meV]	ZPR [meV]	Reference_Alpha	Reference_ZPR [meV]	v	w
mp-267	60.157245	-15.945335	0.542294	-15.803855	3.074294	2.911106
