Name	Frequency [meV]	ZPR [meV]	Reference_Alpha	Reference_ZPR [meV]	v	w
mp-23703	32.334737	-152.015346	1.120302	-149.813121	3.124363	2.854127
