Name	Frequency [meV]	ZPR [meV]	Reference_Alpha	Reference_ZPR [meV]	v	w
mp-29149	135.929451	-102.409295	1.761008	-99.463512	3.264481	2.706502
