Name	Frequency [meV]	ZPR [meV]	Reference_Alpha	Reference_ZPR [meV]	v	w
mp-2352	34.262812	-105.031465	1.925421	-100.826826	3.390765	2.587296
