Name	Frequency [meV]	ZPR [meV]	Reference_Alpha	Reference_ZPR [meV]	v	w
mp-28377	16.18899	-16.343831	0.994585	-15.871191	3.266107	2.704887
