Name	Frequency [meV]	ZPR [meV]	Reference_Alpha	Reference_ZPR [meV]	v	w
mp-22483	36.86013	-13.48991	0.801672	-13.292075	3.126008	2.852295
