Name	Frequency [meV]	ZPR [meV]	Reference_Alpha	Reference_ZPR [meV]	v	w
mp-27791	455.377681	-181.619485	2.61741	-174.28241	3.395153	2.583374
