Name	Frequency [meV]	ZPR [meV]	Reference_Alpha	Reference_ZPR [meV]	v	w
mp-27255	106.832645	-21.92188	0.831104	-21.645842	3.107186	2.873415
