Name	Frequency [meV]	ZPR [meV]	Reference_Alpha	Reference_ZPR [meV]	v	w
mp-2659	140.304638	-469.152459	8.16609	-421.814921	4.520116	1.924951
