Name	Frequency [meV]	ZPR [meV]	Reference_Alpha	Reference_ZPR [meV]	v	w
mp-2286	44.693166	-60.658268	1.259894	-59.638272	3.145907	2.830315
