Name	Frequency [meV]	ZPR [meV]	Reference_Alpha	Reference_ZPR [meV]	v	w
mp-239	97.965587	-37.229554	1.777582	-36.525104	3.165811	2.808682
