Name	Frequency [meV]	ZPR [meV]	Reference_Alpha	Reference_ZPR [meV]	v	w
mp-22951	55.477323	-78.263039	3.061922	-73.315314	3.711183	2.335333
