Name	Frequency [meV]	ZPR [meV]	Reference_Alpha	Reference_ZPR [meV]	v	w
mp-22450	289.632544	-98.931166	1.807043	-95.439035	3.335792	2.63766
