Name	Frequency [meV]	ZPR [meV]	Reference_Alpha	Reference_ZPR [meV]	v	w
mp-29529	43.023281	-11.364033	0.431802	-11.291363	3.05298	2.936069
