Name	Frequency [meV]	ZPR [meV]	Reference_Alpha	Reference_ZPR [meV]	v	w
mp-28602	42.331475	-144.980116	4.585746	-129.882426	4.613352	1.891738
