Name	Frequency [meV]	ZPR [meV]	Reference_Alpha	Reference_ZPR [meV]	v	w
mp-2918	160.02838	-103.973484	1.880504	-100.731761	3.29024	2.681166
