Name	Frequency [meV]	ZPR [meV]	Reference_Alpha	Reference_ZPR [meV]	v	w
mp-23432	69.34026	-140.301866	3.957022	-126.453911	4.459226	1.947859
