Name	Frequency [meV]	ZPR [meV]	Reference_Alpha	Reference_ZPR [meV]	v	w
mp-23056	40.928468	-90.28202	2.187607	-85.604263	3.541709	2.460262
