Name	Frequency [meV]	ZPR [meV]	Reference_Alpha	Reference_ZPR [meV]	v	w
mp-23097	134.035643	-796.147353	27.103134	-432.823527	32.748509	1.069589
