Name	Frequency [meV]	ZPR [meV]	Reference_Alpha	Reference_ZPR [meV]	v	w
mp-29403	51.023731	-21.233179	1.29178	-20.82023	3.170844	2.803267
