Name	Frequency [meV]	ZPR [meV]	Reference_Alpha	Reference_ZPR [meV]	v	w
mp-29463	549.849318	-130.749359	1.393618	-127.618171	3.214975	2.756734
