Name	Frequency [meV]	ZPR [meV]	Reference_Alpha	Reference_ZPR [meV]	v	w
mp-23350	48.326514	-64.440239	5.164447	-61.609526	3.438319	2.545544
