Name	Frequency [meV]	ZPR [meV]	Reference_Alpha	Reference_ZPR [meV]	v	w
mp-21166	73.322095	-4.333871	0.314726	-4.314584	3.036587	2.955561
