Name	Frequency [meV]	ZPR [meV]	Reference_Alpha	Reference_ZPR [meV]	v	w
mp-20282	106.305538	-524.687349	7.336683	-275.57686	35.821028	1.063195
