Name	Frequency [meV]	ZPR [meV]	Reference_Alpha	Reference_ZPR [meV]	v	w
mp-29364	368.490002	-217.081095	2.779478	-203.93979	3.668951	2.364852
