Name	Frequency [meV]	ZPR [meV]	Reference_Alpha	Reference_ZPR [meV]	v	w
mp-28264	889.821505	-208.686038	4.170977	-204.084796	3.196109	2.776422
