Name	Frequency [meV]	ZPR [meV]	Reference_Alpha	Reference_ZPR [meV]	v	w
mp-2542	142.207801	-239.137307	1.712331	-229.984324	3.370011	2.60604
