Name	Frequency [meV]	ZPR [meV]	Reference_Alpha	Reference_ZPR [meV]	v	w
mp-2079	109.802733	-36.827323	2.182005	-35.891264	3.229819	2.741457
