Name	Frequency [meV]	ZPR [meV]	Reference_Alpha	Reference_ZPR [meV]	v	w
mp-23127	166.803996	-98.600238	1.764528	-94.174252	3.45039	2.535206
