Name	Frequency [meV]	ZPR [meV]	Reference_Alpha	Reference_ZPR [meV]	v	w
mp-2605	16.588535	-183.548624	2.57975	-176.982796	3.341152	2.632648
