Name	Frequency [meV]	ZPR [meV]	Reference_Alpha	Reference_ZPR [meV]	v	w
mp-29506	145.933709	-171.548865	5.708981	-155.949569	4.259468	2.030573
