Name	Frequency [meV]	ZPR [meV]	Reference_Alpha	Reference_ZPR [meV]	v	w
mp-27421	159.229516	-252.794111	10.350873	-218.424098	5.759525	1.612149
