Name	Frequency [meV]	ZPR [meV]	Reference_Alpha	Reference_ZPR [meV]	v	w
mp-23364	79.277597	-128.390235	4.236205	-114.934454	4.633125	1.884969
