Name	Frequency [meV]	ZPR [meV]	Reference_Alpha	Reference_ZPR [meV]	v	w
mp-2068	122.993477	-70.982073	1.170012	-69.577063	3.17417	2.799702
