Name	Frequency [meV]	ZPR [meV]	Reference_Alpha	Reference_ZPR [meV]	v	w
mp-2175	6.639418	-84.958839	2.964253	-81.393681	3.414065	2.566633
