Name	Frequency [meV]	ZPR [meV]	Reference_Alpha	Reference_ZPR [meV]	v	w
mp-27294	42.20044	-71.330001	2.478198	-66.747011	3.727843	2.323967
