Name	Frequency [meV]	ZPR [meV]	Reference_Alpha	Reference_ZPR [meV]	v	w
mp-28553	93.793579	-88.326116	1.882082	-84.494805	3.431459	2.551466
