Name	Frequency [meV]	ZPR [meV]	Reference_Alpha	Reference_ZPR [meV]	v	w
mp-23024	72.215065	-115.192203	3.565079	-106.759318	3.883287	2.225026
