Name	Frequency [meV]	ZPR [meV]	Reference_Alpha	Reference_ZPR [meV]	v	w
mp-28591	64.897143	-23.694899	0.85089	-23.348227	3.125681	2.852659
