Name	Frequency [meV]	ZPR [meV]	Reference_Alpha	Reference_ZPR [meV]	v	w
mp-27422	158.868001	-228.926277	10.363152	-201.682434	5.098508	1.749057
