Name	Frequency [meV]	ZPR [meV]	Reference_Alpha	Reference_ZPR [meV]	v	w
mp-20731	65.655102	-3.713809	0.204589	-3.703728	3.022162	2.972928
