Name	Frequency [meV]	ZPR [meV]	Reference_Alpha	Reference_ZPR [meV]	v	w
mp-22937	74.838501	-63.422404	2.291967	-60.780392	3.41034	2.56991
