Name	Frequency [meV]	ZPR [meV]	Reference_Alpha	Reference_ZPR [meV]	v	w
mp-27904	216.647116	-27.334346	0.664003	-27.050036	3.087683	2.895642
