Name	Frequency [meV]	ZPR [meV]	Reference_Alpha	Reference_ZPR [meV]	v	w
mp-22660	77.549237	-40.661841	0.6484	-40.205249	3.094991	2.887272
