Name	Frequency [meV]	ZPR [meV]	Reference_Alpha	Reference_ZPR [meV]	v	w
mp-2400	64.723884	-57.955092	1.991937	-55.57776	3.402622	2.576731
