Name	Frequency [meV]	ZPR [meV]	Reference_Alpha	Reference_ZPR [meV]	v	w
mp-23289	5.984518	-121.327353	4.552918	-112.684569	3.847313	2.246828
