Name	Frequency [meV]	ZPR [meV]	Reference_Alpha	Reference_ZPR [meV]	v	w
mp-2741	42.534711	-276.171674	4.315382	-249.361219	4.415563	1.964916
