Name	Frequency [meV]	ZPR [meV]	Reference_Alpha	Reference_ZPR [meV]	v	w
mp-23818	65.167453	-112.032835	0.973294	-110.246727	3.137788	2.839239
