Name	Frequency [meV]	ZPR [meV]	Reference_Alpha	Reference_ZPR [meV]	v	w
mp-23425	45.116938	-61.758321	3.987507	-58.648613	3.521794	2.476126
