Name	Frequency [meV]	ZPR [meV]	Reference_Alpha	Reference_ZPR [meV]	v	w
mp-23033	43.685647	-106.739696	2.325015	-100.519825	3.634483	2.389715
