Name	Frequency [meV]	ZPR [meV]	Reference_Alpha	Reference_ZPR [meV]	v	w
mp-23485	46.235803	-11.795006	1.081307	-11.628238	3.121184	2.857677
