Name	Frequency [meV]	ZPR [meV]	Reference_Alpha	Reference_ZPR [meV]	v	w
mp-2251	78.625345	-51.629658	0.756533	-51.112456	3.084294	2.899541
