Name	Frequency [meV]	ZPR [meV]	Reference_Alpha	Reference_ZPR [meV]	v	w
mp-23018	333.420001	-145.695981	2.670591	-139.182446	3.448092	2.537167
