Name	Frequency [meV]	ZPR [meV]	Reference_Alpha	Reference_ZPR [meV]	v	w
mp-20329	121.506368	-41.069967	0.672897	-40.558968	3.105828	2.874951
