Name	Frequency [meV]	ZPR [meV]	Reference_Alpha	Reference_ZPR [meV]	v	w
mp-22323	139.963455	-53.736864	0.823493	-52.64191	3.1798	2.793688
