Name	Frequency [meV]	ZPR [meV]	Reference_Alpha	Reference_ZPR [meV]	v	w
mp-23465	50.181369	-87.47547	4.679411	-81.003511	3.897788	2.216414
