Name	Frequency [meV]	ZPR [meV]	Reference_Alpha	Reference_ZPR [meV]	v	w
mp-27207	66.465408	-159.319315	6.043492	-133.068503	7.081247	1.445676
