Name	Frequency [meV]	ZPR [meV]	Reference_Alpha	Reference_ZPR [meV]	v	w
mp-27839	59.989301	-302.563644	10.079044	-224.73427	12.375382	1.211256
