Name	Frequency [meV]	ZPR [meV]	Reference_Alpha	Reference_ZPR [meV]	v	w
mp-2074	28.593687	-25.098538	0.773888	-24.897774	3.066715	2.919933
