Name	Frequency [meV]	ZPR [meV]	Reference_Alpha	Reference_ZPR [meV]	v	w
mp-29151	160.394897	-126.187712	2.286617	-120.625974	3.440159	2.543962
