Name	Frequency [meV]	ZPR [meV]	Reference_Alpha	Reference_ZPR [meV]	v	w
mp-21510	109.675374	-10.733397	0.551648	-10.640742	3.072203	2.913536
