Name	Frequency [meV]	ZPR [meV]	Reference_Alpha	Reference_ZPR [meV]	v	w
mp-23475	48.565227	-67.705349	4.769879	-63.859778	3.612628	2.40585
