Name	Frequency [meV]	ZPR [meV]	Reference_Alpha	Reference_ZPR [meV]	v	w
mp-22901	3.749058	-59.172587	3.613646	-56.02904	3.559932	2.445974
