Name	Frequency [meV]	ZPR [meV]	Reference_Alpha	Reference_ZPR [meV]	v	w
mp-27829	56.046657	-81.070365	3.943756	-76.264617	3.649682	2.378665
