Name	Frequency [meV]	ZPR [meV]	Reference_Alpha	Reference_ZPR [meV]	v	w
mp-27385	121.571372	-111.076344	6.45597	-98.460064	4.910721	1.798964
