Name	Frequency [meV]	ZPR [meV]	Reference_Alpha	Reference_ZPR [meV]	v	w
mp-27830	53.000646	-83.916242	4.014571	-78.922245	3.653227	2.376107
