Name	Frequency [meV]	ZPR [meV]	Reference_Alpha	Reference_ZPR [meV]	v	w
mp-27546	92.320745	-181.814975	3.854461	-164.489404	4.368685	1.983844
