Name	Frequency [meV]	ZPR [meV]	Reference_Alpha	Reference_ZPR [meV]	v	w
mp-2758	5.971582	-45.936485	1.814983	-44.823664	3.217756	2.753858
