Name	Frequency [meV]	ZPR [meV]	Reference_Alpha	Reference_ZPR [meV]	v	w
mp-29484	48.921083	-22.039563	1.308367	-21.573778	3.187147	2.78588
