Name	Frequency [meV]	ZPR [meV]	Reference_Alpha	Reference_ZPR [meV]	v	w
mp-29266	33.777124	-75.833407	3.658381	-70.453068	3.842185	2.249988
