Name	Frequency [meV]	ZPR [meV]	Reference_Alpha	Reference_ZPR [meV]	v	w
mp-22919	2.951188	-16.976248	1.366071	-16.673072	3.155714	2.819612
