Name	Frequency [meV]	ZPR [meV]	Reference_Alpha	Reference_ZPR [meV]	v	w
mp-23137	99.030059	-134.198981	2.877048	-127.518329	3.514101	2.482324
