Name	Frequency [meV]	ZPR [meV]	Reference_Alpha	Reference_ZPR [meV]	v	w
mp-24428	333.110127	-162.025947	4.408446	-158.052272	3.220775	2.750743
