Name	Frequency [meV]	ZPR [meV]	Reference_Alpha	Reference_ZPR [meV]	v	w
mp-20015	142.034702	-106.174749	2.099577	-103.414475	3.235754	2.735402
