Name	Frequency [meV]	ZPR [meV]	Reference_Alpha	Reference_ZPR [meV]	v	w
mp-22313	108.392009	-105.413802	2.369184	-101.778811	3.32661	2.646298
