Name	Frequency [meV]	ZPR [meV]	Reference_Alpha	Reference_ZPR [meV]	v	w
mp-23302	2.900858	-47.644854	3.750568	-44.995478	3.595252	2.418888
