Name	Frequency [meV]	ZPR [meV]	Reference_Alpha	Reference_ZPR [meV]	v	w
mp-23067	44.853715	-59.764764	4.100187	-57.711915	3.325111	2.647714
