Name	Frequency [meV]	ZPR [meV]	Reference_Alpha	Reference_ZPR [meV]	v	w
mp-24423	152.889526	-94.858592	2.422439	-92.442362	3.230372	2.740892
