Name	Frequency [meV]	ZPR [meV]	Reference_Alpha	Reference_ZPR [meV]	v	w
mp-27420	161.205349	-305.320995	7.244661	-252.501	7.491984	1.410626
