Name	Frequency [meV]	ZPR [meV]	Reference_Alpha	Reference_ZPR [meV]	v	w
mp-23251	4.771991	-79.696164	3.809327	-75.178441	3.610987	2.407074
