Name	Frequency [meV]	ZPR [meV]	Reference_Alpha	Reference_ZPR [meV]	v	w
mp-20256	136.624832	-21.435952	1.021323	-21.103569	3.133734	2.843718
