Name	Frequency [meV]	ZPR [meV]	Reference_Alpha	Reference_ZPR [meV]	v	w
mp-27243	46.725199	-72.582907	4.630259	-67.436818	3.841291	2.25054
