Name	Frequency [meV]	ZPR [meV]	Reference_Alpha	Reference_ZPR [meV]	v	w
mp-27985	106.701957	-122.698298	2.674539	-117.098361	3.459924	2.527114
