Name	Frequency [meV]	ZPR [meV]	Reference_Alpha	Reference_ZPR [meV]	v	w
mp-28650	21.581746	-199.01658	8.26665	-157.455369	9.415213	1.299623
