Name	Frequency [meV]	ZPR [meV]	Reference_Alpha	Reference_ZPR [meV]	v	w
mp-27691	29.578387	-43.792878	3.829116	-42.105264	3.373075	2.603253
