Name	Frequency [meV]	ZPR [meV]	Reference_Alpha	Reference_ZPR [meV]	v	w
mp-28145	39.364268	-52.803168	4.07105	-50.976202	3.327922	2.64506
