Name	Frequency [meV]	ZPR [meV]	Reference_Alpha	Reference_ZPR [meV]	v	w
mp-2530	37.283398	-42.727414	1.022644	-42.124361	3.120957	2.857931
