Name	Frequency [meV]	ZPR [meV]	Reference_Alpha	Reference_ZPR [meV]	v	w
mp-28243	108.693767	-139.057689	8.731917	-124.946835	4.536356	1.919007
