Name	Frequency [meV]	ZPR [meV]	Reference_Alpha	Reference_ZPR [meV]	v	w
mp-2964	137.990655	-762.82181	19.185046	-588.589952	10.557848	1.25801
