Name	Frequency [meV]	ZPR [meV]	Reference_Alpha	Reference_ZPR [meV]	v	w
mp-2472	13.790832	-172.655098	2.903218	-165.582918	3.40191	2.577363
