Name	Frequency [meV]	ZPR [meV]	Reference_Alpha	Reference_ZPR [meV]	v	w
mp-23116	77.783199	-14.945776	0.514186	-14.823624	3.068231	2.918163
