Name	Frequency [meV]	ZPR [meV]	Reference_Alpha	Reference_ZPR [meV]	v	w
mp-27138	48.233687	-73.02026	4.475056	-67.530829	3.920287	2.203249
