Name	Frequency [meV]	ZPR [meV]	Reference_Alpha	Reference_ZPR [meV]	v	w
mp-20098	104.882459	-110.147528	2.60167	-104.3088	3.558301	2.447245
