Name	Frequency [meV]	ZPR [meV]	Reference_Alpha	Reference_ZPR [meV]	v	w
mp-28627	58.071758	-139.091304	5.713237	-114.271344	7.770408	1.389796
