Name	Frequency [meV]	ZPR [meV]	Reference_Alpha	Reference_ZPR [meV]	v	w
mp-22909	69.159825	-75.037205	3.275246	-71.527375	3.474494	2.514869
