Name	Frequency [meV]	ZPR [meV]	Reference_Alpha	Reference_ZPR [meV]	v	w
mp-2853	19.127301	-63.273569	0.791802	-62.634801	3.084973	2.898759
