Name	Frequency [meV]	ZPR [meV]	Reference_Alpha	Reference_ZPR [meV]	v	w
mp-23060	22.015446	-12.972012	1.695222	-12.783582	3.124727	2.853722
