Name	Frequency [meV]	ZPR [meV]	Reference_Alpha	Reference_ZPR [meV]	v	w
mp-27456	82.887225	-91.481713	4.869538	-79.161749	5.70566	1.621493
