Name	Frequency [meV]	ZPR [meV]	Reference_Alpha	Reference_ZPR [meV]	v	w
mp-3589	310.826164	-232.934625	1.792382	-224.457342	3.348244	2.62605
