Name	Frequency [meV]	ZPR [meV]	Reference_Alpha	Reference_ZPR [meV]	v	w
mp-3980	199.791232	-399.414718	6.167756	-325.24517	8.14902	1.364599
