Name	Frequency [meV]	ZPR [meV]	Reference_Alpha	Reference_ZPR [meV]	v	w
mp-3419	170.707379	-391.946616	14.922606	-283.407595	13.722527	1.186218
