Name	Frequency [meV]	ZPR [meV]	Reference_Alpha	Reference_ZPR [meV]	v	w
mp-3748	107.246816	-85.470301	1.017882	-83.991841	3.15043	2.825368
