Name	Frequency [meV]	ZPR [meV]	Reference_Alpha	Reference_ZPR [meV]	v	w
mp-34932	136.802546	-98.545211	1.62539	-97.681188	3.073369	2.91218
