Name	Frequency [meV]	ZPR [meV]	Reference_Alpha	Reference_ZPR [meV]	v	w
mp-3395	267.094527	-240.101947	6.218386	-218.735218	4.213118	2.051589
