Name	Frequency [meV]	ZPR [meV]	Reference_Alpha	Reference_ZPR [meV]	v	w
mp-3666	284.690853	-1417.366574	9.465961	-754.69563	34.576096	1.065639
