Name	Frequency [meV]	ZPR [meV]	Reference_Alpha	Reference_ZPR [meV]	v	w
mp-30315	142.548403	-91.85644	1.574511	-90.009553	3.177176	2.796486
