Name	Frequency [meV]	ZPR [meV]	Reference_Alpha	Reference_ZPR [meV]	v	w
mp-3834	69.485973	-268.648725	3.562928	-235.708151	5.230113	1.717415
