Name	Frequency [meV]	ZPR [meV]	Reference_Alpha	Reference_ZPR [meV]	v	w
mp-3070	382.944478	-250.510512	5.111655	-234.69646	3.709712	2.336344
