Name	Frequency [meV]	ZPR [meV]	Reference_Alpha	Reference_ZPR [meV]	v	w
mp-38011	93.239495	-74.832926	3.1717	-74.100258	3.082298	2.901841
