Name	Frequency [meV]	ZPR [meV]	Reference_Alpha	Reference_ZPR [meV]	v	w
mp-3953	358.703363	-418.109965	8.194512	-375.801161	4.528309	1.921943
