Name	Frequency [meV]	ZPR [meV]	Reference_Alpha	Reference_ZPR [meV]	v	w
mp-3074	132.257178	-66.380294	2.118011	-64.011212	3.340235	2.633504
