Name	Frequency [meV]	ZPR [meV]	Reference_Alpha	Reference_ZPR [meV]	v	w
mp-3104	130.023883	-53.326438	1.140496	-52.44644	3.142988	2.833517
