Name	Frequency [meV]	ZPR [meV]	Reference_Alpha	Reference_ZPR [meV]	v	w
mp-37091	59.479981	-16.497276	0.821918	-16.301026	3.100944	2.880491
