Name	Frequency [meV]	ZPR [meV]	Reference_Alpha	Reference_ZPR [meV]	v	w
mp-30062	33.325836	-30.867283	3.250961	-29.857659	3.306918	2.665046
