Name	Frequency [meV]	ZPR [meV]	Reference_Alpha	Reference_ZPR [meV]	v	w
mp-36582	100.706997	-69.065889	2.415769	-68.489906	3.069656	2.916502
