Name	Frequency [meV]	ZPR [meV]	Reference_Alpha	Reference_ZPR [meV]	v	w
mp-3349	234.700721	-194.295083	2.361315	-179.410556	3.947855	2.187437
