Name	Frequency [meV]	ZPR [meV]	Reference_Alpha	Reference_ZPR [meV]	v	w
mp-36508	157.617275	-163.291614	4.137887	-150.61647	3.967767	2.176231
