Name	Frequency [meV]	ZPR [meV]	Reference_Alpha	Reference_ZPR [meV]	v	w
mp-30373	2.699997	-12.173954	1.075115	-12.005039	3.118781	2.860366
