Name	Frequency [meV]	ZPR [meV]	Reference_Alpha	Reference_ZPR [meV]	v	w
mp-3821	147.364125	-542.509729	14.560868	-376.970189	15.829017	1.157088
