Name	Frequency [meV]	ZPR [meV]	Reference_Alpha	Reference_ZPR [meV]	v	w
mp-315	17.116855	-227.801321	5.140026	-204.966268	4.501661	1.931788
