Name	Frequency [meV]	ZPR [meV]	Reference_Alpha	Reference_ZPR [meV]	v	w
mp-30456	113.381205	-11.761007	0.672647	-11.664625	3.068417	2.917947
