Name	Frequency [meV]	ZPR [meV]	Reference_Alpha	Reference_ZPR [meV]	v	w
mp-3924	182.235596	-87.491738	1.428777	-85.653119	3.185988	2.787109
