Name	Frequency [meV]	ZPR [meV]	Reference_Alpha	Reference_ZPR [meV]	v	w
mp-3614	92.363638	-563.305069	4.786917	-389.546003	16.092665	1.154071
