Name	Frequency [meV]	ZPR [meV]	Reference_Alpha	Reference_ZPR [meV]	v	w
mp-30056	18.496506	-96.999691	6.202816	-79.003153	8.140386	1.365138
