Name	Frequency [meV]	ZPR [meV]	Reference_Alpha	Reference_ZPR [meV]	v	w
mp-35152	244.554742	-31.875009	1.075077	-31.724662	3.038792	2.952925
