Name	Frequency [meV]	ZPR [meV]	Reference_Alpha	Reference_ZPR [meV]	v	w
mp-3654	54.342542	-302.640731	7.933547	-242.045149	8.933646	1.321436
