Name	Frequency [meV]	ZPR [meV]	Reference_Alpha	Reference_ZPR [meV]	v	w
mp-35220	586.261352	-150.711788	1.524377	-148.316612	3.137312	2.839764
