Name	Frequency [meV]	ZPR [meV]	Reference_Alpha	Reference_ZPR [meV]	v	w
mp-37906	33.758452	-80.085365	0.999552	-78.914134	3.125626	2.85272
