Name	Frequency [meV]	ZPR [meV]	Reference_Alpha	Reference_ZPR [meV]	v	w
mp-3642	172.44816	-108.390773	1.607709	-105.361757	3.255884	2.715079
