Name	Frequency [meV]	ZPR [meV]	Reference_Alpha	Reference_ZPR [meV]	v	w
mp-3159	112.031759	-16.402452	0.526446	-16.271137	3.06677	2.919869
