Name	Frequency [meV]	ZPR [meV]	Reference_Alpha	Reference_ZPR [meV]	v	w
mp-31235	28.718232	-4.511369	0.329844	-4.487847	3.042996	2.947911
