Name	Frequency [meV]	ZPR [meV]	Reference_Alpha	Reference_ZPR [meV]	v	w
mp-30847	12.797559	-6.408757	0.225901	-6.389467	3.024571	2.970014
