Name	Frequency [meV]	ZPR [meV]	Reference_Alpha	Reference_ZPR [meV]	v	w
mp-3731	285.85833	-286.560699	3.254376	-261.342469	4.190082	2.062313
