Name	Frequency [meV]	ZPR [meV]	Reference_Alpha	Reference_ZPR [meV]	v	w
mp-30251	149.306788	-63.165291	1.300214	-62.002391	3.160941	2.813943
