Name	Frequency [meV]	ZPR [meV]	Reference_Alpha	Reference_ZPR [meV]	v	w
mp-3427	599.563586	-197.694804	2.219624	-188.393464	3.478047	2.511906
