Name	Frequency [meV]	ZPR [meV]	Reference_Alpha	Reference_ZPR [meV]	v	w
mp-37216	139.01997	-162.413144	4.389878	-149.490454	4.006774	2.154784
