Name	Frequency [meV]	ZPR [meV]	Reference_Alpha	Reference_ZPR [meV]	v	w
mp-3744	148.623406	-35.95309	0.629151	-35.635465	3.073949	2.911506
