Name	Frequency [meV]	ZPR [meV]	Reference_Alpha	Reference_ZPR [meV]	v	w
mp-35015	41.891917	-20.112097	1.619901	-19.657652	3.201504	2.770761
