Name	Frequency [meV]	ZPR [meV]	Reference_Alpha	Reference_ZPR [meV]	v	w
mp-36066	310.621183	-294.477137	2.733482	-280.576163	3.480079	2.510215
