Name	Frequency [meV]	ZPR [meV]	Reference_Alpha	Reference_ZPR [meV]	v	w
mp-3038	103.257401	-13.759395	0.594931	-13.664956	3.056969	2.931364
