Name	Frequency [meV]	ZPR [meV]	Reference_Alpha	Reference_ZPR [meV]	v	w
mp-33588	126.623855	-110.126829	1.833202	-105.053137	3.46544	2.522461
