Name	Frequency [meV]	ZPR [meV]	Reference_Alpha	Reference_ZPR [meV]	v	w
mp-34169	55.267646	-7.155331	0.306093	-7.118984	3.041841	2.949287
