Name	Frequency [meV]	ZPR [meV]	Reference_Alpha	Reference_ZPR [meV]	v	w
mp-32616	196.406101	-24.67719	0.774417	-24.421565	3.087292	2.896092
