Name	Frequency [meV]	ZPR [meV]	Reference_Alpha	Reference_ZPR [meV]	v	w
mp-31454	13.718677	-9.300342	0.268881	-9.262359	3.033492	2.959271
