Name	Frequency [meV]	ZPR [meV]	Reference_Alpha	Reference_ZPR [meV]	v	w
mp-31212	111.237974	-304.525547	5.846046	-244.835131	8.702592	1.333058
