Name	Frequency [meV]	ZPR [meV]	Reference_Alpha	Reference_ZPR [meV]	v	w
mp-3042	122.70296	-262.933963	6.88913	-240.38566	4.138931	2.08681
