Name	Frequency [meV]	ZPR [meV]	Reference_Alpha	Reference_ZPR [meV]	v	w
mp-3277	280.226388	-197.310761	2.091082	-190.600735	3.321294	2.651329
