Name	Frequency [meV]	ZPR [meV]	Reference_Alpha	Reference_ZPR [meV]	v	w
mp-3247	168.427137	-107.783343	4.19799	-100.303142	3.814758	2.267112
