Name	Frequency [meV]	ZPR [meV]	Reference_Alpha	Reference_ZPR [meV]	v	w
mp-3915	60.940672	-109.929439	3.096472	-106.09041	3.331548	2.641644
