Name	Frequency [meV]	ZPR [meV]	Reference_Alpha	Reference_ZPR [meV]	v	w
mp-3982	170.983659	-164.563711	4.761304	-155.453093	3.591726	2.421557
