Name	Frequency [meV]	ZPR [meV]	Reference_Alpha	Reference_ZPR [meV]	v	w
mp-3288	340.047326	-1453.836007	78.736935	-741.856434	38.556751	1.058417
