Name	Frequency [meV]	ZPR [meV]	Reference_Alpha	Reference_ZPR [meV]	v	w
mp-3637	119.519407	-354.760869	4.721315	-301.917605	6.330221	1.527548
