Name	Frequency [meV]	ZPR [meV]	Reference_Alpha	Reference_ZPR [meV]	v	w
mp-36111	22.16499	-30.770019	0.617762	-30.510244	3.070546	2.915464
