Name	Frequency [meV]	ZPR [meV]	Reference_Alpha	Reference_ZPR [meV]	v	w
mp-30041	38.338879	-35.436199	1.335574	-34.720679	3.178002	2.795605
