Name	Frequency [meV]	ZPR [meV]	Reference_Alpha	Reference_ZPR [meV]	v	w
mp-3448	70.733889	-276.487692	5.03255	-242.072761	5.29981	1.701653
