Name	Frequency [meV]	ZPR [meV]	Reference_Alpha	Reference_ZPR [meV]	v	w
mp-30988	159.728265	-131.435677	3.051103	-123.684759	3.64502	2.38204
