Name	Frequency [meV]	ZPR [meV]	Reference_Alpha	Reference_ZPR [meV]	v	w
mp-3700	285.550451	-305.028321	4.614058	-262.100418	5.963544	1.579073
