Name	Frequency [meV]	ZPR [meV]	Reference_Alpha	Reference_ZPR [meV]	v	w
mp-30460	10.397915	-2.732396	0.114962	-2.728093	3.012777	2.984335
