Name	Frequency [meV]	ZPR [meV]	Reference_Alpha	Reference_ZPR [meV]	v	w
mp-33526	78.461396	-29.482013	0.891839	-28.858385	3.187335	2.785682
