Name	Frequency [meV]	ZPR [meV]	Reference_Alpha	Reference_ZPR [meV]	v	w
mp-3216	88.79594	-111.214245	1.531412	-108.118557	3.254741	2.716224
