Name	Frequency [meV]	ZPR [meV]	Reference_Alpha	Reference_ZPR [meV]	v	w
mp-3524	253.451213	-132.663344	1.230652	-129.379363	3.223099	2.74835
