Name	Frequency [meV]	ZPR [meV]	Reference_Alpha	Reference_ZPR [meV]	v	w
mp-37153	94.067808	-136.665348	4.389592	-132.204081	3.306208	2.665728
