Name	Frequency [meV]	ZPR [meV]	Reference_Alpha	Reference_ZPR [meV]	v	w
mp-34126	205.698033	-1.337403	0.113428	-1.336779	3.00377	2.995367
