Name	Frequency [meV]	ZPR [meV]	Reference_Alpha	Reference_ZPR [meV]	v	w
mp-34579	234.176557	-334.812894	8.145306	-270.905529	8.424768	1.348183
