Name	Frequency [meV]	ZPR [meV]	Reference_Alpha	Reference_ZPR [meV]	v	w
mp-30004	43.224627	-139.812973	6.887093	-104.181616	12.218496	1.214615
