Name	Frequency [meV]	ZPR [meV]	Reference_Alpha	Reference_ZPR [meV]	v	w
mp-3519	184.710227	-77.540188	1.329925	-75.258377	3.271498	2.699547
