Name	Frequency [meV]	ZPR [meV]	Reference_Alpha	Reference_ZPR [meV]	v	w
mp-31468	276.551323	-60.082519	0.948904	-58.987481	3.159192	2.815837
