Name	Frequency [meV]	ZPR [meV]	Reference_Alpha	Reference_ZPR [meV]	v	w
mp-30250	149.255397	-97.246385	1.648601	-94.422349	3.267386	2.703619
