Name	Frequency [meV]	ZPR [meV]	Reference_Alpha	Reference_ZPR [meV]	v	w
mp-3359	112.81833	-118.369601	2.25443	-113.490719	3.405007	2.574619
