Name	Frequency [meV]	ZPR [meV]	Reference_Alpha	Reference_ZPR [meV]	v	w
mp-4047	84.249567	-188.063119	6.729583	-174.81233	3.833439	2.255408
