Name	Frequency [meV]	ZPR [meV]	Reference_Alpha	Reference_ZPR [meV]	v	w
mp-4763	101.400739	-7.474123	0.145405	-7.455977	3.019818	2.975769
