Name	Frequency [meV]	ZPR [meV]	Reference_Alpha	Reference_ZPR [meV]	v	w
mp-4124	118.941833	-151.475078	2.519871	-147.831477	3.216037	2.755635
