Name	Frequency [meV]	ZPR [meV]	Reference_Alpha	Reference_ZPR [meV]	v	w
mp-4002	206.448541	-1850.59074	12.365419	-815.381554	55.138389	1.040058
