Name	Frequency [meV]	ZPR [meV]	Reference_Alpha	Reference_ZPR [meV]	v	w
mp-4200	438.791379	-447.073667	4.986199	-395.565093	4.96588	1.783679
