Name	Frequency [meV]	ZPR [meV]	Reference_Alpha	Reference_ZPR [meV]	v	w
mp-4156	364.798648	-250.503666	3.091614	-230.054503	4.049491	2.132041
