Name	Frequency [meV]	ZPR [meV]	Reference_Alpha	Reference_ZPR [meV]	v	w
mp-4651	218.896029	-509.652565	38.485234	-395.553277	10.287356	1.266787
