Name	Frequency [meV]	ZPR [meV]	Reference_Alpha	Reference_ZPR [meV]	v	w
mp-4824	53.691761	-22.945633	0.652613	-22.675327	3.09991	2.881666
