Name	Frequency [meV]	ZPR [meV]	Reference_Alpha	Reference_ZPR [meV]	v	w
mp-4979	93.015206	-14.382981	0.284349	-14.302379	3.046286	2.943998
