Name	Frequency [meV]	ZPR [meV]	Reference_Alpha	Reference_ZPR [meV]	v	w
mp-4690	280.324545	-321.148534	11.877347	-275.611555	6.009777	1.572049
