Name	Frequency [meV]	ZPR [meV]	Reference_Alpha	Reference_ZPR [meV]	v	w
mp-4586	94.506626	-22.736949	0.63803	-22.468895	3.099999	2.881565
