Name	Frequency [meV]	ZPR [meV]	Reference_Alpha	Reference_ZPR [meV]	v	w
mp-4342	95.788676	-159.310442	4.667097	-151.342438	3.517244	2.479786
