Name	Frequency [meV]	ZPR [meV]	Reference_Alpha	Reference_ZPR [meV]	v	w
mp-4531	257.257655	-450.920042	12.22807	-385.211329	6.18383	1.547018
