Name	Frequency [meV]	ZPR [meV]	Reference_Alpha	Reference_ZPR [meV]	v	w
mp-4555	214.905436	-155.355791	2.074138	-149.121258	3.391945	2.58624
