Name	Frequency [meV]	ZPR [meV]	Reference_Alpha	Reference_ZPR [meV]	v	w
mp-4533	406.788018	-186.958272	2.891238	-177.791796	3.504054	2.490479
