Name	Frequency [meV]	ZPR [meV]	Reference_Alpha	Reference_ZPR [meV]	v	w
mp-4495	66.259464	-35.388159	1.479939	-34.680665	3.176078	2.79766
