Name	Frequency [meV]	ZPR [meV]	Reference_Alpha	Reference_ZPR [meV]	v	w
mp-4609	437.543759	-542.935163	6.132514	-453.115935	7.113925	1.442675
