Name	Frequency [meV]	ZPR [meV]	Reference_Alpha	Reference_ZPR [meV]	v	w
mp-4009	91.587552	-36.322721	2.227873	-35.509532	3.199453	2.772909
