Name	Frequency [meV]	ZPR [meV]	Reference_Alpha	Reference_ZPR [meV]	v	w
mp-4514	265.195205	-2963.053393	12.788332	-1063.215259	88.107734	1.024653
