Name	Frequency [meV]	ZPR [meV]	Reference_Alpha	Reference_ZPR [meV]	v	w
mp-468	223.664271	-314.147933	3.583815	-284.694224	4.329412	2.000212
