Name	Frequency [meV]	ZPR [meV]	Reference_Alpha	Reference_ZPR [meV]	v	w
mp-4385	316.637407	-164.683831	3.936809	-158.573231	3.356426	2.618486
