Name	Frequency [meV]	ZPR [meV]	Reference_Alpha	Reference_ZPR [meV]	v	w
mp-4187	368.594847	-84.55903	1.039498	-83.053608	3.155191	2.82018
