Name	Frequency [meV]	ZPR [meV]	Reference_Alpha	Reference_ZPR [meV]	v	w
mp-4961	82.138132	-110.117745	2.465841	-105.251363	3.441629	2.542699
