Name	Frequency [meV]	ZPR [meV]	Reference_Alpha	Reference_ZPR [meV]	v	w
mp-4547	56.024421	-61.909157	1.679367	-60.17057	3.257328	2.713634
