Name	Frequency [meV]	ZPR [meV]	Reference_Alpha	Reference_ZPR [meV]	v	w
mp-4360	155.252798	-210.103712	4.081268	-182.551024	5.560897	1.648005
