Name	Frequency [meV]	ZPR [meV]	Reference_Alpha	Reference_ZPR [meV]	v	w
mp-4406	413.700274	-200.222578	3.311795	-191.622767	3.426192	2.556036
