Name	Frequency [meV]	ZPR [meV]	Reference_Alpha	Reference_ZPR [meV]	v	w
mp-4511	69.748277	-134.155785	2.349642	-127.232225	3.538899	2.462485
