Name	Frequency [meV]	ZPR [meV]	Reference_Alpha	Reference_ZPR [meV]	v	w
mp-4035	229.315443	-245.679321	9.584281	-218.173807	4.856886	1.814421
