Name	Frequency [meV]	ZPR [meV]	Reference_Alpha	Reference_ZPR [meV]	v	w
mp-4809	114.070212	-19.628572	0.677541	-19.453818	3.074553	2.910805
