Name	Frequency [meV]	ZPR [meV]	Reference_Alpha	Reference_ZPR [meV]	v	w
mp-4636	82.154512	-89.728387	1.331683	-87.89223	3.180632	2.792801
