Name	Frequency [meV]	ZPR [meV]	Reference_Alpha	Reference_ZPR [meV]	v	w
mp-4359	117.926273	-98.637002	2.045592	-94.883189	3.367464	2.608364
