Name	Frequency [meV]	ZPR [meV]	Reference_Alpha	Reference_ZPR [meV]	v	w
mp-4782	132.551155	-341.556353	5.785298	-269.714022	9.500697	1.296054
