Name	Frequency [meV]	ZPR [meV]	Reference_Alpha	Reference_ZPR [meV]	v	w
mp-4497	485.241348	-148.616461	1.266564	-145.033869	3.216562	2.755092
