Name	Frequency [meV]	ZPR [meV]	Reference_Alpha	Reference_ZPR [meV]	v	w
mp-4452	119.498424	-23.199018	0.649044	-22.96539	3.084761	2.899002
