Name	Frequency [meV]	ZPR [meV]	Reference_Alpha	Reference_ZPR [meV]	v	w
mp-487	230.959629	-15.100074	0.295532	-15.037689	3.033925	2.958751
