Name	Frequency [meV]	ZPR [meV]	Reference_Alpha	Reference_ZPR [meV]	v	w
mp-4236	226.848135	-107.480132	2.074001	-102.21828	3.503086	2.491268
