Name	Frequency [meV]	ZPR [meV]	Reference_Alpha	Reference_ZPR [meV]	v	w
mp-470	146.348414	-102.031897	1.232535	-100.036789	3.171861	2.802176
