Name	Frequency [meV]	ZPR [meV]	Reference_Alpha	Reference_ZPR [meV]	v	w
mp-463	9.438761	-242.119397	5.609998	-218.989404	4.374884	1.981304
