Name	Frequency [meV]	ZPR [meV]	Reference_Alpha	Reference_ZPR [meV]	v	w
mp-4190	244.854358	-124.165252	1.781783	-119.2355	3.386848	2.590809
