Name	Frequency [meV]	ZPR [meV]	Reference_Alpha	Reference_ZPR [meV]	v	w
mp-4280	92.211742	-59.266166	0.851152	-58.445694	3.118496	2.860685
