Name	Frequency [meV]	ZPR [meV]	Reference_Alpha	Reference_ZPR [meV]	v	w
mp-553961	367.760708	-283.26289	3.113758	-257.556485	4.25509	2.032526
