Name	Frequency [meV]	ZPR [meV]	Reference_Alpha	Reference_ZPR [meV]	v	w
mp-553342	366.22898	-199.361375	4.286463	-191.194709	3.401944	2.577332
