Name	Frequency [meV]	ZPR [meV]	Reference_Alpha	Reference_ZPR [meV]	v	w
mp-560588	22.775432	-20.40422	0.480159	-20.180674	3.092577	2.890031
