Name	Frequency [meV]	ZPR [meV]	Reference_Alpha	Reference_ZPR [meV]	v	w
mp-554412	408.2619	-372.012021	6.63539	-333.389438	4.604076	1.894946
