Name	Frequency [meV]	ZPR [meV]	Reference_Alpha	Reference_ZPR [meV]	v	w
mp-552537	56.32188	-87.009109	2.590678	-83.004305	3.46488	2.522932
