Name	Frequency [meV]	ZPR [meV]	Reference_Alpha	Reference_ZPR [meV]	v	w
mp-5061	420.864656	-303.428385	3.54803	-277.100195	4.161765	2.075755
