Name	Frequency [meV]	ZPR [meV]	Reference_Alpha	Reference_ZPR [meV]	v	w
mp-558118	314.23636	-356.025633	3.273939	-326.964168	4.049393	2.132092
