Name	Frequency [meV]	ZPR [meV]	Reference_Alpha	Reference_ZPR [meV]	v	w
mp-553310	189.07591	-179.457245	7.870645	-168.33411	3.691516	2.348952
