Name	Frequency [meV]	ZPR [meV]	Reference_Alpha	Reference_ZPR [meV]	v	w
mp-5955	96.792836	-278.672958	6.76901	-255.458104	4.085089	2.113661
