Name	Frequency [meV]	ZPR [meV]	Reference_Alpha	Reference_ZPR [meV]	v	w
mp-568968	55.248104	-19.637057	1.120072	-19.267925	3.164632	2.809954
