Name	Frequency [meV]	ZPR [meV]	Reference_Alpha	Reference_ZPR [meV]	v	w
mp-551456	54.151871	-137.395807	4.020573	-126.072392	4.066029	2.123439
