Name	Frequency [meV]	ZPR [meV]	Reference_Alpha	Reference_ZPR [meV]	v	w
mp-551203	96.302298	-83.463589	3.530714	-77.330695	3.888352	2.222006
