Name	Frequency [meV]	ZPR [meV]	Reference_Alpha	Reference_ZPR [meV]	v	w
mp-5414	108.282103	-27.588173	0.981879	-27.131227	3.143549	2.8329
