Name	Frequency [meV]	ZPR [meV]	Reference_Alpha	Reference_ZPR [meV]	v	w
mp-546500	143.199558	-175.555001	4.347408	-171.498589	3.206567	2.765471
