Name	Frequency [meV]	ZPR [meV]	Reference_Alpha	Reference_ZPR [meV]	v	w
mp-541044	107.511167	-146.869293	2.467231	-137.112123	3.763922	2.299876
