Name	Frequency [meV]	ZPR [meV]	Reference_Alpha	Reference_ZPR [meV]	v	w
mp-5072	62.730859	-141.435181	5.226304	-131.349121	3.848698	2.245977
