Name	Frequency [meV]	ZPR [meV]	Reference_Alpha	Reference_ZPR [meV]	v	w
mp-5858	179.937381	-249.751298	6.160408	-225.017516	4.468308	1.944378
