Name	Frequency [meV]	ZPR [meV]	Reference_Alpha	Reference_ZPR [meV]	v	w
mp-567776	44.968744	-8.905874	0.868049	-8.825326	3.075781	2.90938
