Name	Frequency [meV]	ZPR [meV]	Reference_Alpha	Reference_ZPR [meV]	v	w
mp-570097	110.188928	-40.782418	1.147065	-40.177319	3.127581	2.850544
