Name	Frequency [meV]	ZPR [meV]	Reference_Alpha	Reference_ZPR [meV]	v	w
mp-549589	87.357932	-26.869734	0.715489	-26.487972	3.121817	2.85697
