Name	Frequency [meV]	ZPR [meV]	Reference_Alpha	Reference_ZPR [meV]	v	w
mp-560791	307.341612	-287.148888	5.092096	-253.532761	5.030004	1.766577
