Name	Frequency [meV]	ZPR [meV]	Reference_Alpha	Reference_ZPR [meV]	v	w
mp-555763	72.273017	-19.892643	0.469253	-19.692138	3.084833	2.89892
