Name	Frequency [meV]	ZPR [meV]	Reference_Alpha	Reference_ZPR [meV]	v	w
mp-570935	51.742267	-57.046787	1.352577	-55.448616	3.256613	2.71435
