Name	Frequency [meV]	ZPR [meV]	Reference_Alpha	Reference_ZPR [meV]	v	w
mp-555166	101.011979	-23.504652	1.134655	-23.167701	3.122982	2.855669
