Name	Frequency [meV]	ZPR [meV]	Reference_Alpha	Reference_ZPR [meV]	v	w
mp-550751	278.012755	-186.128262	3.535443	-178.818109	3.381768	2.595382
