Name	Frequency [meV]	ZPR [meV]	Reference_Alpha	Reference_ZPR [meV]	v	w
mp-5377	381.533267	-266.470609	3.381979	-244.253784	4.086585	2.1129
