Name	Frequency [meV]	ZPR [meV]	Reference_Alpha	Reference_ZPR [meV]	v	w
mp-571467	40.043518	-417.547854	17.605383	-213.955777	38.151492	1.059079
