Name	Frequency [meV]	ZPR [meV]	Reference_Alpha	Reference_ZPR [meV]	v	w
mp-569812	231.075174	-145.469491	4.818352	-138.461709	3.492736	2.499747
