Name	Frequency [meV]	ZPR [meV]	Reference_Alpha	Reference_ZPR [meV]	v	w
mp-568032	59.199332	-9.074596	0.395102	-9.011357	3.057864	2.930311
