Name	Frequency [meV]	ZPR [meV]	Reference_Alpha	Reference_ZPR [meV]	v	w
mp-571222	3.189798	-68.887814	4.820269	-63.588698	3.954022	2.183948
