Name	Frequency [meV]	ZPR [meV]	Reference_Alpha	Reference_ZPR [meV]	v	w
mp-5860	73.117479	-161.545851	4.596354	-148.765886	3.997513	2.159816
