Name	Frequency [meV]	ZPR [meV]	Reference_Alpha	Reference_ZPR [meV]	v	w
mp-552547	149.857417	-104.550172	3.25923	-98.60591	3.61347	2.405224
