Name	Frequency [meV]	ZPR [meV]	Reference_Alpha	Reference_ZPR [meV]	v	w
mp-550685	72.136518	-147.286258	2.913869	-141.396088	3.390283	2.587728
