Name	Frequency [meV]	ZPR [meV]	Reference_Alpha	Reference_ZPR [meV]	v	w
mp-5588	180.688033	-234.159675	5.534053	-218.299078	3.785932	2.285524
