Name	Frequency [meV]	ZPR [meV]	Reference_Alpha	Reference_ZPR [meV]	v	w
mp-571124	54.610162	-515.318368	18.915814	-286.164032	30.955943	1.073953
