Name	Frequency [meV]	ZPR [meV]	Reference_Alpha	Reference_ZPR [meV]	v	w
mp-567373	279.173374	-237.273589	5.126581	-220.24627	3.856838	2.240994
