Name	Frequency [meV]	ZPR [meV]	Reference_Alpha	Reference_ZPR [meV]	v	w
mp-5394	57.796852	-72.390487	1.668501	-69.423881	3.402146	2.577153
