Name	Frequency [meV]	ZPR [meV]	Reference_Alpha	Reference_ZPR [meV]	v	w
mp-5784	349.400395	-150.832256	2.510581	-143.69787	3.481308	2.509194
