Name	Frequency [meV]	ZPR [meV]	Reference_Alpha	Reference_ZPR [meV]	v	w
mp-571102	2.677927	-24.294393	2.13029	-23.592982	3.265604	2.705386
