Name	Frequency [meV]	ZPR [meV]	Reference_Alpha	Reference_ZPR [meV]	v	w
mp-558071	27.152713	-85.140991	3.754955	-77.238259	4.305858	2.010259
