Name	Frequency [meV]	ZPR [meV]	Reference_Alpha	Reference_ZPR [meV]	v	w
mp-573204	62.448506	-623.01311	18.316786	-337.538503	33.045348	1.068915
