Name	Frequency [meV]	ZPR [meV]	Reference_Alpha	Reference_ZPR [meV]	v	w
mp-545500	191.667968	-136.770234	3.422767	-128.00492	3.725201	2.325759
