Name	Frequency [meV]	ZPR [meV]	Reference_Alpha	Reference_ZPR [meV]	v	w
mp-558430	317.890797	-328.313549	8.65411	-298.303284	4.271023	2.025446
