Name	Frequency [meV]	ZPR [meV]	Reference_Alpha	Reference_ZPR [meV]	v	w
mp-554155	439.229841	-255.693318	6.047146	-239.831645	3.692337	2.34838
