Name	Frequency [meV]	ZPR [meV]	Reference_Alpha	Reference_ZPR [meV]	v	w
mp-556405	310.332639	-163.872175	3.258465	-157.380753	3.385776	2.591772
