Name	Frequency [meV]	ZPR [meV]	Reference_Alpha	Reference_ZPR [meV]	v	w
mp-569346	14.878534	-4.57275	0.231876	-4.551562	3.038092	2.953761
