Name	Frequency [meV]	ZPR [meV]	Reference_Alpha	Reference_ZPR [meV]	v	w
mp-5048	74.502097	-23.093034	0.960457	-22.762344	3.122855	2.85581
