Name	Frequency [meV]	ZPR [meV]	Reference_Alpha	Reference_ZPR [meV]	v	w
mp-588	180.752626	-225.186101	3.637508	-208.272304	3.91902	2.203984
