Name	Frequency [meV]	ZPR [meV]	Reference_Alpha	Reference_ZPR [meV]	v	w
mp-5962	41.262159	-15.906105	0.708124	-15.756663	3.078852	2.905823
