Name	Frequency [meV]	ZPR [meV]	Reference_Alpha	Reference_ZPR [meV]	v	w
mp-5475	86.677861	-107.7321	5.82953	-104.757716	3.252377	2.718595
