Name	Frequency [meV]	ZPR [meV]	Reference_Alpha	Reference_ZPR [meV]	v	w
mp-570324	63.861152	-52.941208	3.76809	-49.254188	3.819023	2.264424
