Name	Frequency [meV]	ZPR [meV]	Reference_Alpha	Reference_ZPR [meV]	v	w
mp-5350	119.772886	-22.218861	0.564784	-22.01809	3.075712	2.90946
