Name	Frequency [meV]	ZPR [meV]	Reference_Alpha	Reference_ZPR [meV]	v	w
mp-5782	86.225963	-19.16505	0.455664	-18.983333	3.079608	2.904948
