Name	Frequency [meV]	ZPR [meV]	Reference_Alpha	Reference_ZPR [meV]	v	w
mp-5967	16.963352	-23.431178	0.573329	-23.234369	3.070174	2.915898
