Name	Frequency [meV]	ZPR [meV]	Reference_Alpha	Reference_ZPR [meV]	v	w
mp-555410	82.833394	-19.958966	0.480669	-19.798259	3.067174	2.919397
