Name	Frequency [meV]	ZPR [meV]	Reference_Alpha	Reference_ZPR [meV]	v	w
mp-5175	74.405933	-94.881453	1.496208	-92.189149	3.260387	2.710579
