Name	Frequency [meV]	ZPR [meV]	Reference_Alpha	Reference_ZPR [meV]	v	w
mp-552806	157.328084	-147.649472	4.061516	-135.68715	4.036657	2.138794
