Name	Frequency [meV]	ZPR [meV]	Reference_Alpha	Reference_ZPR [meV]	v	w
mp-570354	3.403145	-28.346818	1.961001	-27.599653	3.239437	2.731658
