Name	Frequency [meV]	ZPR [meV]	Reference_Alpha	Reference_ZPR [meV]	v	w
mp-560790	67.308553	-2019.059697	21.717813	-653.484163	110.503571	1.019547
