Name	Frequency [meV]	ZPR [meV]	Reference_Alpha	Reference_ZPR [meV]	v	w
mp-567636	18.090903	-10.259525	0.229687	-10.224525	3.027896	2.966
