Name	Frequency [meV]	ZPR [meV]	Reference_Alpha	Reference_ZPR [meV]	v	w
mp-504535	398.997554	-100.129709	1.234186	-98.577618	3.133686	2.843771
