Name	Frequency [meV]	ZPR [meV]	Reference_Alpha	Reference_ZPR [meV]	v	w
mp-574599	45.797137	-29.365835	3.080334	-28.463141	3.285508	2.68578
