Name	Frequency [meV]	ZPR [meV]	Reference_Alpha	Reference_ZPR [meV]	v	w
mp-571306	130.731091	-18.28162	0.493281	-18.118226	3.074861	2.910447
