Name	Frequency [meV]	ZPR [meV]	Reference_Alpha	Reference_ZPR [meV]	v	w
mp-505634	52.178743	-18.659889	1.672514	-18.12952	3.260889	2.710079
