Name	Frequency [meV]	ZPR [meV]	Reference_Alpha	Reference_ZPR [meV]	v	w
mp-568284	78.245719	-59.338033	3.133635	-54.266335	4.132562	2.089929
