Name	Frequency [meV]	ZPR [meV]	Reference_Alpha	Reference_ZPR [meV]	v	w
mp-569548	38.703371	-2.626775	0.389558	-2.618201	3.026683	2.967463
