Name	Frequency [meV]	ZPR [meV]	Reference_Alpha	Reference_ZPR [meV]	v	w
mp-567666	53.446205	-18.887261	0.881247	-18.555962	3.152723	2.822866
