Name	Frequency [meV]	ZPR [meV]	Reference_Alpha	Reference_ZPR [meV]	v	w
mp-569149	46.828625	-118.974897	7.298078	-106.255241	4.696768	1.863801
