Name	Frequency [meV]	ZPR [meV]	Reference_Alpha	Reference_ZPR [meV]	v	w
mp-567652	62.315381	-378.190058	9.070213	-245.068078	19.891159	1.120669
