Name	Frequency [meV]	ZPR [meV]	Reference_Alpha	Reference_ZPR [meV]	v	w
mp-573755	35.749444	-16.624117	1.816426	-16.28626	3.179273	2.794249
