Name	Frequency [meV]	ZPR [meV]	Reference_Alpha	Reference_ZPR [meV]	v	w
mp-568544	32.857945	-68.21551	3.103248	-63.80708	3.733952	2.319838
