Name	Frequency [meV]	ZPR [meV]	Reference_Alpha	Reference_ZPR [meV]	v	w
mp-5348	345.69569	-323.516283	4.227095	-300.037476	3.871624	2.232025
