Name	Frequency [meV]	ZPR [meV]	Reference_Alpha	Reference_ZPR [meV]	v	w
mp-568661	46.582452	-5.978747	0.265259	-5.95099	3.038181	2.953655
