Name	Frequency [meV]	ZPR [meV]	Reference_Alpha	Reference_ZPR [meV]	v	w
mp-5132	402.098253	-313.412685	4.160188	-288.990803	3.973713	2.172919
