Name	Frequency [meV]	ZPR [meV]	Reference_Alpha	Reference_ZPR [meV]	v	w
mp-560558	110.067919	-38.078778	3.024844	-37.034098	3.250569	2.720413
