Name	Frequency [meV]	ZPR [meV]	Reference_Alpha	Reference_ZPR [meV]	v	w
mp-547244	175.510217	-187.223207	5.039181	-168.408417	4.508724	1.929161
