Name	Frequency [meV]	ZPR [meV]	Reference_Alpha	Reference_ZPR [meV]	v	w
mp-554941	59.633188	-1929.191294	58.758359	-691.490822	88.319886	1.024593
