Name	Frequency [meV]	ZPR [meV]	Reference_Alpha	Reference_ZPR [meV]	v	w
mp-571166	57.260272	-137.224473	5.19818	-118.403778	5.809812	1.603665
