Name	Frequency [meV]	ZPR [meV]	Reference_Alpha	Reference_ZPR [meV]	v	w
mp-540703	78.324931	-58.246924	2.658768	-53.583314	4.016979	2.149281
