Name	Frequency [meV]	ZPR [meV]	Reference_Alpha	Reference_ZPR [meV]	v	w
mp-573763	53.629569	-32.016543	2.83043	-29.970696	3.722148	2.327835
