Name	Frequency [meV]	ZPR [meV]	Reference_Alpha	Reference_ZPR [meV]	v	w
mp-567655	216.440573	-112.36715	2.931761	-109.018345	3.275474	2.695624
