Name	Frequency [meV]	ZPR [meV]	Reference_Alpha	Reference_ZPR [meV]	v	w
mp-5020	107.780821	-1551.916003	9.248048	-740.729087	45.512501	1.048997
