Name	Frequency [meV]	ZPR [meV]	Reference_Alpha	Reference_ZPR [meV]	v	w
mp-541899	46.034778	-57.641218	4.862099	-52.302663	4.300818	2.012432
