Name	Frequency [meV]	ZPR [meV]	Reference_Alpha	Reference_ZPR [meV]	v	w
mp-570538	131.27914	-254.020271	6.745522	-240.821163	3.54375	2.458651
