Name	Frequency [meV]	ZPR [meV]	Reference_Alpha	Reference_ZPR [meV]	v	w
mp-561947	44.06494	-111.994787	3.702324	-102.745035	4.069784	2.121501
