Name	Frequency [meV]	ZPR [meV]	Reference_Alpha	Reference_ZPR [meV]	v	w
mp-545359	89.086526	-141.56302	4.441094	-133.102775	3.657066	2.373346
