Name	Frequency [meV]	ZPR [meV]	Reference_Alpha	Reference_ZPR [meV]	v	w
mp-568052	26.810913	-2.568253	0.203421	-2.561625	3.021093	2.974222
