Name	Frequency [meV]	ZPR [meV]	Reference_Alpha	Reference_ZPR [meV]	v	w
mp-5928	142.361088	-32.600649	0.781405	-32.211794	3.101225	2.880172
