Name	Frequency [meV]	ZPR [meV]	Reference_Alpha	Reference_ZPR [meV]	v	w
mp-569677	35.154786	-71.714254	1.89761	-68.849083	3.389816	2.588146
