Name	Frequency [meV]	ZPR [meV]	Reference_Alpha	Reference_ZPR [meV]	v	w
mp-552663	376.405647	-201.153222	14.374467	-190.273944	3.573452	2.435512
