Name	Frequency [meV]	ZPR [meV]	Reference_Alpha	Reference_ZPR [meV]	v	w
mp-568662	21.427329	-151.184362	5.304019	-134.808194	4.740369	1.849823
