Name	Frequency [meV]	ZPR [meV]	Reference_Alpha	Reference_ZPR [meV]	v	w
mp-581833	98.326054	-159.44958	6.788016	-154.487026	3.289647	2.681743
