Name	Frequency [meV]	ZPR [meV]	Reference_Alpha	Reference_ZPR [meV]	v	w
mp-569028	38.784311	-47.510746	4.024393	-45.182583	3.503699	2.490768
