Name	Frequency [meV]	ZPR [meV]	Reference_Alpha	Reference_ZPR [meV]	v	w
mp-5038	114.040527	-52.20461	2.879926	-50.600761	3.285322	2.685961
