Name	Frequency [meV]	ZPR [meV]	Reference_Alpha	Reference_ZPR [meV]	v	w
mp-505297	14.557842	-7.913955	0.218692	-7.888083	3.026717	2.967423
