Name	Frequency [meV]	ZPR [meV]	Reference_Alpha	Reference_ZPR [meV]	v	w
mp-541989	192.691869	-185.78058	3.901587	-178.80316	3.361654	2.61368
