Name	Frequency [meV]	ZPR [meV]	Reference_Alpha	Reference_ZPR [meV]	v	w
mp-504729	77.989948	-338.802454	15.751704	-281.515535	7.295203	1.426717
