Name	Frequency [meV]	ZPR [meV]	Reference_Alpha	Reference_ZPR [meV]	v	w
mp-567290	61.198346	-59.834838	0.912396	-58.553324	3.189917	2.782949
