Name	Frequency [meV]	ZPR [meV]	Reference_Alpha	Reference_ZPR [meV]	v	w
mp-5488	169.549506	-113.378101	1.785579	-108.930999	3.381163	2.595928
