Name	Frequency [meV]	ZPR [meV]	Reference_Alpha	Reference_ZPR [meV]	v	w
mp-545544	190.690973	-147.534182	2.111562	-137.122999	3.835375	2.254204
