Name	Frequency [meV]	ZPR [meV]	Reference_Alpha	Reference_ZPR [meV]	v	w
mp-546794	206.055049	-225.463549	2.329442	-215.727928	3.429029	2.553572
