Name	Frequency [meV]	ZPR [meV]	Reference_Alpha	Reference_ZPR [meV]	v	w
mp-5795	93.184727	-63.170336	0.994943	-61.970764	3.166453	2.80799
