Name	Frequency [meV]	ZPR [meV]	Reference_Alpha	Reference_ZPR [meV]	v	w
mp-5046	303.74683	-237.783524	2.145551	-228.706692	3.368815	2.60713
