Name	Frequency [meV]	ZPR [meV]	Reference_Alpha	Reference_ZPR [meV]	v	w
mp-5618	387.580427	-207.857692	148.462888	-196.999285	3.547603	2.455617
