Name	Frequency [meV]	ZPR [meV]	Reference_Alpha	Reference_ZPR [meV]	v	w
mp-546125	301.291376	-156.134565	2.103849	-149.196103	3.444731	2.54004
