Name	Frequency [meV]	ZPR [meV]	Reference_Alpha	Reference_ZPR [meV]	v	w
mp-5532	149.924	-205.852582	2.590379	-189.681286	3.986382	2.165913
