Name	Frequency [meV]	ZPR [meV]	Reference_Alpha	Reference_ZPR [meV]	v	w
mp-573721	82.649448	-28.997591	1.900704	-28.292604	3.218634	2.752951
