Name	Frequency [meV]	ZPR [meV]	Reference_Alpha	Reference_ZPR [meV]	v	w
mp-5840	175.48122	-220.993114	2.571352	-206.525273	3.747812	2.310545
