Name	Frequency [meV]	ZPR [meV]	Reference_Alpha	Reference_ZPR [meV]	v	w
mp-551835	95.551976	-81.923564	3.291974	-75.679549	3.940279	2.191748
