Name	Frequency [meV]	ZPR [meV]	Reference_Alpha	Reference_ZPR [meV]	v	w
mp-553374	187.627435	-338.552177	13.101266	-256.737012	11.372484	1.234736
