Name	Frequency [meV]	ZPR [meV]	Reference_Alpha	Reference_ZPR [meV]	v	w
mp-549737	331.781355	-202.430573	3.763285	-191.135301	3.598028	2.416793
