Name	Frequency [meV]	ZPR [meV]	Reference_Alpha	Reference_ZPR [meV]	v	w
mp-551243	159.268319	-97.020901	2.993672	-91.846135	3.562901	2.443667
