Name	Frequency [meV]	ZPR [meV]	Reference_Alpha	Reference_ZPR [meV]	v	w
mp-561561	71.516076	-370.091025	11.913049	-281.739728	11.189247	1.239599
