Name	Frequency [meV]	ZPR [meV]	Reference_Alpha	Reference_ZPR [meV]	v	w
mp-5122	168.279298	-30.870451	1.283934	-30.398489	3.13174	2.845927
