Name	Frequency [meV]	ZPR [meV]	Reference_Alpha	Reference_ZPR [meV]	v	w
mp-547792	244.263225	-133.525086	2.400151	-127.764689	3.428539	2.553997
