Name	Frequency [meV]	ZPR [meV]	Reference_Alpha	Reference_ZPR [meV]	v	w
mp-569639	4.760522	-63.097627	3.065045	-60.344377	3.434663	2.548696
