Name	Frequency [meV]	ZPR [meV]	Reference_Alpha	Reference_ZPR [meV]	v	w
mp-551873	55.93188	-16.027077	0.728259	-15.873083	3.080705	2.90368
