Name	Frequency [meV]	ZPR [meV]	Reference_Alpha	Reference_ZPR [meV]	v	w
mp-571386	4.317853	-38.105077	2.074062	-37.036932	3.256785	2.714177
