Name	Frequency [meV]	ZPR [meV]	Reference_Alpha	Reference_ZPR [meV]	v	w
mp-5478	76.907399	-39.688188	4.837628	-38.855855	3.18558	2.787542
