Name	Frequency [meV]	ZPR [meV]	Reference_Alpha	Reference_ZPR [meV]	v	w
mp-5479	88.754952	-263.895014	6.158456	-237.256023	4.521396	1.924479
