Name	Frequency [meV]	ZPR [meV]	Reference_Alpha	Reference_ZPR [meV]	v	w
mp-568273	30.370134	-70.024958	1.818616	-66.819869	3.461592	2.525704
