Name	Frequency [meV]	ZPR [meV]	Reference_Alpha	Reference_ZPR [meV]	v	w
mp-561586	36.712121	-81.1238	2.497718	-76.912138	3.543138	2.459134
