Name	Frequency [meV]	ZPR [meV]	Reference_Alpha	Reference_ZPR [meV]	v	w
mp-568619	328.88256	-42.927543	0.360739	-42.604499	3.062637	2.924705
