Name	Frequency [meV]	ZPR [meV]	Reference_Alpha	Reference_ZPR [meV]	v	w
mp-559092	83.782531	-4674.055935	19.195746	-1287.009894	156.325887	1.013729
