Name	Frequency [meV]	ZPR [meV]	Reference_Alpha	Reference_ZPR [meV]	v	w
mp-568536	53.227146	-53.20452	3.955156	-48.539396	4.18268	2.065798
