Name	Frequency [meV]	ZPR [meV]	Reference_Alpha	Reference_ZPR [meV]	v	w
mp-553303	87.25429	-50.40088	4.791755	-49.496875	3.156447	2.818815
