Name	Frequency [meV]	ZPR [meV]	Reference_Alpha	Reference_ZPR [meV]	v	w
mp-5339	38.197612	-29.345114	2.005353	-28.405738	3.299284	2.672397
