Name	Frequency [meV]	ZPR [meV]	Reference_Alpha	Reference_ZPR [meV]	v	w
mp-556120	443.848555	-256.052555	200.712164	-239.134499	3.757867	2.30387
