Name	Frequency [meV]	ZPR [meV]	Reference_Alpha	Reference_ZPR [meV]	v	w
mp-560037	60.35687	-821.485858	16.840074	-402.346638	42.71665	1.052393
