Name	Frequency [meV]	ZPR [meV]	Reference_Alpha	Reference_ZPR [meV]	v	w
mp-5078	218.732628	-267.779708	6.141859	-222.381109	7.317732	1.424813
