Name	Frequency [meV]	ZPR [meV]	Reference_Alpha	Reference_ZPR [meV]	v	w
mp-543024	35.172001	-12.517118	1.369989	-12.310308	3.143185	2.8333
