Name	Frequency [meV]	ZPR [meV]	Reference_Alpha	Reference_ZPR [meV]	v	w
mp-510273	166.276666	-188.588077	6.546739	-172.201877	4.164491	2.074449
