Name	Frequency [meV]	ZPR [meV]	Reference_Alpha	Reference_ZPR [meV]	v	w
mp-549697	218.440408	-156.7067	3.086693	-149.652294	3.452011	2.533826
