Name	Frequency [meV]	ZPR [meV]	Reference_Alpha	Reference_ZPR [meV]	v	w
mp-568560	3.275172	-39.04615	2.770809	-37.530657	3.376319	2.600309
