Name	Frequency [meV]	ZPR [meV]	Reference_Alpha	Reference_ZPR [meV]	v	w
mp-559695	52.937115	-564.88519	27.389701	-354.277488	21.97477	1.107842
