Name	Frequency [meV]	ZPR [meV]	Reference_Alpha	Reference_ZPR [meV]	v	w
mp-567913	62.427353	-7.390019	0.869692	-7.331571	3.065942	2.920836
