Name	Frequency [meV]	ZPR [meV]	Reference_Alpha	Reference_ZPR [meV]	v	w
mp-5878	63.231066	-219.946857	4.607722	-196.565828	4.678226	1.869873
