Name	Frequency [meV]	ZPR [meV]	Reference_Alpha	Reference_ZPR [meV]	v	w
mp-567744	92.363993	-60.857011	2.649219	-56.651793	3.809511	2.270432
