Name	Frequency [meV]	ZPR [meV]	Reference_Alpha	Reference_ZPR [meV]	v	w
mp-553875	106.484663	-48.072598	0.732251	-47.473407	3.106026	2.874727
