Name	Frequency [meV]	ZPR [meV]	Reference_Alpha	Reference_ZPR [meV]	v	w
mp-5380	82.824292	-43.766726	1.194989	-42.825686	3.190739	2.782082
