Name	Frequency [meV]	ZPR [meV]	Reference_Alpha	Reference_ZPR [meV]	v	w
mp-557664	43.049056	-223.490566	246.52541	-164.269411	12.894551	1.200851
