Name	Frequency [meV]	ZPR [meV]	Reference_Alpha	Reference_ZPR [meV]	v	w
mp-570485	93.438567	-11.375658	0.219645	-11.350729	3.017827	2.978186
