Name	Frequency [meV]	ZPR [meV]	Reference_Alpha	Reference_ZPR [meV]	v	w
mp-552488	101.039145	-51.017882	1.352888	-49.716115	3.230823	2.740431
