Name	Frequency [meV]	ZPR [meV]	Reference_Alpha	Reference_ZPR [meV]	v	w
mp-573697	4.55553	-99.869365	4.885531	-92.044123	3.98232	2.168152
