Name	Frequency [meV]	ZPR [meV]	Reference_Alpha	Reference_ZPR [meV]	v	w
mp-552934	51.372858	-112.958059	3.676257	-105.141961	3.811163	2.269384
