Name	Frequency [meV]	ZPR [meV]	Reference_Alpha	Reference_ZPR [meV]	v	w
mp-541226	150.035978	-709.678484	16.776847	-417.303257	26.474142	1.087708
