Name	Frequency [meV]	ZPR [meV]	Reference_Alpha	Reference_ZPR [meV]	v	w
mp-551092	256.304351	-127.67275	2.483373	-122.010352	3.443615	2.540996
