Name	Frequency [meV]	ZPR [meV]	Reference_Alpha	Reference_ZPR [meV]	v	w
mp-5127	240.181671	-45.631736	0.696845	-45.128035	3.093306	2.889198
