Name	Frequency [meV]	ZPR [meV]	Reference_Alpha	Reference_ZPR [meV]	v	w
mp-540957	22.421104	-18.036521	1.828087	-17.578385	3.229647	2.741633
