Name	Frequency [meV]	ZPR [meV]	Reference_Alpha	Reference_ZPR [meV]	v	w
mp-553025	213.395037	-155.704914	3.660306	-144.988532	3.804724	2.273472
