Name	Frequency [meV]	ZPR [meV]	Reference_Alpha	Reference_ZPR [meV]	v	w
mp-570008	20.297851	-32.481173	1.009467	-31.660852	3.228173	2.743143
