Name	Frequency [meV]	ZPR [meV]	Reference_Alpha	Reference_ZPR [meV]	v	w
mp-5012	473.953902	-228.555617	2.470317	-217.555844	3.492129	2.500246
