Name	Frequency [meV]	ZPR [meV]	Reference_Alpha	Reference_ZPR [meV]	v	w
mp-569442	149.24022	-527.465256	26.527145	-289.104007	32.051145	1.071224
