Name	Frequency [meV]	ZPR [meV]	Reference_Alpha	Reference_ZPR [meV]	v	w
mp-570891	4.561892	-82.042267	4.079905	-76.973358	3.688399	2.351131
