Name	Frequency [meV]	ZPR [meV]	Reference_Alpha	Reference_ZPR [meV]	v	w
mp-5280	320.680973	-112.454334	25.815802	-109.190248	3.267238	2.703765
