Name	Frequency [meV]	ZPR [meV]	Reference_Alpha	Reference_ZPR [meV]	v	w
mp-561827	110.660344	-251.997951	11.026757	-197.024894	9.950565	1.278582
