Name	Frequency [meV]	ZPR [meV]	Reference_Alpha	Reference_ZPR [meV]	v	w
mp-567558	49.226523	-69.105692	3.660661	-63.526062	4.030887	2.141852
