Name	Frequency [meV]	ZPR [meV]	Reference_Alpha	Reference_ZPR [meV]	v	w
mp-571461	55.549597	-23.406408	1.37836	-22.945224	3.173294	2.80064
