Name	Frequency [meV]	ZPR [meV]	Reference_Alpha	Reference_ZPR [meV]	v	w
mp-541037	76.467066	-79.965855	5.135809	-76.37654	3.450353	2.535238
