Name	Frequency [meV]	ZPR [meV]	Reference_Alpha	Reference_ZPR [meV]	v	w
mp-546011	91.023631	-29.834605	0.829635	-29.413096	3.121092	2.857779
