Name	Frequency [meV]	ZPR [meV]	Reference_Alpha	Reference_ZPR [meV]	v	w
mp-567680	94.728118	-123.147397	4.833621	-107.866414	5.285244	1.704893
