Name	Frequency [meV]	ZPR [meV]	Reference_Alpha	Reference_ZPR [meV]	v	w
mp-5427	483.442727	-225.391047	3.317639	-214.947436	3.46883	2.519611
