Name	Frequency [meV]	ZPR [meV]	Reference_Alpha	Reference_ZPR [meV]	v	w
mp-504838	183.268291	-69.430941	3.894636	-67.331711	3.280093	2.691082
