Name	Frequency [meV]	ZPR [meV]	Reference_Alpha	Reference_ZPR [meV]	v	w
mp-5652	432.121224	-189.912396	2.572783	-181.674064	3.431493	2.551437
