Name	Frequency [meV]	ZPR [meV]	Reference_Alpha	Reference_ZPR [meV]	v	w
mp-697144	442.348837	-142.613288	4.533028	-139.893796	3.167213	2.807172
