Name	Frequency [meV]	ZPR [meV]	Reference_Alpha	Reference_ZPR [meV]	v	w
mp-643243	237.918574	-134.623998	7.000176	-132.98937	3.103137	2.878001
