Name	Frequency [meV]	ZPR [meV]	Reference_Alpha	Reference_ZPR [meV]	v	w
mp-626151	333.772412	-163.755222	2.242789	-158.887872	3.274632	2.696453
