Name	Frequency [meV]	ZPR [meV]	Reference_Alpha	Reference_ZPR [meV]	v	w
mp-6058	74.3163	-355.818016	8.026813	-269.221069	11.480263	1.231966
