Name	Frequency [meV]	ZPR [meV]	Reference_Alpha	Reference_ZPR [meV]	v	w
mp-638729	44.343654	-240.185011	10.153854	-186.599357	10.241434	1.268337
