Name	Frequency [meV]	ZPR [meV]	Reference_Alpha	Reference_ZPR [meV]	v	w
mp-6450	207.563432	-45.835618	1.256593	-44.88691	3.182907	2.79038
