Name	Frequency [meV]	ZPR [meV]	Reference_Alpha	Reference_ZPR [meV]	v	w
mp-6972	76.460604	-96.805381	1.750802	-94.491191	3.214547	2.757177
