Name	Frequency [meV]	ZPR [meV]	Reference_Alpha	Reference_ZPR [meV]	v	w
mp-690785	168.821289	-90.616388	2.588346	-89.420788	3.112604	2.867302
