Name	Frequency [meV]	ZPR [meV]	Reference_Alpha	Reference_ZPR [meV]	v	w
mp-626620	322.641716	-144.331319	3.973639	-141.514616	3.171489	2.802575
