Name	Frequency [meV]	ZPR [meV]	Reference_Alpha	Reference_ZPR [meV]	v	w
mp-643370	304.859909	-132.314212	1.207929	-129.625194	3.179273	2.794249
