Name	Frequency [meV]	ZPR [meV]	Reference_Alpha	Reference_ZPR [meV]	v	w
mp-6026	314.60062	-359.785699	5.936875	-322.232104	4.620489	1.889284
