Name	Frequency [meV]	ZPR [meV]	Reference_Alpha	Reference_ZPR [meV]	v	w
mp-6867	136.179819	-240.161344	4.945099	-225.65905	3.666625	2.366507
