Name	Frequency [meV]	ZPR [meV]	Reference_Alpha	Reference_ZPR [meV]	v	w
mp-6270	102.724025	-202.665806	3.274287	-188.693243	3.806791	2.272157
