Name	Frequency [meV]	ZPR [meV]	Reference_Alpha	Reference_ZPR [meV]	v	w
mp-614603	2.568993	-48.513711	4.267386	-45.338827	3.747405	2.310817
