Name	Frequency [meV]	ZPR [meV]	Reference_Alpha	Reference_ZPR [meV]	v	w
mp-642725	232.578533	-133.422583	2.774896	-130.039452	3.229201	2.74209
