Name	Frequency [meV]	ZPR [meV]	Reference_Alpha	Reference_ZPR [meV]	v	w
mp-6951	48.800685	-210.058103	6.40234	-180.19365	6.02635	1.569571
