Name	Frequency [meV]	ZPR [meV]	Reference_Alpha	Reference_ZPR [meV]	v	w
mp-6983	151.318571	-48.192372	1.110075	-47.134469	3.195164	2.777416
