Name	Frequency [meV]	ZPR [meV]	Reference_Alpha	Reference_ZPR [meV]	v	w
mp-6654	160.754745	-208.95048	7.048491	-187.299275	4.598149	1.897006
