Name	Frequency [meV]	ZPR [meV]	Reference_Alpha	Reference_ZPR [meV]	v	w
mp-676861	207.013711	-108.645522	1.296381	-106.138078	3.206298	2.765751
