Name	Frequency [meV]	ZPR [meV]	Reference_Alpha	Reference_ZPR [meV]	v	w
mp-675902	30.822765	-20.882421	0.809389	-20.622008	3.106081	2.874665
