Name	Frequency [meV]	ZPR [meV]	Reference_Alpha	Reference_ZPR [meV]	v	w
mp-643101	221.32139	-117.743592	5.177184	-116.20424	3.111516	2.868527
