Name	Frequency [meV]	ZPR [meV]	Reference_Alpha	Reference_ZPR [meV]	v	w
mp-697038	187.002713	-142.79816	4.344413	-140.082899	3.166695	2.80773
