Name	Frequency [meV]	ZPR [meV]	Reference_Alpha	Reference_ZPR [meV]	v	w
mp-634657	143.756885	-75.737823	2.577694	-74.245124	3.173349	2.800581
