Name	Frequency [meV]	ZPR [meV]	Reference_Alpha	Reference_ZPR [meV]	v	w
mp-6947	224.200785	-220.573295	1.830304	-212.103675	3.371456	2.604725
