Name	Frequency [meV]	ZPR [meV]	Reference_Alpha	Reference_ZPR [meV]	v	w
mp-626724	283.451325	-165.455074	2.539466	-159.521437	3.342186	2.631683
