Name	Frequency [meV]	ZPR [meV]	Reference_Alpha	Reference_ZPR [meV]	v	w
mp-643264	390.047776	-131.188662	2.184595	-128.860608	3.154659	2.820759
