Name	Frequency [meV]	ZPR [meV]	Reference_Alpha	Reference_ZPR [meV]	v	w
mp-608555	57.81525	-82.48431	4.820806	-77.672376	3.635475	2.38899
