Name	Frequency [meV]	ZPR [meV]	Reference_Alpha	Reference_ZPR [meV]	v	w
mp-6494	198.910713	-285.087387	5.503143	-255.639056	4.588726	1.900299
