Name	Frequency [meV]	ZPR [meV]	Reference_Alpha	Reference_ZPR [meV]	v	w
mp-6204	88.40524	-2245.027393	20.451555	-787.303595	92.69759	1.023401
