Name	Frequency [meV]	ZPR [meV]	Reference_Alpha	Reference_ZPR [meV]	v	w
mp-6920	136.189041	-388.456341	11.272317	-356.470568	4.064459	2.12425
