Name	Frequency [meV]	ZPR [meV]	Reference_Alpha	Reference_ZPR [meV]	v	w
mp-616378	35.35557	-23.758497	1.678589	-22.705641	3.443165	2.541382
