Name	Frequency [meV]	ZPR [meV]	Reference_Alpha	Reference_ZPR [meV]	v	w
mp-661	73.065582	-83.284913	0.744529	-82.116006	3.120244	2.858728
