Name	Frequency [meV]	ZPR [meV]	Reference_Alpha	Reference_ZPR [meV]	v	w
mp-6929	358.342561	-176.81765	24.332253	-168.412029	3.484412	2.506619
