Name	Frequency [meV]	ZPR [meV]	Reference_Alpha	Reference_ZPR [meV]	v	w
mp-643002	106.439919	-112.769561	2.462819	-110.534386	3.174436	2.799417
