Name	Frequency [meV]	ZPR [meV]	Reference_Alpha	Reference_ZPR [meV]	v	w
mp-6973	48.160921	-57.73044	2.223827	-54.707878	3.549222	2.454345
