Name	Frequency [meV]	ZPR [meV]	Reference_Alpha	Reference_ZPR [meV]	v	w
mp-6613	119.815791	-446.954217	5.999016	-356.937462	8.998773	1.318304
