Name	Frequency [meV]	ZPR [meV]	Reference_Alpha	Reference_ZPR [meV]	v	w
mp-6586	102.017043	-275.815653	6.062161	-243.757264	5.00089	1.774255
