Name	Frequency [meV]	ZPR [meV]	Reference_Alpha	Reference_ZPR [meV]	v	w
mp-672	18.169597	-16.295099	0.449481	-16.116386	3.092682	2.889911
