Name	Frequency [meV]	ZPR [meV]	Reference_Alpha	Reference_ZPR [meV]	v	w
mp-6989	262.94063	-212.853292	5.463615	-196.236884	3.976542	2.171349
