Name	Frequency [meV]	ZPR [meV]	Reference_Alpha	Reference_ZPR [meV]	v	w
mp-634676	130.750967	-83.729631	3.424471	-81.703521	3.217488	2.754135
