Name	Frequency [meV]	ZPR [meV]	Reference_Alpha	Reference_ZPR [meV]	v	w
mp-643260	145.659987	-87.916613	2.58191	-86.437561	3.146006	2.830206
