Name	Frequency [meV]	ZPR [meV]	Reference_Alpha	Reference_ZPR [meV]	v	w
mp-623024	164.752156	-890.981317	9.792661	-528.495812	25.833784	1.090102
