Name	Frequency [meV]	ZPR [meV]	Reference_Alpha	Reference_ZPR [meV]	v	w
mp-697133	199.436197	-207.332221	2.275255	-196.468498	3.549796	2.453895
