Name	Frequency [meV]	ZPR [meV]	Reference_Alpha	Reference_ZPR [meV]	v	w
mp-642648	655.10264	-245.450131	6.795082	-236.192214	3.363523	2.611966
