Name	Frequency [meV]	ZPR [meV]	Reference_Alpha	Reference_ZPR [meV]	v	w
mp-675011	177.063794	-207.868506	8.957352	-195.337798	3.665026	2.367648
