Name	Frequency [meV]	ZPR [meV]	Reference_Alpha	Reference_ZPR [meV]	v	w
mp-676284	74.074077	-15.450419	0.708234	-15.242349	3.115074	2.864525
