Name	Frequency [meV]	ZPR [meV]	Reference_Alpha	Reference_ZPR [meV]	v	w
mp-6949	146.499922	-188.312036	4.079965	-173.615497	3.976116	2.171585
