Name	Frequency [meV]	ZPR [meV]	Reference_Alpha	Reference_ZPR [meV]	v	w
mp-697096	129.169943	-85.82362	2.701785	-84.411937	3.1425	2.834052
