Name	Frequency [meV]	ZPR [meV]	Reference_Alpha	Reference_ZPR [meV]	v	w
mp-6930	349.112539	-204.338021	1.933759	-196.136245	3.392035	2.586159
