Name	Frequency [meV]	ZPR [meV]	Reference_Alpha	Reference_ZPR [meV]	v	w
mp-6984	108.376412	-40.072413	1.892051	-38.942457	3.258527	2.712436
