Name	Frequency [meV]	ZPR [meV]	Reference_Alpha	Reference_ZPR [meV]	v	w
mp-682	12.040629	-279.605093	5.142436	-256.072821	4.103693	2.104256
