Name	Frequency [meV]	ZPR [meV]	Reference_Alpha	Reference_ZPR [meV]	v	w
mp-643279	209.506497	-113.39916	3.89148	-111.890005	3.113637	2.866139
