Name	Frequency [meV]	ZPR [meV]	Reference_Alpha	Reference_ZPR [meV]	v	w
mp-644203	104.391364	-166.097677	1.664307	-160.113471	3.344078	2.629921
