Name	Frequency [meV]	ZPR [meV]	Reference_Alpha	Reference_ZPR [meV]	v	w
mp-697044	213.041631	-197.866262	7.29227	-193.245478	3.209025	2.762911
