Name	Frequency [meV]	ZPR [meV]	Reference_Alpha	Reference_ZPR [meV]	v	w
mp-677335	256.585474	-192.891849	2.880293	-185.847732	3.349677	2.624722
