Name	Frequency [meV]	ZPR [meV]	Reference_Alpha	Reference_ZPR [meV]	v	w
mp-675531	84.235949	-34.705914	1.177833	-33.801573	3.236351	2.734793
