Name	Frequency [meV]	ZPR [meV]	Reference_Alpha	Reference_ZPR [meV]	v	w
mp-684969	180.938248	-46.762799	1.038568	-45.859371	3.169613	2.80459
