Name	Frequency [meV]	ZPR [meV]	Reference_Alpha	Reference_ZPR [meV]	v	w
mp-625136	315.380872	-165.932923	5.118585	-162.093228	3.206903	2.76512
