Name	Frequency [meV]	ZPR [meV]	Reference_Alpha	Reference_ZPR [meV]	v	w
mp-632319	20.344326	-196.809156	2.26679	-190.721653	3.287569	2.683768
