Name	Frequency [meV]	ZPR [meV]	Reference_Alpha	Reference_ZPR [meV]	v	w
mp-6798	91.586252	-205.261941	4.093749	-188.734169	4.026331	2.144276
