Name	Frequency [meV]	ZPR [meV]	Reference_Alpha	Reference_ZPR [meV]	v	w
mp-6686	97.585628	-337.451535	9.576991	-269.131879	9.057444	1.315533
