Name	Frequency [meV]	ZPR [meV]	Reference_Alpha	Reference_ZPR [meV]	v	w
mp-684690	132.605265	-27.460891	0.806437	-27.00307	3.144566	2.831784
