Name	Frequency [meV]	ZPR [meV]	Reference_Alpha	Reference_ZPR [meV]	v	w
mp-696804	117.956157	-82.813757	4.078174	-80.604409	3.242739	2.728311
