Name	Frequency [meV]	ZPR [meV]	Reference_Alpha	Reference_ZPR [meV]	v	w
mp-6088	108.811839	-64.765204	1.528683	-62.795485	3.282005	2.689207
