Name	Frequency [meV]	ZPR [meV]	Reference_Alpha	Reference_ZPR [meV]	v	w
mp-6059	61.939228	-262.615885	8.632595	-207.009392	9.580703	1.292789
