Name	Frequency [meV]	ZPR [meV]	Reference_Alpha	Reference_ZPR [meV]	v	w
mp-626785	333.411816	-178.400626	4.178026	-174.198389	3.211042	2.760814
