Name	Frequency [meV]	ZPR [meV]	Reference_Alpha	Reference_ZPR [meV]	v	w
mp-697030	101.876453	-115.441563	2.446768	-113.412377	3.153075	2.822483
