Name	Frequency [meV]	ZPR [meV]	Reference_Alpha	Reference_ZPR [meV]	v	w
mp-675104	123.268354	-576.578051	10.273488	-305.012237	35.164442	1.064461
