Name	Frequency [meV]	ZPR [meV]	Reference_Alpha	Reference_ZPR [meV]	v	w
mp-6459	501.078723	-419.649558	6.87084	-385.483742	4.044938	2.134429
