Name	Frequency [meV]	ZPR [meV]	Reference_Alpha	Reference_ZPR [meV]	v	w
mp-643257	256.439597	-133.276755	4.740357	-130.00223	3.221224	2.75028
