Name	Frequency [meV]	ZPR [meV]	Reference_Alpha	Reference_ZPR [meV]	v	w
mp-6660	386.725945	-182.691588	3.596907	-173.777308	3.500932	2.493027
