Name	Frequency [meV]	ZPR [meV]	Reference_Alpha	Reference_ZPR [meV]	v	w
mp-676464	54.848353	-11.475542	0.868949	-11.343237	3.097662	2.884225
