Name	Frequency [meV]	ZPR [meV]	Reference_Alpha	Reference_ZPR [meV]	v	w
mp-6870	377.779726	-266.914648	5.14418	-252.253131	3.585501	2.426287
