Name	Frequency [meV]	ZPR [meV]	Reference_Alpha	Reference_ZPR [meV]	v	w
mp-641923	38.72519	-41.288173	3.231259	-39.555871	3.41398	2.566707
