Name	Frequency [meV]	ZPR [meV]	Reference_Alpha	Reference_ZPR [meV]	v	w
mp-7886	81.853908	-271.20968	11.063571	-219.16435	8.479909	1.345074
