Name	Frequency [meV]	ZPR [meV]	Reference_Alpha	Reference_ZPR [meV]	v	w
mp-7895	32.894741	-156.136644	3.98708	-139.01803	4.781974	1.836864
