Name	Frequency [meV]	ZPR [meV]	Reference_Alpha	Reference_ZPR [meV]	v	w
mp-7392	70.936674	-15.885234	0.888384	-15.677618	3.111481	2.868568
