Name	Frequency [meV]	ZPR [meV]	Reference_Alpha	Reference_ZPR [meV]	v	w
mp-754826	100.900069	-182.83078	11.869349	-170.070285	3.821673	2.262758
