Name	Frequency [meV]	ZPR [meV]	Reference_Alpha	Reference_ZPR [meV]	v	w
mp-754596	77.832814	-172.883596	7.142457	-159.116378	4.008129	2.154051
