Name	Frequency [meV]	ZPR [meV]	Reference_Alpha	Reference_ZPR [meV]	v	w
mp-7825	159.516032	-274.864485	7.258119	-241.032991	5.247575	1.713404
