Name	Frequency [meV]	ZPR [meV]	Reference_Alpha	Reference_ZPR [meV]	v	w
mp-760375	78.294755	-117.632111	1.926846	-111.723821	3.5201	2.477487
