Name	Frequency [meV]	ZPR [meV]	Reference_Alpha	Reference_ZPR [meV]	v	w
mp-7903	127.427724	-1007.295439	17.567519	-504.930968	40.321746	1.0557
