Name	Frequency [meV]	ZPR [meV]	Reference_Alpha	Reference_ZPR [meV]	v	w
mp-7232	60.039046	-160.199808	6.781599	-144.089442	4.510686	1.928433
