Name	Frequency [meV]	ZPR [meV]	Reference_Alpha	Reference_ZPR [meV]	v	w
mp-754710	51.070481	-75.916822	4.264334	-66.489706	5.288648	1.704133
