Name	Frequency [meV]	ZPR [meV]	Reference_Alpha	Reference_ZPR [meV]	v	w
mp-774907	60.572985	-49.797616	1.675236	-48.774727	3.181384	2.792
