Name	Frequency [meV]	ZPR [meV]	Reference_Alpha	Reference_ZPR [meV]	v	w
mp-7670	93.481592	-28.297154	1.53513	-27.594872	3.223736	2.747695
