Name	Frequency [meV]	ZPR [meV]	Reference_Alpha	Reference_ZPR [meV]	v	w
mp-7618	134.872808	-252.868628	10.613317	-206.97654	7.928166	1.378892
