Name	Frequency [meV]	ZPR [meV]	Reference_Alpha	Reference_ZPR [meV]	v	w
mp-7896	36.263714	-116.485724	3.38827	-107.068122	4.033107	2.140673
