Name	Frequency [meV]	ZPR [meV]	Reference_Alpha	Reference_ZPR [meV]	v	w
mp-7457	177.958842	-438.655397	9.404281	-284.277805	19.885059	1.120711
