Name	Frequency [meV]	ZPR [meV]	Reference_Alpha	Reference_ZPR [meV]	v	w
mp-736	131.959222	-31.431116	0.649646	-31.111226	3.085703	2.897918
