Name	Frequency [meV]	ZPR [meV]	Reference_Alpha	Reference_ZPR [meV]	v	w
mp-754368	180.365703	-119.259205	4.198946	-113.778072	3.46401	2.523664
