Name	Frequency [meV]	ZPR [meV]	Reference_Alpha	Reference_ZPR [meV]	v	w
mp-7017	77.083528	-93.308242	14.308101	-90.803633	3.244427	2.726605
