Name	Frequency [meV]	ZPR [meV]	Reference_Alpha	Reference_ZPR [meV]	v	w
mp-7467	196.09239	-164.476657	6.09334	-155.641693	3.568235	2.439536
