Name	Frequency [meV]	ZPR [meV]	Reference_Alpha	Reference_ZPR [meV]	v	w
mp-7921	221.235691	-624.054494	8.24367	-452.542024	13.575238	1.188663
