Name	Frequency [meV]	ZPR [meV]	Reference_Alpha	Reference_ZPR [meV]	v	w
mp-7639	92.210289	-20.832326	0.792289	-20.572448	3.106126	2.874614
