Name	Frequency [meV]	ZPR [meV]	Reference_Alpha	Reference_ZPR [meV]	v	w
mp-766	86.813735	-13.177486	0.375932	-13.098855	3.049337	2.940379
