Name	Frequency [meV]	ZPR [meV]	Reference_Alpha	Reference_ZPR [meV]	v	w
mp-7650	142.758699	-196.074967	2.70254	-181.833678	3.872685	2.231386
