Name	Frequency [meV]	ZPR [meV]	Reference_Alpha	Reference_ZPR [meV]	v	w
mp-7148	237.857735	-197.916726	2.796231	-182.65953	3.957257	2.182124
