Name	Frequency [meV]	ZPR [meV]	Reference_Alpha	Reference_ZPR [meV]	v	w
mp-753747	312.700658	-188.934962	2.681726	-178.063909	3.623556	2.397746
