Name	Frequency [meV]	ZPR [meV]	Reference_Alpha	Reference_ZPR [meV]	v	w
mp-7188	42.723692	-21.058397	0.481106	-20.932846	3.049293	2.94043
