Name	Frequency [meV]	ZPR [meV]	Reference_Alpha	Reference_ZPR [meV]	v	w
mp-7547	34.877079	-10.364032	0.648614	-10.251059	3.092088	2.890592
