Name	Frequency [meV]	ZPR [meV]	Reference_Alpha	Reference_ZPR [meV]	v	w
mp-753401	522.199099	-481.313625	4.754119	-393.328115	7.996941	1.374324
