Name	Frequency [meV]	ZPR [meV]	Reference_Alpha	Reference_ZPR [meV]	v	w
mp-7863	104.948796	-189.947029	23.882928	-168.649623	4.862312	1.812838
