Name	Frequency [meV]	ZPR [meV]	Reference_Alpha	Reference_ZPR [meV]	v	w
mp-754535	134.553615	-112.750862	2.310532	-108.451312	3.368356	2.607549
