Name	Frequency [meV]	ZPR [meV]	Reference_Alpha	Reference_ZPR [meV]	v	w
mp-7077	69.843159	-45.406601	2.983153	-43.989951	3.290465	2.680947
