Name	Frequency [meV]	ZPR [meV]	Reference_Alpha	Reference_ZPR [meV]	v	w
mp-7437	46.877256	-10.735049	0.368753	-10.660562	3.057619	2.930599
