Name	Frequency [meV]	ZPR [meV]	Reference_Alpha	Reference_ZPR [meV]	v	w
mp-7572	494.350054	-218.461281	2.985419	-208.926307	3.434806	2.548572
