Name	Frequency [meV]	ZPR [meV]	Reference_Alpha	Reference_ZPR [meV]	v	w
mp-7738	63.855812	-51.996399	1.587535	-50.515544	3.261485	2.709485
