Name	Frequency [meV]	ZPR [meV]	Reference_Alpha	Reference_ZPR [meV]	v	w
mp-773137	28.37031	-14.349003	1.141177	-14.124815	3.13483	2.842505
