Name	Frequency [meV]	ZPR [meV]	Reference_Alpha	Reference_ZPR [meV]	v	w
mp-755293	48.355556	-19.401861	0.868909	-19.113782	3.127678	2.850436
