Name	Frequency [meV]	ZPR [meV]	Reference_Alpha	Reference_ZPR [meV]	v	w
mp-760417	41.772487	-86.953639	3.979098	-76.152543	5.29015	1.703798
