Name	Frequency [meV]	ZPR [meV]	Reference_Alpha	Reference_ZPR [meV]	v	w
mp-754118	207.279198	-150.852203	2.30656	-145.534713	3.335244	2.638173
