Name	Frequency [meV]	ZPR [meV]	Reference_Alpha	Reference_ZPR [meV]	v	w
mp-7470	170.726134	-60.920716	2.746191	-59.04465	3.286109	2.685193
