Name	Frequency [meV]	ZPR [meV]	Reference_Alpha	Reference_ZPR [meV]	v	w
mp-7774	63.519027	-10.468617	0.635326	-10.374066	3.07567	2.909508
