Name	Frequency [meV]	ZPR [meV]	Reference_Alpha	Reference_ZPR [meV]	v	w
mp-7089	41.623832	-18.259771	0.836265	-18.013495	3.115265	2.86431
