Name	Frequency [meV]	ZPR [meV]	Reference_Alpha	Reference_ZPR [meV]	v	w
mp-755013	362.783906	-333.231263	4.083954	-298.265918	4.63683	1.883711
