Name	Frequency [meV]	ZPR [meV]	Reference_Alpha	Reference_ZPR [meV]	v	w
mp-7394	72.319882	-17.210044	0.624986	-17.035058	3.08562	2.898014
