Name	Frequency [meV]	ZPR [meV]	Reference_Alpha	Reference_ZPR [meV]	v	w
mp-754117	411.246778	-180.142334	2.365374	-175.13188	3.254512	2.716454
