Name	Frequency [meV]	ZPR [meV]	Reference_Alpha	Reference_ZPR [meV]	v	w
mp-776532	139.039494	-216.986933	2.579176	-202.926254	3.736811	2.317912
