Name	Frequency [meV]	ZPR [meV]	Reference_Alpha	Reference_ZPR [meV]	v	w
mp-7908	87.464453	-11.220914	0.382154	-11.151228	3.051403	2.937933
