Name	Frequency [meV]	ZPR [meV]	Reference_Alpha	Reference_ZPR [meV]	v	w
mp-7472	174.017409	-149.732952	5.750979	-140.945349	3.640752	2.38514
