Name	Frequency [meV]	ZPR [meV]	Reference_Alpha	Reference_ZPR [meV]	v	w
mp-752580	348.103156	-2460.874831	101.348097	-994.618299	67.382967	1.032513
