Name	Frequency [meV]	ZPR [meV]	Reference_Alpha	Reference_ZPR [meV]	v	w
mp-7667	139.656988	-59.932929	2.545264	-57.769403	3.344883	2.629172
