Name	Frequency [meV]	ZPR [meV]	Reference_Alpha	Reference_ZPR [meV]	v	w
mp-772290	180.758772	-57.32569	0.8936	-56.251222	3.164114	2.810513
