Name	Frequency [meV]	ZPR [meV]	Reference_Alpha	Reference_ZPR [meV]	v	w
mp-7972	55.77504	-201.892677	3.439097	-182.909252	4.33625	1.997328
