Name	Frequency [meV]	ZPR [meV]	Reference_Alpha	Reference_ZPR [meV]	v	w
mp-7104	53.10878	-214.400331	5.130155	-186.502619	5.519947	1.655899
