Name	Frequency [meV]	ZPR [meV]	Reference_Alpha	Reference_ZPR [meV]	v	w
mp-753946	44.179876	-6.974791	0.174941	-6.958273	3.019286	2.976414
