Name	Frequency [meV]	ZPR [meV]	Reference_Alpha	Reference_ZPR [meV]	v	w
mp-7891	59.249344	-11.186933	0.358627	-11.129544	3.042258	2.94879
