Name	Frequency [meV]	ZPR [meV]	Reference_Alpha	Reference_ZPR [meV]	v	w
mp-770932	298.335443	-138.095691	1.791579	-132.907954	3.361761	2.613582
