Name	Frequency [meV]	ZPR [meV]	Reference_Alpha	Reference_ZPR [meV]	v	w
mp-752446	161.417477	-293.602329	72.161814	-273.016879	3.827309	2.259228
