Name	Frequency [meV]	ZPR [meV]	Reference_Alpha	Reference_ZPR [meV]	v	w
mp-7027	271.888637	-136.753347	2.296017	-132.102405	3.321325	2.6513
