Name	Frequency [meV]	ZPR [meV]	Reference_Alpha	Reference_ZPR [meV]	v	w
mp-7849	228.63751	-184.906722	2.63876	-177.591444	3.38517	2.592317
