Name	Frequency [meV]	ZPR [meV]	Reference_Alpha	Reference_ZPR [meV]	v	w
mp-7575	28.852293	-18.876089	0.293516	-18.801717	3.032291	2.960713
