Name	Frequency [meV]	ZPR [meV]	Reference_Alpha	Reference_ZPR [meV]	v	w
mp-7323	364.969031	-229.060263	4.659048	-218.063457	3.490564	2.501535
