Name	Frequency [meV]	ZPR [meV]	Reference_Alpha	Reference_ZPR [meV]	v	w
mp-7449	77.562116	-23.690999	1.783843	-23.07313	3.236588	2.734553
