Name	Frequency [meV]	ZPR [meV]	Reference_Alpha	Reference_ZPR [meV]	v	w
mp-7566	456.703812	-142.619888	2.436574	-138.205204	3.287821	2.683522
