Name	Frequency [meV]	ZPR [meV]	Reference_Alpha	Reference_ZPR [meV]	v	w
mp-755309	89.354425	-116.322523	1.997797	-109.626882	3.623896	2.397495
