Name	Frequency [meV]	ZPR [meV]	Reference_Alpha	Reference_ZPR [meV]	v	w
mp-753260	63.448176	-103.39921	2.124334	-100.163925	3.291439	2.679999
