Name	Frequency [meV]	ZPR [meV]	Reference_Alpha	Reference_ZPR [meV]	v	w
mp-7801	205.857853	-72.625248	1.103057	-71.270603	3.163244	2.811453
