Name	Frequency [meV]	ZPR [meV]	Reference_Alpha	Reference_ZPR [meV]	v	w
mp-7914	82.345708	-284.490502	3.478402	-259.289562	4.203565	2.056014
