Name	Frequency [meV]	ZPR [meV]	Reference_Alpha	Reference_ZPR [meV]	v	w
mp-7219	142.316835	-52.600031	1.787779	-50.506652	3.387975	2.589797
