Name	Frequency [meV]	ZPR [meV]	Reference_Alpha	Reference_ZPR [meV]	v	w
mp-7041	78.291605	-101.121951	1.761135	-98.213046	3.264497	2.706486
