Name	Frequency [meV]	ZPR [meV]	Reference_Alpha	Reference_ZPR [meV]	v	w
mp-753287	54.387524	-62.939669	1.043728	-61.571059	3.193121	2.779568
