Name	Frequency [meV]	ZPR [meV]	Reference_Alpha	Reference_ZPR [meV]	v	w
mp-7374	102.805664	-42.780889	1.680688	-41.890767	3.183968	2.789253
