Name	Frequency [meV]	ZPR [meV]	Reference_Alpha	Reference_ZPR [meV]	v	w
mp-7955	68.583362	-17.940953	0.513938	-17.798443	3.066252	2.920474
