Name	Frequency [meV]	ZPR [meV]	Reference_Alpha	Reference_ZPR [meV]	v	w
mp-7631	290.202308	-50.475219	0.423677	-50.020999	3.075406	2.909815
