Name	Frequency [meV]	ZPR [meV]	Reference_Alpha	Reference_ZPR [meV]	v	w
mp-7752	23.793695	-38.145205	1.135846	-36.972548	3.285535	2.685753
