Name	Frequency [meV]	ZPR [meV]	Reference_Alpha	Reference_ZPR [meV]	v	w
mp-7251	150.651427	-1485.282244	12.843959	-780.536403	35.769718	1.063293
