Name	Frequency [meV]	ZPR [meV]	Reference_Alpha	Reference_ZPR [meV]	v	w
mp-7979	154.05186	-506.166242	14.16923	-367.269807	13.545243	1.189169
