Name	Frequency [meV]	ZPR [meV]	Reference_Alpha	Reference_ZPR [meV]	v	w
mp-7931	101.375789	-27.686262	0.891167	-27.193371	3.155191	2.82018
