Name	Frequency [meV]	ZPR [meV]	Reference_Alpha	Reference_ZPR [meV]	v	w
mp-7610	229.252306	-197.314668	2.650762	-187.696455	3.50029	2.493552
