Name	Frequency [meV]	ZPR [meV]	Reference_Alpha	Reference_ZPR [meV]	v	w
mp-7958	59.051648	-237.979154	3.791996	-212.216813	4.738352	1.85046
