Name	Frequency [meV]	ZPR [meV]	Reference_Alpha	Reference_ZPR [meV]	v	w
mp-7140	59.292322	-43.484034	0.365564	-43.194295	3.055258	2.93338
