Name	Frequency [meV]	ZPR [meV]	Reference_Alpha	Reference_ZPR [meV]	v	w
mp-755287	160.513653	-121.239819	1.800017	-115.457436	3.486445	2.504936
