Name	Frequency [meV]	ZPR [meV]	Reference_Alpha	Reference_ZPR [meV]	v	w
mp-7469	174.36276	-52.475973	1.372177	-51.442125	3.173285	2.800649
