Name	Frequency [meV]	ZPR [meV]	Reference_Alpha	Reference_ZPR [meV]	v	w
mp-7569	166.780395	-302.820203	10.423027	-271.534559	4.589254	1.900114
