Name	Frequency [meV]	ZPR [meV]	Reference_Alpha	Reference_ZPR [meV]	v	w
mp-743	147.234069	-183.670311	6.821133	-171.780146	3.735786	2.318602
