Name	Frequency [meV]	ZPR [meV]	Reference_Alpha	Reference_ZPR [meV]	v	w
mp-7604	95.223137	-193.653537	2.594873	-181.43942	3.708829	2.336952
