Name	Frequency [meV]	ZPR [meV]	Reference_Alpha	Reference_ZPR [meV]	v	w
mp-755586	122.248554	-163.73006	2.520927	-151.254613	3.939845	2.191996
