Name	Frequency [meV]	ZPR [meV]	Reference_Alpha	Reference_ZPR [meV]	v	w
mp-752676	421.225797	-128.559752	2.826685	-122.867724	3.442668	2.541808
