Name	Frequency [meV]	ZPR [meV]	Reference_Alpha	Reference_ZPR [meV]	v	w
mp-7936	82.376509	-10.303821	0.24802	-10.268995	3.027683	2.966257
