Name	Frequency [meV]	ZPR [meV]	Reference_Alpha	Reference_ZPR [meV]	v	w
mp-768368	54.39132	-85.591805	3.42399	-78.238771	4.14233	2.085152
