Name	Frequency [meV]	ZPR [meV]	Reference_Alpha	Reference_ZPR [meV]	v	w
mp-7375	102.984881	-452.588851	4.251362	-363.506285	8.74722	1.330749
