Name	Frequency [meV]	ZPR [meV]	Reference_Alpha	Reference_ZPR [meV]	v	w
mp-7608	133.645935	-118.360638	1.765932	-115.030262	3.257895	2.713067
