Name	Frequency [meV]	ZPR [meV]	Reference_Alpha	Reference_ZPR [meV]	v	w
mp-752658	92.418596	-90.048778	1.640907	-87.241889	3.290157	2.681246
