Name	Frequency [meV]	ZPR [meV]	Reference_Alpha	Reference_ZPR [meV]	v	w
mp-754363	135.586008	-162.906193	2.69512	-152.816132	3.690819	2.349439
