Name	Frequency [meV]	ZPR [meV]	Reference_Alpha	Reference_ZPR [meV]	v	w
mp-7100	115.980105	-563.216301	6.75352	-398.740359	14.82267	1.169778
