Name	Frequency [meV]	ZPR [meV]	Reference_Alpha	Reference_ZPR [meV]	v	w
mp-7907	114.899547	-16.277249	0.450615	-16.151231	3.064495	2.922529
