Name	Frequency [meV]	ZPR [meV]	Reference_Alpha	Reference_ZPR [meV]	v	w
mp-760400	255.899556	-107.742092	2.111146	-103.285403	3.406782	2.573048
