Name	Frequency [meV]	ZPR [meV]	Reference_Alpha	Reference_ZPR [meV]	v	w
mp-733	291.2197	-127.739546	1.878022	-123.605601	3.303121	2.668696
