Name	Frequency [meV]	ZPR [meV]	Reference_Alpha	Reference_ZPR [meV]	v	w
mp-7611	207.720814	-169.117633	2.381188	-161.879128	3.42435	2.557639
