Name	Frequency [meV]	ZPR [meV]	Reference_Alpha	Reference_ZPR [meV]	v	w
mp-753671	306.528536	-238.211824	2.186453	-229.191263	3.365261	2.610376
