Name	Frequency [meV]	ZPR [meV]	Reference_Alpha	Reference_ZPR [meV]	v	w
mp-755895	207.240458	-173.935154	2.623963	-160.3838	3.973467	2.173056
