Name	Frequency [meV]	ZPR [meV]	Reference_Alpha	Reference_ZPR [meV]	v	w
mp-754326	82.479392	-65.816203	1.280784	-64.5058	3.175283	2.79851
