Name	Frequency [meV]	ZPR [meV]	Reference_Alpha	Reference_ZPR [meV]	v	w
mp-755756	84.846777	-125.570658	3.575721	-120.061346	3.43765	2.54612
