Name	Frequency [meV]	ZPR [meV]	Reference_Alpha	Reference_ZPR [meV]	v	w
mp-754517	59.979066	-73.065659	4.239834	-65.675382	4.527041	1.922407
