Name	Frequency [meV]	ZPR [meV]	Reference_Alpha	Reference_ZPR [meV]	v	w
mp-7439	72.954739	-21.924407	1.236189	-21.620287	3.11875	2.860401
