Name	Frequency [meV]	ZPR [meV]	Reference_Alpha	Reference_ZPR [meV]	v	w
mp-7848	273.793747	-225.343622	2.625973	-216.254676	3.394368	2.584074
