Name	Frequency [meV]	ZPR [meV]	Reference_Alpha	Reference_ZPR [meV]	v	w
mp-7988	22.948302	-66.634679	1.89604	-63.414856	3.494669	2.498157
