Name	Frequency [meV]	ZPR [meV]	Reference_Alpha	Reference_ZPR [meV]	v	w
mp-7233	66.477627	-113.688958	2.228865	-107.819839	3.539121	2.462309
