Name	Frequency [meV]	ZPR [meV]	Reference_Alpha	Reference_ZPR [meV]	v	w
mp-7000	360.023777	-207.201785	1.957974	-198.608179	3.408123	2.571865
