Name	Frequency [meV]	ZPR [meV]	Reference_Alpha	Reference_ZPR [meV]	v	w
mp-754212	49.662028	-82.198537	10.185577	-68.790018	7.000671	1.453251
