Name	Frequency [meV]	ZPR [meV]	Reference_Alpha	Reference_ZPR [meV]	v	w
mp-7128	179.859356	-92.13256	1.422294	-90.215316	3.184003	2.789216
