Name	Frequency [meV]	ZPR [meV]	Reference_Alpha	Reference_ZPR [meV]	v	w
mp-753098	76.218334	-184.768148	2.979475	-174.099249	3.626579	2.395517
