Name	Frequency [meV]	ZPR [meV]	Reference_Alpha	Reference_ZPR [meV]	v	w
mp-7482	36.203426	-139.400745	6.106816	-130.066439	3.772779	2.29407
