Name	Frequency [meV]	ZPR [meV]	Reference_Alpha	Reference_ZPR [meV]	v	w
mp-7447	81.214318	-24.018616	1.575295	-23.437019	3.21765	2.753968
