Name	Frequency [meV]	ZPR [meV]	Reference_Alpha	Reference_ZPR [meV]	v	w
mp-7911	159.612426	-65.310902	2.301921	-63.349677	3.277896	2.69324
