Name	Frequency [meV]	ZPR [meV]	Reference_Alpha	Reference_ZPR [meV]	v	w
mp-7297	133.508368	-206.104759	7.376913	-182.593294	4.927283	1.794317
