Name	Frequency [meV]	ZPR [meV]	Reference_Alpha	Reference_ZPR [meV]	v	w
mp-7090	43.817293	-21.902785	1.032273	-21.564714	3.133084	2.844438
