Name	Frequency [meV]	ZPR [meV]	Reference_Alpha	Reference_ZPR [meV]	v	w
mp-8147	101.68326	-22.916627	1.661071	-22.516101	3.152119	2.823525
