Name	Frequency [meV]	ZPR [meV]	Reference_Alpha	Reference_ZPR [meV]	v	w
mp-8145	73.702234	-183.129651	2.644329	-172.248267	3.651815	2.377125
