Name	Frequency [meV]	ZPR [meV]	Reference_Alpha	Reference_ZPR [meV]	v	w
mp-862871	53.435367	-126.62456	4.219155	-109.525733	5.720826	1.618835
