Name	Frequency [meV]	ZPR [meV]	Reference_Alpha	Reference_ZPR [meV]	v	w
mp-862868	35.434454	-105.641751	5.045932	-86.171741	8.075594	1.369232
