Name	Frequency [meV]	ZPR [meV]	Reference_Alpha	Reference_ZPR [meV]	v	w
mp-8874	319.337518	-240.823468	2.232556	-230.696619	3.415137	2.565692
