Name	Frequency [meV]	ZPR [meV]	Reference_Alpha	Reference_ZPR [meV]	v	w
mp-8452	98.217494	-75.248659	1.978952	-73.044952	3.269988	2.701041
