Name	Frequency [meV]	ZPR [meV]	Reference_Alpha	Reference_ZPR [meV]	v	w
mp-8188	79.135089	-222.618325	2.979226	-207.30473	3.804092	2.273874
