Name	Frequency [meV]	ZPR [meV]	Reference_Alpha	Reference_ZPR [meV]	v	w
mp-8930	89.588397	-40.560569	2.184315	-39.202245	3.315535	2.656805
