Name	Frequency [meV]	ZPR [meV]	Reference_Alpha	Reference_ZPR [meV]	v	w
mp-8697	326.724357	-314.560988	3.725826	-292.226892	3.843109	2.249418
