Name	Frequency [meV]	ZPR [meV]	Reference_Alpha	Reference_ZPR [meV]	v	w
mp-865500	157.598306	-183.00778	3.040571	-170.381514	3.807646	2.271614
