Name	Frequency [meV]	ZPR [meV]	Reference_Alpha	Reference_ZPR [meV]	v	w
mp-867300	149.99694	-210.571876	2.900593	-194.86616	3.909076	2.20978
