Name	Frequency [meV]	ZPR [meV]	Reference_Alpha	Reference_ZPR [meV]	v	w
mp-8426	15.815926	-51.202829	2.402115	-49.025587	3.420904	2.560644
