Name	Frequency [meV]	ZPR [meV]	Reference_Alpha	Reference_ZPR [meV]	v	w
mp-8891	257.395238	-274.885365	4.057557	-255.283533	3.848648	2.246008
