Name	Frequency [meV]	ZPR [meV]	Reference_Alpha	Reference_ZPR [meV]	v	w
mp-8298	68.232906	-43.626093	1.603811	-42.289205	3.284485	2.68678
