Name	Frequency [meV]	ZPR [meV]	Reference_Alpha	Reference_ZPR [meV]	v	w
mp-856	144.620284	-65.889977	1.002338	-64.965907	3.120145	2.858838
