Name	Frequency [meV]	ZPR [meV]	Reference_Alpha	Reference_ZPR [meV]	v	w
mp-8455	6.800425	-285.827707	8.27298	-232.671619	8.163651	1.36369
