Name	Frequency [meV]	ZPR [meV]	Reference_Alpha	Reference_ZPR [meV]	v	w
mp-8212	220.506858	-15.143169	0.523461	-15.083703	3.032198	2.960824
