Name	Frequency [meV]	ZPR [meV]	Reference_Alpha	Reference_ZPR [meV]	v	w
mp-827	157.176772	-206.231675	6.332909	-192.054484	3.803331	2.274359
