Name	Frequency [meV]	ZPR [meV]	Reference_Alpha	Reference_ZPR [meV]	v	w
mp-867261	135.966845	-207.184877	5.217148	-194.132117	3.707684	2.33774
