Name	Frequency [meV]	ZPR [meV]	Reference_Alpha	Reference_ZPR [meV]	v	w
mp-841	135.35721	-345.644624	4.178616	-298.929503	5.725748	1.617977
