Name	Frequency [meV]	ZPR [meV]	Reference_Alpha	Reference_ZPR [meV]	v	w
mp-865427	135.537905	-257.622083	7.433183	-236.420649	4.063524	2.124734
