Name	Frequency [meV]	ZPR [meV]	Reference_Alpha	Reference_ZPR [meV]	v	w
mp-866291	4.161755	-15.228682	0.874886	-15.058212	3.094681	2.887627
