Name	Frequency [meV]	ZPR [meV]	Reference_Alpha	Reference_ZPR [meV]	v	w
mp-8446	89.644357	-32.853772	1.543653	-32.097467	3.205715	2.76636
