Name	Frequency [meV]	ZPR [meV]	Reference_Alpha	Reference_ZPR [meV]	v	w
mp-866141	22.24677	-10.34528	0.209415	-10.316408	3.022785	2.972174
