Name	Frequency [meV]	ZPR [meV]	Reference_Alpha	Reference_ZPR [meV]	v	w
mp-8180	356.84395	-712.94302	9.525437	-572.587373	8.749357	1.330639
