Name	Frequency [meV]	ZPR [meV]	Reference_Alpha	Reference_ZPR [meV]	v	w
mp-8579	32.068934	-17.016045	0.60507	-16.794185	3.111198	2.868886
