Name	Frequency [meV]	ZPR [meV]	Reference_Alpha	Reference_ZPR [meV]	v	w
mp-867194	58.649573	-22.62732	0.803116	-22.387281	3.089495	2.893563
