Name	Frequency [meV]	ZPR [meV]	Reference_Alpha	Reference_ZPR [meV]	v	w
mp-8058	298.375894	-153.990047	2.305516	-146.588357	3.491325	2.500908
