Name	Frequency [meV]	ZPR [meV]	Reference_Alpha	Reference_ZPR [meV]	v	w
mp-862631	10.701951	-3.865473	0.275162	-3.848645	3.03575	2.956565
