Name	Frequency [meV]	ZPR [meV]	Reference_Alpha	Reference_ZPR [meV]	v	w
mp-8789	71.404247	-32.898216	1.079137	-32.334446	3.148921	2.827016
