Name	Frequency [meV]	ZPR [meV]	Reference_Alpha	Reference_ZPR [meV]	v	w
mp-8932	128.993642	-40.631516	1.973474	-39.707624	3.202922	2.769277
