Name	Frequency [meV]	ZPR [meV]	Reference_Alpha	Reference_ZPR [meV]	v	w
mp-8187	174.737158	-133.762991	3.390745	-124.86959	3.764793	2.299304
