Name	Frequency [meV]	ZPR [meV]	Reference_Alpha	Reference_ZPR [meV]	v	w
mp-8799	52.627065	-64.014575	2.369948	-60.606498	3.56153	2.444732
