Name	Frequency [meV]	ZPR [meV]	Reference_Alpha	Reference_ZPR [meV]	v	w
mp-8759	256.208711	-180.577938	5.184617	-165.349802	4.107355	2.102421
