Name	Frequency [meV]	ZPR [meV]	Reference_Alpha	Reference_ZPR [meV]	v	w
mp-8978	101.801138	-78.235154	2.206625	-75.936415	3.271015	2.700025
