Name	Frequency [meV]	ZPR [meV]	Reference_Alpha	Reference_ZPR [meV]	v	w
mp-867335	57.587107	-19.147348	1.473048	-18.770274	3.173199	2.800742
