Name	Frequency [meV]	ZPR [meV]	Reference_Alpha	Reference_ZPR [meV]	v	w
mp-8724	259.714479	-353.458118	11.273987	-281.981851	9.044232	1.316153
