Name	Frequency [meV]	ZPR [meV]	Reference_Alpha	Reference_ZPR [meV]	v	w
mp-804	41.804763	-41.095222	0.459393	-40.726329	3.075197	2.910058
