Name	Frequency [meV]	ZPR [meV]	Reference_Alpha	Reference_ZPR [meV]	v	w
mp-8812	96.251269	-229.385533	7.83668	-206.844624	4.447425	1.952416
