Name	Frequency [meV]	ZPR [meV]	Reference_Alpha	Reference_ZPR [meV]	v	w
mp-8177	31.670474	-81.641197	1.974465	-78.936001	3.311617	2.660544
