Name	Frequency [meV]	ZPR [meV]	Reference_Alpha	Reference_ZPR [meV]	v	w
mp-867699	155.999968	-101.021616	1.838948	-96.962263	3.392572	2.585679
