Name	Frequency [meV]	ZPR [meV]	Reference_Alpha	Reference_ZPR [meV]	v	w
mp-867730	214.20369	-107.970095	3.80686	-102.299565	3.551487	2.452569
