Name	Frequency [meV]	ZPR [meV]	Reference_Alpha	Reference_ZPR [meV]	v	w
mp-8873	317.232936	-202.862165	2.161291	-195.285759	3.359224	2.615911
