Name	Frequency [meV]	ZPR [meV]	Reference_Alpha	Reference_ZPR [meV]	v	w
mp-8818	96.142137	-124.364762	2.149329	-119.661969	3.364642	2.610942
