Name	Frequency [meV]	ZPR [meV]	Reference_Alpha	Reference_ZPR [meV]	v	w
mp-8042	411.997918	-192.318111	2.609963	-182.72172	3.515672	2.481055
