Name	Frequency [meV]	ZPR [meV]	Reference_Alpha	Reference_ZPR [meV]	v	w
mp-8454	9.363952	-244.323421	5.69283	-220.461526	4.431221	1.958737
