Name	Frequency [meV]	ZPR [meV]	Reference_Alpha	Reference_ZPR [meV]	v	w
mp-864954	162.373015	-23.565379	0.368355	-23.451903	3.03962	2.951936
