Name	Frequency [meV]	ZPR [meV]	Reference_Alpha	Reference_ZPR [meV]	v	w
mp-8207	201.513152	-20.025551	0.730586	-19.917417	3.044561	2.946048
