Name	Frequency [meV]	ZPR [meV]	Reference_Alpha	Reference_ZPR [meV]	v	w
mp-8934	73.239506	-15.916862	1.246624	-15.649003	3.146036	2.830173
