Name	Frequency [meV]	ZPR [meV]	Reference_Alpha	Reference_ZPR [meV]	v	w
mp-8256	191.098357	-273.262112	5.504402	-243.132987	4.801734	1.830835
