Name	Frequency [meV]	ZPR [meV]	Reference_Alpha	Reference_ZPR [meV]	v	w
mp-867169	8.359026	-0.457523	0.039485	-0.457302	3.007847	2.998999
