Name	Frequency [meV]	ZPR [meV]	Reference_Alpha	Reference_ZPR [meV]	v	w
mp-8039	74.870862	-340.562594	3.836822	-297.106957	5.420255	1.675899
