Name	Frequency [meV]	ZPR [meV]	Reference_Alpha	Reference_ZPR [meV]	v	w
mp-8098	171.894766	-71.347911	1.035118	-69.867371	3.183425	2.78983
