Name	Frequency [meV]	ZPR [meV]	Reference_Alpha	Reference_ZPR [meV]	v	w
mp-865185	65.500368	-18.972148	0.48709	-18.855791	3.050749	2.938707
