Name	Frequency [meV]	ZPR [meV]	Reference_Alpha	Reference_ZPR [meV]	v	w
mp-8000	462.300203	-191.832995	3.615397	-184.876832	3.346736	2.627449
