Name	Frequency [meV]	ZPR [meV]	Reference_Alpha	Reference_ZPR [meV]	v	w
mp-8399	55.1261	-157.804206	4.248385	-142.643789	4.388965	1.975576
