Name	Frequency [meV]	ZPR [meV]	Reference_Alpha	Reference_ZPR [meV]	v	w
mp-8335	126.127484	-178.688739	2.913544	-165.211715	3.924963	2.200542
