Name	Frequency [meV]	ZPR [meV]	Reference_Alpha	Reference_ZPR [meV]	v	w
mp-8658	44.611168	-39.003951	2.202549	-37.56723	3.353315	2.621356
