Name	Frequency [meV]	ZPR [meV]	Reference_Alpha	Reference_ZPR [meV]	v	w
mp-8407	77.647322	-20.830978	0.595342	-20.661186	3.068037	2.91839
