Name	Frequency [meV]	ZPR [meV]	Reference_Alpha	Reference_ZPR [meV]	v	w
mp-8411	73.957592	-12.92949	0.652415	-12.805462	3.080564	2.903843
