Name	Frequency [meV]	ZPR [meV]	Reference_Alpha	Reference_ZPR [meV]	v	w
mp-8280	56.343267	-20.682693	0.834967	-20.450415	3.095005	2.887256
