Name	Frequency [meV]	ZPR [meV]	Reference_Alpha	Reference_ZPR [meV]	v	w
mp-8931	74.413441	-14.835904	1.084486	-14.607593	3.132659	2.844908
