Name	Frequency [meV]	ZPR [meV]	Reference_Alpha	Reference_ZPR [meV]	v	w
mp-8299	53.560554	-33.286227	1.737649	-32.436883	3.230829	2.740424
