Name	Frequency [meV]	ZPR [meV]	Reference_Alpha	Reference_ZPR [meV]	v	w
mp-866132	11.472558	-2.883027	0.320992	-2.876507	3.018407	2.977481
