Name	Frequency [meV]	ZPR [meV]	Reference_Alpha	Reference_ZPR [meV]	v	w
mp-8224	62.521119	-324.278344	5.984641	-274.688818	6.513444	1.504995
