Name	Frequency [meV]	ZPR [meV]	Reference_Alpha	Reference_ZPR [meV]	v	w
mp-8615	352.445555	-381.027786	3.696646	-346.058237	4.280077	2.021461
