Name	Frequency [meV]	ZPR [meV]	Reference_Alpha	Reference_ZPR [meV]	v	w
mp-8291	117.882692	-1133.439698	14.17863	-582.626817	37.846547	1.059587
