Name	Frequency [meV]	ZPR [meV]	Reference_Alpha	Reference_ZPR [meV]	v	w
mp-8257	144.895564	-57.675449	1.829885	-55.756755	3.313075	2.659152
