Name	Frequency [meV]	ZPR [meV]	Reference_Alpha	Reference_ZPR [meV]	v	w
mp-8127	262.876876	-309.487303	5.268163	-282.982414	4.136356	2.088069
