Name	Frequency [meV]	ZPR [meV]	Reference_Alpha	Reference_ZPR [meV]	v	w
mp-8041	13.671736	-65.46922	2.440414	-61.111854	3.765963	2.298534
