Name	Frequency [meV]	ZPR [meV]	Reference_Alpha	Reference_ZPR [meV]	v	w
mp-867339	4.593829	-4.084917	0.494788	-4.062985	3.044295	2.946365
