Name	Frequency [meV]	ZPR [meV]	Reference_Alpha	Reference_ZPR [meV]	v	w
mp-8217	96.038315	-193.901376	7.493483	-178.463089	4.007842	2.154206
