Name	Frequency [meV]	ZPR [meV]	Reference_Alpha	Reference_ZPR [meV]	v	w
mp-8409	70.829321	-209.234899	3.133306	-193.969468	3.878691	2.227776
