Name	Frequency [meV]	ZPR [meV]	Reference_Alpha	Reference_ZPR [meV]	v	w
mp-8267	187.152401	-63.603044	3.408752	-61.963639	3.233471	2.737727
