Name	Frequency [meV]	ZPR [meV]	Reference_Alpha	Reference_ZPR [meV]	v	w
mp-8161	242.263339	-310.83792	5.540299	-261.682155	6.759851	1.477465
