Name	Frequency [meV]	ZPR [meV]	Reference_Alpha	Reference_ZPR [meV]	v	w
mp-8861	119.387863	-228.571602	4.930919	-198.510689	5.576172	1.645107
