Name	Frequency [meV]	ZPR [meV]	Reference_Alpha	Reference_ZPR [meV]	v	w
mp-8857	79.854744	-26.089454	2.612254	-25.415979	3.233864	2.737326
