Name	Frequency [meV]	ZPR [meV]	Reference_Alpha	Reference_ZPR [meV]	v	w
mp-8175	58.277668	-70.717377	1.352018	-68.814194	3.245152	2.725872
