Name	Frequency [meV]	ZPR [meV]	Reference_Alpha	Reference_ZPR [meV]	v	w
mp-8248	232.522801	-291.925287	13.538653	-242.86572	7.243782	1.431128
