Name	Frequency [meV]	ZPR [meV]	Reference_Alpha	Reference_ZPR [meV]	v	w
mp-8235	148.825602	-53.868791	1.949878	-52.317777	3.264775	2.706211
