Name	Frequency [meV]	ZPR [meV]	Reference_Alpha	Reference_ZPR [meV]	v	w
mp-867203	89.368504	-7.152587	0.316571	-7.111053	3.047976	2.941992
