Name	Frequency [meV]	ZPR [meV]	Reference_Alpha	Reference_ZPR [meV]	v	w
mp-8289	84.850497	-175.196354	4.505298	-165.390216	3.600552	2.414892
