Name	Frequency [meV]	ZPR [meV]	Reference_Alpha	Reference_ZPR [meV]	v	w
mp-8402	70.565244	-223.998356	4.046248	-202.875956	4.343117	1.994446
