Name	Frequency [meV]	ZPR [meV]	Reference_Alpha	Reference_ZPR [meV]	v	w
mp-8459	419.625714	-157.334877	3.93258	-151.81274	3.333527	2.639785
