Name	Frequency [meV]	ZPR [meV]	Reference_Alpha	Reference_ZPR [meV]	v	w
mp-9780	92.180694	-21.314381	1.448138	-20.81882	3.208001	2.763976
