Name	Frequency [meV]	ZPR [meV]	Reference_Alpha	Reference_ZPR [meV]	v	w
mp-9195	77.425188	-43.745185	1.550842	-42.486991	3.264452	2.706531
