Name	Frequency [meV]	ZPR [meV]	Reference_Alpha	Reference_ZPR [meV]	v	w
mp-998604	81.532511	-155.867791	5.550899	-118.763278	11.147179	1.240744
