Name	Frequency [meV]	ZPR [meV]	Reference_Alpha	Reference_ZPR [meV]	v	w
mp-961693	10.273178	-1.601092	0.070144	-1.599598	3.007549	2.990729
