Name	Frequency [meV]	ZPR [meV]	Reference_Alpha	Reference_ZPR [meV]	v	w
mp-989405	31.299551	-80.104192	3.51554	-72.474444	4.367536	1.984317
