Name	Frequency [meV]	ZPR [meV]	Reference_Alpha	Reference_ZPR [meV]	v	w
mp-9687	78.48854	-27.704405	1.637636	-27.123557	3.185511	2.787615
