Name	Frequency [meV]	ZPR [meV]	Reference_Alpha	Reference_ZPR [meV]	v	w
mp-9244	126.993999	-31.963484	0.373818	-31.817993	3.037415	2.954571
