Name	Frequency [meV]	ZPR [meV]	Reference_Alpha	Reference_ZPR [meV]	v	w
mp-978847	80.460985	-5.241354	0.128649	-5.23522	3.009478	2.988365
