Name	Frequency [meV]	ZPR [meV]	Reference_Alpha	Reference_ZPR [meV]	v	w
mp-9664	200.449945	-77.838781	3.239263	-74.785306	3.381218	2.595879
