Name	Frequency [meV]	ZPR [meV]	Reference_Alpha	Reference_ZPR [meV]	v	w
mp-972937	208.74563	-58.297596	0.798053	-57.496197	3.117613	2.861675
