Name	Frequency [meV]	ZPR [meV]	Reference_Alpha	Reference_ZPR [meV]	v	w
mp-9514	103.445164	-56.529649	0.791841	-55.769894	3.114831	2.864797
