Name	Frequency [meV]	ZPR [meV]	Reference_Alpha	Reference_ZPR [meV]	v	w
mp-9517	148.707866	-46.857323	0.74478	-46.36118	3.089324	2.893759
