Name	Frequency [meV]	ZPR [meV]	Reference_Alpha	Reference_ZPR [meV]	v	w
mp-989548	54.762895	-360.418396	8.798554	-233.454098	19.917115	1.120491
