Name	Frequency [meV]	ZPR [meV]	Reference_Alpha	Reference_ZPR [meV]	v	w
mp-9565	51.711998	-15.229603	0.553755	-15.106962	3.067176	2.919394
