Name	Frequency [meV]	ZPR [meV]	Reference_Alpha	Reference_ZPR [meV]	v	w
mp-961648	11.172716	-36.830833	1.617917	-36.072336	3.181896	2.791455
