Name	Frequency [meV]	ZPR [meV]	Reference_Alpha	Reference_ZPR [meV]	v	w
mp-9900	158.748326	-7.297123	0.277226	-7.269873	3.030588	2.962759
