Name	Frequency [meV]	ZPR [meV]	Reference_Alpha	Reference_ZPR [meV]	v	w
mp-999498	57.654732	-35.443757	0.37089	-35.312639	3.030296	2.963111
