Name	Frequency [meV]	ZPR [meV]	Reference_Alpha	Reference_ZPR [meV]	v	w
mp-989558	48.730493	-287.994171	7.968034	-226.011106	9.780813	1.284929
