Name	Frequency [meV]	ZPR [meV]	Reference_Alpha	Reference_ZPR [meV]	v	w
mp-989537	42.461056	-250.407127	8.71422	-196.650431	9.749287	1.286139
