Name	Frequency [meV]	ZPR [meV]	Reference_Alpha	Reference_ZPR [meV]	v	w
mp-974603	79.809769	-130.734578	4.048685	-119.902434	4.075446	2.11859
