Name	Frequency [meV]	ZPR [meV]	Reference_Alpha	Reference_ZPR [meV]	v	w
mp-989571	41.73962	-107.800555	5.001087	-96.020172	4.770574	1.840379
