Name	Frequency [meV]	ZPR [meV]	Reference_Alpha	Reference_ZPR [meV]	v	w
mp-9259	185.182682	-163.514646	2.965906	-155.310072	3.519415	2.478038
