Name	Frequency [meV]	ZPR [meV]	Reference_Alpha	Reference_ZPR [meV]	v	w
mp-989629	90.844381	-263.71278	11.626809	-221.200808	6.907398	1.462339
