Name	Frequency [meV]	ZPR [meV]	Reference_Alpha	Reference_ZPR [meV]	v	w
mp-989562	83.128933	-311.41611	6.037159	-242.017561	10.226451	1.268846
