Name	Frequency [meV]	ZPR [meV]	Reference_Alpha	Reference_ZPR [meV]	v	w
mp-9675	164.181573	-52.49019	2.78129	-50.881536	3.284511	2.686755
