Name	Frequency [meV]	ZPR [meV]	Reference_Alpha	Reference_ZPR [meV]	v	w
mp-989561	92.838584	-185.12789	5.753814	-168.947386	4.176216	2.068859
