Name	Frequency [meV]	ZPR [meV]	Reference_Alpha	Reference_ZPR [meV]	v	w
mp-9008	39.683171	-22.034239	2.088505	-21.453519	3.23941	2.731686
