Name	Frequency [meV]	ZPR [meV]	Reference_Alpha	Reference_ZPR [meV]	v	w
mp-961774	8.683804	-13.124147	0.895823	-13.003319	3.077189	2.907748
