Name	Frequency [meV]	ZPR [meV]	Reference_Alpha	Reference_ZPR [meV]	v	w
mp-9672	124.775902	-40.014601	2.188601	-39.044734	3.217893	2.753717
