Name	Frequency [meV]	ZPR [meV]	Reference_Alpha	Reference_ZPR [meV]	v	w
mp-989526	42.812872	-353.131568	10.111389	-224.669056	21.045789	1.113208
