Name	Frequency [meV]	ZPR [meV]	Reference_Alpha	Reference_ZPR [meV]	v	w
mp-989566	49.908277	-237.645624	7.215327	-198.846224	7.007616	1.452588
