Name	Frequency [meV]	ZPR [meV]	Reference_Alpha	Reference_ZPR [meV]	v	w
mp-989643	196.159948	-42.679546	1.216053	-42.16737	3.101882	2.879425
