Name	Frequency [meV]	ZPR [meV]	Reference_Alpha	Reference_ZPR [meV]	v	w
mp-989514	38.013773	-136.46289	5.907458	-113.08044	7.40856	1.4173
