Name	Frequency [meV]	ZPR [meV]	Reference_Alpha	Reference_ZPR [meV]	v	w
mp-9262	80.139477	-317.110036	15.480497	-262.624554	7.432368	1.415374
