Name	Frequency [meV]	ZPR [meV]	Reference_Alpha	Reference_ZPR [meV]	v	w
mp-961660	18.966754	-16.320942	0.344003	-16.236134	3.042816	2.948125
