Name	Frequency [meV]	ZPR [meV]	Reference_Alpha	Reference_ZPR [meV]	v	w
mp-924130	15.407924	-7.399815	0.206868	-7.378461	3.023545	2.971254
