Name	Frequency [meV]	ZPR [meV]	Reference_Alpha	Reference_ZPR [meV]	v	w
mp-997089	98.012887	-86.819731	1.824007	-84.635448	3.227189	2.744151
