Name	Frequency [meV]	ZPR [meV]	Reference_Alpha	Reference_ZPR [meV]	v	w
mp-961713	11.389368	-7.141762	0.289797	-7.114802	3.030917	2.962364
