Name	Frequency [meV]	ZPR [meV]	Reference_Alpha	Reference_ZPR [meV]	v	w
mp-989529	35.346071	-169.643875	13.693222	-146.333154	5.820723	1.601854
