Name	Frequency [meV]	ZPR [meV]	Reference_Alpha	Reference_ZPR [meV]	v	w
mp-989642	132.22046	-128.963114	1.510026	-125.368509	3.25513	2.715834
