Name	Frequency [meV]	ZPR [meV]	Reference_Alpha	Reference_ZPR [meV]	v	w
mp-998603	60.493425	-96.471763	5.070673	-77.967069	8.475274	1.345333
