Name	Frequency [meV]	ZPR [meV]	Reference_Alpha	Reference_ZPR [meV]	v	w
mp-9063	50.793261	-59.878198	3.579218	-53.370769	4.751613	1.846284
