Name	Frequency [meV]	ZPR [meV]	Reference_Alpha	Reference_ZPR [meV]	v	w
mp-979137	86.594865	-9.85235	0.200829	-9.832178	3.016645	2.979623
