Name	Frequency [meV]	ZPR [meV]	Reference_Alpha	Reference_ZPR [meV]	v	w
mp-9486	138.400451	-309.999608	6.920351	-263.432309	6.38811	1.520214
