Name	Frequency [meV]	ZPR [meV]	Reference_Alpha	Reference_ZPR [meV]	v	w
mp-989522	40.201369	-0.788289	0.03508	-0.788069	3.004276	2.998999
