Name	Frequency [meV]	ZPR [meV]	Reference_Alpha	Reference_ZPR [meV]	v	w
mp-9844	459.228245	-200.658312	4.016854	-191.688196	3.448052	2.5372
