Name	Frequency [meV]	ZPR [meV]	Reference_Alpha	Reference_ZPR [meV]	v	w
mp-981	38.097983	-234.999835	4.50931	-213.645011	4.258005	2.031225
