Name	Frequency [meV]	ZPR [meV]	Reference_Alpha	Reference_ZPR [meV]	v	w
mp-989513	328.429901	-83.95793	1.369315	-82.143706	3.191787	2.780975
