Name	Frequency [meV]	ZPR [meV]	Reference_Alpha	Reference_ZPR [meV]	v	w
mp-9126	145.100457	-128.570263	2.219594	-123.357061	3.396938	2.581783
