Name	Frequency [meV]	ZPR [meV]	Reference_Alpha	Reference_ZPR [meV]	v	w
mp-9062	79.015833	-90.105423	3.880874	-79.125687	5.201911	1.723983
