Name	Frequency [meV]	ZPR [meV]	Reference_Alpha	Reference_ZPR [meV]	v	w
mp-996962	206.528884	-65.626585	1.309053	-64.461544	3.154717	2.820696
