Name	Frequency [meV]	ZPR [meV]	Reference_Alpha	Reference_ZPR [meV]	v	w
mp-961706	17.587718	-7.806771	0.215136	-7.785959	3.021731	2.97345
