Name	Frequency [meV]	ZPR [meV]	Reference_Alpha	Reference_ZPR [meV]	v	w
mp-989565	50.266563	-283.587002	8.960276	-225.890216	9.11288	1.312959
