Name	Frequency [meV]	ZPR [meV]	Reference_Alpha	Reference_ZPR [meV]	v	w
mp-989618	81.39694	-191.187408	6.476772	-170.514191	4.734486	1.851685
