Name	Frequency [meV]	ZPR [meV]	Reference_Alpha	Reference_ZPR [meV]	v	w
mp-989532	48.912833	-321.361561	12.274528	-224.045901	15.64768	1.159233
