Name	Frequency [meV]	ZPR [meV]	Reference_Alpha	Reference_ZPR [meV]	v	w
mp-998599	89.587974	-78.440029	3.263597	-71.688512	4.146015	2.08336
