Name	Frequency [meV]	ZPR [meV]	Reference_Alpha	Reference_ZPR [meV]	v	w
mp-9382	64.567042	-37.809713	0.611922	-37.403738	3.090636	2.892254
