Name	Frequency [meV]	ZPR [meV]	Reference_Alpha	Reference_ZPR [meV]	v	w
mp-9856	93.375395	-67.734756	4.054173	-62.688819	3.907371	2.210778
