Name	Frequency [meV]	ZPR [meV]	Reference_Alpha	Reference_ZPR [meV]	v	w
mp-961682	13.145045	-5.987726	0.19826	-5.971342	3.022311	2.972748
