Name	Frequency [meV]	ZPR [meV]	Reference_Alpha	Reference_ZPR [meV]	v	w
mp-989610	167.437786	-122.054063	1.318703	-119.260636	3.204391	2.767742
