Name	Frequency [meV]	ZPR [meV]	Reference_Alpha	Reference_ZPR [meV]	v	w
mp-989616	367.933004	-87.035902	1.380705	-85.302109	3.175383	2.798403
