Name	Frequency [meV]	ZPR [meV]	Reference_Alpha	Reference_ZPR [meV]	v	w
mp-989407	329.033289	-125.30189	1.71525	-121.162723	3.310496	2.661617
