Name	Frequency [meV]	ZPR [meV]	Reference_Alpha	Reference_ZPR [meV]	v	w
mp-9775	71.938155	-13.014043	0.602618	-12.899431	3.073723	2.911769
