Name	Frequency [meV]	ZPR [meV]	Reference_Alpha	Reference_ZPR [meV]	v	w
mp-9250	70.930614	-45.13678	1.788647	-43.955723	3.237468	2.733658
