Name	Frequency [meV]	ZPR [meV]	Reference_Alpha	Reference_ZPR [meV]	v	w
mp-9718	150.513538	-39.999589	2.599864	-38.957563	3.23629	2.734856
