Name	Frequency [meV]	ZPR [meV]	Reference_Alpha	Reference_ZPR [meV]	v	w
mp-989536	66.620125	-1129.974653	15.351303	-522.569662	49.13245	1.045204
