Name	Frequency [meV]	ZPR [meV]	Reference_Alpha	Reference_ZPR [meV]	v	w
mp-989567	26.111415	-387.43677	12.153729	-223.453236	27.935343	1.082693
