Name	Frequency [meV]	ZPR [meV]	Reference_Alpha	Reference_ZPR [meV]	v	w
mp-989583	48.334869	-148.716337	5.07275	-128.072371	5.880656	1.592088
