Name	Frequency [meV]	ZPR [meV]	Reference_Alpha	Reference_ZPR [meV]	v	w
mp-9144	227.718514	-480.417357	6.823054	-384.896704	8.856822	1.32521
