Name	Frequency [meV]	ZPR [meV]	Reference_Alpha	Reference_ZPR [meV]	v	w
mp-989545	43.948283	-168.5409	10.338274	-137.048886	8.210146	1.36083
