Name	Frequency [meV]	ZPR [meV]	Reference_Alpha	Reference_ZPR [meV]	v	w
mp-989539	227.351357	-103.628964	1.120035	-101.720173	3.161025	2.813852
