Name	Frequency [meV]	ZPR [meV]	Reference_Alpha	Reference_ZPR [meV]	v	w
mp-9361	38.173896	-90.113136	2.634655	-85.067171	3.600895	2.414634
