Name	Frequency [meV]	ZPR [meV]	Reference_Alpha	Reference_ZPR [meV]	v	w
mp-973185	86.506388	-93.349943	1.325363	-91.131614	3.213125	2.758652
