Name	Frequency [meV]	ZPR [meV]	Reference_Alpha	Reference_ZPR [meV]	v	w
mp-9821	179.377097	-248.016997	9.83069	-220.108487	4.875613	1.808982
