Name	Frequency [meV]	ZPR [meV]	Reference_Alpha	Reference_ZPR [meV]	v	w
mp-9839	86.400712	-320.167813	5.190589	-276.61824	5.762073	1.611714
