Name	Frequency [meV]	ZPR [meV]	Reference_Alpha	Reference_ZPR [meV]	v	w
mp-9567	46.314709	-13.791284	0.651149	-13.678974	3.067961	2.918478
