Name	Frequency [meV]	ZPR [meV]	Reference_Alpha	Reference_ZPR [meV]	v	w
mp-989527	62.563497	-1274.486228	16.475077	-541.174597	60.125594	1.036599
