Name	Frequency [meV]	ZPR [meV]	Reference_Alpha	Reference_ZPR [meV]	v	w
mp-961657	14.495532	-5.181666	0.179617	-5.170553	3.017443	2.978653
