Name	Frequency [meV]	ZPR [meV]	Reference_Alpha	Reference_ZPR [meV]	v	w
mp-971	22.874325	-125.066866	2.733186	-115.296109	3.97772	2.170695
