Name	Frequency [meV]	ZPR [meV]	Reference_Alpha	Reference_ZPR [meV]	v	w
mp-9317	183.634199	-57.539134	1.715242	-55.689373	3.300778	2.670955
