Name	Frequency [meV]	ZPR [meV]	Reference_Alpha	Reference_ZPR [meV]	v	w
mp-9774	35.89515	-13.570752	0.780006	-13.381264	3.119588	2.859462
