Name	Frequency [meV]	ZPR [meV]	Reference_Alpha	Reference_ZPR [meV]	v	w
mp-989400	59.045609	-222.68248	5.450013	-200.599104	4.472038	1.942955
