Name	Frequency [meV]	ZPR [meV]	Reference_Alpha	Reference_ZPR [meV]	v	w
mp-9610	217.582826	-214.270178	2.607133	-207.514282	3.294046	2.677468
