Name	Frequency [meV]	ZPR [meV]	Reference_Alpha	Reference_ZPR [meV]	v	w
mp-989570	48.841907	-159.78194	7.211508	-129.61393	8.314164	1.354589
