Name	Frequency [meV]	ZPR [meV]	Reference_Alpha	Reference_ZPR [meV]	v	w
mp-998552	72.794661	-245.461232	3.367466	-220.419695	4.551841	1.913403
