Name	Frequency [meV]	ZPR [meV]	Reference_Alpha	Reference_ZPR [meV]	v	w
mp-998433	69.433787	-66.699553	3.721546	-60.235654	4.411094	1.966693
