Name	Frequency [meV]	ZPR [meV]	Reference_Alpha	Reference_ZPR [meV]	v	w
mp-961698	19.929797	-11.689766	0.273735	-11.648509	3.028874	2.964822
