Name	Frequency [meV]	ZPR [meV]	Reference_Alpha	Reference_ZPR [meV]	v	w
mp-9306	87.16519	-64.327501	1.441155	-62.835961	3.207367	2.764637
