Name	Frequency [meV]	ZPR [meV]	Reference_Alpha	Reference_ZPR [meV]	v	w
mp-9064	39.927248	-35.042772	2.615236	-32.81437	3.717164	2.331235
