Name	Frequency [meV]	ZPR [meV]	Reference_Alpha	Reference_ZPR [meV]	v	w
mp-989538	37.316236	-184.722531	5.020297	-158.232266	6.080685	1.56159
