Name	Frequency [meV]	ZPR [meV]	Reference_Alpha	Reference_ZPR [meV]	v	w
mp-961646	14.029254	-5.261104	0.165453	-5.249265	3.018311	2.977598
