Name	Frequency [meV]	ZPR [meV]	Reference_Alpha	Reference_ZPR [meV]	v	w
mp-9268	71.232126	-66.940844	3.138182	-61.223958	4.131025	2.090683
