Name	Frequency [meV]	ZPR [meV]	Reference_Alpha	Reference_ZPR [meV]	v	w
mp-9205	227.385919	-435.882665	12.928325	-331.807825	11.191699	1.239532
