Name	Frequency [meV]	ZPR [meV]	Reference_Alpha	Reference_ZPR [meV]	v	w
mp-976876	46.100712	-28.53826	1.570693	-28.158183	3.113728	2.866038
