Name	Frequency [meV]	ZPR [meV]	Reference_Alpha	Reference_ZPR [meV]	v	w
mp-980057	88.208114	-10.600719	0.254457	-10.577788	3.017595	2.978468
