Name	Frequency [meV]	ZPR [meV]	Reference_Alpha	Reference_ZPR [meV]	v	w
mp-978846	30.100246	-43.114302	2.523643	-40.339308	3.729684	2.322721
