Name	Frequency [meV]	ZPR [meV]	Reference_Alpha	Reference_ZPR [meV]	v	w
mp-976280	59.669994	-92.011616	1.888142	-88.303614	3.393956	2.584442
