Name	Frequency [meV]	ZPR [meV]	Reference_Alpha	Reference_ZPR [meV]	v	w
mp-966800	29.349697	-3.620792	0.088036	-3.615446	3.011989	2.985296
