Name	Frequency [meV]	ZPR [meV]	Reference_Alpha	Reference_ZPR [meV]	v	w
mp-9200	23.351898	-55.266686	2.270468	-52.162776	3.60332	2.412811
