Name	Frequency [meV]	ZPR [meV]	Reference_Alpha	Reference_ZPR [meV]	v	w
mp-961675	18.071856	-11.569316	0.313689	-11.52472	3.03158	2.961567
