Name	Frequency [meV]	ZPR [meV]	Reference_Alpha	Reference_ZPR [meV]	v	w
mp-989605	74.566842	-229.111951	9.213765	-193.328445	6.666758	1.487515
