Name	Frequency [meV]	ZPR [meV]	Reference_Alpha	Reference_ZPR [meV]	v	w
mp-9575	62.903715	-12.719429	0.320413	-12.665187	3.035003	2.957458
