Name	Frequency [meV]	ZPR [meV]	Reference_Alpha	Reference_ZPR [meV]	v	w
mp-9986	113.887435	-43.337532	2.573673	-42.077427	3.267785	2.703222
