Name	Frequency [meV]	ZPR [meV]	Reference_Alpha	Reference_ZPR [meV]	v	w
mp-989563	34.690109	-125.619239	7.675995	-106.478178	6.487869	1.50803
