Name	Frequency [meV]	ZPR [meV]	Reference_Alpha	Reference_ZPR [meV]	v	w
mp-975140	69.041986	-20.030243	0.739752	-19.780683	3.105985	2.874773
