Name	Frequency [meV]	ZPR [meV]	Reference_Alpha	Reference_ZPR [meV]	v	w
mp-9812	332.807246	-185.484029	3.361843	-178.059124	3.39074	2.587318
