Name	Frequency [meV]	ZPR [meV]	Reference_Alpha	Reference_ZPR [meV]	v	w
mp-989531	81.632941	-189.04583	5.607693	-171.147694	4.352814	1.990402
