Name	Frequency [meV]	ZPR [meV]	Reference_Alpha	Reference_ZPR [meV]	v	w
mp-996941	38.310182	-101.378742	11.481515	-85.441297	6.715365	1.482217
