Name	Frequency [meV]	ZPR [meV]	Reference_Alpha	Reference_ZPR [meV]	v	w
mp-9846	33.94364	-20.265383	1.510193	-19.849752	3.181082	2.792322
