Name	Frequency [meV]	ZPR [meV]	Reference_Alpha	Reference_ZPR [meV]	v	w
mp-9732	82.159958	-29.955967	1.005599	-29.306167	3.192605	2.780111
