Name	Frequency [meV]	ZPR [meV]	Reference_Alpha	Reference_ZPR [meV]	v	w
mp-961685	12.444495	-18.481342	0.662251	-18.314206	3.075768	2.909395
