Name	Frequency [meV]	ZPR [meV]	Reference_Alpha	Reference_ZPR [meV]	v	w
mp-998156	26.854943	-153.545314	5.562401	-105.250567	16.582442	1.148763
