Name	Frequency [meV]	ZPR [meV]	Reference_Alpha	Reference_ZPR [meV]	v	w
mp-9348	165.908155	-269.552391	7.18139	-224.138027	7.26497	1.4293
