Name	Frequency [meV]	ZPR [meV]	Reference_Alpha	Reference_ZPR [meV]	v	w
mp-9566	47.736009	-14.639255	0.612075	-14.51641	3.070106	2.915977
