Name	Frequency [meV]	ZPR [meV]	Reference_Alpha	Reference_ZPR [meV]	v	w
mp-9731	46.601226	-30.822293	2.793855	-29.842671	3.296796	2.674803
