Name	Frequency [meV]	ZPR [meV]	Reference_Alpha	Reference_ZPR [meV]	v	w
mp-9636	176.802537	-225.811381	9.88135	-202.947984	4.529986	1.92133
