Name	Frequency [meV]	ZPR [meV]	Reference_Alpha	Reference_ZPR [meV]	v	w
mp-9166	116.831082	-231.275455	3.205322	-223.943409	3.295924	2.675647
