Name	Frequency [meV]	ZPR [meV]	Reference_Alpha	Reference_ZPR [meV]	v	w
mp-9720	170.327379	-58.834092	2.834796	-56.874145	3.313585	2.658664
