Name	Frequency [meV]	ZPR [meV]	Reference_Alpha	Reference_ZPR [meV]	v	w
mp-997002	179.359975	-156.949505	4.645945	-148.098516	3.606697	2.41028
