Name	Frequency [meV]	ZPR [meV]	Reference_Alpha	Reference_ZPR [meV]	v	w
mp-9915	103.577525	-31.069702	0.578885	-30.814822	3.068489	2.917862
