Name	Frequency [meV]	ZPR [meV]	Reference_Alpha	Reference_ZPR [meV]	v	w
mp-9010	45.728723	-41.628006	3.402693	-40.025353	3.372643	2.603646
