Name	Frequency [meV]	ZPR [meV]	Reference_Alpha	Reference_ZPR [meV]	v	w
mp-961678	15.128864	-12.392287	0.368587	-12.331024	3.04069	2.950658
