Name	Frequency [meV]	ZPR [meV]	Reference_Alpha	Reference_ZPR [meV]	v	w
mp-989520	38.89145	-179.28591	12.793791	-146.499186	8.000665	1.37408
