Name	Frequency [meV]	ZPR [meV]	Reference_Alpha	Reference_ZPR [meV]	v	w
mp-9307	70.42637	-110.093737	2.985524	-104.308784	3.551849	2.452285
