Name	Frequency [meV]	ZPR [meV]	Reference_Alpha	Reference_ZPR [meV]	v	w
mp-9384	41.791067	-13.869804	1.757691	-13.743657	3.076221	2.908869
