Name	Frequency [meV]	ZPR [meV]	Reference_Alpha	Reference_ZPR [meV]	v	w
mp-9321	67.41516	-46.522238	1.499569	-45.085305	3.287098	2.684227
