Name	Frequency [meV]	ZPR [meV]	Reference_Alpha	Reference_ZPR [meV]	v	w
mp-924129	13.657565	-5.527414	0.173533	-5.513985	3.019784	2.97581
