Name	Frequency [meV]	ZPR [meV]	Reference_Alpha	Reference_ZPR [meV]	v	w
mp-985586	41.240882	-93.626827	3.007829	-88.613835	3.565792	2.441426
