Name	Frequency [meV]	ZPR [meV]	Reference_Alpha	Reference_ZPR [meV]	v	w
mp-998198	25.399514	-133.127583	8.944484	-97.509385	13.069591	1.197569
