Name	Frequency [meV]	ZPR [meV]	Reference_Alpha	Reference_ZPR [meV]	v	w
mp-975115	313.763033	-240.086987	9.809318	-219.333425	4.154353	2.079323
