Name	Frequency [meV]	ZPR [meV]	Reference_Alpha	Reference_ZPR [meV]	v	w
mp-998297	25.697604	-110.619777	9.428328	-86.768768	9.803305	1.284072
