Name	Frequency [meV]	ZPR [meV]	Reference_Alpha	Reference_ZPR [meV]	v	w
mp-9562	115.559871	-25.150994	0.54635	-24.968376	3.060363	2.927373
