Name	Frequency [meV]	ZPR [meV]	Reference_Alpha	Reference_ZPR [meV]	v	w
mp-989523	62.726089	-506.704781	8.225805	-325.170838	20.497717	1.116631
