Name	Frequency [meV]	ZPR [meV]	Reference_Alpha	Reference_ZPR [meV]	v	w
mp-989535	157.094904	-97.520794	1.110501	-95.63517	3.169771	2.80442
