Name	Frequency [meV]	ZPR [meV]	Reference_Alpha	Reference_ZPR [meV]	v	w
mp-989639	77.923516	-226.670723	7.76057	-193.833792	6.145566	1.552338
