Name	Frequency [meV]	ZPR [meV]	Reference_Alpha	Reference_ZPR [meV]	v	w
mp-984761	8.1849	-12.454714	1.253828	-12.218796	3.166004	2.808473
