Name	Frequency [meV]	ZPR [meV]	Reference_Alpha	Reference_ZPR [meV]	v	w
mp-989541	55.831444	-590.785995	12.369743	-337.980753	28.56425	1.080707
