Name	Frequency [meV]	ZPR [meV]	Reference_Alpha	Reference_ZPR [meV]	v	w
mp-997041	215.129882	-104.19478	2.469275	-101.311831	3.253001	2.717969
