Name	Frequency [meV]	ZPR [meV]	Reference_Alpha	Reference_ZPR [meV]	v	w
mp-989547	55.96295	-128.326327	7.179987	-113.363207	5.013748	1.770847
