Name	Frequency [meV]	ZPR [meV]	Reference_Alpha	Reference_ZPR [meV]	v	w
mp-989608	43.507216	-117.449179	4.26342	-106.983986	4.215797	2.050354
