Name	Frequency [meV]	ZPR [meV]	Reference_Alpha	Reference_ZPR [meV]	v	w
mp-961659	17.62338	-8.704807	0.236093	-8.678967	3.024228	2.970428
