Name	Frequency [meV]	ZPR [meV]	Reference_Alpha	Reference_ZPR [meV]	v	w
mp-997618	18.327189	-3.34993	0.044173	-3.348098	3.004417	2.994571
