Name	Frequency [meV]	ZPR [meV]	Reference_Alpha	Reference_ZPR [meV]	v	w
mp-9143	277.154541	-441.973126	5.837185	-381.511986	5.794816	1.606172
