Name	Frequency [meV]	ZPR [meV]	Reference_Alpha	Reference_ZPR [meV]	v	w
mp-9855	182.140941	-56.373605	1.794695	-54.585182	3.296161	2.675418
