Name	Frequency [meV]	ZPR [meV]	Reference_Alpha	Reference_ZPR [meV]	v	w
mp-9564	58.517517	-25.36498	0.789048	-25.061765	3.101454	2.879912
