Name	Frequency [meV]	ZPR [meV]	Reference_Alpha	Reference_ZPR [meV]	v	w
mp-9794	116.51284	-68.611036	5.297846	-63.965513	3.785488	2.285811
