Name	Frequency [meV]	ZPR [meV]	Reference_Alpha	Reference_ZPR [meV]	v	w
mp-9383	60.060932	-42.490924	0.681801	-41.936924	3.111195	2.868889
