Name	Frequency [meV]	ZPR [meV]	Reference_Alpha	Reference_ZPR [meV]	v	w
mp-9881	52.346248	-32.370453	2.244301	-31.481428	3.250869	2.72011
