Name	Frequency [meV]	ZPR [meV]	Reference_Alpha	Reference_ZPR [meV]	v	w
mp-961683	20.409591	-44.228631	1.067549	-43.639463	3.113751	2.866012
