Name	Frequency [meV]	ZPR [meV]	Reference_Alpha	Reference_ZPR [meV]	v	w
mp-974381	82.121946	-3.640995	0.107148	-3.63619	3.010762	2.986795
