Name	Frequency [meV]	ZPR [meV]	Reference_Alpha	Reference_ZPR [meV]	v	w
mp-989638	240.691115	-20.561225	0.506689	-20.455239	3.042495	2.948507
