Name	Frequency [meV]	ZPR [meV]	Reference_Alpha	Reference_ZPR [meV]	v	w
mp-9107	190.336552	-45.787242	1.365595	-44.677218	3.217936	2.753672
