Name	Frequency [meV]	ZPR [meV]	Reference_Alpha	Reference_ZPR [meV]	v	w
mp-996943	21.814348	-65.482018	4.462643	-59.732958	4.185296	2.064565
