Name	Frequency [meV]	ZPR [meV]	Reference_Alpha	Reference_ZPR [meV]	v	w
mp-996997	170.217347	-53.049756	1.020826	-52.285744	3.123594	2.854985
