Name	Frequency [meV]	ZPR [meV]	Reference_Alpha	Reference_ZPR [meV]	v	w
mp-989575	159.791907	-110.934456	1.290272	-108.522659	3.193087	2.779603
