Name	Frequency [meV]	ZPR [meV]	Reference_Alpha	Reference_ZPR [meV]	v	w
mp-9755	342.98779	-134.426698	1.920875	-129.661096	3.337527	2.636035
