Name	Frequency [meV]	ZPR [meV]	Reference_Alpha	Reference_ZPR [meV]	v	w
mp-996944	16.185959	-59.980821	5.415719	-51.821809	5.76232	1.611672
