Name	Frequency [meV]	ZPR [meV]	Reference_Alpha	Reference_ZPR [meV]	v	w
mp-989579	45.854517	-124.025296	4.697001	-107.776077	5.555923	1.648954
