Name	Frequency [meV]	ZPR [meV]	Reference_Alpha	Reference_ZPR [meV]	v	w
mp-9274	33.998864	-12.037062	1.874083	-11.852889	3.131843	2.845812
