Name	Frequency [meV]	ZPR	Reference_Alpha	Reference_ZPR
mp-10086	6.072751568040927e-8	-24.668970042252603	0.5843400000000001	-59.410185999999996
